{"w": -0.5989068829080051, "b": -0.023482976368909253}