{"w": -0.6292486061943579, "b": 4.029275364685734e-17}