{"w": -0.5776126794672598, "b": -0.06294970006710456}