{"w": -0.47418933859423684, "b": -0.18831422051299757}