{"w": -0.05503815650664331, "b": -0.03138649561805395}