{"w1": 1.4306798812941988, "w2": 0.6458833801617664, "b": 0.010649209976269428}