{"w1": 0.18185575036778398, "w2": -0.45644460588685665, "b": -2.091874195276567e-17}