{"w1": 0.4213234163885049, "w2": -0.9837536275093902, "b": -0.04561235521914702}