{"w1": -14.788616354518037, "w2": -20.512145031510734, "b": -5.333902883143593}