{"w": 0.3274731051428689, "b": -0.0050114251862251194}