{"w": 0.011960110399479397, "b": -0.03621221563557389}