{"w": 0.5099308462898688, "b": -1.099120794378905e-16}