{"w": -0.41293405212112205, "b": 0.021483759854855657}