{"w": -0.04243098102015643, "b": 0.04006910959996019}