{"w": -0.18188599499076885, "b": 0.06178905888035868}