{"w": -0.19790807354434942, "b": 0.08217160434854225}