{"w1": -1.1624176679936438, "w2": -1.4174937019650695, "b": 0.16644844166728737}