{"w": -0.9999999999999986, "b": -1.6764367671839832e-16}