{"w": -0.09231788021982723, "b": 3.1886781788863735e-17}