{"w": -0.0063724980344088905, "b": -0.12089121803162331}