{"w": -0.5376559718285677, "b": -1.171091720071817e-16}