{"w": -0.48926693436399654, "b": -1.0696902681540038e-16}