{"w": -0.6356737426487137, "b": 0.08648280455318191}