{"w": 0.4681698886741757, "b": 2.4489702720314716e-17}