{"w": 0.4523431598408901, "b": -0.0005279919092436008}