{"w": 0.1654100375009169, "b": -0.0047295647949427005}