{"w": -0.374030266316205, "b": -8.621454371461023e-17}