{"w": 0.1801453709726904, "b": 0.27043191709769165}