{"w": 0.04128053417906254, "b": -0.007355557704777409}