{"w": 0.9351243455049025, "b": -0.015255851303595393}