{"w": 0.8839741802035734, "b": 0.01591450322004791}