{"w": 0.08015910559337282, "b": -0.00795221623232878}