{"w1": 0.3682089698174151, "w2": 0.40628423238318695, "b": 3.3506201456809945e-17}