{"w": 0.8736469716774703, "b": 1.772347163729796e-17}