{"w": -0.09420473457738346, "b": 0.08344505939519009}