{"w": -0.10846411459209249, "b": -0.005481201013466176}