{"cc": -0.30206097933156617, "alpha": 5.578334631508396e-17, "beta": -0.30206097933156617, "mx": 2.3980817331903383e-16, "my": -1.6653345369377347e-17, "sx": 0.9999999999999998, "sy": 0.9999999999999999}