{"w": 0.013649669878360256, "b": -0.018233684407939973}