{"w1": 0.6141577784541062, "w2": -0.32109054556109345, "b": -9.61385323148104e-17}