{"cc": -0.572751699233231, "alpha": -5.596790967028136e-17, "beta": -0.572751699233231, "mx": -1.0547118733938987e-16, "my": 4.440892098500626e-18, "sx": 1.0, "sy": 1.0}