{"w1": -0.25415386333230394, "w2": -0.556870178046565, "b": 0.018168691188191435}