{"w1": 0.2549839611175941, "w2": 0.39853371097540574, "b": -3.5786016986216736e-17}