{"w": -0.08793410205527966, "b": 1.0516916276819734e-16}