{"w": 0.3142061714295189, "b": -0.036034752887209164}