{"w": -0.36896459921248154, "b": 0.03886479492102033}