{"w1": -0.8851290052203611, "w2": 0.3460804413304014, "b": 0.006388624812974341}