{"w": 1.0000000000444311, "b": -4.977798118010532e-13}