{"cc": 0.26627288600349613, "alpha": 5.344841833034687e-17, "beta": 0.2662728860034962, "mx": -6.938893903907228e-17, "my": 3.497202527569243e-17, "sx": 1.0, "sy": 1.0000000000000002}