{"w": 0.24206626000317835, "b": 5.1768746234469195e-17}