{"w": 0.38077093965539066, "b": 2.22467629566658e-18}