{"w": -0.29332803227669546, "b": 0.03476440506841161}