{"w": 0.5822246291244153, "b": 4.5871885418576055e-17}