{"w1": 0.3349835488854736, "w2": 0.29002776138223757, "b": 2.875429689993899e-17}