{"w1": 0.15979256030794323, "w2": -0.4239251383699585, "b": -0.007588883537825228}