{"w": 0.02560169525380467, "b": -5.871476562048083e-17}