{"w": 0.984123439746447, "b": 0.0039033676201692853}