{"w": 0.5260498396401937, "b": -0.08353696550059754}