{"w": 0.054811037609074714, "b": 0.2032409588716224}