{"w": 0.04235436662820092, "b": 0.18470010259114003}