{"w": -0.6716210436204367, "b": 0.027539186619018996}