{"w": -0.9610109356157903, "b": -0.009777173846970248}