{"w1": -0.4295288711644157, "w2": -0.4073561346028574, "b": 0.006310326689859879}