{"w": 0.04001519013720065, "b": -0.2280032881935634}