{"w": 0.9849846722079919, "b": -0.03964289858986436}