{"w": 1.0000000000000002, "b": 5.329070518200754e-17}