{"w1": -0.632039730221993, "w2": -0.6961241242515662, "b": -0.016252688473632492}