{"w": 0.5422873234577869, "b": -0.009454400544537537}