{"w": 0.09958064950918617, "b": 0.26051228594470005}