{"w": 0.09297758114724826, "b": 0.2791377383706151}