{"w": -0.26951154619051065, "b": 0.05212811969031017}