{"w": -0.11669769454055814, "b": 1.4793256757020216e-16}