{"w": -0.12146349993403657, "b": -1.4548691489826415e-05}