{"w": 0.7304318603876846, "b": 0.021370388011932785}