{"w": 0.7256315382029197, "b": 0.021251969350227717}