{"w": 0.7135118568583212, "b": -1.3187699750445609e-17}