{"cc": 0.3424300385254023, "alpha": -1.5615442187032695e-17, "beta": 0.3424300385254023, "mx": -2.220446049250313e-18, "my": -1.6375789613221058e-17, "sx": 1.0, "sy": 1.0}