{"w": 0.14961827883109677, "b": 0.029047239349318788}