{"w": 0.6488538651285997, "b": -0.02667550415254742}