{"w": 0.5063018189754172, "b": -0.19902535741351118}