{"w": 0.5596457338402494, "b": -0.23505224216078122}