{"w": 0.17762166601260418, "b": 0.004867279834925149}