{"w": 0.11427020029660928, "b": -0.11888206411867941}