{"w1": -2.0973143190801764, "w2": -0.7468302485470605, "b": -0.07924168676053142}