{"w1": -1.1111986878275983, "w2": -0.13420003421891138, "b": -0.12617705190923387}