{"w": 0.6028838338577562, "b": -0.03715027102421953}