{"w": 0.6016914419222485, "b": 0.06032923716420911}