{"w": -0.4336848454042858, "b": -3.199315543534555e-17}