{"w1": 0.318228393385068, "w2": -1.627435491580438, "b": 0.02854593713918463}