{"w": 0.09598911460204383, "b": 0.008829164592524098}