{"w": 0.34032923899381134, "b": 0.2596220740582844}