{"w": -0.419523672652654, "b": 7.816525045318031e-17}