{"w": 0.9999999999999997, "b": -1.5543122344752156e-17}