{"w": 0.5061371972374002, "b": 6.999134297798809e-17}