{"w": 0.5626619001044115, "b": 0.1030519052884501}