{"w": 0.29017117395599795, "b": -0.023509997005925206}