{"w1": -0.7738623223940397, "w2": -0.04153764808099821, "b": 1.5130037890037177e-17}