{"cc": 0.22442895047360067, "alpha": 1.3774373413340858e-16, "beta": 0.22442895047360076, "mx": 1.3322676295501878e-16, "my": 1.6764367671839864e-16, "sx": 0.9999999999999999, "sy": 1.0000000000000002}