{"w": 0.025449296758520208, "b": 0.06256621405433403}