{"w": 0.31118608012130294, "b": -0.0006616429380316719}