{"w1": -0.7730326902549668, "w2": -0.25703259341027834, "b": -6.639766911104732e-17}