{"w1": -2.7698702734460126, "w2": -0.9845131375610982, "b": -0.5876536501589187}