{"w1": -0.1070290948040035, "w2": -0.762033346896132, "b": -2.0019771018892093e-17}