{"w": 0.3177381110117997, "b": -0.12104239651022955}