{"w1": -0.13523923339353547, "w2": 0.9144015862620076, "b": 1.8409911039257184e-18}