{"w1": 0.6704295738781049, "w2": 0.501083796707785, "b": 0.0039913340128806835}