{"w": 0.6304188602053019, "b": -0.0020541722841306807}