{"w": 0.19668958801774922, "b": -0.25334436524870324}