{"w1": -0.47572780601783865, "w2": -0.4599653343617171, "b": 6.1047367322994e-17}