{"w1": -2.492498171606355, "w2": -2.5057565786968685, "b": -0.2956298022822743}