{"w": 0.22529396239365182, "b": 0.20751907093087268}