{"w": 0.3348871056826009, "b": -0.010237507846303676}