{"w": 0.4319208313926562, "b": -1.927522960370673e-17}