{"w": -0.3014511749665221, "b": -8.073467828090946e-17}