{"w": 0.135269195765081, "b": 0.1913827700249063}