{"w": 0.10314146996064359, "b": 2.8627508685997614e-18}