{"w": 0.21702275809403007, "b": 0.23303437115019582}