{"w1": -0.1318165150137999, "w2": 3.545501571626089, "b": -0.04328291991749491}