{"w1": -0.30095785234808253, "w2": 0.9981930898659143, "b": 0.03498644858658398}