{"w1": -0.3777878298988777, "w2": -0.34457789077355594, "b": 1.1315413569673641e-17}