{"w1": 0.21940432952819383, "w2": 0.9000611262489481, "b": 3.33431674061181e-17}