{"w": 0.3526749441589959, "b": 0.07889507598452729}