{"w": 0.3386880174914917, "b": 0.08146265489107184}