{"w": -0.2243709524445116, "b": -0.1251547388963706}