{"w": 0.10767227938639108, "b": -0.08172185800668107}