{"w": 0.7850058789426121, "b": 2.4684406488150316e-17}