{"w": 0.8626438230138593, "b": 2.449046676369228e-17}