{"w": 0.03705332475489258, "b": -0.007826062656636682}