{"w": 0.03775521441878475, "b": 9.648518111810092e-17}