{"w1": -0.8305676273164826, "w2": 0.7450337769779015, "b": -0.062388385027159224}