{"w": 0.33750125794597846, "b": -9.214839931584088e-18}