{"w": -0.4046439623253005, "b": 1.6550293108843778e-16}