{"w": -0.43660021269585825, "b": -0.025169292704395597}