{"w": 0.04020664154340889, "b": -0.2025469888211945}