{"w": -0.05947137399842325, "b": 0.05034437524820065}