{"w1": 0.702876429366609, "w2": 0.33777588848183965, "b": 2.0551148533511385e-17}