{"w": -0.5454717023039617, "b": 0.0028189302608781002}