{"w": -0.4210436195821322, "b": 0.03923185246423022}