{"w1": 0.48552731682424305, "w2": 0.40703775250414387, "b": -4.918603892105159e-17}