{"w1": -0.5249831443291769, "w2": -0.43753952759768183, "b": -1.490392874700545e-16}