{"w1": -1.1807782528263633, "w2": -1.1303215616191091, "b": 0.07230256622888473}