{"w": -0.9999999999999996, "b": 3.0697666630885575e-16}