{"w1": -2.0359006790950582, "w2": 3.720229639177673, "b": 2.1760573220787514}