{"w": -0.4204728782304388, "b": -0.00248485422584057}