{"w": 0.6437999372328954, "b": -0.02622026925117932}