{"w": 0.8212702162312793, "b": 4.9482819763746725e-17}