{"w": 0.07610528268955931, "b": -8.694155887831246e-18}