{"w": 0.4994049743860687, "b": 0.006151905802767122}