{"w": 0.4441803262508911, "b": 0.0008536549456631686}