{"w": -0.12842642930694115, "b": -0.0009255197329579579}