{"w": -0.1326048469579816, "b": -0.028800694144296007}