{"w": -0.7431978602763604, "b": 0.03622134663669463}