{"cc": 0.5320801647412029, "alpha": -6.382376759578328e-17, "beta": 0.5320801647412029, "mx": 1.2934098236883074e-16, "my": 4.996003610813204e-18, "sx": 0.9999999999999999, "sy": 0.9999999999999999}