{"w": -0.26504281452928036, "b": 0.1224408866092068}