{"w": -0.9999999999999996, "b": 7.904787935331111e-16}