{"w": 0.18795727383417352, "b": -2.8164801786713735e-17}