{"w": 0.2108230062582467, "b": -0.0010420191644557927}