{"w": 0.6173294240884464, "b": 0.013192596667127797}