{"w": 0.055885968867869285, "b": -1.300660653195322e-16}