{"w": 0.05123799586853156, "b": 0.05987745582313009}