{"w1": 0.53534532806722, "w2": -0.3591305497720495, "b": 2.154025806216168e-17}