{"w1": 0.7971654130579192, "w2": -0.3010380913257368, "b": -0.021136654116953098}