{"w1": 1.2603695678343276, "w2": -1.576349359473166, "b": 0.0038625230824928204}