{"w": 0.46108635653163726, "b": 0.028769667233194796}