{"w": -0.26168207541632216, "b": 0.02028010998165704}