{"w1": 0.6982878222206119, "w2": -0.09994812325677035, "b": -6.421574782317738e-17}