{"w1": 0.7896445208098288, "w2": -0.052619716732044, "b": -7.878682157613284e-17}