{"w": -0.6459027460648404, "b": 1.0036053732381025e-16}