{"w": -0.5221366563659253, "b": -0.16110986903136412}