{"w": 0.5300996808282195, "b": -0.023931027905456953}