{"w": 0.04148116012544203, "b": 0.08039596076991994}