{"w": 0.29814806760384804, "b": -0.051352661755021775}