{"w": -0.04131941034093631, "b": -3.773911022095331e-17}