{"w": -0.1597494615845446, "b": -0.14370262114962454}