{"w": 0.628820101081343, "b": -0.17539309916201537}