{"w": 0.5364875060163893, "b": 0.006326899661203672}