{"w": 0.7573525329655881, "b": -6.791945369954323e-18}