{"w1": 0.06731690845940598, "w2": 1.6449600302706664, "b": 0.09036691828795361}