{"w": -0.268425657202478, "b": 0.012303217017231683}