{"w": 0.29503778785274803, "b": 0.04918078930594385}