{"w": 0.10930400518472666, "b": -2.0483867028585483e-16}