{"w": -0.5044593872158697, "b": 0.0013673359440029868}