{"w1": -1.6562126749214154, "w2": -0.7263570133959933, "b": 0.026938118879322293}