{"w": 0.9042410204208203, "b": 0.011384002433747811}