{"cc": -0.0730649255485662, "alpha": -4.938170936252736e-17, "beta": -0.07306492554856621, "mx": -1.554312234475219e-16, "my": -3.8025138593411614e-17, "sx": 0.9999999999999998, "sy": 1.0}