{"w": -0.30948294427842893, "b": 0.21047576384436711}