{"w": 0.7354631568958031, "b": -0.0029712457574113684}