{"w": 0.3533386495702919, "b": -0.15426094618536584}