{"w": 0.3355609083857768, "b": 0.028196607628764712}