{"w": 0.5543258829859723, "b": 0.08741928547375201}