{"w": 0.4935426197450205, "b": -0.011867528486733147}