{"w": -0.34706948483376915, "b": 0.014101464172980917}