{"w": -0.6206357483305934, "b": 7.312111663952582e-16}