{"cc": -0.2149923748038553, "alpha": -4.7668825448739485e-17, "beta": -0.21499237480385522, "mx": -1.8041124150158794e-16, "my": -8.881784197001253e-18, "sx": 1.0000000000000002, "sy": 0.9999999999999999}