{"w": -0.21499237480385527, "b": -4.76688254487395e-17}