{"w1": -1.7236983481049513, "w2": 0.3579505385711496, "b": 0.35574886984925874}