{"w": 0.9970277072711072, "b": -0.016451190261478493}