{"w": 0.9707256715831294, "b": 0.015735398648692098}