{"w": -0.06729568452839209, "b": -0.04014156174155558}