{"w": 0.45730080340271595, "b": -0.0052501409195626556}