{"w": 0.49106278231322253, "b": 4.359636710593953e-17}