{"w": 0.4315902795590612, "b": 0.07620500547872543}