{"w": 0.14307553235029025, "b": 0.09670392470448963}