{"w1": -0.6470270720659812, "w2": -0.7158463812095546, "b": 0.030023748301263635}