{"w": 0.15432865788105415, "b": 0.030829885961988917}