{"w": 0.19895950297955392, "b": 1.4093986268551884e-16}