{"w": 0.14294619716831358, "b": 0.1284266683458719}