{"w": 0.5122129034388831, "b": 0.006906357313945762}