{"w1": -0.34469246064414016, "w2": 0.5776991794448276, "b": -8.605190425538852e-18}