{"w": -0.06743780556245776, "b": 0.14932798938063513}