{"w1": -1.0445776314623383, "w2": 1.9065914441046505, "b": 0.0778954233498106}