{"w1": -0.8026727717819649, "w2": 0.4672301589301643, "b": 0.023248181681236213}