{"w1": -0.9532054188323064, "w2": -1.1504865519391736, "b": 0.10249604064926879}