{"cc": -0.21661627691799262, "alpha": -3.6564401027490055e-16, "beta": -0.2166162769179926, "mx": -1.6264767310758544e-15, "my": -1.3322676295501878e-17, "sx": 1.0, "sy": 0.9999999999999999}