{"w1": 0.6149108197153677, "w2": 1.1063819465777562, "b": 0.0821599201766477}