{"w": 0.5177173473580533, "b": 0.04789385828488818}