{"w": 0.5242638678297776, "b": 0.040540944238665944}