{"w": 0.07443667453353198, "b": 0.012870345115002735}