{"w1": 0.8497366408470176, "w2": 1.0081262617576054, "b": -0.05445812212968232}