{"w1": -1.1461667525813206, "w2": 5.908389523913942, "b": -1.3121262881146698}