{"w": -0.49911440363685106, "b": -6.649539634076232e-18}