{"w": -0.011131876409694388, "b": 0.012323551003674715}