{"w1": -1.2349590010366838, "w2": -0.7758276616503056, "b": -0.31930953271927925}