{"w": -0.36541850918592567, "b": 0.0031355519566391623}