{"w": 0.46195447480237284, "b": -3.1309239259722645e-17}