{"w": 0.6960358217118175, "b": 4.527826122800936e-17}