{"w": -0.06195099899226687, "b": -0.017673549506741222}