{"w": -0.216478310783242, "b": 0.21453795778008433}