{"w": -0.2774180347495443, "b": -4.500979194711763e-05}