{"w": -0.011652829263361928, "b": 0.007273776907388493}