{"w": -0.007838518173824492, "b": 0.03886750809998846}