{"w": -0.14472932779695807, "b": -0.19271887573256302}