{"w1": -0.4723787344085282, "w2": -0.6849981330656322, "b": 6.183784376911625e-18}