{"w": 0.17110074610663734, "b": -0.012684151335653654}