{"w": 0.7671868709699385, "b": 0.010777022481736818}