{"w": 0.5628221350080043, "b": -0.003691039384152349}