{"w": -0.05513187921138502, "b": 0.16619006173274173}