{"w1": -0.120213317317152, "w2": 0.5152300913280035, "b": 1.0219564927885053e-17}