{"w": -1.0000000000000024, "b": 9.631184738623264e-17}