{"w": 0.3585811262481457, "b": -0.006960135180879016}