{"w1": -0.8524998172576553, "w2": -1.4409885397227729, "b": -0.05201551248361593}