{"w": 0.29815092689771105, "b": 0.02250820038096105}