{"w": 0.4184554771137766, "b": 0.11478675992002219}