{"w": 0.5810091164303453, "b": 0.026399389820023426}