{"w": 0.18692522758280264, "b": 0.16538322363996202}