{"w": -0.1409980708998413, "b": -0.006046988822913404}