{"w1": -0.30846893213858667, "w2": 0.5926377701521978, "b": -0.0029132055049848667}