{"w": 0.5027369554315474, "b": 0.0980296281808159}