{"w1": -1.1693427036743576, "w2": 0.4424601008123471, "b": -0.0003926255637891011}