{"w": -0.5647344565650103, "b": 5.486759598827617e-18}