{"w": -0.5133949605136459, "b": 3.776810881161302e-18}