{"w1": -0.4366058588685618, "w2": -0.09114065172461687, "b": -4.789862293677231e-17}