{"w1": -0.5981387341706396, "w2": -1.0891617216507137, "b": -0.20199132524784444}