{"w1": -0.24398156582360303, "w2": -0.48330233691387153, "b": -0.003833873362427154}