{"w": -0.45338702152016114, "b": -1.2343208207160974e-16}