{"w": -0.42918507208799, "b": 0.006299947662585122}