{"w": -0.45223491911152275, "b": 0.007732763375021066}