{"w1": 0.7753315589513792, "w2": -0.5594762297421678, "b": -3.516316618180111e-18}