{"w1": -0.20723264880087583, "w2": -1.1478310343804314, "b": -0.06842918880789228}