{"w": -0.3249835560490457, "b": -1.8088292197897695e-16}