{"w": 0.03668618683085275, "b": -0.04181967129731393}