{"w": -0.05001591533313588, "b": -0.018542083124797767}