{"w": 0.19854329791574502, "b": 0.1465527829922415}