{"w": 0.1814485431722076, "b": -7.141654252461934e-17}