{"w": 0.4513111996480191, "b": -0.02099623167010497}