{"w1": -0.3893459260628175, "w2": -0.5468175627158102, "b": 1.7497012252316008e-16}