{"w1": -0.853115883684404, "w2": -1.0910629528654416, "b": -0.028136989531030186}