{"w": 0.16809424354692518, "b": 0.005341273618583261}