{"w": -0.10644662245905645, "b": -0.11355563212438147}