{"w": -0.9344033137435848, "b": -0.33039463912222783}