{"w": -0.6691305699264183, "b": 0.004450708862217942}