{"cc": 0.5277156842943191, "alpha": 1.5479099408918063e-17, "beta": 0.5277156842943191, "mx": -3.7747582837255325e-17, "my": -4.440892098500626e-18, "sx": 1.0, "sy": 1.0}