{"w1": 0.736292159630285, "w2": -0.1455630692060699, "b": 1.5107991362989156e-17}