{"w": -0.2832219700117186, "b": 1.498430168872695e-18}