{"w": -0.276300746865943, "b": -0.008221333911986713}