{"w": 0.5678321301362719, "b": -1.3420501167772757e-17}