{"w": 0.5223830347600139, "b": -2.6413293165861367e-17}