{"w": 0.4327456037929592, "b": -0.08459988252629985}