{"w": 0.26011779646091365, "b": 4.5474211967273906e-17}