{"w": 0.2598579385223912, "b": 4.5475365968339824e-17}