{"w": 0.30742317855451345, "b": -0.013472757309096431}