{"w": -0.37180123549003297, "b": -0.016499394720580943}