{"w": -0.29897761310843995, "b": -0.07228986318352294}