{"w": 0.3074633281073854, "b": 0.0420920530234221}