{"w": -0.8556583549236871, "b": -3.83885885083593e-17}