{"w": -0.5484228806402625, "b": -0.18276394219664321}