{"w": 0.9857047849385695, "b": 0.007526387521716777}