{"w1": -0.8623884152166172, "w2": 0.11531707844219177, "b": -6.066388492948022e-17}