{"w1": -0.8546131871753004, "w2": 0.11578728637913074, "b": -6.023428661850503e-17}