{"w": 0.20287613266192447, "b": 0.15423408882642708}