{"w1": -0.1661799069955147, "w2": 0.5712833601780749, "b": 9.640487629400462e-18}