{"w": -0.22434266273829498, "b": -1.6830142934603265e-17}