{"w": -0.14355478531388383, "b": -8.955542523298048e-19}