{"w": -0.1422755842566314, "b": -8.529482983232096e-19}