{"w1": -0.33650000269945013, "w2": 0.34529184748491326, "b": 3.8722026598155313e-17}