{"w": -0.7862702910763103, "b": -0.00309141128285495}