{"w": 0.22956632898383356, "b": -0.024034626006878012}