{"w": -0.17091327602314355, "b": 0.15782967925429706}