{"w": -1.0000000000000016, "b": 1.809663530139009e-16}