{"w": 0.6440255754350313, "b": 0.0004176641872908517}