{"w": -0.5663644688531304, "b": 0.03482099632071462}