{"w": 0.5416988061118188, "b": 0.03886604504564507}