{"w": 0.5481218111346783, "b": -1.0582284050691651e-17}