{"w1": -0.6671629468522241, "w2": -0.05637795262233586, "b": 0.004906432270866151}