{"w": 0.6939226415086645, "b": 0.05481809429250067}