{"w": -0.7189614983773077, "b": -0.05396282542513221}