{"w": -0.7416239942481124, "b": 1.0130642971999767e-16}