{"w": -0.7549473396961188, "b": 0.017370705781082893}