{"w": -0.9371101840750793, "b": -5.383542991155499e-17}