{"w": -1.0000000000000033, "b": 2.99760216648794e-17}