{"w": -0.08418663647366406, "b": -1.9845075374991762e-17}