{"w": -0.09722434132214737, "b": 0.005724344228657606}