{"w": 0.1438754488608016, "b": 0.15487516146910874}