{"w": 0.6743042166727152, "b": -0.012736037276372503}