{"w": 0.7079339230215053, "b": 0.004046447655598997}