{"w": -0.1420105795252043, "b": -0.018708573497713127}