{"w": -0.333569865252693, "b": -0.24206787378883962}