{"w": -0.3141273701847442, "b": 0.006271533941587294}