{"w": -0.301984674859746, "b": 0.0057656574160080635}