{"w": -0.9999999999999992, "b": 1.3611334281904413e-15}