{"w": 0.9758856288932308, "b": 0.004417120687318363}