{"w": -0.3520165613700571, "b": 4.26293464530936e-18}