{"w": -0.25879798311463886, "b": 0.01808693245999729}