{"cc": 0.006956803564551681, "alpha": -7.296200363931445e-17, "beta": 0.006956803564551682, "mx": 2.742250870824137e-16, "my": -7.105427357601002e-17, "sx": 0.9999999999999998, "sy": 1.0}