{"w": -0.17664350253581065, "b": -0.15902419681784194}