{"w": 0.28267424990084133, "b": 0.0009624729048549929}