{"w": -0.005176295079348472, "b": -0.04293367025115209}