{"w1": -0.8736977305207266, "w2": -0.01339286444656272, "b": 5.0568522097344664e-17}