{"w": 0.2689142614238124, "b": 3.491175467739207e-17}