{"w": 0.1920339228073687, "b": 0.023648697646875466}