{"w": 0.2706893608011838, "b": -0.0003393293081872667}