{"w": 0.4050107822262403, "b": -3.4262666981147094e-16}