{"w": -0.08316447103156048, "b": 0.013012317282623911}