{"w": -0.22253770592245928, "b": -2.156418579743096e-17}