{"w": 0.14265054814620065, "b": -1.7841310348425582e-16}