{"w": 0.12968231649654605, "b": -1.774340646873597e-16}