{"w": -0.1676314343260278, "b": 0.058349772680019105}