{"w": -0.1392450591516439, "b": -3.0671890141800527e-17}