{"w1": 0.27734643303154294, "w2": 0.10041134978999275, "b": 1.0463947939021168e-05}