{"w": 0.027411710176039966, "b": -2.512632805887273e-18}