{"w": 0.0328576194784538, "b": 0.202883459336864}