{"w": -0.4393772518292792, "b": -0.07648261090624925}