{"w": -0.3396096519317376, "b": 0.013186738734264326}