{"w": -0.7487475630461073, "b": -0.057818408249759506}