{"w": -0.6557210766747067, "b": -9.109281047167106e-18}