{"w": -0.7502033701833676, "b": -0.07937437849077388}