{"w": -0.7239178397552013, "b": 0.023579720004446865}