{"cc": -0.4591632803080278, "alpha": -2.888238431258349e-17, "beta": -0.45916328030802755, "mx": -1.9984014443252817e-17, "my": -1.9706458687096528e-17, "sx": 1.0000000000000002, "sy": 0.9999999999999998}