{"w": -0.25626867915845425, "b": -0.13920241565199803}