{"w": 0.5413423588942715, "b": -0.01211888985703901}