{"w1": 0.018501243451871152, "w2": 0.43970471727491284, "b": -8.186622888640988e-18}