{"w": 0.2549150663054073, "b": -4.6825812546330186e-17}