{"w1": -0.37347388661563524, "w2": -1.6305694463450975, "b": -0.07329163575124151}