{"w": 0.07143922666945349, "b": -1.037058000731453e-16}