{"w": -0.9714275817618544, "b": 0.023740455443248987}