{"w": -0.022552432940279022, "b": -0.011786225922316838}