{"w": 0.6130404454156373, "b": 3.6608249318934626e-17}