{"w": 0.661973536879615, "b": 0.006240293225723864}