{"w1": -0.23765133460632631, "w2": -0.2846454222897327, "b": -1.2199593580461632e-17}