{"w": -0.10453113306557113, "b": 0.21419884828935795}