{"w": -0.11193927420526645, "b": 0.2515502383767144}