{"w": -0.1482781503289022, "b": -0.035846804751697256}