{"cc": 0.0852911796524476, "alpha": -2.307542162362863e-17, "beta": 0.0852911796524476, "mx": 3.0309088572266773e-16, "my": 2.7755575615628915e-18, "sx": 1.0, "sy": 1.0}