{"w1": -0.3729324365671408, "w2": -0.5293757146793849, "b": -2.1147648594688326e-17}