{"w1": -0.5130631036869616, "w2": -0.6845534455399152, "b": -0.005111068851970287}