{"cc": 0.15072010807117228, "alpha": 9.291836634058471e-17, "beta": 0.15072010807117225, "mx": 1.6431300764452317e-16, "my": 1.176836406102666e-16, "sx": 1.0000000000000002, "sy": 1.0}