{"w": 0.6323580220932672, "b": 0.04604499087944392}