{"w": 0.9999999999999991, "b": -1.110223024625155e-17}