{"w": 0.6565887625596645, "b": 0.07502862573633115}