{"cc": 0.3648905811873221, "alpha": 3.5106709790069395e-17, "beta": 0.36489058118732215, "mx": 1.3322676295501878e-17, "my": 3.9968028886505634e-17, "sx": 0.9999999999999998, "sy": 1.0}