{"w": -0.5448335345280313, "b": -0.13301442431412663}