{"w": 0.3009157436831953, "b": -0.17298756735259632}