{"w": -0.7950836605573671, "b": 3.0108899836201366e-16}