{"w": 0.5777311417030627, "b": -1.843623385135046e-16}