{"w": 0.6341072479424297, "b": -0.007851715567652372}