{"w": 0.21785690568866456, "b": 4.745796679294147e-17}