{"w": 0.23516785578905244, "b": -0.011718848764522338}