{"w1": 1.7610474913822045, "w2": 0.16649281638953073, "b": -0.5070010955519594}