{"w1": 0.5976898240552275, "w2": 0.20114924867840867, "b": -0.006336934943072879}