{"w1": 0.8376918005411905, "w2": -0.06309309733630414, "b": 1.8016470813537955e-17}