{"w": 0.9795278001936158, "b": 0.005506964956925159}