{"w": -0.8958248484754459, "b": -0.006199548854680582}