{"w1": 0.07833757686804292, "w2": 0.8469989406509093, "b": -5.545994251497126e-17}