{"w": 0.17174558470289283, "b": -3.941126926846854e-18}