{"w": 0.9580869327624137, "b": 0.0004065629909346982}