{"w": 0.9746391101508383, "b": 0.0004772700657755478}