{"w": 0.9750638549144591, "b": -0.0018562331465631727}