{"w1": 1.2575592989575624, "w2": 3.2941392499494144, "b": -0.0897503281513248}