{"w1": 0.2869981840169695, "w2": 0.8295834395485226, "b": 2.7712126534374638e-17}