{"w1": 0.29532044579117234, "w2": 0.8411673658404415, "b": 2.8053577905039033e-17}