{"w": 0.7604051843639894, "b": -0.043771028233740475}