{"w": 0.9043856485626781, "b": -0.004525690490964485}