{"w1": -0.06245353784419734, "w2": 0.723145894459684, "b": 2.5092815210064892e-17}