{"w": -0.5701629954255347, "b": 2.3928561029545016e-17}