{"w": -0.5650823350702575, "b": 2.3567558398714365e-17}