{"w1": -0.016363552509690262, "w2": 2.5612448803538705, "b": 0.8503304253322913}