{"w1": -0.3482558270227233, "w2": -0.38444232824359653, "b": 8.157658151795357e-17}