{"w1": -0.7055048173488606, "w2": 0.28169561001251553, "b": 2.5966262900905227e-17}