{"w1": -0.8223829275194642, "w2": 0.3417336320310893, "b": 0.007125485840706592}