{"w": 0.3935398342392282, "b": -0.037494677555741436}