{"w": 0.43326666033974204, "b": -0.012856151915007413}