{"w": -0.10452000338828381, "b": 0.015597328254909032}