{"w": -0.5851919659766996, "b": 0.0210442262533852}