{"w": -0.42608130868878896, "b": 0.01805796751247854}