{"w": 0.26952190865285547, "b": -0.06789615821850564}