{"w1": 33.60694937050401, "w2": -1.2692341158668652, "b": -4.728647005286496}