{"w1": -2.0596526553660324, "w2": 0.6083245913577384, "b": 0.17027593758259693}