{"w": -0.13783444770434328, "b": 0.026512020913923462}