{"w": -0.3511396455461087, "b": -0.18933449899287755}