{"w": -0.34301553420431685, "b": -0.1888750255570254}