{"w": 0.3765743627075412, "b": -0.08164482369958442}