{"w": 0.44225377057246285, "b": 0.01438720007496262}