{"w1": 1.1999667714095916, "w2": 6.71140707356663, "b": -2.9428648357680354}