{"w1": 0.8103930274456725, "w2": 3.6882321268660747, "b": -1.5985716089514979}