{"w": -0.9999999999999989, "b": 2.5313084961453557e-16}