{"w": -0.028855671404112937, "b": 0.005360131704748951}