{"w": 0.08991874326650129, "b": -0.19786243947712778}