{"w1": -0.20978896229698568, "w2": -0.6951902614849416, "b": -2.884012452106913e-17}