{"w1": -1.2737358459128412, "w2": -5.573650041518964, "b": -1.4492789882919124}