{"w": 0.6308416947233757, "b": 0.5941484002450078}