{"w": -0.15201865560668412, "b": -0.1387792324631679}