{"w": -0.9672473666448284, "b": 0.0050704003216241345}