{"w1": -0.2148204295622118, "w2": 0.32606825892511826, "b": 1.6873942097827074e-17}