{"w1": 0.3406534757619179, "w2": -0.6181192494274376, "b": -6.959692631042348e-17}