{"w1": 0.9935382260545061, "w2": -3.0824826660879285, "b": 1.1499589484449757}