{"w": 0.23663248157193864, "b": -0.021966903323670357}