{"w": -0.11279307845559124, "b": 0.04618449564703024}