{"w1": 0.3251351337477842, "w2": 0.31746880829203133, "b": 4.144333087683066e-06}