{"w": -0.033743763163470684, "b": 0.04071346470036089}