{"w": -0.18666158068873448, "b": -1.422425870210267e-16}