{"w": -0.16607078965498712, "b": -0.021210108440973152}