{"w": -0.15083651484349697, "b": 0.0018549558728510015}