{"w1": 0.39634760575484895, "w2": -1.1025116520825218, "b": 0.04329947979276203}