{"w": 0.9744474946894044, "b": -0.011072083722735944}