{"w": 0.30934073831088416, "b": -0.0045677923508869655}