{"w": 0.3240305597760328, "b": -0.004606074371566904}