{"w1": 0.21898385045394173, "w2": -0.9574587199723887, "b": -0.006619530444551129}