{"w1": 0.1797328522608597, "w2": -2.1761672389392834, "b": -0.07712282110667736}