{"cc": 0.2991701982843449, "alpha": 1.271072075980247e-16, "beta": 0.2991701982843448, "mx": -4.1744385725905884e-16, "my": 2.220446049250313e-18, "sx": 1.0, "sy": 0.9999999999999998}