{"w1": 0.7156429024798475, "w2": -0.08734488103099868, "b": 5.019916957154117e-17}