{"w": 0.11023382078304622, "b": -0.002809817033318684}