{"w": -1.0000000000000004, "b": -8.604228440844983e-18}