{"w": 0.6613979839643883, "b": 1.549823799906917e-16}