{"w": 0.1566468473885242, "b": 0.22158696567061276}