{"w": 0.18010590402512858, "b": -0.05009389461969006}