{"w": -0.5534597477903166, "b": 0.026883769413706137}