{"w1": 0.762241369970241, "w2": 0.15934328420259378, "b": -0.0811487827799879}