{"w": 0.5823358414718955, "b": 0.027391321017904712}