{"w1": -3.901361062560203, "w2": -2.563187622232942, "b": -0.2706400601114838}