{"w1": -1.4650263067911666, "w2": -1.4373570940355802, "b": -0.02687084428324517}