{"cc": -0.12229102941876387, "alpha": -3.146519882909051e-17, "beta": -0.12229102941876384, "mx": -3.9412917374193055e-17, "my": -2.6645352591003756e-17, "sx": 1.0000000000000002, "sy": 1.0}