{"w": -0.12108022714729096, "b": -3.141747757920846e-17}