{"w1": -18.84232302146355, "w2": -23.56902455207174, "b": 2.11468452863022}