{"w": 0.23578631580801546, "b": 0.014048745561023868}