{"w": 0.37240821355095505, "b": -0.009736335339792502}