{"w": 0.371410560102767, "b": -0.0005325326991116666}