{"w": 0.37502084901495264, "b": -0.00035433944360245204}