{"w": -0.3000980138555471, "b": 0.026740157677706558}