{"w1": -0.6207454116205506, "w2": -0.2852029341582363, "b": 0.02650303359003753}