{"w": -0.23502452293057244, "b": -0.020153738582788135}