{"w": 0.4215181059835203, "b": -0.05019912231704209}