{"w1": -1.125075337124056, "w2": 0.6266331663936766, "b": -0.25504539081177136}