{"w": -0.2777570753307389, "b": 0.20960045552712397}