{"w1": -1.909296224703548, "w2": 0.12117640003444159, "b": -0.2464403459672702}