{"w1": -0.0836766148860579, "w2": 0.6233525899463511, "b": 2.4931625600093268e-18}