{"w": 0.04307273414099678, "b": -0.05839280454291128}