{"w": 0.10788607907026077, "b": -2.9719441029641334e-18}