{"w": 0.11597129988158471, "b": 0.008644748092614705}