{"w1": -2.0295382916312503, "w2": 0.4816936548664513, "b": -0.31964758957557493}