{"w": 0.017370608242529444, "b": -0.07422355790505802}