{"w": -0.999999999999998, "b": -2.1538326677728039e-16}