{"w": 0.8673533783884794, "b": 0.012935985663869585}