{"w1": -0.09651445002066092, "w2": 0.8429490557024947, "b": 2.973326127801824e-17}