{"w": -0.031629248694088404, "b": -0.0026337086722272567}