{"w1": -0.1881666776926023, "w2": 0.2861046412549055, "b": -6.737847835780464e-07}