{"w": 0.0607678595774748, "b": 0.008647688985076368}