{"w": -0.4163677524417446, "b": 0.019887917271142003}