{"w": -0.7426486823886203, "b": 0.014613827094019025}