{"w": -0.7110886414448545, "b": 0.02080038782040239}