{"w": 0.7116869441186016, "b": 0.04045576009388964}