{"w1": 0.21931510702000614, "w2": 0.7152882821592533, "b": 8.184118311915863e-17}