{"w": 0.14603964050204085, "b": 1.7667111020254338e-16}