{"w": 0.15944505157154235, "b": -0.0015172430942214342}