{"w": -0.400203104988629, "b": -0.002102894795682513}