{"w1": -0.3402722407226491, "w2": -0.4989838035143593, "b": -1.6409831433937245e-16}