{"w": 0.7873286751531665, "b": -0.00029726863595068746}