{"w": 0.9999999999999996, "b": 2.8938657026245075e-16}