{"w": -0.4964760889142028, "b": -0.09993738825530528}