{"w1": -0.9243645952175806, "w2": -1.8825798023661795, "b": 0.04211345172078521}