{"w1": -1.180587156801553, "w2": 0.1076240795300514, "b": 0.04687565487736539}