{"w": 0.1545184541985593, "b": 1.854621671674485e-16}