{"w": 0.40777477902099507, "b": -1.0233175663486589e-17}