{"w": -0.348272836673057, "b": -6.346621146457837e-17}