{"w": -0.3452713931057671, "b": -0.07946111858779942}