{"w1": -0.7010320757349455, "w2": -0.27904656346972473, "b": -0.044489237514733326}