{"w1": 0.14753552403835773, "w2": -0.6769628570203418, "b": -8.922566600430215e-18}