{"w1": -0.2465905157118869, "w2": -0.7726727109127235, "b": 7.550791206688791e-17}