{"w": 0.4055557312861138, "b": -0.05093269008920313}