{"w": 0.22685421694640195, "b": -4.584086705343684e-16}