{"w": 0.16044762908956442, "b": 6.300458107007939e-06}