{"w": 0.8385956684926829, "b": 0.013182886989403859}