{"w1": 0.03516800200770503, "w2": 0.793653087480786, "b": 1.528896283012624e-17}