{"w1": 0.3809130821996005, "w2": -0.6130700666797894, "b": -0.015471923578374687}