{"w": 1.0000000000000084, "b": 8.708311849403566e-18}