{"w": -0.06904299364797503, "b": 0.019892224002369237}