{"w1": -0.32777593536118305, "w2": 0.41759458747292716, "b": 6.178739576805895e-17}