{"w1": -0.3094206974507309, "w2": 0.38661396751410815, "b": 5.791835094760909e-17}