{"w": 0.8338382948152173, "b": -0.007457879841224355}