{"w": 0.8330933302130541, "b": -0.008730898080627648}