{"w": 0.5815015865667476, "b": 1.6173157680253147e-16}