{"w": -0.5229971047207999, "b": -0.05371161503107454}