{"w": 0.3799662414445717, "b": 0.005758646358742153}