{"w": 0.9555032375166175, "b": -0.007004779296994537}