{"w": 0.9606000505776651, "b": 0.005096277509765312}