{"w1": 4.172064255543552, "w2": 0.888117116178178, "b": -2.0237567100997373}