{"cc": -0.1302493268426287, "alpha": -1.0171207067050742e-16, "beta": -0.1302493268426286, "mx": -1.6292522886374173e-16, "my": -8.049116928532385e-17, "sx": 1.0000000000000002, "sy": 0.9999999999999997}