{"w": 1.0000000000000016, "b": 3.219646771412954e-17}