{"w": 0.1716987221657521, "b": 0.003896994446304751}