{"w": 0.11060397430062167, "b": 0.034232816794459685}