{"w": -0.41502673946873736, "b": -1.0156848685004454e-17}