{"w": -0.37767433291655106, "b": -8.643211870056469e-18}