{"w": -0.24758770010336245, "b": -2.673105469940529e-17}