{"w": -0.02143066300735194, "b": 0.02111730100611324}