{"w": -0.046883815770836945, "b": -5.077603147739279e-17}