{"w": 0.0032326681569097423, "b": 0.05270824163019522}