{"w": -0.19505366068307287, "b": 8.377598902057585e-17}