{"w": 0.5535350463829302, "b": -8.644040832526433e-18}