{"w": 0.049524871374239623, "b": -3.9900261480721293e-17}