{"w": 0.03365567681790863, "b": -0.05597304536628964}