{"w": 0.32217185854996533, "b": -2.2542960846646796e-15}