{"cc": 0.02625960241149139, "alpha": 7.078940713735726e-17, "beta": 0.02625960241149139, "mx": 1.7857937351095644e-15, "my": 1.176836406102666e-16, "sx": 1.0, "sy": 1.0}