{"w": 0.026259602411491376, "b": 7.078940713735728e-17}