{"w": 0.9351546155298205, "b": 3.994149814215646e-16}