{"w": -0.33601732280247953, "b": -0.151850021110181}