{"w1": -0.37528142620059984, "w2": -0.5807190912462465, "b": 3.661758973511618e-18}