{"w": 0.33375254320090164, "b": 0.022075463545700835}