{"w": 0.377234126339005, "b": -3.2443787516168714e-16}