{"w": -0.20303561702381787, "b": -0.1673321809625825}