{"w": 0.9544971828553052, "b": 0.004388869540835375}