{"w": 0.06691779848921188, "b": 0.0028322536969848148}