{"w1": -1.1913172673705954, "w2": -0.05145321451861529, "b": -0.045798997664168964}