{"w": -0.5130749922824442, "b": -1.6107674351421494e-18}