{"w": 0.5905698717247119, "b": 0.004349850371218224}