{"w": -0.0975547727552849, "b": 0.1686480931417184}