{"w": -0.7727523970783566, "b": 5.458255643539481e-16}