{"w": -0.187211043500915, "b": -0.06586400380530105}