{"w": -0.23824492891031682, "b": 7.556476008381999e-17}