{"w": -0.060115288667142934, "b": -0.037379347645351724}