{"w": 0.8148672480760795, "b": -2.5659710145117996e-17}