{"w": -0.5652211776143713, "b": 0.02362057000347169}