{"w": 0.3566229743239447, "b": -0.005618550520043269}