{"w": 0.6696792507431273, "b": -0.04417383544920557}