{"w": -0.8258326618993242, "b": -0.02205595448120584}