{"w": 0.3820776367430788, "b": 0.07090066920929816}