{"w": 0.022949528099359268, "b": 0.10276488404119515}