{"w": -0.02473378198505246, "b": -0.02572392806398285}