{"w": 0.7418957937779607, "b": 0.01906428071420696}