{"w": 0.7946556341679424, "b": -6.134021930026811e-17}