{"w": 0.7128204538088774, "b": -0.0024654025273347837}