{"w": 0.8064100210986179, "b": -0.005869179043894823}