{"w1": 0.8866417393591371, "w2": 0.13446958001508302, "b": 0.10735966301059302}