{"w": 0.5719955578393275, "b": -0.08504413897359568}