{"w": 0.5657202954024783, "b": 0.01911298308714149}