{"w": 0.7060157253799408, "b": -0.05670661310394487}