{"w": -0.21814825046492134, "b": -0.0036350007553282897}