{"w": -0.4585351020934576, "b": -0.07487793175886603}