{"w": -0.6182127073284883, "b": 3.845018648705822e-17}