{"w1": -1.11750983984467, "w2": 0.39422089037701086, "b": 0.01290807806803515}