{"w": -0.6916542806708651, "b": 1.8240782778517394e-16}