{"w": -0.43478092376977706, "b": 0.07891500000600393}