{"w": 0.29139027869717965, "b": 1.893123079096685e-17}