{"w": 0.02657853071376038, "b": -0.011105817713189164}