{"w": -0.3194058851763762, "b": 7.344790300949427e-17}