{"w1": -0.4740696533986773, "w2": -0.5833314771372379, "b": -5.891108637067978e-17}