{"w": 0.26669482642642844, "b": -0.06962058182435538}