{"w": 1.0000000000000018, "b": 1.648681191568361e-16}