{"w": -0.0415996169218589, "b": 0.07887593288206016}