{"w": -0.0490751948511524, "b": 0.08668234148468033}