{"w1": 0.4445543225805236, "w2": 0.3858596514577951, "b": -1.1774833299831412e-18}