{"w": -0.3246978824397785, "b": 0.08503743880925978}