{"w": -0.3562086819286506, "b": -6.886159450140629e-18}