{"w1": 1.6953821140208698, "w2": 0.26696033501992866, "b": -0.22958021816808438}