{"w": -0.494695236629378, "b": -0.03749801217101382}