{"w": -0.6194479147773517, "b": 0.006793315950391087}