{"w": 0.14557643579663915, "b": 0.12735097690138542}