{"w": 0.3875124897671163, "b": 8.159972833870604e-18}