{"w": 0.3871253644027138, "b": 8.165130379786317e-18}