{"w": -0.1653934402294556, "b": -0.01256113426054734}