{"w": -1.0000000000000002, "b": 4.0592529337857296e-17}