{"w": -0.08793389686980954, "b": 2.68591854050113e-17}