{"w": -0.052335164179525676, "b": 9.407641793272638e-17}