{"w": -0.07617108265247731, "b": -0.21499348422112247}