{"w1": -0.373534803170658, "w2": 0.5459461734455953, "b": 5.579463894896368e-17}