{"w1": -1.6589639646612842, "w2": 2.4023461364784815, "b": 0.19307901290423152}