{"w": -0.48042105305222055, "b": -0.014543865879424708}