{"w": -0.5684576485904649, "b": -5.35293119062261e-18}