{"w": 0.7338683477757847, "b": 0.0974267536348209}