{"w": 0.062355366961370805, "b": 0.09777229651479204}