{"w": -0.000968815088285451, "b": 4.4529388276579566e-17}