{"w1": -1.209941602011829, "w2": -1.3709739370514114, "b": -0.4559535817910237}