{"w": 0.3704964243745385, "b": 0.004207799786312489}