{"w1": 0.39500495811846187, "w2": 0.2421820518374676, "b": 0.006129677008706591}