{"w": 0.19289501567821918, "b": 0.03784867141081875}