{"w1": -1.6364007046828, "w2": -2.398049752551773, "b": 0.051439437209031554}