{"w1": -0.40394600745336423, "w2": -0.6784142701868302, "b": -3.9217948134001765e-17}