{"w": -0.5941232074173092, "b": 0.0022231482469352976}