{"w": 0.4690658255747229, "b": 0.011167275409542127}