{"w1": -2.289607744970675, "w2": -0.3711859909566594, "b": -0.8564998904479495}