{"w1": -1.7705715419635664, "w2": -0.27661462786301555, "b": -0.5676135233764867}