{"w1": 0.18315664365003365, "w2": 1.6366290426886962, "b": 0.05959637109595163}