{"w1": 0.013669783139661612, "w2": 0.6170027558360999, "b": -0.015623803290702523}