{"w1": 0.35802916566789317, "w2": 1.5293262285841727, "b": -0.1422011466414852}