{"w": 0.6724030911759814, "b": -0.04636807433887746}