{"w": 0.9434567797913084, "b": 2.5547684683371027e-16}