{"w": -0.028545654417490546, "b": 1.6512912642700502e-17}