{"w": -0.8754600364969072, "b": 0.007086959537253264}