{"w": 0.5004225817860994, "b": -0.07314137537092062}