{"w": -0.48068734254441825, "b": 0.030969252193278944}