{"w1": -0.4056523178622823, "w2": -1.0978738876092906, "b": 0.32772208213742343}