{"w": -0.4437336786685599, "b": -0.03872083481717883}