{"w": 0.3005847668211739, "b": 0.02145620243450076}