{"w1": 0.9866361445001569, "w2": -0.6083865010147318, "b": 0.07110111166147999}