{"w": 0.9517618367828052, "b": -7.256406858792739e-17}