{"w": -0.6052222850779574, "b": -0.0008888300561489884}