{"w": 0.08766309427448885, "b": 0.24565974267738966}