{"w": -0.8321576112370815, "b": 0.00372686040235606}