{"w1": -0.5272433250886955, "w2": -5.142553987957569, "b": -1.3309392811894158}