{"w": 0.41697607387087376, "b": 0.06674065014170749}