{"w": 0.6334125556199433, "b": 1.0982132494947777e-17}