{"w": 0.40398697854827625, "b": -0.02349133626397927}