{"w": 0.19413672342840457, "b": -0.0065689997050580595}