{"cc": 0.46525851499261905, "alpha": 4.723952177193753e-17, "beta": 0.4652585149926191, "mx": -6.931955010003321e-17, "my": 1.4988010832439614e-17, "sx": 0.9999999999999999, "sy": 1.0}