{"w": 0.24806741672838084, "b": 0.15489861015563489}