{"w": 0.4104873975203948, "b": -0.012369568753183145}