{"w1": 1.294823184782866, "w2": -0.7282015472789322, "b": -0.03467555618650443}