{"w1": -0.9658137183702484, "w2": -0.4164233687238736, "b": -2.985644476925851e-17}