{"w": 0.04670284255301424, "b": 1.723978626049356e-16}