{"w": 0.1833137167401233, "b": 0.23735989351497871}