{"w1": 0.8043841051232783, "w2": 0.8445529603661689, "b": 0.13496020487482638}