{"w": 0.10943012785060068, "b": -0.19315648907620053}