{"w": 0.41881593255414573, "b": 0.0374893792735926}