{"w": 0.6761001089351176, "b": -0.00930163915989704}