{"w1": -0.6820048215879893, "w2": 2.135476859035638, "b": -0.2023308475177046}