{"w1": -0.23290667134884357, "w2": 0.48471244646714884, "b": -6.424897479153192e-17}