{"w1": -0.9088069486099639, "w2": 0.3839334376969449, "b": 0.009923344081781742}