{"w": -0.08579693377761644, "b": -0.023717928534947808}