{"w1": -0.7783439088456325, "w2": 0.18034076073713845, "b": 0.008976066446288424}