{"w": -0.11917844735813589, "b": -0.023262380546829158}