{"w": -0.15905517020455764, "b": -0.16211496015088636}