{"w1": 0.046201017437744595, "w2": -0.7752524939369133, "b": 8.374059418085684e-17}