{"w": -0.20366322639891488, "b": 0.0037117993162545312}