{"cc": 0.4911208511402283, "alpha": 3.775600854860129e-17, "beta": 0.49112085114022824, "mx": -5.766220834146907e-17, "my": 9.436895709313831e-18, "sx": 1.0, "sy": 0.9999999999999999}