{"w": 0.4906302209193091, "b": 3.772771772658403e-17}