{"w": 0.0329641503497288, "b": -0.02738097174551719}