{"w": -0.23721123645788364, "b": 4.012627769140002e-17}