{"w": 0.06702139318800361, "b": -1.141167978823368e-17}