{"w": 0.536436550816056, "b": 3.961979021621005e-17}