{"w1": 2.2192885408265273, "w2": 0.22952371559118953, "b": 0.030934703582938334}