{"w1": 1.2195207765511187, "w2": -0.4157997601499523, "b": 0.11427252623301949}