{"w": 0.019864011393638126, "b": -0.02628710243006442}