{"w1": 0.5348691518125768, "w2": 0.46134620923408676, "b": 5.37496957225873e-18}