{"w1": 1.0290987211306821, "w2": -0.2100830452465842, "b": -0.005643987740995379}