{"cc": 0.2470198265350118, "alpha": -7.352030315491382e-17, "beta": 0.24701982653501176, "mx": -2.6867397195928787e-16, "my": -1.3988810110276973e-16, "sx": 1.0000000000000002, "sy": 1.0}