{"w": 0.9583254011013886, "b": -0.002602846279045938}