{"w1": -0.9946909544857634, "w2": -0.18649175161563164, "b": 0.17162726675455525}