{"w1": -0.7074267730610097, "w2": 0.20232490814318457, "b": -0.0036062514888363225}