{"w": -0.40961380562915184, "b": -0.004423361891821927}