{"w": -0.45617431261727626, "b": -0.005248722906272204}