{"w1": -0.7416098584989251, "w2": -1.784735050938261, "b": 0.1289016857990042}