{"w1": -0.3453591849092435, "w2": -0.9037781990975627, "b": 0.01842943651871299}