{"w": 0.5840040910156169, "b": -0.03317876312249637}