{"w1": -0.6367173124866639, "w2": 1.1665243668465124, "b": 0.27986591960940144}