{"w1": -0.5095721833443457, "w2": 2.032485690853036, "b": 0.49236496099380095}