{"w": 0.232973463367394, "b": 9.421303326963234e-17}