{"w": 0.4172229361566382, "b": 0.08965024157342516}