{"w": -0.21082332560556116, "b": 0.004325824720185476}