{"w": 0.6351875510090286, "b": -0.04249563320004317}