{"w": 0.7958489753218985, "b": -9.066126723937876e-19}