{"w": 0.9999999999999991, "b": -4.622231866529366e-33}