{"w": 0.7726259418887448, "b": -0.038113624046058614}