{"w": 0.6248981808497963, "b": -0.042185107949986325}