{"w": -0.034053851949717155, "b": 5.637053194208506e-17}