{"w": -0.012771661292560006, "b": 0.13478383438815913}