{"w": 0.7458362558758032, "b": -0.048740300080110245}