{"w": -0.6328544605828141, "b": 0.005667751064801621}