{"w1": 0.23457385496960634, "w2": 0.7992751445662429, "b": -0.01126595300392701}