{"w": 0.4738983618380438, "b": -0.05853540468885928}