{"w": 0.53823874335284, "b": 0.005682255059006513}