{"w1": 0.5137727231034459, "w2": -11.96600079907517, "b": -1.7417162314682546}