{"w": 0.44915387757507863, "b": -0.11018307064263584}