{"w1": 0.6121797018365164, "w2": 0.21529663746138036, "b": -2.723214736622364e-17}