{"w1": 0.5459407729610194, "w2": 0.23445180283376624, "b": -2.6170768008634443e-17}