{"w1": 1.262850894544808, "w2": 0.23842698138060534, "b": 0.07514339400478826}