{"w": 0.8681411719721153, "b": -0.008750223087831474}