{"w": 0.4456181338982791, "b": 0.0030210715034279475}