{"w": -0.5172873966966263, "b": -0.03067964011949776}