{"w": -0.027627284781164496, "b": -0.01571411637777953}