{"w": 0.04054653081871124, "b": 0.21136985989429258}