{"w": 0.49959487113476564, "b": 0.006510041472759616}