{"w": 0.5052114266159294, "b": 0.1246387422312635}