{"w": 0.2127107205686125, "b": 0.04115037900049867}