{"w": 0.09061873064998884, "b": 0.18825903694932575}