{"w": -0.573653819967526, "b": -0.003935601423402887}