{"w": -0.0827518953367925, "b": 0.14871635496648616}