{"w": 0.01801766551740543, "b": 7.252183632976882e-19}