{"w": -0.435405417653643, "b": -4.18019975302463e-17}