{"w": 0.17768926000727905, "b": -3.74034576865527e-17}