{"w": 0.9999999999999989, "b": -3.225197886536076e-16}