{"w": 0.5147229344615815, "b": -6.922870001019658e-18}