{"w": -0.6151689656681953, "b": -8.0934064067104e-17}