{"w": -0.2750051080079622, "b": 0.1792381602024088}