{"w": -0.2738970239759216, "b": 0.1665550779550987}