{"w": 0.9872496705891716, "b": -0.01425832184433649}