{"w": 0.6311140120800361, "b": -1.9387040079933287e-17}