{"w1": 0.4562439299371423, "w2": -0.20068585919179893, "b": 0.010775522997594933}