{"w": 0.9940552975326106, "b": -0.0030940335414541957}