{"cc": -0.36261693894617253, "alpha": -1.138985237445346e-16, "beta": -0.36261693894617253, "mx": -1.4876988529977099e-16, "my": -5.995204332975846e-17, "sx": 0.9999999999999998, "sy": 0.9999999999999998}