{"w": 0.11127075485614625, "b": 0.31155070763583775}