{"w": 0.3863155606314544, "b": 0.10539566053669873}