{"w": 0.5078887726269656, "b": 1.3392742671553798e-17}