{"w": 0.3379426557472635, "b": 0.10328204170226232}