{"w": 0.7995228670923451, "b": -0.03140686881756713}