{"w": 0.7799243130721235, "b": -4.1721256942343476e-17}