{"w1": -0.7310823421388443, "w2": 0.25656236330634785, "b": -1.441040745539628e-17}