{"w": 0.44697950477381326, "b": -1.7161789998457878e-16}