{"w": 0.26572047508026786, "b": -1.9013417285764934e-17}