{"w": 0.25842518810330456, "b": 0.2397064738089456}