{"cc": -0.3009988868266451, "alpha": -1.500245856220801e-17, "beta": -0.3009988868266451, "mx": 1.3322676295501878e-17, "my": -1.9012569296705807e-17, "sx": 0.9999999999999999, "sy": 0.9999999999999999}