{"w": -0.2866140788708063, "b": 0.00012031150696393622}