{"w": -0.585353017854039, "b": -0.13413108704724674}