{"w": 0.6357529097636622, "b": 0.011218220622738872}