{"w": 0.6733280690624822, "b": -1.176238910202669e-16}