{"w": 0.6048997666552257, "b": -0.11103291485067975}