{"cc": -0.06575477547052098, "alpha": 7.074950196648175e-16, "beta": -0.06575477547052098, "mx": 5.495603971894525e-17, "my": 7.038813976123492e-16, "sx": 1.0, "sy": 1.0}