{"w": -0.06765023278516666, "b": 0.0026368052765102417}