{"w": -0.06575477547052104, "b": 7.074950196648175e-16}