{"w": -0.45648282626168285, "b": 3.438132996008254e-18}