{"w": -0.37374035486872886, "b": -0.029252590104466774}