{"w": 0.04881048210060192, "b": -5.263222704115467e-17}