{"w": 0.008525037078648986, "b": -0.005578862695706779}