{"w": -0.020031644034864914, "b": -8.491070008979835e-17}