{"w": -0.07590065208904315, "b": -0.02837937289390808}