{"w": -0.028156713388661856, "b": -0.007083748488646069}