{"w1": -0.12160722011265325, "w2": 3.1696540577384975, "b": -0.5737484547216708}