{"w1": -0.6753281992650831, "w2": -0.20361373175038455, "b": -0.03658690100852471}