{"w": 0.1928429052211516, "b": -9.073700499752689e-17}