{"w": 0.1594775147463081, "b": 0.19045328147254637}