{"w1": -0.12558091410704372, "w2": -0.906024756991518, "b": -0.06553532906846334}