{"w1": -0.6033240717270586, "w2": -0.5885651809537397, "b": -0.05618407107530533}