{"cc": 0.24714367382263588, "alpha": 1.2147428642381615e-16, "beta": 0.24714367382263586, "mx": -3.3306690738754695e-17, "my": 1.1324274851176597e-16, "sx": 1.0, "sy": 0.9999999999999999}