{"w": 0.3547458144870861, "b": -0.10454733948820438}