{"w": -0.17429716069649348, "b": 0.03409499624628358}