{"w": 0.4755603881660033, "b": 2.105597396164878e-16}