{"w": 0.3596713639470436, "b": 0.19585587881405664}