{"w": 0.011097644195266767, "b": -0.005616209743958846}