{"w": -0.07501603880395565, "b": -0.061653564705745664}