{"w": -0.06506498086572031, "b": -0.07991051165845223}