{"w": -0.06751722401256746, "b": -0.08320984697068132}