{"w": 0.44862525328435976, "b": -0.06929567080366897}