{"w": 0.4789248806971632, "b": -0.08068958742737355}