{"w": 0.03895004778664721, "b": 0.022662827790056676}