{"w1": -0.19979999857863723, "w2": -0.15206608982161446, "b": 2.4872127715177195e-17}