{"w": -0.4295730774712211, "b": 1.2583940286356481e-17}