{"w": -0.39615561582385395, "b": 0.17185270913913941}