{"w1": 0.45677695763235615, "w2": -2.42103783004874, "b": 0.6929658261071978}