{"w": 0.9329175533402231, "b": -1.3397152772331752e-17}