{"w1": -0.34759068053225967, "w2": -1.2209792978358334, "b": -0.1449281599791457}