{"w1": -0.6992379526212144, "w2": -0.6956106081632681, "b": -0.018741813650710235}