{"w": -0.09046631708836117, "b": -0.2228886571108073}