{"w": -0.04237455173026438, "b": -2.1190170292649717e-16}