{"w": 0.5043434968051119, "b": 0.050304753342518306}