{"w": -0.10269729745666228, "b": -1.2350649027063573e-17}