{"w1": -0.5862705377128303, "w2": -0.4012773960800035, "b": 6.89371991857084e-17}