{"cc": 0.18926594303351046, "alpha": 3.5381931366459774e-16, "beta": 0.18926594303351046, "mx": -4.218847493575595e-17, "my": 3.458344721707363e-16, "sx": 1.0, "sy": 1.0}