{"w": 0.22163202321514605, "b": 0.03053569279793479}