{"w1": -1.3366252133808605, "w2": -0.011794624721867068, "b": 0.07002480866319105}