{"w1": 1.2219019150874642, "w2": -0.23926029925733394, "b": -0.24889836978589067}