{"w": -0.073943801094566, "b": -0.011293639554125452}