{"w": -0.5976601245629453, "b": 0.00251594210197962}