{"w1": -0.3889437226828475, "w2": -0.08111807080225354, "b": 2.4255525361064502e-17}