{"w1": 3.246885057129601, "w2": -1.3278352445738213, "b": 0.17609206186736512}