{"w": 0.7390021542782086, "b": 0.0009329588475046622}