{"w1": 1.6494151771796106, "w2": -2.396242490471439, "b": 0.014871694594812511}