{"w1": -0.11688970341073886, "w2": -2.0637618506793123, "b": 0.41886154455029545}