{"w": -0.10099031887630061, "b": -0.23957616195613873}