{"w": -0.46624210364249336, "b": 0.0016894925760817876}