{"w": -0.010919372775680863, "b": -0.09197202161973259}