{"w": -1.0000000000000033, "b": 2.8484159475539194e-17}