{"w": -0.07403649720939784, "b": -0.10259288754541146}