{"w": -0.022825596260318312, "b": 0.009364979713524839}