{"cc": 0.39309273583794635, "alpha": 8.651726085704848e-18, "beta": 0.39309273583794635, "mx": -3.3306690738754695e-17, "my": -4.440892098500626e-18, "sx": 1.0, "sy": 1.0}