{"w": -0.708606219638745, "b": 9.3729204076584e-17}