{"w": -0.3096508763826427, "b": 3.236627530148527e-17}