{"w": -0.4301855691224145, "b": 4.186398765481127e-16}