{"w1": -0.34549637261149346, "w2": -0.34296927592475607, "b": -7.712443435569185e-17}