{"w": 0.4189469043079122, "b": 0.022945472446589524}