{"w": 0.4006587075114488, "b": -4.54878518868112e-17}