{"w": 0.7097871610130251, "b": -0.03796855355362715}