{"w": 0.881420119367035, "b": 4.204802187988891e-17}