{"cc": -0.3323055289176423, "alpha": -1.5767220915506023e-16, "beta": -0.3323055289176423, "mx": 1.9984014443252817e-17, "my": -1.6431300764452317e-16, "sx": 1.0, "sy": 1.0}