{"w": -0.34969308811599903, "b": 0.2064727407284068}