{"w1": -0.4425688444988335, "w2": 0.35203542254285397, "b": 0.019985291638236362}