{"w": 0.8567027808494078, "b": -0.029285828505138847}