{"w": 0.4378127035973738, "b": 0.01595692884603685}