{"w": 0.46889695050711316, "b": 0.0036541698892632235}