{"cc": 0.6846681255307283, "alpha": -4.359848247199696e-17, "beta": 0.6846681255307282, "mx": 1.6653345369377347e-17, "my": -3.219646771412954e-17, "sx": 1.0, "sy": 0.9999999999999998}