{"w": -0.059911975203765795, "b": -0.11276135448236463}