{"w": 0.24408072658723604, "b": -0.01794517806554617}