{"w": 0.2467906631460853, "b": -5.496316587828324e-17}