{"w": 0.17692952489585642, "b": -0.1107589552867168}