{"w": 0.46039048084019357, "b": -0.06203826107196222}