{"w": 0.47213139846247915, "b": -0.07234707994688272}