{"w": 0.1645588451706845, "b": 0.0570689512750862}