{"w": 0.20840022190644597, "b": -0.012589216188220315}