{"w": 0.061106357889657806, "b": -4.451068351322639e-17}