{"w": 0.12504156607542738, "b": -0.04314344713772078}