{"w": 0.054155097509300955, "b": 0.004236459987232048}