{"w": 0.8075769151697236, "b": -0.02348077119028991}