{"w": -0.4308695036144865, "b": -0.008468891050317921}