{"w": 0.17685229689825713, "b": 0.18321314235514136}