{"w": 0.19385015353592552, "b": -0.0405293179774039}