{"w": 0.2829892967084924, "b": 0.1123334556460206}