{"w": 0.2621546397705703, "b": -3.3273876193536813e-17}