{"w1": 1.444137709322098, "w2": 1.466724741213321, "b": -0.05716625871917349}