{"w": -0.015257644536352657, "b": -0.03382009384922634}