{"w": -0.015254149001738855, "b": -0.03382537033197616}