{"w": -0.34333696184936047, "b": 0.001099624084278788}