{"w": -0.17116637875089463, "b": 7.809324098447876e-18}