{"w": -0.016624292794093682, "b": 0.04580468222016593}