{"w": 0.5929596666221588, "b": 2.2193457073440238e-17}