{"w": 0.5473150067584064, "b": 0.008448864589907783}