{"w1": -1.4640180365209567, "w2": -1.180934285128119, "b": -0.041408968757696764}