{"w1": -0.12393114119029455, "w2": -0.9468813047686715, "b": -0.06127812331615971}