{"w": 0.6564529631421375, "b": -2.2899251220308057e-17}