{"w": 0.4063396164602952, "b": 2.3900381208013923e-18}