{"w1": -0.4316606128114725, "w2": 0.5972945265122531, "b": -0.011333119343653136}