{"w": 0.6374305750887748, "b": -1.9263294402865565e-17}