{"w": -0.5726287199282591, "b": 0.0024606031739988765}