{"w": 0.17017870960616607, "b": 0.016442642102029774}