{"w": 0.03323498446544737, "b": -0.03210503201543975}