{"w1": -0.839672092759557, "w2": 0.13364928203735635, "b": 5.78817244713685e-17}