{"w1": -1.4310231164480633, "w2": 0.3238298323870563, "b": 0.03999689925106173}