{"w": 0.3877862257997115, "b": 0.01437309018099996}