{"w1": 1.8476288390583686, "w2": 1.0440188122727592, "b": 0.007710409189443199}