{"w1": 0.5830816970784566, "w2": 0.3096570522252531, "b": -0.039442307568792634}