{"w": 0.4622217880764875, "b": -0.004848480278855205}