{"w": 0.962409958700056, "b": -0.0003060828810091719}