{"w": 0.18069075146176866, "b": -0.00974283124897924}