{"w": 0.14969002627025652, "b": 9.374389569710562e-18}