{"w": 0.40468603402104353, "b": 0.026243432322834975}