{"w": -0.4620474775446537, "b": -0.004783188114826184}