{"cc": -0.46974750423065326, "alpha": 3.215690387406035e-16, "beta": -0.4697475042306532, "mx": 1.5987211554602254e-16, "my": 2.4646951146678477e-16, "sx": 0.9999999999999999, "sy": 0.9999999999999998}