{"w": 0.007141614327714824, "b": 0.008171904202166751}