{"w": 0.012317114203481761, "b": -0.036137102915737525}