{"w": 0.2516014753197976, "b": 0.19115779577561423}