{"w": 0.6955414588944672, "b": -0.018321155148968586}