{"w1": -0.16838277391849593, "w2": 3.205505930488793, "b": -0.3661405105538342}