{"w1": 0.3428744492558035, "w2": 0.45720999307290633, "b": 7.360200014416162e-18}