{"w": -0.0008062710758613912, "b": 2.559332613974739e-16}