{"w": -0.07068314463938186, "b": 0.42970754805898004}