{"w": 0.02531435221725711, "b": -0.04034216984441111}