{"w": 0.03657646785424261, "b": -0.02431958324336987}