{"w": -0.26771806557383815, "b": 6.25905553251008e-18}