{"w": -0.42691867673115047, "b": 0.13900878243249273}