{"w1": 0.761446088434539, "w2": 1.108674489492283, "b": 0.1007983558749409}