{"w": 0.004270180158424342, "b": 0.10368463483577836}