{"w": 0.5097217717728684, "b": 2.5299207173645755e-16}