{"w": 0.555142523713025, "b": 2.5299207173645755e-16}