{"w": 0.01021601239950701, "b": -1.2009594421114668e-18}