{"cc": -0.4159000645425932, "alpha": -8.455237370820342e-18, "beta": -0.4159000645425931, "mx": -1.3322676295501878e-17, "my": -2.914335439641036e-18, "sx": 1.0, "sy": 0.9999999999999998}