{"w": -0.3470264602653592, "b": 0.0257314342419791}