{"w": 0.16361638670638157, "b": -1.2312828165561051e-17}