{"w": 0.025628134669988947, "b": -0.09088432268874258}