{"w": 0.10416759126034639, "b": 0.059093851082750656}