{"w": 0.13746294583995797, "b": -0.0042630030419938516}