{"w": 0.528529430222774, "b": 0.12970114823270446}