{"w": 0.9309401034422861, "b": 0.0014157495454967094}