{"w1": 0.8629704131419709, "w2": -0.18811021083969964, "b": 5.792900689960871e-17}