{"w1": 1.7902871557191913, "w2": -0.5593461783100857, "b": -0.4308967656828834}