{"w1": 0.4067872253642992, "w2": 0.360498618851737, "b": 5.7145683222182415e-18}