{"w": -0.17944498192670727, "b": -0.003451722220617102}