{"w1": 0.7586800261106917, "w2": -0.13506268589871484, "b": -0.02044211294349145}