{"w": 0.7000036467183781, "b": -0.030635820066242016}