{"w": 0.7241806973665725, "b": 0.00866491965205185}