{"w": -0.9865684502947073, "b": 0.0010370527116631467}