{"w1": -1.5138926335993077, "w2": 1.3279139393665498, "b": 0.03502399623180005}