{"w": 0.7404300195009873, "b": -0.051371464822523624}