{"w": -0.9292190768215509, "b": -0.0002952528183617943}