{"w": -0.877557731289496, "b": -0.002805719041345988}