{"cc": 0.5976315430880558, "alpha": -1.6184275763260792e-16, "beta": 0.5976315430880558, "mx": 1.0547118733938987e-16, "my": -9.880984919163893e-17, "sx": 0.9999999999999999, "sy": 0.9999999999999999}