{"w": 0.63939416316076, "b": 0.029552291331363358}