{"w": 0.6383789314618641, "b": 0.028692280349041935}