{"w": -0.20512609211279872, "b": -0.02026970160345795}