{"w1": -1.28297069109448, "w2": -0.8517973978032538, "b": -0.17559785284765028}