{"w": 0.10728462894363444, "b": -0.014446641432393381}