{"w": 0.9551580500279996, "b": 0.008445160773813971}