{"w": -0.3473599959350278, "b": -0.022464131662756653}