{"w1": -0.5211821909728522, "w2": 0.3796061314960264, "b": 9.907462683026842e-18}