{"w": 0.6591241488351847, "b": -0.0934512465832509}