{"w": 0.16638728095061922, "b": -0.13732109992237332}