{"w": -0.7195773444938748, "b": -7.854969620019555e-17}