{"w": 0.03823206275556803, "b": 1.4116961212254113e-16}