{"w1": -0.32701426175685755, "w2": -0.7903588410793788, "b": 7.388394454080463e-17}