{"w": -1.0000000000000007, "b": -1.0547118733938975e-17}