{"w": -0.9999999999999997, "b": 7.327471962526034e-17}