{"w": -0.334723847089631, "b": 8.2137978457602e-17}