{"w": 0.502774285687137, "b": 0.02803008341364392}