{"w": 0.7219215699853252, "b": -0.020805983167927474}