{"w": 0.9999999999999988, "b": -1.554312234475221e-17}