{"w1": 3.7736465072389764, "w2": -1.8418608148658946, "b": -0.06235046972677419}