{"cc": -0.23416165368172687, "alpha": 3.878201002355542e-18, "beta": -0.2341616536817269, "mx": 3.552713678800501e-17, "my": -4.440892098500626e-18, "sx": 0.9999999999999999, "sy": 1.0}