{"w": -0.050182828170647745, "b": 0.0022871644140667214}