{"w1": -1.8133765501313863, "w2": -2.8512073129527282, "b": 0.38118670865353554}