{"w": 0.07300119900250401, "b": -0.04984988114040073}