{"w1": -1.6272505864760551, "w2": -0.9467288968700098, "b": 0.06422718709352199}