{"w1": -0.7622010061186173, "w2": 0.20371689656118003, "b": 5.643478152027567e-17}