{"w": 0.7037262969323103, "b": 0.01049525174767766}