{"w1": -0.03828226338860612, "w2": -0.7493253168083022, "b": -6.147694455398106e-17}