{"w1": -0.07551411422652256, "w2": -1.2380436036356426, "b": -0.014889160133377377}