{"w1": -1.0757456250451038, "w2": -0.5815019483112818, "b": 0.04697434356263195}