{"w": 0.20866835384265364, "b": 0.014971677175158335}