{"w1": 2.9965765286812434, "w2": 1.8591200041420328, "b": -0.12609150339059008}