{"w": -0.47562165993984495, "b": -7.067860917016022e-18}