{"w": 0.3663924067063189, "b": 1.186325475509106e-16}