{"w": -0.007438704004662247, "b": 0.02595398662932882}