{"w": -0.9999999999999956, "b": 4.7739590058881576e-17}