{"w1": -0.19340180945702398, "w2": 1.5945412910761183, "b": 0.0726092198993962}