{"w": 0.3292964846034576, "b": -3.4607716008648094e-17}