{"w": 0.3284605587241098, "b": -0.012566160145687934}