{"w": 0.2337258305269534, "b": -3.457453020726861e-17}