{"w": -0.41789237617353625, "b": -0.023319172613818696}