{"w": 0.1089714469744062, "b": -0.008405644909356687}