{"w": -0.2930593768537847, "b": -0.003680048921980386}