{"w": -0.1124878299729163, "b": -0.07009461336549336}