{"cc": -0.5025172394378858, "alpha": 4.795039596609459e-17, "beta": -0.5025172394378858, "mx": 4.239664175287317e-17, "my": 2.6645352591003756e-17, "sx": 0.9999999999999998, "sy": 0.9999999999999998}