{"w": -0.5025172394378857, "b": 4.7950395966094585e-17}