{"w": -0.5282711413639883, "b": -0.19239900157833345}