{"w": -0.6041553436399397, "b": -0.028320049419284034}