{"w": -0.6307400207066243, "b": 5.887325245204029e-16}