{"w1": -0.4845010423519904, "w2": -0.3642409011428497, "b": 1.3679671369902154e-16}