{"w1": -1.3142275292006753, "w2": -1.1325396732771005, "b": -0.048456966583878505}