{"w": 0.9272829340761106, "b": 0.007212537093118123}