{"w": 1.000000000000001, "b": -2.7089441800853824e-16}