{"w": -0.1201188398251503, "b": 2.0786900093548884e-16}