{"w1": -0.4342490048935278, "w2": -0.5019173800313445, "b": -9.015238574037183e-18}