{"w1": -1.0050305287722074, "w2": -1.7492113398437958, "b": 0.13753617754331382}