{"w": 0.18211292683509242, "b": -1.0771068373197759e-16}