{"cc": 0.9814664875651063, "alpha": -3.7582972179396155e-17, "beta": 0.9814664875651061, "mx": 8.881784197001253e-18, "my": -2.886579864025407e-17, "sx": 1.0, "sy": 0.9999999999999998}