{"w": 0.7030106377069978, "b": -0.038266614723575065}