{"w": 0.7134644865852037, "b": 0.007403541223780504}