{"w": 0.2513080890936956, "b": 0.11677875416961536}