{"w": 1.0000000000000004, "b": -1.6237011735142944e-17}