{"w": -0.5516736232754642, "b": -0.03923268793751071}