{"w1": -0.6687316397680351, "w2": -1.7485098936963426, "b": -0.08017318786982426}