{"w": -0.0649222921670086, "b": 2.0648637967635164e-05}