{"w": -0.5978458963837613, "b": -0.02184031832531847}