{"cc": -0.4328111606165334, "alpha": -4.8051691583121226e-18, "beta": -0.43281116061653346, "mx": -1.1102230246251566e-17, "my": 0.0, "sx": 0.9999999999999999, "sy": 1.0}