{"w": -0.3934646914695759, "b": -4.368335598465566e-18}