{"w": 0.9999999999999997, "b": -4.6629367034256536e-17}