{"w": 0.22855078712809032, "b": 0.04895295150044328}