{"w": 0.7881780706207006, "b": 4.8778705727794356e-17}