{"w": -0.9999999999999996, "b": 5.886784115727295e-17}