{"w": -0.14425458418037965, "b": 0.010602757102350799}