{"w": -0.393705435786936, "b": 0.0019469029963530495}