{"w1": 0.40872032958635995, "w2": 0.5285042021351057, "b": -5.198905860931491e-17}