{"w": -0.023264921865864083, "b": 0.059085730287033324}