{"w": -0.4830262052767645, "b": -0.06606506907950599}