{"w": -0.4782668717749087, "b": -0.06506086199745786}