{"w": 0.18328499108746754, "b": -0.03978399935023846}