{"w1": -1.4073992729321598, "w2": 0.04081016078388228, "b": -0.038728064892024176}