{"w": -0.6238813835966369, "b": -0.02390140968656293}