{"cc": -0.04818924439468162, "alpha": 8.921991048301123e-18, "beta": -0.04818924439468161, "mx": -2.2204460492503132e-17, "my": 9.992007221626408e-18, "sx": 1.0, "sy": 0.9999999999999999}