{"cc": -0.7093214556799498, "alpha": 3.1853782522473305e-16, "beta": -0.7093214556799496, "mx": 3.7081449022480227e-16, "my": 5.551115123125783e-17, "sx": 1.0, "sy": 0.9999999999999998}