{"w": -0.6525261134786959, "b": -0.41825289735653226}