{"w1": 0.6361109924854282, "w2": 0.13158922704685316, "b": -4.236708300141269e-18}