{"w1": 2.439049321365258, "w2": 0.3472117122851902, "b": 0.19881165425900824}