{"w": 0.3060208418125404, "b": 0.06242705911675022}