{"w": 0.45189742431958446, "b": -0.056016052429795696}