{"w": 0.9999999999999993, "b": -1.6764367671839852e-16}