{"w": 0.45609524220848485, "b": -0.17913552441200375}