{"w": -0.5945276686633615, "b": -0.14179711869800626}