{"w": -0.13815664090114946, "b": 1.5193193778016168e-18}