{"w": -0.19140601042254343, "b": -0.024946547143781937}