{"w1": 0.5018848607087186, "w2": -0.784217163311974, "b": 0.0033281220615469682}