{"w": 0.7817993684264063, "b": 0.010007126568048225}