{"w": 0.7590688861551383, "b": 0.0697530575488262}