{"w": -0.30180944403716936, "b": 0.17766933345146707}