{"w": -0.4482370870496384, "b": 1.2042645692643268e-16}