{"w": -0.0021789098479430137, "b": 0.015890725404997686}