{"w": 0.030407957853155646, "b": 4.113144256829554e-17}