{"w": -0.4252141640239627, "b": 0.0006051438306440093}