{"w": -0.25811600235861304, "b": 0.05404287130999585}