{"w1": 0.2934511785637123, "w2": -1.012829596171214, "b": 0.026548717286049073}