{"w": 0.2657345533571532, "b": -0.05041588156536134}