{"w": 0.2834959709391507, "b": -0.031209004944524707}