{"w": 0.242140445961037, "b": -0.16952021763877967}