{"w": -0.5348742412405989, "b": -1.6067842282645068e-16}