{"w": 0.03477761986916622, "b": 5.7611415886996996e-18}