{"w1": -1.3912921179223667, "w2": -1.9565176889777338, "b": 0.09425770309630083}