{"w": 0.3479263448348132, "b": -0.10100448649877665}