{"w": 0.9113459516281887, "b": -0.0025472381157344956}