{"w1": -0.5755784943526661, "w2": -3.5161275693904632, "b": 0.02254575718201779}