{"w1": -0.0713977641442934, "w2": -0.8375892036279889, "b": -8.487542739420683e-18}