{"w": 0.19647514963387525, "b": -0.05058531466834891}