{"w": 0.015326172895269496, "b": -0.21610212832065512}