{"w": 0.01258389230801726, "b": -0.21216210191973567}