{"w": 0.0004691337434785307, "b": 0.04965584324053088}