{"w": 0.03667136896119477, "b": 0.012438288076212417}