{"w": -0.42650260778918136, "b": 3.235966470829425e-17}