{"w": -0.4091814226476757, "b": -0.008929243903015829}