{"w": 0.28887345390260755, "b": -0.0326903062587776}