{"w": 0.2648636039180736, "b": 1.901176034886275e-17}