{"w1": -1.214689753898355, "w2": -2.364471290319529, "b": 0.1036731451418831}