{"w1": 0.4252546848947448, "w2": 0.38561151363000806, "b": -3.414720200267565e-17}