{"w1": 0.8238766266671703, "w2": 0.6139545760805578, "b": -0.002400172582480431}