{"w": -0.15442724020080312, "b": -3.8465756266415196e-17}