{"w1": -0.7428053202177044, "w2": 2.646103156486507, "b": 0.17648820848228094}