{"w1": -0.21408382859679886, "w2": 0.6829351580108125, "b": 0.028711903987947963}