{"w": 0.46337656732263205, "b": -1.2180342632991452e-16}