{"w": 0.5078506587588882, "b": -0.017530446832106545}