{"w": -0.1612459897599495, "b": -0.014053008278425842}