{"w": 0.9999999999999996, "b": 1.6542323066914822e-16}