{"w": 0.5012978924082067, "b": -0.0966421479532045}