{"w": -0.2377220003270442, "b": -2.600203677283511e-17}