{"w": -0.19485852082243754, "b": -0.028517056779974514}