{"w": -0.8543525204385917, "b": 2.107887010568032e-16}