{"w1": -0.9046942979649764, "w2": -0.6880512009568699, "b": 0.02014224418125133}