{"w1": -1.377060867705841, "w2": -1.2090070492636151, "b": -0.010122622617093261}