{"w1": 2.643626154239933, "w2": -4.2975471848788915, "b": -1.205984156897772}