{"w": 0.7364377975063084, "b": 9.338024728641992e-18}