{"w": -0.2826121283390434, "b": 0.010863029663312648}