{"w": -0.8147938889374994, "b": 5.692911438708035e-16}