{"w": 0.5416508014961844, "b": -0.16007024931574768}