{"w": 0.6276627979841735, "b": -1.5478235137010545e-16}