{"w": 0.036913110808891196, "b": -2.2213425258087944e-17}