{"w1": 0.6223746957239653, "w2": -0.5108375721248279, "b": -5.09562862062201e-17}