{"w1": 0.4863886133767693, "w2": 0.20592961381867575, "b": -1.1056878578314782e-17}