{"w1": 0.516944877313879, "w2": 0.19610025056670022, "b": 0.010351618636829946}