{"w": 0.6076010188022772, "b": 5.505360361338278e-18}