{"w": 0.44048676547939536, "b": -0.017649742658249354}