{"w": -0.9999999999999996, "b": 4.529709940470637e-16}