{"w": -0.31771284126978205, "b": -0.07854878569272616}