{"w1": 0.6077888918667552, "w2": 1.8667132903046209, "b": 0.04981458409498366}