{"w1": -0.10946204589211662, "w2": -0.6928419796107858, "b": -2.929071013308517e-17}