{"w": -0.9999999999999997, "b": 2.4980018054066017e-17}