{"w": -0.27445574608619033, "b": 2.3506263355118257e-17}