{"w": -0.1226412116226582, "b": 3.270680332561858e-16}