{"w": -0.08426689155162774, "b": -0.12222346097480849}