{"w": -0.3100579377787463, "b": 0.0031365357654194737}