{"w1": -0.564350337836119, "w2": -0.8995502633931396, "b": -0.15654595272278748}