{"w": 4.148422857039985e-06, "b": -0.14981175800222443}