{"w": -0.4801760832387425, "b": 0.012604886385929015}