{"w": 1.0000000000000002, "b": 1.6514567491299206e-17}