{"w": 0.046717789363865135, "b": -0.010002370393524142}