{"w": 0.00674663617339997, "b": -0.0022732372461024535}