{"w": 0.007186529308162455, "b": -0.00255706874524365}