{"w1": 3.212975715060993, "w2": -0.016721641719635714, "b": -0.008489431311963804}