{"w1": 0.6756346742443454, "w2": 0.08071509449798928, "b": 6.079173001888583e-17}