{"w1": 0.7632630340878573, "w2": 0.041820079258372715, "b": 6.911472301267242e-17}