{"w": 0.8594180488591783, "b": -0.022480098757928887}