{"w": 0.46835760608837856, "b": -3.3236987577889927e-18}