{"w": 0.02987380060956127, "b": 0.018897798961139793}