{"w": 0.06334266973150063, "b": -0.024753320978344026}