{"w1": 1.3562075319124725, "w2": 0.8398242315220531, "b": 0.30929406311070085}