{"w": 0.5224694528851561, "b": 0.0036714710454548004}