{"w": 0.5689395064203394, "b": -1.1637160381030818e-17}