{"w": -0.25055114871302525, "b": -0.041041762831043334}