{"w": -0.23969519407992113, "b": 3.30092342860388e-17}