{"w1": -1.0123317565898613, "w2": -1.323799220875436, "b": -0.057258364974746664}