{"w": 0.4332866051342012, "b": -0.06803588833742047}