{"w": -0.5109638118133616, "b": -0.028507985434732968}