{"w": -0.011161223784984964, "b": 0.08034175438890678}