{"w": -0.5150936874054615, "b": -0.07158969957757921}