{"w1": -3.393256928610048, "w2": -0.23111328851575502, "b": -0.22666034935399607}