{"w": 0.4933078432690573, "b": 0.08019923894518743}