{"w": 0.3245432164622221, "b": 0.0009188477475845442}