{"w": -0.36616493190944055, "b": -0.009448234099780878}