{"w": -0.3068478918022766, "b": -6.509284404770351e-18}