{"w": 0.14832462889676643, "b": -5.96011969780142e-17}