{"w": 0.12878214036271687, "b": 0.017867916751807558}