{"w": 0.6908504461203214, "b": 0.209066461413295}