{"w": -0.28638404287724467, "b": -0.08685387145737075}