{"w": -0.26745364884134004, "b": -0.14799134512321466}