{"w": -0.24668867340910008, "b": -0.11632732082490013}