{"w": -0.2620766807727129, "b": -0.1373173237347262}