{"w": -0.43023791038296033, "b": 0.009363273803248875}