{"w": -0.03794254316159877, "b": -0.2366254744442147}