{"w": 0.09289865902227198, "b": -2.0679900087137404e-16}