{"w": 0.9999999999999997, "b": -2.964295475749168e-16}