{"w1": 1.7229443187466769, "w2": -0.6125871269699024, "b": -0.12520255576126818}