{"w1": 0.861468012627954, "w2": -0.33850991779857736, "b": 0.0017937339094065974}