{"w": -0.3695080253645494, "b": -1.1384641974157441e-16}