{"w": -0.4086275791722752, "b": 0.010993416182151524}