{"w": -0.4066728943847083, "b": 0.011005624095476806}