{"w": 0.302197200609464, "b": -0.06421119483589163}