{"w1": 2.413967000388464, "w2": 0.004555219570439208, "b": -0.03759937042808654}