{"w1": 0.8076232176532855, "w2": 0.007085304756815841, "b": -0.004873443019339622}