{"w": 0.11355853465651228, "b": 0.03587893625538714}