{"w1": -2.876724614749093, "w2": -0.3539703441660087, "b": -0.05262513911150909}