{"w1": -0.5614541779843207, "w2": 0.9179229980918235, "b": -0.012612331786524452}