{"w1": -0.4197501554910987, "w2": 0.5624480025967552, "b": -0.013174152155734305}