{"w1": -0.11786556488797637, "w2": 0.7382355669724437, "b": -0.020136278246114393}