{"w1": 0.733038896709179, "w2": -0.03316025250531321, "b": 7.832142625865867e-18}