{"w1": -0.15450975709008002, "w2": 0.6060485030483855, "b": 0.004394199620067707}