{"w": -0.2494798886586646, "b": 0.06419466659155937}