{"w": -0.11174437989859784, "b": 0.13848460394745032}