{"w": 0.0493498452088612, "b": -0.008854812730437023}