{"w": 0.07236939962642708, "b": -0.016853895544369432}