{"w1": -0.563587357137034, "w2": -0.4031683012179161, "b": -8.1060166305616e-17}