{"w1": 1.4108409684037546, "w2": 1.7966937739031252, "b": -0.03712606742648707}