{"w": -0.3906748125684701, "b": 0.14318124494260973}