{"w": -0.4507028264560574, "b": -0.0024298912358000965}