{"w": -0.05659810995516502, "b": -0.059768364853782285}