{"w": -0.7059903920743511, "b": 0.05530086167157104}