{"w": -0.7647222689722168, "b": 0.033101761743023136}