{"w": -0.7990909648926071, "b": -0.001985617744920211}