{"w": -0.7951242577818378, "b": -0.0019697143644570848}