{"w": -0.5534800911589228, "b": 6.601253484898636e-18}