{"w": 0.34671616407031186, "b": 0.0036667524171196814}