{"w": -0.10130497945795448, "b": 0.04792375492953093}