{"w1": -0.622825530317028, "w2": -0.16689478773403915, "b": 4.841375003016685e-18}