{"w1": -1.8842177537558593, "w2": -0.34953625631968177, "b": -0.127391301459107}