{"w": -0.341993356605278, "b": 0.002547415462012788}