{"w": -0.3369111477651924, "b": -5.864652152983536e-17}