{"w": -0.3674527975080053, "b": -0.0017841350806622087}