{"w": 0.4747160450965933, "b": -0.008631109453743464}