{"w1": -0.3173038084120129, "w2": -0.6737015592219591, "b": 0.015328313761730026}