{"w": 0.3887999157390998, "b": -0.003854783742278816}