{"w1": -0.13513663164258996, "w2": 1.2460115500076796, "b": 0.02893180484293377}