{"w1": -0.7613376580357202, "w2": -0.2623712683406429, "b": -1.7681362319303816e-17}