{"w1": -1.4036663413412924, "w2": -0.5015082633917132, "b": -0.14031186422101985}