{"w": -0.09235589374393392, "b": 3.995585437316932e-17}