{"w1": 2.739332259306022, "w2": 1.2697280757033698, "b": 0.059280125146598056}