{"w1": 0.41541777282240405, "w2": 0.3725557642369484, "b": -5.096074426163933e-17}