{"w1": -0.2275935492737341, "w2": -1.873130185594239, "b": 0.3322684734869682}