{"w1": 0.6803793099190578, "w2": -0.1247681738314088, "b": 1.8433544564007293e-17}