{"w1": 0.31185460328043063, "w2": 0.8049511700522967, "b": -5.670278575744948e-17}