{"w": 0.35098483849476625, "b": -1.4808625723903704e-16}