{"w1": 0.5910145542732105, "w2": -0.011802767678656118, "b": -0.009410775772845189}