{"w": -0.9602370423309178, "b": -0.016798930670457395}