{"w": -0.9566509915273467, "b": 1.8223505180519265e-16}