{"w": -0.7178246010577327, "b": 8.568506572112759e-18}