{"w": -0.7322449744319558, "b": 0.06828996821489451}