{"w": -0.6739316439547689, "b": -0.008361368092792944}