{"w1": -27.130776800138822, "w2": -23.165678344077776, "b": -8.322637669093771}