{"w1": -0.7590672913553685, "w2": -0.8232636767732492, "b": 0.04654884449904851}