{"w1": -1.5858529227188507, "w2": -1.3783088046597516, "b": -0.14451315108735888}