{"w": -0.021655920087330964, "b": -1.2644521030176586e-16}