{"w": -0.9999999999999986, "b": -1.2101430968414205e-16}