{"w1": -1.1890570002653236, "w2": 0.5918735809374576, "b": -0.02468791559904744}