{"w": 0.4143769254459659, "b": -0.19348671811001808}