{"w": 0.41723062462061855, "b": -0.18500084494344257}