{"cc": 0.5697618661285156, "alpha": -8.447032604611568e-17, "beta": 0.5697618661285155, "mx": 3.9135361618036766e-17, "my": -6.217248937900877e-17, "sx": 1.0000000000000002, "sy": 1.0}