{"w": 0.5932581778650902, "b": 3.4304639870948285e-17}