{"w": 0.5331582090207981, "b": -0.026157496112057643}