{"w": 0.6708805281931556, "b": 0.010829570671663912}