{"w": 0.5103857579627513, "b": 0.03510574958931287}