{"w": 0.6643514061623589, "b": -0.021218705510567808}