{"w": 0.6318909808731447, "b": -0.12256181496815727}