{"w1": 1.8570590462362044, "w2": 1.4716782056703344, "b": -0.3473497800973031}