{"w1": 0.4719308791204614, "w2": 0.31179380210170243, "b": -1.7902594544288108e-17}