{"w1": 1.2260644382756658, "w2": 0.7203125548828065, "b": 0.035773690587944225}