{"w1": 0.6582657638711092, "w2": 0.3772463997217415, "b": 0.047107082291855354}