{"w": 0.278419087534705, "b": -0.03500644336521641}