{"w1": 0.20101650100764681, "w2": 0.7495778726009111, "b": -1.5053556077113792e-17}