{"w1": -0.7421075609278772, "w2": 0.16173842690465318, "b": -1.0237549170807914e-16}