{"w1": -0.8170327301515262, "w2": 0.18310054025010886, "b": -1.1266689767485287e-16}