{"w": 0.5769273560644421, "b": -0.07970493453121039}