{"w": -0.0805235923551732, "b": -4.462966447187238e-18}