{"w": 0.10554710298188459, "b": -1.2191412948132582e-16}