{"w": 0.09604786371351495, "b": -1.211337051940654e-16}