{"w": 0.4256235963006305, "b": -0.12989150967599142}