{"w": 0.4348148641713549, "b": -0.12579194189531667}