{"w": -0.16274419587375205, "b": -0.003937752724260155}