{"w": 0.3644457577823482, "b": 0.03988109929873443}