{"w": 0.9833123471018829, "b": -3.719736419838758e-18}