{"cc": -0.5794195808077311, "alpha": -6.724436861992096e-17, "beta": -0.5794195808077311, "mx": -9.880984919163893e-17, "my": -9.992007221626408e-18, "sx": 1.0000000000000002, "sy": 1.0000000000000002}