{"w1": -0.0982880692375892, "w2": -0.47028529952202186, "b": -5.595075962004868e-17}