{"w": -0.0313005108143074, "b": -0.05296112638043993}