{"w": 0.5993157583317225, "b": -0.10517472176997353}