{"w": 0.9385443744819457, "b": 4.4693794426203975e-17}