{"w": 0.8976542963534444, "b": -0.00020619407919913923}