{"cc": -0.49327644378004887, "alpha": -4.0237151675463726e-18, "beta": -0.49327644378004887, "mx": -3.1086244689504386e-17, "my": 1.1310397063368782e-17, "sx": 1.0, "sy": 1.0}