{"w": -0.9999999999999997, "b": -1.9775847626135592e-17}