{"cc": -0.7911650069100198, "alpha": -3.8970164854452653e-16, "beta": -0.7911650069100199, "mx": 2.6645352591003756e-17, "my": -4.1078251911130794e-16, "sx": 0.9999999999999999, "sy": 1.0}