{"w": -0.9562095174398285, "b": -0.01541253949411181}