{"w": 0.1894999922324337, "b": 0.06120872291093956}