{"w1": -0.015349958729475841, "w2": 1.35093816143854, "b": -0.03881827696027574}