{"w1": 0.18372926337762957, "w2": 4.3310481076189555, "b": 0.12133810329803735}