{"w": 1.000000000000003, "b": -4.707345624410665e-16}