{"w": 0.7802871327175049, "b": 0.017336119232484792}