{"w": -0.9502108781048924, "b": -0.01705397517546868}