{"w": -0.9843744599801271, "b": -0.027490826572193428}