{"w1": -0.5999448038319287, "w2": 0.8476535927774019, "b": -0.004097689348035016}