{"w": -0.17410508132393196, "b": 2.2957815763902326e-17}