{"w": 0.323681669042473, "b": 0.013659638882340725}