{"w": 0.3252651090726581, "b": 0.025344619507195087}