{"cc": -0.7804150351195664, "alpha": 1.1898826134707055e-16, "beta": -0.7804150351195663, "mx": -6.661338147750939e-17, "my": 1.709743457922741e-16, "sx": 1.0, "sy": 0.9999999999999999}