{"w1": 0.3508309860847402, "w2": 1.7092381270089674, "b": 0.11526878312864475}