{"w1": -1.513632471970503, "w2": -1.2565500698645768, "b": -0.1441561751533612}