{"w": 0.7805723466135683, "b": -6.694076516650414e-17}