{"w": 0.6578307746849236, "b": -0.04000126369050724}