{"w": 0.7624426217133982, "b": 0.010216162015025307}