{"w": -0.2924505493892234, "b": -0.2115141939183166}