{"w": -0.4208869971959289, "b": 0.03759705429637804}