{"w": -0.38761170750203094, "b": 0.03435307142942905}