{"w1": 0.3396889532465576, "w2": -0.6095947610947817, "b": 7.18596699830744e-18}