{"w": 0.7347609038200552, "b": -0.04739523478903365}