{"w": 0.743008098726212, "b": -2.905796612882964e-17}