{"w": 0.8689670454952655, "b": 0.050552493809225996}