{"w": 0.8146478909937105, "b": -0.007119416065332201}