{"w": 0.3906502951060968, "b": 0.05301745913554283}