{"w": 0.00874157475427765, "b": -0.21374402201726597}