{"w": -0.014415936108644029, "b": -9.241553428079242e-17}