{"w": -0.015577428324095786, "b": 0.039247945723742336}