{"w1": -0.6759752509784649, "w2": 0.8632638981539452, "b": 0.09078881609839616}