{"w1": -0.7176958630057066, "w2": -1.0459269182624193, "b": -0.033491477196397945}