{"w": -0.923946045580045, "b": 8.993976623927707e-17}