{"w": -0.07835736332198195, "b": -3.258961803405762e-17}