{"w": -0.09836795547246793, "b": -0.011648937860416896}