{"w1": -1.087580651625146, "w2": 0.866991656889603, "b": -0.03069347870061992}