{"w1": -1.0879060267478415, "w2": 0.8678100362679307, "b": -0.030593947164921684}