{"w": 0.22844113132814867, "b": 0.22174266307113266}