{"w": 0.568530606943273, "b": -0.004539113484848876}