{"w": 0.45499345760980703, "b": -0.046066445066886307}