{"w1": 17.99235583845085, "w2": -3.1020783339399367, "b": 4.871878897887286}