{"w": 0.8115836152634572, "b": -7.461773318294909e-17}