{"w": 0.19724300031342035, "b": 0.05975935731237181}