{"w": 0.14368234443957778, "b": 0.031084977690407155}