{"w1": -0.014701903801961092, "w2": -0.846015934572792, "b": 0.04591224919063376}