{"w": 0.9999999999999992, "b": 1.4460654895742654e-16}