{"w": 0.19489581575042325, "b": -0.005167001183375389}