{"w": 0.4619859669511681, "b": -0.004701525282963314}