{"w": 0.6645164160767347, "b": -0.046162877761447035}