{"cc": 0.28547507054459, "alpha": -3.235214959928011e-17, "beta": 0.2854750705445899, "mx": 1.2212453270876722e-17, "my": -2.886579864025407e-17, "sx": 1.0, "sy": 0.9999999999999999}