{"w": 0.2652034043194305, "b": 0.007117386192222768}