{"w1": 0.588755318043984, "w2": -2.8290625768854807, "b": -0.00522581322802182}