{"w1": 0.21754348034653379, "w2": -0.5877097182382856, "b": -9.504072098528912e-18}