{"w1": 0.4110419173967559, "w2": -1.6298886898679434, "b": 0.05167244888138712}