{"w": 0.20923206416117365, "b": 1.8812480413449887e-17}