{"w": 0.12098202134195853, "b": 0.11473827620237807}