{"w": -0.28495011507987045, "b": -0.06918712551603758}