{"w": 0.659529127711471, "b": -2.627270571380086e-17}