{"w": -0.22765327441411928, "b": -0.2499189294097211}