{"w": -0.36895781502490244, "b": 2.3687580711312583e-16}