{"w": -0.3680093103335369, "b": 0.04680866691944885}