{"w": 0.8067762185104548, "b": 6.357338745734769e-18}