{"w": 0.7819516829079193, "b": 0.04931790388980248}