{"cc": 0.1942120332128638, "alpha": 1.9380708425993908e-17, "beta": 0.1942120332128638, "mx": -8.326672684688674e-18, "my": 1.7763568394002505e-17, "sx": 1.0, "sy": 1.0}