{"w": 0.16227161011291796, "b": 0.08852632926293676}