{"w": 0.16250427856309815, "b": 0.0882184178522521}