{"cc": 0.5989748174759533, "alpha": 7.410257443910052e-17, "beta": 0.598974817475953, "mx": -5.88418203051333e-17, "my": 3.8857805861880476e-17, "sx": 1.0000000000000002, "sy": 0.9999999999999999}