{"w": 0.5883419692555231, "b": -0.03218216886459958}