{"w": 0.5465007038187547, "b": -0.03496021275612424}