{"w": -0.7338589732168396, "b": 0.0028867187852268626}