{"w": -0.11832992641330849, "b": 0.18038406290123646}