{"w": -0.4755092093805085, "b": 0.008280603749650988}