{"w1": 0.3352953462956243, "w2": -2.678889221299824, "b": 0.07436904398221324}