{"w": -0.6376101541677022, "b": -0.003914107491411611}