{"w": 0.2556909126257227, "b": 1.3751868425135143e-17}