{"w": 0.2531593194314087, "b": 1.3684413231855661e-17}