{"w": 0.2776813536673857, "b": -0.22875775908129461}