{"w": 0.3968594500331218, "b": 0.09815831093500367}