{"w1": 0.47746981672011085, "w2": -0.42969499462145466, "b": 0.005911080546916858}