{"w": -0.14974472102547398, "b": -0.08918911914457861}