{"w": -0.2054208665245243, "b": 8.098134895001e-17}