{"w": -0.22573721596101567, "b": 8.240235672201555e-17}