{"w": 0.39663155759294466, "b": -0.010264039757103816}