{"w": -0.7790367006426917, "b": 0.011136167516678055}