{"w": 0.3133561671239859, "b": 0.06656613465020834}