{"w": 0.10485172349719785, "b": -2.0780005669996713e-18}