{"w": 0.1710168061260136, "b": 0.044758292629256353}