{"w": -0.1242234123195978, "b": 0.026481573775576722}