{"w": -0.08962845843900996, "b": -2.1224525870936406e-16}