{"w1": -0.4395420120935293, "w2": -0.48936070126463715, "b": 1.536928733481335e-16}