{"w": 0.9987813463819526, "b": -3.1634591315287966e-17}