{"w": 0.9088910252075769, "b": -3.113559979399425e-17}