{"w1": -1.5090316889104873, "w2": -1.1453324803322318, "b": 0.1757454377561327}