{"w": 0.5340169884853803, "b": 0.17383962533099917}