{"w": -0.8827925727987171, "b": -3.72807873567538e-16}