{"w": -0.8819106621365806, "b": -3.7273933534094434e-16}