{"w": -0.2143493012470195, "b": 7.895490636749962e-18}