{"w": -0.19841615389557338, "b": -0.0010065941956424324}