{"w1": -0.8570361988612438, "w2": -2.1960888757237793, "b": -0.06979317655505506}