{"w": 0.4006619931836176, "b": -0.06819576517120704}