{"w1": 0.7849975454649757, "w2": -0.09356525122964425, "b": 5.982868390454429e-17}