{"w1": 0.7582125692217089, "w2": -0.304522762072264, "b": 0.03591812984741915}