{"w": -0.01894676195953274, "b": 0.1966922361993328}