{"w": -0.5896922347667874, "b": -0.07224378838626062}