{"w": -0.7768121191980034, "b": -0.03443897230157367}