{"w": -1.000000000000001, "b": -6.65578703262782e-16}