{"w": -0.12388662983181666, "b": 0.001940871382972456}