{"w": -0.48980165713623025, "b": -0.00971756272624816}