{"cc": -0.4229609056889643, "alpha": -9.361428529821074e-18, "beta": -0.4229609056889643, "mx": -6.38378239159465e-18, "my": -6.661338147750939e-18, "sx": 1.0, "sy": 1.0}