{"w": 0.0015378725254094725, "b": -1.924354577506294e-17}