{"w": 0.290441565030084, "b": -0.03074485469622005}