{"w": 1.0000000000000002, "b": 9.141992718397773e-17}