{"w": -0.7982018904847096, "b": -0.0004205280204883689}