{"w": -0.9999999999999997, "b": 4.89192020225459e-18}