{"w": -0.6620687025904924, "b": 0.00010964747409202248}