{"w": -0.7187023889220023, "b": 8.451424769996948e-17}