{"w": -0.6716128133302905, "b": 0.048234429445396645}