{"w1": -0.5816782537912544, "w2": 0.11466588038370143, "b": 3.628944850465336e-18}