{"w1": 0.27100948451252116, "w2": 0.7602361292329604, "b": -8.073073619207684e-18}