{"w1": 0.42580102152344856, "w2": 1.2553171828569387, "b": -0.046391582406907536}