{"w": 0.3882953703605687, "b": 0.10144281959680336}