{"w1": 0.5846364610379301, "w2": 0.014679978096564513, "b": 0.00821082681200337}