{"w": -0.47811640589291393, "b": 0.19879666747687563}