{"w": -0.47628039064417343, "b": 0.19891236888155667}