{"w": -0.45906195714737963, "b": 0.19983927257179807}