{"cc": 0.8101535196797549, "alpha": 1.895715514593536e-17, "beta": 0.8101535196797552, "mx": 3.552713678800501e-17, "my": 4.773959005888173e-17, "sx": 0.9999999999999999, "sy": 1.0000000000000002}