{"cc": 0.49046561908808556, "alpha": -4.9394339306605514e-17, "beta": 0.49046561908808556, "mx": 1.1102230246251566e-18, "my": -4.884981308350689e-17, "sx": 1.0, "sy": 1.0}