{"w": 0.9467243812526724, "b": -2.362980737298335e-17}