{"w1": -1.3840435045235149, "w2": 2.551391749056767, "b": -0.1500844399423256}