{"w": -0.4569850727285532, "b": -0.029595801402036007}