{"w": -0.7129655640235115, "b": -1.0864765010768436e-16}