{"w": -0.4136455222875663, "b": 0.12537996920757175}