{"w": 0.27726507281184753, "b": -1.4982792752197938e-16}