{"w1": 2.8762809827974776, "w2": 0.05477597076519966, "b": -0.2368426261098713}