{"w": -0.05286045315697362, "b": 0.01558313512580899}