{"w": 0.3751282880604406, "b": -0.17278012857676786}