{"w": 0.001329848765495871, "b": -8.608911247508342e-19}