{"w": -0.5917267553761079, "b": 0.03823790426284713}