{"cc": 0.4698270348803023, "alpha": 1.9627974955939387e-16, "beta": 0.4698270348803024, "mx": -4.4408920985006264e-17, "my": 1.7541523789077474e-16, "sx": 0.9999999999999998, "sy": 1.0}