{"w": 0.4814376678804574, "b": 0.14854354931351202}