{"w1": -0.3266222737672298, "w2": -1.8148110895743026, "b": 0.09501214147944753}