{"w": 0.6235422435070552, "b": 0.02732318165121056}