{"w": 0.49099192534249775, "b": -2.4304894879045826e-17}