{"w1": -0.9127540140322186, "w2": 0.17236313315369117, "b": 3.749433932131128e-17}