{"cc": -0.05671055810931399, "alpha": 1.9560083063706393e-17, "beta": -0.05671055810931399, "mx": -4.662936703425657e-17, "my": 2.2204460492503132e-17, "sx": 1.0, "sy": 1.0}