{"w": 0.3555469028316672, "b": -0.1571756638629751}