{"w1": 0.18912373937717494, "w2": 0.7536384914274982, "b": 1.5019495410317048e-17}