{"w": 0.11352014097883051, "b": -3.844677177062996e-18}