{"w": 0.28990386153372116, "b": 0.0030251148869265155}