{"w": -0.4572468092878443, "b": -3.8886756678171143e-17}