{"w": -0.39225102414316604, "b": -0.001936133806838736}