{"w1": -1.2949509345452117, "w2": 2.0493716893520375, "b": 0.10606243941300378}