{"w": 0.2592596997409882, "b": 0.1859152428888605}