{"w1": -0.6704177314063539, "w2": -13.210127317650736, "b": -3.2774764486866195}