{"w": -0.03642664882010976, "b": -0.008086182638018814}