{"w1": -0.5458898599333398, "w2": -0.09843900243440719, "b": -1.6939833288690658e-18}