{"w1": 0.6254900492683197, "w2": 2.966777630443219, "b": -0.05489360476558752}