{"w1": 0.5810060683824682, "w2": 2.232867857354347, "b": 0.07674528484871491}