{"w": -0.4697681913088081, "b": 0.004300372708207951}