{"w": -0.9755169794834324, "b": -3.633878437984759e-16}