{"w": 0.8386848118937854, "b": -0.020962254012345683}