{"w": 0.24292281751695172, "b": -0.1777580980157907}