{"w": -0.15540358923271913, "b": 3.548509770061307e-16}