{"w": -0.15256993924064333, "b": 0.005210748068130669}