{"w": -0.14078087732815778, "b": 0.16111335960006185}