{"w1": -0.24818241303343544, "w2": -0.7609029602793279, "b": -0.026753797290425537}