{"w1": 0.1922622700745356, "w2": -0.9714767510099084, "b": -0.05610946727378892}