{"w": 0.043299265815043474, "b": 2.5780059437573684e-17}