{"w1": 0.8532588270879136, "w2": -0.3436317480827964, "b": -6.225375825094607e-17}