{"w": -0.19014826696710158, "b": 4.085233190093889e-17}