{"w1": 0.39292235984084634, "w2": 0.5884865437611163, "b": 3.265760687215989e-17}