{"w": 0.3222268569807674, "b": 0.010259220020034803}