{"w1": -0.12584241366729293, "w2": 2.2141609907432365, "b": 0.02038912693432646}