{"w": 0.30914987555549583, "b": -2.0778966927342157e-17}