{"w": 0.3063950746842092, "b": -2.0890600109820096e-17}