{"cc": -0.2844731763257713, "alpha": 2.055240906968775e-19, "beta": -0.28447317632577124, "mx": 2.6090241078691177e-17, "my": -7.216449660063518e-18, "sx": 1.0000000000000002, "sy": 1.0}