{"w1": -0.0301862393750795, "w2": 0.7492031741560592, "b": 2.730266476148355e-17}