{"w": -0.3223556168027411, "b": -0.003526176354027584}