{"w": -0.26764351213889565, "b": 0.012981218614497685}