{"w": -0.26771575916100226, "b": 0.03000141665173167}