{"w": 0.1386299951377626, "b": 0.04782212825952978}