{"w": 0.2592657687436772, "b": -0.02356330673620846}