{"w": -0.6030346137368466, "b": 0.16865450061004805}