{"w1": -0.9041535198010289, "w2": -0.5817605151451527, "b": -0.00245538350288888}