{"w1": 0.5956757667193411, "w2": 0.2653466149918237, "b": 5.1850012623152606e-17}