{"cc": -0.2678471272233394, "alpha": -1.2093878869919261e-17, "beta": -0.2678471272233394, "mx": 3.7747582837255325e-17, "my": -2.2204460492503132e-17, "sx": 1.0, "sy": 1.0}