{"w": -0.24349738838485405, "b": -1.3013022653790522e-17}