{"w": 0.8831682600829132, "b": -0.004016008872565128}