{"w": -0.9999999999999996, "b": 1.1546319456101628e-16}