{"w1": -1.1213267963092328, "w2": -0.8679672498728116, "b": 0.23977222874512133}