{"w": 0.8223257695781977, "b": 1.633845214403229e-18}