{"cc": 0.5406660733071843, "alpha": 6.623584636061452e-17, "beta": 0.5406660733071844, "mx": -9.992007221626409e-17, "my": 1.2212453270876722e-17, "sx": 0.9999999999999997, "sy": 0.9999999999999999}