{"w1": 0.2722725884742886, "w2": 0.5425482691133005, "b": -3.1019894880987375e-17}