{"w1": 0.643695194782906, "w2": 1.0322865064829527, "b": -0.09813087698438024}