{"w1": -0.4419465462352435, "w2": -0.5138198681553728, "b": 8.420281428633538e-17}