{"w": 1.0000000000000004, "b": -2.3314683517128308e-17}