{"w": -0.1464449601887999, "b": 9.70808315283737e-19}