{"w": 0.40049724436083406, "b": -0.02500950671690574}