{"w": -0.5525676709672043, "b": 5.66106504757773e-16}