{"w1": -0.6636833278794232, "w2": -0.10013852645267332, "b": 8.994610410145756e-18}