{"w1": -1.0770329155311609, "w2": -0.280106916534822, "b": -0.02114209547497248}