{"w1": -1.7160742448720083, "w2": -0.20671099413291727, "b": 0.04215920208012246}