{"w": 0.4671285813508504, "b": -0.007756374799518118}