{"w": 0.7565650132441514, "b": -0.02021111572031842}