{"w": 0.7559513513000995, "b": -0.00034463039548017667}