{"w1": 0.7340769641521286, "w2": 2.625342222893176, "b": 0.045418214608728524}