{"w": 0.3648193965378423, "b": -0.09329002463841965}