{"w": 0.544696715241919, "b": 0.017830474237915006}