{"w": 0.8826460705672469, "b": -0.01672254871310514}