{"w": 0.885042540864546, "b": -0.04546356161111154}