{"w": 0.34558343775878814, "b": 2.541272643449378e-17}