{"w": -0.021138531571119477, "b": 0.011380350280965458}