{"w": 0.049141797995163876, "b": -0.00635324564921384}