{"w1": 2.7025150488138876, "w2": 0.11636720883892897, "b": -0.36382922800291834}