{"w": 0.17185246751223132, "b": -1.492519054922095e-16}