{"w1": -0.5359078242380607, "w2": 0.19927333323482507, "b": -0.01756104127166842}