{"w": 0.9472370108735478, "b": 0.013712993502611938}