{"w1": -1.4597052524038456, "w2": -1.2862699025393232, "b": -0.16180131693416056}