{"w": 0.2700445186861223, "b": 1.0360464417929248e-16}