{"w": 0.03831913508435098, "b": 0.00697714920194235}