{"w": 0.5981935902718253, "b": 0.022820987989030206}