{"w": 0.8883203500325545, "b": -5.93199012844792e-17}