{"w": 0.9109901962049852, "b": -0.0010697589937031533}