{"w1": 2.043652242351598, "w2": 1.0734067244603531, "b": -0.18563605720672532}