{"w1": 1.0889263334664248, "w2": 0.9051961166119019, "b": -0.08344880414697663}