{"w1": 0.3764087432017305, "w2": -0.546638633884438, "b": -0.008529043673201925}