{"w": 0.002183954727484681, "b": 0.04337234602418654}