{"w": -0.09510518255576136, "b": 3.7110956239523786e-17}