{"w": 0.4156804262726473, "b": 0.006717449934010301}