{"w": 0.7815577984150016, "b": 0.04045029204524281}