{"w": -1.0000000000000013, "b": 1.7483237080284675e-15}