{"w": 0.4041367090392334, "b": 0.08079338193316374}