{"w": 0.539435625809938, "b": -0.017222183746640838}