{"w": -0.686776529402262, "b": -1.2065643255646096e-17}