{"w": 0.41600315196363824, "b": -7.238636623643001e-17}