{"w": -0.48621906849737845, "b": -0.005931889401241484}