{"w1": 36.177333868512335, "w2": -5.2257550223787135, "b": -5.319852955644876}