{"cc": -0.29176166457058483, "alpha": -1.2131907640623537e-16, "beta": -0.2917616645705848, "mx": -2.864375403532904e-16, "my": -3.7747582837255325e-17, "sx": 1.0, "sy": 0.9999999999999999}