{"w": 0.9492026745182053, "b": -0.0021500809806576414}