{"w": 0.8822388642559181, "b": 0.00392540253478981}