{"w1": 2.3691816281703426, "w2": 0.9643707922522662, "b": -1.0852421025961974}