{"w": 0.5347029006067053, "b": 2.538557930464124e-16}