{"w": 0.542269732678867, "b": 0.04023400557066792}