{"w": -0.3319651223234568, "b": 0.10082274520936996}