{"w1": -0.7658573598489982, "w2": -1.8878541098489177, "b": -0.006294649041843401}