{"w": 0.6938541857971743, "b": 0.009439215176048912}