{"w1": 5.812558484922416, "w2": -1.7466704496551948, "b": -0.10188251329928566}