{"w1": 3.8775019360253515, "w2": -1.0779058032346205, "b": -0.015360514732737862}