{"w": -0.05836998778145228, "b": -0.09718433601171449}