{"w": -0.05873347031479205, "b": -0.09725552981094877}