{"w": 0.520727707144179, "b": 0.005783301929158666}