{"w": 0.05172384891080604, "b": 0.2150691919011882}