{"w1": -0.5023266294305769, "w2": -0.22063629287671324, "b": -0.008442044960068895}