{"w": -0.8490930943530866, "b": -0.0030075508763953893}