{"w": -0.23104677015539082, "b": -3.432473311868622e-17}