{"w": -0.43031880915104836, "b": 0.012175757901902253}