{"w": 0.8662650351652059, "b": -0.007051950370971934}