{"w": 0.8731968549610789, "b": 1.5261562802318005e-17}