{"w1": 0.5905715799249214, "w2": -0.9714833045723041, "b": 0.2227198631256759}