{"w1": -1.1978685330047543, "w2": -7.071653566202342, "b": -1.3288694259747627}