{"w1": -0.212054919129933, "w2": -0.9068912877169919, "b": 2.69486189715082e-18}