{"w1": -0.515872221416039, "w2": -3.1678687993938026, "b": -0.5604646272251088}