{"w1": -0.42997849850128445, "w2": -2.8615040163206977, "b": -0.5229698366356398}