{"w1": 0.5439103457004383, "w2": -0.09584329004129963, "b": -0.0064538272135656605}