{"w": -0.028923063688954254, "b": -0.04437473959171734}