{"w": -0.04777894434229814, "b": -0.07858150857204553}