{"w": -0.21942857602613372, "b": 3.2591706967975144e-17}