{"w": 0.4626482869702796, "b": 0.054976830897877804}