{"w": 0.3684312688416273, "b": 0.03562855875422745}