{"w": 0.6588633376796242, "b": -0.006007095951896392}