{"w": -0.74323150226692, "b": -0.09448544766184115}