{"cc": 0.13086181465037525, "alpha": 1.6747904050154195e-16, "beta": 0.13086181465037525, "mx": -6.661338147750939e-17, "my": 1.5876189252139738e-16, "sx": 0.9999999999999999, "sy": 0.9999999999999999}