{"w": -0.23208953379288433, "b": -0.06159267694733914}