{"w": -0.048697462564682686, "b": 2.779467048932164e-16}