{"w": -0.33140851160640145, "b": -5.0180521751706064e-17}