{"w": -0.32812723921425885, "b": -4.992551566051841e-17}