{"w": 0.7112762987392751, "b": 2.1110057786317945e-17}