{"w": -0.2282738490263314, "b": 0.000811913005586605}