{"w": 0.7428854061773276, "b": 1.4163791475147907e-17}