{"w1": 1.2744660749230727, "w2": -0.7835907085831351, "b": -0.009135358636833409}