{"w": -0.6569293941108932, "b": 1.737438880321757e-17}