{"w": -0.475007176414207, "b": -0.03783165964927604}