{"w": -0.1012386571858777, "b": 0.09671065320762266}