{"w1": -0.6023987348760933, "w2": -0.33894633859283263, "b": -1.346130558474087e-16}