{"cc": -0.2016974133648054, "alpha": 1.2625253453736317e-17, "beta": -0.2016974133648054, "mx": -2.0816681711721684e-18, "my": 1.3045120539345589e-17, "sx": 0.9999999999999998, "sy": 0.9999999999999998}