{"w": -0.24583380210017422, "b": 0.07855403051145265}