{"w": -0.14707671394384575, "b": -6.497847597574022e-17}