{"w": -0.29087238396238235, "b": 0.03552026901659069}