{"w": 0.24514700589126107, "b": -0.24555801664571636}