{"w": -0.6960335774850687, "b": 0.07870765359054233}