{"w": -0.6826116692163052, "b": -0.00921565309517542}