{"w": -0.14007571054887455, "b": 0.13110720623737368}