{"w": -0.16726119222642008, "b": 2.688649451881376e-17}