{"w": -0.12270083397945851, "b": 0.09349734033044796}