{"w1": 0.04446371910529843, "w2": 0.48759552771750475, "b": 5.098801137808095e-17}