{"w": 0.29044139974432015, "b": 0.05619812688905879}