{"w": 0.4326375659539101, "b": 3.2590420765983096e-18}