{"cc": -0.36669936436823497, "alpha": 1.1457632300399697e-16, "beta": -0.36669936436823497, "mx": 3.9968028886505634e-17, "my": 9.992007221626409e-17, "sx": 1.0, "sy": 1.0}