{"w1": 0.04116609365976792, "w2": -0.6762456805303986, "b": -2.4624773196726417e-17}