{"cc": 0.06528416199799893, "alpha": -1.564800431309038e-16, "beta": 0.06528416199799894, "mx": 5.262457136723242e-16, "my": -1.2212453270876723e-16, "sx": 0.9999999999999997, "sy": 0.9999999999999998}