{"w": 0.15907791906632418, "b": -4.8999563044339564e-17}