{"w": 0.18992216294333247, "b": -4.915100825756498e-17}