{"w": 0.18955165315663006, "b": 0.0007899291545864343}