{"cc": 0.2213240773214564, "alpha": -2.044933220045951e-16, "beta": 0.2213240773214564, "mx": -3.0503377601576177e-16, "my": -2.7200464103316337e-16, "sx": 1.0, "sy": 1.0}