{"cc": -0.060531636166439376, "alpha": -9.791759730542395e-17, "beta": -0.06053163616643939, "mx": 2.1649348980190552e-16, "my": -1.1102230246251565e-16, "sx": 0.9999999999999998, "sy": 1.0}