{"w": -0.023287268625751242, "b": 5.348052610311212e-17}