{"w1": -0.1416471248682439, "w2": 0.25830961633525346, "b": 2.7095233473978248e-17}