{"w": -0.12683799154478573, "b": -0.1117895301559403}