{"w": 0.7367998643767211, "b": 0.07126680105799861}