{"w": 0.903520608778779, "b": 0.005203787852191515}