{"w": 0.9349745475712506, "b": -0.00872977380495199}