{"w1": 0.1052725299802502, "w2": -0.8014560080796274, "b": 0.011647018127329406}