{"w1": 0.11571586495506198, "w2": -0.7141983434917837, "b": 0.00729150203618687}