{"w1": -1.364354592275419, "w2": -2.6829694853165367, "b": 0.41824082445938343}