{"w": -0.7063077589180514, "b": -0.009731503228928259}