{"w": 0.28684127691759764, "b": 8.713919497827935e-17}