{"w": 0.34179431823275036, "b": 0.10394109852107992}