{"w1": -2.8004421665881782, "w2": -0.6400823462873132, "b": 0.5793598438340908}