{"w1": 0.8007882642092875, "w2": -0.1977338712560018, "b": 1.2925299929957389e-16}