{"w1": 5.115045995884944, "w2": -1.619314550087936, "b": -0.9566561515178075}