{"w1": -0.37394047808076936, "w2": -0.49259692642165887, "b": 2.626784889769466e-17}