{"w": 0.2874923304008977, "b": 1.337931142218085e-17}