{"w": 0.2872051252756221, "b": 1.3421401172239871e-17}