{"w": -0.3796933129585816, "b": 0.019353063345389256}