{"w": -0.6084471928664502, "b": -4.50780886271871e-17}