{"w1": 0.10882680792263627, "w2": -0.577620690907776, "b": -3.8093906271514695e-18}