{"w1": 0.2513716602917987, "w2": -0.9591904471872855, "b": 0.019468624035620243}