{"w1": 0.8944292374301658, "w2": -0.16400460840659073, "b": -1.2143469637954983e-18}