{"w": -0.2254397006757961, "b": -0.039136910516641366}