{"w": -0.6256099340424109, "b": -9.163402930061865e-18}