{"w": -0.49810863174707914, "b": -0.003875071016857906}