{"w1": 0.06312410829253735, "w2": -0.5653768751849076, "b": -4.206163894019645e-17}