{"w1": -0.050225569411750125, "w2": -1.3017469916664752, "b": 0.06622522513649998}