{"w1": 0.05848954749355347, "w2": -0.6330030580856918, "b": 0.004305336366359068}