{"w1": 2.9808089194311065, "w2": -1.99765910387103, "b": -0.0066641749478504615}