{"w": -0.08657070311755671, "b": -0.11075206966575897}