{"w": 0.062078729170792435, "b": 0.001911331508663309}