{"w1": 1.8642607302543268, "w2": 0.8407211494373539, "b": 0.002723071263056499}