{"w": -0.08945715729196002, "b": -0.13823850068384944}