{"w1": 0.010531055312967346, "w2": 0.7443886592794023, "b": -0.0034449257544476135}