{"w": 0.02572192958829827, "b": -0.0127337187498462}