{"w": 0.01209766599599539, "b": -0.0027390663237680593}