{"cc": 0.8470306445774757, "alpha": -1.0161305478417328e-16, "beta": 0.8470306445774757, "mx": 1.7763568394002506e-16, "my": 4.884981308350689e-17, "sx": 1.0, "sy": 1.0}