{"w": -0.15191003685569143, "b": -1.3195690114551816e-17}