{"w": -0.11034475902020507, "b": -0.10977161932272197}