{"w": 0.6020493863231192, "b": 2.2351887209082108e-17}