{"w": 0.43195936585084027, "b": -0.05670248038068291}