{"w": -0.20399224208103095, "b": -0.025686540963116483}