{"w": -0.5060165801182241, "b": -0.0700666068073525}