{"w": -0.4050177057441859, "b": 0.0037904553519445797}