{"w": -0.42947787503644586, "b": 0.005878119161045095}