{"w": -0.09906415861282003, "b": 2.50731996651889e-16}