{"w": 0.9348626794642029, "b": 0.021670936455068294}