{"w1": -0.3050720845499873, "w2": -0.4308339123673625, "b": -3.81162335158349e-18}