{"w1": -0.2851059387180457, "w2": -0.3964023539281591, "b": -3.2913458556884818e-18}