{"w": 0.9999999999999917, "b": 3.5360603334311064e-16}