{"w": 0.02497815368694034, "b": 0.008075400204662887}