{"w": 0.22873216727214696, "b": 0.011637355674528277}