{"w": -0.34441548329266236, "b": -0.16964419840043587}