{"w": -0.2028828032559575, "b": 6.876121187889993e-17}