{"w": -0.13837634685109618, "b": -0.15927751018190725}