{"w": -0.28919667981711916, "b": -1.0037461779633477e-16}