{"w": -0.3075079633618788, "b": -0.004037745000951913}