{"w": 0.0498012048701702, "b": 0.03926049958633638}