{"w": 0.05218890443512243, "b": -1.2570042291690125e-15}