{"w": 0.31359681920755034, "b": 0.22496615855370872}