{"w": 0.30264959461672564, "b": -0.0980789898674319}