{"w": 1.0000000000000009, "b": 3.2196467714129587e-17}