{"w": -0.572089747739614, "b": -2.919621817566781e-17}