{"w": 0.6311178345805084, "b": -9.526267073371001e-17}