{"w": 0.23688100454848487, "b": 0.1000000000000001}