{"w": 0.3135260132339773, "b": 0.13818292015343042}