{"w": 0.5837516365617444, "b": -9.812310764423307e-18}