{"w": 0.6670531134580493, "b": -0.11388092474678714}