{"w1": -0.8009834513095085, "w2": -0.8697363872217697, "b": 0.004397546545114022}