{"w": 0.14760429133605657, "b": 0.029089454315381413}