{"w": 0.48642592550916197, "b": -0.0021939682922267768}