{"w": 0.4599564001583569, "b": -0.0036598256636610777}