{"w": -0.27301083970901924, "b": -0.011563775770938542}