{"w": 0.44877029594747875, "b": -0.0896517726471356}