{"w": 0.2915850617307018, "b": -8.647829187486979e-07}