{"w1": 1.8317769600650395, "w2": -1.3351995271488026, "b": 0.18952423609312044}