{"w1": 1.1157734334297973, "w2": -0.6045021389483244, "b": 0.0233632111538026}