{"w1": 0.19567353476142424, "w2": -0.2832119689928643, "b": -3.0619590499921585e-17}