{"w": -0.9342732689760181, "b": 0.02412219198979762}