{"w1": -1.2648527106614165, "w2": -0.6653776849153359, "b": 0.19653826477080374}