{"w1": -0.5939095855064036, "w2": 0.002469963526535476, "b": -0.005375675151538695}