{"w": -0.07317729289711761, "b": -0.13241041087450767}