{"w1": 0.35307996422445503, "w2": 0.6920770386987711, "b": -0.06303734895214087}