{"w": -0.9999999999999996, "b": -1.578043251626581e-15}