{"w": -0.8451549219174399, "b": 0.017705550535403385}