{"w": 0.7142433942858583, "b": 0.05902606746881677}