{"w": 0.7450707340789682, "b": -0.006346495241953208}