{"w": -0.4826687281796351, "b": 0.005735006945228212}