{"w": -0.3836486025205788, "b": 5.167040017158673e-18}