{"w": -0.41783511165607595, "b": 3.6488540342071844e-18}