{"w": -0.04838774054593455, "b": 0.18754274316098074}