{"w1": 0.008968803978848963, "w2": -0.49176556739448846, "b": -1.3003693208534487e-17}