{"w": 0.9622582581715627, "b": 0.05165574841594567}