{"w": 0.9551942926051618, "b": 8.452133955188156e-18}