{"w": 0.39390424907781585, "b": -0.030994857246258167}