{"cc": 0.948748600251988, "alpha": 2.118025177970193e-17, "beta": 0.9487486002519878, "mx": -1.9984014443252817e-17, "my": 2.220446049250313e-18, "sx": 1.0, "sy": 0.9999999999999998}