{"cc": -0.3204377339627397, "alpha": 3.285887115734303e-16, "beta": -0.3204377339627397, "mx": 1.176836406102666e-16, "my": 2.9087843245179103e-16, "sx": 0.9999999999999998, "sy": 0.9999999999999999}