{"w": -0.32011761634639335, "b": 3.285510389669152e-16}