{"w": 0.11503301075549054, "b": 4.043715308836097e-17}