{"cc": 0.9869729366639575, "alpha": 1.0595607990956924e-16, "beta": 0.9869729366639576, "mx": -1.3322676295501878e-16, "my": -2.55351295663786e-17, "sx": 0.9999999999999999, "sy": 1.0}