{"w": 0.1250903410429488, "b": 0.12459353302765223}