{"w": -0.044514356683456636, "b": 6.123349296839812e-17}