{"w": -0.8463496061321572, "b": -0.0008188552065466759}