{"w1": 0.7567755828422871, "w2": 0.22271386837284862, "b": 2.9035585182555226e-17}