{"w": 0.259753746196955, "b": -0.036619692780901714}