{"w": -0.020899647226287496, "b": 1.3717131877973728e-17}