{"w": -0.012326330084601832, "b": -0.004240944886891738}