{"w": 0.8238733754269989, "b": -0.005363560232531764}