{"w": -0.24663815664110886, "b": 0.023141405833161426}