{"cc": -0.16626710404508854, "alpha": 1.4245644131244897e-17, "beta": -0.16626710404508854, "mx": 5.551115123125783e-18, "my": 1.3322676295501878e-17, "sx": 0.9999999999999998, "sy": 0.9999999999999998}