{"w": -0.17249262542803656, "b": -0.009313091263901365}