{"w": -0.3668899191982621, "b": -0.0902197758049837}