{"w1": 0.3373803206837632, "w2": 0.5186798954386186, "b": 6.234429894775149e-17}