{"w1": 0.8205914318846181, "w2": 0.8262183198966309, "b": 0.05049762708724566}