{"w1": 0.4317384539321876, "w2": 0.8248052495410518, "b": -0.05551876611241076}