{"w": 0.1405299673168943, "b": -0.0021476489982943715}