{"w": 0.10412790845126177, "b": -0.004227220356118937}