{"w": 0.1763895133728279, "b": -2.400672419977078e-16}