{"w": -0.6677147869294573, "b": 3.9160388663019274e-17}