{"w": 0.03517887138348302, "b": -3.5144143364366795e-18}