{"w": 0.09431454094577911, "b": 0.18260505149858386}