{"w": -0.3617465047347485, "b": 0.10209176012651347}