{"w": 0.8505485810227336, "b": 0.005746513332130445}