{"cc": 0.2624889440768805, "alpha": 5.919526814804816e-17, "beta": 0.2624889440768805, "mx": -3.9412917374193055e-17, "my": 4.884981308350689e-17, "sx": 1.0, "sy": 1.0}