{"w1": -1.8710963520366841, "w2": -0.546605890031018, "b": -0.021666008677412876}