{"w1": -0.5981137507926756, "w2": -0.1983020758115822, "b": -0.007653686370894373}