{"w": 0.011706320807657307, "b": -5.236081612350105e-16}