{"w": 0.011912018924623494, "b": -0.013324924655549977}