{"w1": 0.5114463554635236, "w2": 0.593681054468304, "b": 0.013727938189399675}