{"w": -0.5529913232051424, "b": -3.749422079138245e-17}