{"w": -0.3087403984491877, "b": -2.895224766442025e-16}