{"w": -0.022146190338920898, "b": 0.0244953065524018}