{"w1": 2.339913431060618, "w2": -0.7814519714336956, "b": 0.504981683776987}