{"w1": 1.8200743886082262, "w2": -0.4107614819203589, "b": 0.44836294924993747}