{"w1": 0.9261473106962981, "w2": 0.24400434694638037, "b": -0.06912326622159319}