{"w": 0.19689207762369812, "b": 3.976099966765055e-17}