{"w1": -0.8429838214486595, "w2": 1.8568017320371082, "b": 0.0589056163430599}