{"w1": -0.2577882168484511, "w2": 0.5071294861399681, "b": -2.522367149106514e-17}