{"w": 0.0895477873031163, "b": -0.04369173809247784}