{"w": 0.07369786300762, "b": -0.010040719250371552}