{"cc": -0.23760885247942742, "alpha": 4.6241755779869357e-17, "beta": -0.23760885247942742, "mx": 8.881784197001253e-18, "my": 4.4131365228849975e-17, "sx": 1.0, "sy": 1.0}