{"w": -0.23525628958359152, "b": 4.622086082391867e-17}