{"w": 0.06408987282171805, "b": 2.362754154154252e-17}