{"w1": -0.41621698387542433, "w2": 0.8960795206091154, "b": 0.11897733667918284}