{"w": -0.14709097867872983, "b": -0.06954257657151311}