{"w": -0.09767320147177135, "b": -5.254184877221718e-17}