{"w": 0.5074027120214397, "b": 2.5268258069952446e-15}