{"w": 0.4185508504525269, "b": -0.023994420306717452}