{"w1": 0.4960963110950183, "w2": 0.5233573338136523, "b": -1.409337332840657e-17}