{"w": -0.27147677878830384, "b": -0.01509626099579439}