{"cc": -0.6459178840304506, "alpha": -5.0928913895068526e-17, "beta": -0.6459178840304507, "mx": -3.8025138593411614e-17, "my": -2.6367796834847467e-17, "sx": 0.9999999999999999, "sy": 1.0}