{"w": -0.7007598464473964, "b": -0.002155112648546894}