{"w": 0.5751941470799266, "b": -0.013975014248534881}