{"w": 1.0000000000000004, "b": 3.4416913763379846e-17}