{"w": -0.22779112114925185, "b": 0.029171116192615528}