{"w1": 0.56301402191714, "w2": -0.3446652393638241, "b": 1.3182370123851117e-18}