{"w": 0.6446391542647608, "b": -0.027583573873751818}