{"w": -0.29407345787472666, "b": -0.0023673266973841395}