{"w": 0.13240392210594523, "b": 0.06764825585412716}