{"w1": 0.7918423279314639, "w2": -0.22415701842198477, "b": 0.002941961809004613}