{"w1": 30.914811415223816, "w2": 45.29208920164922, "b": 5.758417601279711}