{"w1": 0.3466643325285433, "w2": 0.5076473425601828, "b": -2.4716215890898955e-17}