{"w": -0.5016321630766586, "b": 0.01949067882162476}