{"w": 0.06567931271616642, "b": 0.04033440397341567}