{"w": 0.013749162450754597, "b": 0.05782188970409862}