{"w": 0.8568987062759542, "b": 0.0015360068919567775}