{"w": 0.8134144100854656, "b": 0.003069506910933486}