{"w": 0.32455391181457993, "b": -1.0585317039709413e-17}