{"w": 0.743513425870876, "b": -7.240274017918774e-17}