{"w": -0.8157177313145891, "b": 0.013424226892710419}