{"w": 0.3859033267606244, "b": -0.0688624459700873}