{"w": -0.2818026149325632, "b": -1.3444275450567289e-17}