{"w": -0.19355455580603526, "b": -0.07600099138153277}