{"w": -0.448155562657392, "b": -0.04830129009025057}