{"w": 0.9260399549173929, "b": 0.026306686970734017}