{"w1": -1.5913490952968525, "w2": -1.7228101008391248, "b": -0.16268269494076035}