{"w1": -1.218673701102521, "w2": 2.0470772524547045, "b": 0.12242860979295575}