{"w1": -0.4710793895369861, "w2": 0.4745261167373168, "b": -8.828993678824767e-17}