{"w": 0.06325415160489517, "b": -2.608102266400363e-19}