{"w": -0.17435304034698135, "b": -0.05413384695125863}