{"w": 0.1833309594822555, "b": 0.20167464936770982}