{"w1": 0.26350606616835703, "w2": 0.8741023053482628, "b": 0.002025348170503625}