{"w": -0.8400379233931433, "b": -0.03729079260336955}