{"w1": -1.8893571428062652, "w2": -1.2348703988482344, "b": 0.9988467488586883}