{"w1": 0.6450638394442403, "w2": 0.3690167351525673, "b": -3.080461492663318e-17}