{"w": -0.3137042680099394, "b": 0.04522009869396453}