{"w1": 1.1110755711179137, "w2": -0.10717961307236636, "b": -0.008961494152343786}