{"w": -0.14560571208051618, "b": -7.839074730126637e-18}