{"cc": -0.5021062670851899, "alpha": -1.3341383705213784e-17, "beta": -0.5021062670851901, "mx": -8.881784197001253e-18, "my": -8.881784197001253e-18, "sx": 0.9999999999999999, "sy": 1.0000000000000002}