{"w1": -0.8570604631956075, "w2": -0.16718874887191343, "b": 0.1806171347860867}