{"w": 0.03356504403003694, "b": 0.01110811892081443}