{"w1": -0.9551537325695286, "w2": -0.020093278467609714, "b": 0.024165541568957172}