{"w": 0.7917429357325825, "b": 1.6463256114699923e-17}