{"cc": 0.6053309455735342, "alpha": -3.389854459063081e-18, "beta": 0.6053309455735341, "mx": 1.1102230246251566e-17, "my": 3.3306690738754695e-18, "sx": 1.0, "sy": 0.9999999999999998}