{"w": -0.03093420817359406, "b": -0.04558774446129645}