{"w": 0.6469344460757744, "b": -1.7651607101893137e-16}