{"w1": 0.6498121677619014, "w2": 0.940246478355186, "b": -0.010743858126621438}