{"w": 0.5233039524249251, "b": -0.04298197670371635}