{"w": 0.5187470655331404, "b": -0.04325961485558968}