{"w1": -0.14910442036935903, "w2": 0.6404223345794163, "b": 0.003089910467992548}