{"w": -0.25552984317482036, "b": 0.02702773898018509}