{"w": -0.3152202691998231, "b": 0.012794864133231755}