{"w1": -0.20644271269802625, "w2": -0.8985864942616695, "b": -0.05299258974379073}