{"w": -0.41733399375259506, "b": -0.024612430673247455}