{"w": -0.43564288129353096, "b": 0.03687465158857354}