{"w1": 2.3004699935048256, "w2": 0.06635729380891921, "b": 0.38221392120563463}