{"w": -0.07174415511056019, "b": -1.0450064771742013e-16}