{"w": 0.9544860254341992, "b": 0.006826851310622996}