{"w1": -4.4929388222513476, "w2": 0.2683342081814624, "b": 1.1290982822210556}