{"w1": -1.2707717651670507, "w2": 0.3195200482570851, "b": -0.09291464416558866}