{"w1": -3.384644339729096, "w2": 0.3077574253078876, "b": 0.8650389112585093}