{"w": 0.20859381046918074, "b": -1.0285179114317434e-17}