{"cc": -0.1453090309405294, "alpha": 3.232415169686556e-17, "beta": -0.14530903094052938, "mx": 1.9761969838327787e-16, "my": 3.608224830031759e-18, "sx": 1.0, "sy": 0.9999999999999999}