{"w": -0.1453090309405294, "b": 3.2324151696865574e-17}