{"w": -0.1934614719085052, "b": 0.11197737947837264}