{"w": -0.1930661944009632, "b": 0.112163923313441}