{"w": -0.13084326866201376, "b": -0.027244592199497805}