{"w1": 0.3898563513491463, "w2": -1.0523181536125683, "b": -0.058367784298627406}