{"w1": -0.4718598786072728, "w2": 0.060896197410239286, "b": -1.7828947405773834e-17}