{"w": 0.854947038392758, "b": -1.8822596599408122e-17}