{"w": 0.49776978076939304, "b": 0.12774189075261622}