{"w1": 0.9293617988307782, "w2": -0.4995273857098294, "b": 0.03773651420613639}