{"w": 0.921541007319543, "b": 0.005235080230138298}