{"w": 0.8224616998432617, "b": -0.06496154293692682}