{"w1": -0.9087569188595015, "w2": -0.8667305506149946, "b": 0.04770100496211236}