{"w": 0.035708138013677004, "b": 0.010615144954573793}