{"w1": -1.2343167686029386, "w2": 1.6914702699371496, "b": 0.04510157216325553}