{"w1": -0.3560876568746033, "w2": 0.42467887777012, "b": 5.593045147436746e-17}