{"w1": -0.5042295990784527, "w2": 2.4072496961202123, "b": -0.29717068796052054}