{"w": 0.12538872457250308, "b": -1.1946118359956826e-17}