{"w": -0.20463781389603802, "b": 2.6255990654361706e-17}