{"w1": -0.685040726032459, "w2": 0.3890350839956542, "b": -1.3887022085045404e-17}