{"w1": 1.291848491610749, "w2": 0.05366489733909565, "b": -0.30414690564580754}