{"w": 0.12103966629152485, "b": -0.2563502007957259}