{"w": 1.0000000000000007, "b": 1.005445726676158e-16}