{"w": 0.1958500893691056, "b": 0.05294903875803571}