{"w1": -1.0178231291731794, "w2": 0.6996076160831507, "b": 0.05973640787015688}