{"w": -0.6979408250413984, "b": 0.0024970575575744385}