{"w": -0.7024002491774414, "b": 0.00255809433247015}