{"w": -0.9388303363633443, "b": -0.0011946783194620924}