{"w": 0.31502673681709215, "b": 0.19865147154276105}