{"w1": -0.01704681491878322, "w2": 0.5344445340936578, "b": 1.4265006847827385e-17}