{"w1": -1.3918865583658155, "w2": -0.5671362490255579, "b": 0.24826897186994767}