{"w1": 0.1581371667420704, "w2": -0.988742818014256, "b": -0.06336491384650687}