{"w": 0.7951339872607094, "b": 0.026475023790479193}