{"w": 0.8123039698620228, "b": -0.006422726372072272}