{"w": -0.9999999999999991, "b": -1.2490009027032973e-17}