{"w1": 0.3692234744451124, "w2": 2.3613667440437247, "b": 0.0534595449010739}