{"w": 0.8405543127130488, "b": -0.0005213549124917834}