{"w1": -0.3687283818420407, "w2": 1.317655607531187, "b": 0.20917620528014308}