{"w": -0.24842290304019815, "b": 0.07114636540389523}