{"w1": -1.5687488705236234, "w2": 0.4085245218562427, "b": 0.1446927301251558}