{"w1": -0.3880895744830516, "w2": -0.5482846730153454, "b": 8.459698524121178e-17}