{"w": -0.46718835690084803, "b": 7.827041880373713e-18}