{"w": -0.16515281168180776, "b": 0.032076137379201605}