{"w": 0.06663670487605429, "b": 3.849039266192251e-18}