{"w": 0.06165296001587189, "b": 1.65925983622809e-05}