{"w": 0.39467921249541804, "b": -0.13349277408653556}