{"w": 0.1219955668957224, "b": -0.029398508616120825}