{"w": 0.10028191841555104, "b": 2.6762405571114347e-16}