{"w": 0.18012561201978647, "b": 0.25496125481351134}