{"w": -0.4571460875447674, "b": 3.248218316860853e-17}