{"w1": -0.7905391774791454, "w2": 0.34816088538434864, "b": -1.6958037829202342e-16}