{"w1": -0.7213668959392112, "w2": 0.32206478808057876, "b": -1.555179902295376e-16}