{"w": 0.08207855001003718, "b": -0.0729492962057056}