{"w": 0.09213992416266434, "b": -0.015038977142374906}