{"w": 0.16261456896156953, "b": 0.002188402260777489}