{"w1": -22.095271237760606, "w2": -17.03258754167846, "b": 0.3642493587988981}