{"w": 0.7216723781863876, "b": 0.024051174685269506}