{"w": 0.8627964665726671, "b": 0.011293184595734132}