{"w": 0.088804878181191, "b": 0.04104939121748211}