{"w1": 0.0743442122946933, "w2": -1.4829188476780315, "b": 0.1161916890656482}