{"w1": 0.08527762477007103, "w2": -0.7175486210796771, "b": -0.0004564063831662337}