{"w": -0.40079396163001685, "b": 0.001396525720986275}