{"w": 0.6928235787908473, "b": 2.4867952370825872e-17}