{"cc": 0.958141108637105, "alpha": -5.2270866619931244e-17, "beta": 0.958141108637105, "mx": 1.1102230246251566e-17, "my": -4.163336342344337e-17, "sx": 1.0, "sy": 1.0}