{"w": -0.06467644776612518, "b": -0.04271334585660347}