{"w": 0.24137626378614774, "b": 0.05860360983481219}