{"w1": 0.6896911361337188, "w2": -0.014135511474948426, "b": -5.160408740892068e-17}