{"w": -0.05853341252923279, "b": 1.391566571898789e-17}