{"w": -0.0828914132420894, "b": -0.0697894064112772}