{"w": -0.12020931014989654, "b": -0.08975951072423319}