{"w": -0.4864380952510065, "b": 0.06648016879224425}