{"w1": -0.7584700650304532, "w2": 0.3123639996708316, "b": -0.0027285368251144396}