{"w1": 1.5407812047938452, "w2": 3.0337728512169346, "b": 0.6340179974048094}