{"w1": -0.8192541174417145, "w2": -0.7741479229541206, "b": -0.020220393957401953}