{"w": 0.4387967524290738, "b": -0.0008708727805907856}