{"w": 0.46244158682873093, "b": -0.0012427011064473034}