{"w": -0.1194586320670066, "b": 2.4061220625857352e-17}