{"w1": 0.1644710820567647, "w2": 0.8051551757329084, "b": -0.021147540009940652}