{"w1": 0.32681518850102753, "w2": 0.6212146591431369, "b": -0.007145265325291167}