{"w": -0.05667409701221, "b": -0.09442321803550609}