{"w": 0.5417844822135393, "b": 0.003909597574109034}