{"w": 0.24363373827918466, "b": -7.671506226097481e-19}