{"w1": -0.13997295901670714, "w2": -0.506600076579829, "b": 1.1833316468502163e-17}