{"w1": 2.6445662879417373, "w2": 4.056019330511071, "b": 1.34695456576946}