{"cc": -0.5719620179828849, "alpha": 1.5854406476746464e-18, "beta": -0.5719620179828849, "mx": -1.1102230246251566e-18, "my": 2.220446049250313e-18, "sx": 1.0, "sy": 1.0}