{"w": -0.12564622999210542, "b": -0.012338194190374324}