{"w1": 0.8354937196813552, "w2": 1.6457065762675323, "b": -0.11673105317243831}