{"w1": -3.1432544503522837, "w2": -1.625680654758224, "b": 0.08266206832265227}