{"w": 0.4275113750103252, "b": 4.9452450051921984e-17}