{"w": 0.05827081012740039, "b": 0.1005592559275738}