{"w": 0.6174759648487199, "b": -4.307238385491983e-18}