{"w1": -0.7967040019779656, "w2": -0.5296284281118256, "b": 0.056379024263356704}