{"w": 1.0000000000000013, "b": 4.907185768843192e-16}