{"w": 0.15328389127254818, "b": -0.10538449302782756}