{"w": 0.999999999999995, "b": -1.981748098955894e-16}