{"w1": -0.010004350433121777, "w2": -0.792028199564315, "b": -2.502134728572213e-18}