{"w": -0.3981404557627174, "b": -1.4707666911847804e-16}