{"w": -0.311799986750773, "b": 0.07771825183625891}