{"w": -1.0000000000000047, "b": -1.2212453270876902e-17}