{"w": -0.13228865697702558, "b": -0.045134514859727456}