{"w": 0.31582351065558945, "b": 0.04674308709109419}