{"w1": 0.42237076769658394, "w2": -2.1668573467935337, "b": 0.09253536608543309}