{"w": -0.08766747435799123, "b": 0.0036496652412166784}