{"w1": -0.3670203551181357, "w2": -0.5096344641488195, "b": 6.310733898406534e-17}