{"w": 0.16102703364873608, "b": -0.0007873931793124726}