{"w1": 0.39114594320325885, "w2": 0.90403594380499, "b": 0.0035917502466875657}