{"w": 0.11979044079115528, "b": 1.3715842175523849e-17}