{"w": 0.10956116339615025, "b": -0.0006970614985965856}