{"w": -0.18091935414687013, "b": 0.03848820158603476}