{"w": 0.5805377517355905, "b": 0.019719045800591417}