{"w1": -1.2024608007847355, "w2": -0.041655032123886555, "b": -0.03758182418360971}