{"w1": -0.7525354919233705, "w2": -0.007264645719929435, "b": 0.000175915937579596}