{"cc": 0.8064127192436401, "alpha": 1.626417855212798e-16, "beta": 0.8064127192436401, "mx": 7.882583474838611e-17, "my": 2.2620794126737565e-16, "sx": 1.0, "sy": 1.0}