{"w1": 1.6540299279191715, "w2": -0.7742730386625106, "b": -0.0445714097251599}