{"w1": 0.9771017971447395, "w2": -0.6283917805103045, "b": -0.07528745042492185}