{"w1": -0.2153975548175117, "w2": -0.3896148441433889, "b": -8.87362545402305e-18}