{"w": -0.37792376198335315, "b": -0.0024234036331487055}