{"w1": -0.42848553048676, "w2": 0.36142637929558347, "b": -0.01904327321624516}