{"w": 0.5218423782557096, "b": 0.025984886105439097}