{"w": 0.4874828463766923, "b": -3.643975706684672e-17}