{"w": 0.4517734749453797, "b": 0.06457564398068319}