{"w": -0.5503581692814491, "b": -0.008273828944247948}