{"w": -0.47102565224696835, "b": -0.03201554022446378}