{"w": -0.33792694276729274, "b": 0.006932461857149463}