{"w": 0.43881460580131676, "b": 0.02294013792605512}