{"w": 0.698738270704252, "b": -5.703901010353761e-18}