{"w": 0.12709670982971966, "b": 0.001012134699272551}