{"w1": -0.46558470991677325, "w2": 1.4211499856506096, "b": -0.0716942030436552}