{"w1": 1.478542051415556, "w2": -0.24293861430591196, "b": 0.04982278985415516}