{"w": -0.8143920300869665, "b": 0.03537118923519826}