{"w": -0.09593843777043662, "b": -2.3276592480059935e-17}