{"w": -0.09152916074783911, "b": 0.013613949976466422}