{"w": 0.48622768357781976, "b": 5.0235262278429944e-17}