{"w": -0.22832664542655, "b": 0.14387565924189702}