{"w": 0.5752319689099696, "b": -1.1436327302538494e-17}