{"w1": -3.846801897427296, "w2": -2.263097661364101, "b": -0.04962699692466932}