{"w1": -1.0225336438787456, "w2": -0.5913685362449043, "b": -0.005975294750361351}