{"w": 0.49579023946161005, "b": 0.08419079333886875}