{"w": 0.4912059741971415, "b": 0.17057674565161757}