{"cc": -0.3376507967387994, "alpha": -8.241731777727253e-17, "beta": -0.33765079673879944, "mx": 1.1102230246251565e-16, "my": -1.1990408665951691e-16, "sx": 0.9999999999999998, "sy": 1.0}