{"w": -0.20065112865537338, "b": -0.007010927412139822}