{"w1": 0.6337653578255862, "w2": 0.35275962909669667, "b": 2.2993845552738535e-17}