{"w": -0.013763723842600606, "b": 0.16546308720049374}