{"w": 0.7255834614593144, "b": 0.02663986631814375}