{"w": 0.6984508901224117, "b": 4.4637845019746387e-17}