{"w": 0.6355903100113945, "b": 4.491700207326857e-17}