{"w": 0.6894985538977203, "b": -0.007797272777729087}