{"w": -0.5597106563090637, "b": -0.04956340833788011}