{"w1": 0.4775433563879882, "w2": 0.21002519195784378, "b": -1.6640553438855482e-18}