{"w": 0.49977034950726185, "b": -0.005411184949537757}