{"w1": -0.16163786792588294, "w2": 0.632128065805457, "b": 0.0027720411812027675}