{"w": 0.722959247624184, "b": 0.006938244676761432}