{"w": 0.5741073715814453, "b": -3.762267208171554e-17}