{"w": 0.33717249115499365, "b": 0.0960596687201016}