{"w": 0.47761385725341693, "b": 3.042354708150929e-17}