{"cc": 0.4650805284232822, "alpha": -2.3175704750952087e-19, "beta": 0.4650805284232822, "mx": 1.7208456881689926e-17, "my": 7.771561172376097e-18, "sx": 1.0, "sy": 1.0}