{"w": -0.752906836863086, "b": -0.02068566556712098}