{"w": -0.23638433943819523, "b": 0.09497019581193913}