{"w": -0.7715944959358525, "b": -6.3330787767866316e-18}