{"w": 0.8034326133454541, "b": 0.006060767888560258}