{"cc": 0.7336641519838158, "alpha": 5.821552919169962e-18, "beta": 0.7336641519838158, "mx": -3.441691376337985e-17, "my": -1.9428902930940238e-17, "sx": 0.9999999999999999, "sy": 0.9999999999999999}