{"w1": -0.6733141928995392, "w2": 2.7531791282070195, "b": -0.011169533009303144}