{"w": -0.1939124091691624, "b": 0.09194924463260659}