{"w": 1.0000000000000004, "b": -6.425415755018095e-16}