{"w": 0.9705767645425887, "b": 0.011916843981756665}