{"w": -0.678195250795694, "b": 3.3635158573764667e-16}