{"w": -0.5363477226533822, "b": -0.02587159503865286}