{"w1": -0.8036541386729315, "w2": -1.0285476720303646, "b": 0.03895158755656487}