{"w1": -1.264756989451937, "w2": -1.9582640007388514, "b": 0.1382330585849348}