{"cc": -0.0941845923348018, "alpha": -6.179558919004654e-18, "beta": -0.09418459233480178, "mx": 5.11526584978661e-18, "my": -6.661338147750939e-18, "sx": 1.0, "sy": 0.9999999999999999}