{"w": -0.08014323879183298, "b": 0.005320368620579281}