{"cc": -0.9936145082910588, "alpha": 3.135563884641954e-17, "beta": -0.9936145082910585, "mx": -4.218847493575595e-17, "my": 7.327471962526034e-17, "sx": 1.0000000000000002, "sy": 0.9999999999999999}