{"w": -0.8860294506051273, "b": 0.001522873384548328}