{"w1": 0.2347181420708473, "w2": 0.6029320576491273, "b": 0.029071538836304457}