{"w1": -0.2698950052287671, "w2": -0.3287795949899611, "b": -9.205266321976602e-07}