{"w": -0.7220531231273108, "b": -0.0016547294341816565}