{"w": -0.8019231676116598, "b": 1.135224315594898e-16}