{"w": -0.16351328943032115, "b": 2.212043764418826e-17}