{"w": -0.3315608063146553, "b": 2.0291001217377838e-16}