{"w": -0.23816261680838516, "b": 0.24492832294069433}