{"cc": -0.7707892996449502, "alpha": -1.6098994427865404e-16, "beta": -0.7707892996449502, "mx": -1.5557000132560007e-16, "my": -4.107825191113079e-17, "sx": 1.0, "sy": 1.0}