{"w": -0.7763545051098493, "b": 0.0056568633142392195}