{"w": -0.7720604911358618, "b": 0.0055046903539859955}