{"w": 0.9702715626022224, "b": 0.0016127890409315456}