{"w": 0.9907306416008778, "b": -0.0008333273008279866}