{"w": 0.9808673687308881, "b": 3.5976040861534435e-18}