{"w": 0.8916976079371708, "b": 3.548104925386692e-18}