{"w": 0.735636815263229, "b": 0.02001116586808315}