{"w": -0.1858770254654367, "b": -2.7406136793895396e-17}