{"w1": 0.2835699968154182, "w2": 0.5594312900444189, "b": -4.33824027408866e-17}