{"w": -0.00101997865074204, "b": 0.00984898282713323}