{"w": -0.24094996700551133, "b": -0.04799706371146013}