{"w": 0.4658459335973683, "b": 0.0017015996160807876}