{"w": 0.45868872176568787, "b": -2.8530828509774755e-18}