{"w": 0.46047428230692095, "b": -0.0035842367372706635}