{"w": 0.48464977867963016, "b": -0.004359210023150717}