{"w": 0.8370255724684393, "b": 0.001092453322402371}