{"w": -0.05498737439381092, "b": -1.882268191122657e-16}