{"w": -0.05264324371090304, "b": -0.008292427137315164}