{"w": -0.7451541120503296, "b": -0.05703414391215969}