{"cc": -0.1570751420100384, "alpha": -1.9815639106519557e-17, "beta": -0.1570751420100384, "mx": -2.7200464103316335e-17, "my": -1.5543122344752193e-17, "sx": 1.0, "sy": 1.0}