{"w": 0.4445289277427399, "b": 0.014170496029332274}