{"w": 0.07113632919961155, "b": 0.07138943236227144}