{"w1": -0.08499463748301811, "w2": -1.007932864018912, "b": 0.02306558921288457}