{"w": -0.6767783087061149, "b": 1.3451582577227922e-17}