{"w": -0.12676367272747377, "b": 2.6973573072090672e-17}