{"w1": -0.8498547892746118, "w2": 1.9421337620908108, "b": -0.2101150170109351}