{"w": -0.09710290134115397, "b": -0.33818115974448104}