{"w": -0.07738689120028748, "b": -8.758878515991461e-17}