{"w": -0.08178616067829793, "b": 0.03401842361073493}