{"w": 0.25553366648353065, "b": 0.19743971464486748}