{"w": 0.26571278795160436, "b": 0.19968325270537796}