{"w": -0.04214516480543351, "b": 0.03657223343430449}