{"w1": 0.3016962151867354, "w2": -0.5979133792222789, "b": 2.5942457120748988e-18}