{"w": -0.6369315986643881, "b": 0.004278304927419297}