{"w": 0.2701907291505837, "b": 1.2523798198409145e-17}