{"w": 0.49771812236640917, "b": 0.016754881252810657}