{"w": 0.6914493552615956, "b": -3.4817240143563886e-17}