{"w": -0.6143078127238963, "b": -0.07140253655451946}