{"w": -0.1887303344918533, "b": 0.11264895998758034}