{"w1": 0.5790297203285814, "w2": 0.13013203743751184, "b": 2.585856068224675e-17}