{"w": -0.31473294363671944, "b": 2.255388425313667e-17}