{"w": 0.675134057666686, "b": -2.2139908655479985e-17}