{"w": 0.7419055578754793, "b": -2.4549174505398372e-17}