{"w": 0.775801980968999, "b": 0.13569115844262486}