{"w": -0.34020221856542066, "b": 1.2001030060762097e-16}