{"w1": 0.5437349343718221, "w2": -0.5466205225343789, "b": -4.755514328163742e-17}