{"w": 0.09986281214898295, "b": 0.03581454299672887}