{"w": 0.06724024860393306, "b": -2.2279476212209545e-17}