{"w": 0.06664107807181881, "b": -2.2471722746213857e-17}