{"w": 0.03835090125977098, "b": 0.17446646242631625}