{"w": 0.07494903489912831, "b": -0.03008002180829271}