{"w1": 1.47470216101082, "w2": 0.3936411354111288, "b": -0.22110479239159642}