{"w": 0.7845657952180579, "b": 6.643487019456287e-18}