{"w": -0.5897576288983711, "b": -0.005799853078923202}