{"w1": -0.21029713187666385, "w2": 0.6484101252379475, "b": -2.0624714205999593e-18}