{"w": 0.06774607937763838, "b": -0.2727825261165984}