{"w": -0.45633243433062637, "b": 0.10210058044717468}