{"w": -0.7300044687065955, "b": -0.004289575066000662}