{"w": 0.06370454928372918, "b": -0.15002514505437795}