{"w1": -0.9944933690914821, "w2": -0.5620241199418727, "b": -0.0564988411727148}