{"w1": -0.7417379136832786, "w2": -0.34243166305141276, "b": 0.016353551456048408}