{"w": 0.1676562352216093, "b": -0.055576966622459166}