{"w": 0.5752611946480507, "b": -0.03719302008292218}