{"w1": -0.7628440069047254, "w2": -0.016918312797608696, "b": 1.0535410851258099e-18}