{"w": -0.2734439804226047, "b": 1.2968809973717133e-16}