{"w": 0.2197624819039371, "b": -2.1823953491356304e-17}