{"w": 0.07994086017925059, "b": -0.010337738282884049}