{"w": -0.01810344168720746, "b": -0.07567583832610415}