{"w": 0.3905221321000019, "b": 0.05168890455151299}