{"w": 0.6065374423234485, "b": 0.000418353009289954}