{"w": 0.7884926353247005, "b": -5.183321306251224e-17}