{"w": 0.36899602787051566, "b": 0.17486110118971507}