{"w": -0.23813780317572866, "b": 0.34035298334259895}