{"w": 0.28298636826438517, "b": -0.07049977114072349}