{"w": 0.820824977384637, "b": -5.088895779568892e-06}