{"w": 0.7817149053634044, "b": 0.0012162717234264545}