{"w": 0.9255008427781131, "b": 3.1202563725346e-17}