{"w": 0.9248237191701542, "b": -0.007850268284141334}