{"cc": 0.8283696814007768, "alpha": -6.434511186420505e-16, "beta": 0.8283696814007768, "mx": 5.623279619726418e-16, "my": -1.7763568394002506e-16, "sx": 0.9999999999999999, "sy": 0.9999999999999999}