{"w": 0.8251006019214384, "b": -0.007509688316452642}