{"w1": 0.9456640479983552, "w2": 0.7111684290616429, "b": 0.016072708746596165}