{"w": -0.3494847904855045, "b": -0.1610768403541718}