{"w": 0.35830921240437874, "b": -0.13381323742047246}