{"w": -1.0000000000000038, "b": -2.1538326677728086e-16}