{"w": -0.9999999999999993, "b": -2.99760216648792e-17}