{"cc": 0.5861762441092375, "alpha": -3.163361448247191e-18, "beta": 0.5861762441092375, "mx": -5.967448757360216e-18, "my": -6.661338147750939e-18, "sx": 0.9999999999999999, "sy": 0.9999999999999998}