{"w": 0.026536966747433624, "b": 0.007578765936449559}