{"w": 0.5664839796959377, "b": -0.05045445457234291}