{"w": 0.6104684178465972, "b": 2.984695528815171e-17}