{"w": 0.6000871709182413, "b": 0.0056539166558792955}