{"w": 0.02327188333838507, "b": -0.006404925102558862}