{"w": -0.12639230567890036, "b": 0.039491920514189774}