{"w": -0.09891430745890595, "b": 0.0002703127787490531}