{"w": -0.07240720493658938, "b": 0.003100329353686696}