{"w": -0.2058095125609672, "b": -0.04270026810119452}