{"w": -0.25854881260186696, "b": 2.7793539969964104e-17}