{"w": 0.9467813548979214, "b": -0.004050886997898044}