{"w": 0.000671814352309765, "b": -0.01486890672990519}