{"w": -0.6015233888413594, "b": -7.890194330990715e-17}