{"w": -0.2591380308196735, "b": -0.004111312918989711}