{"w": -0.07427616238272594, "b": 2.7078283895708777e-17}