{"w": 0.3772500047053833, "b": 0.12155170626756301}