{"w": -0.4257772518593284, "b": -2.150179983052028e-17}