{"w": -0.42203217919966574, "b": 0.007699454735797397}