{"w1": -0.76867803516666, "w2": 0.38102228021552453, "b": 0.027253872780995017}