{"w": -0.18408182269558737, "b": 0.04157527081726964}