{"w": -0.14805215941784217, "b": -0.005598513503087155}