{"w": 0.06639959637154344, "b": 0.1416747810260206}