{"w": 0.12348376221087483, "b": -0.02370803134174386}