{"w": 0.15064939411046077, "b": -0.0750019207164499}