{"w1": -0.7262652275042738, "w2": 0.7999558189254747, "b": 0.008736431292819511}