{"w1": -0.8774276848218938, "w2": -1.361494893101525, "b": 0.05979224928815412}