{"w1": -0.850507296824998, "w2": -1.3160166418546442, "b": 0.08974019907516852}