{"w": 0.9999999999999999, "b": -5.606626274357039e-17}