{"w": -0.18111921563279598, "b": 0.038292581685744564}