{"w": -0.30676898177164613, "b": -0.008815580719243987}