{"w": -0.2919561388446969, "b": -0.008198743925426116}