{"w": 0.634381546484223, "b": 0.04800882880275535}