{"w1": 0.2628015941951192, "w2": 1.1813273768953416, "b": 0.08214961567347173}