{"w": -0.6943560536654181, "b": -5.4640971357820464e-17}