{"w": 0.9692793908143805, "b": -0.0016276255913403662}