{"w": 0.47408761150757955, "b": 0.038773882677871116}