{"w1": 0.7601049465966652, "w2": -0.46688819500717277, "b": -0.04616162123340596}