{"w": -0.1542066195759548, "b": 0.006072739774622775}