{"w": 0.6128835125075024, "b": -0.013787880743291027}