{"w": 0.7904353671457468, "b": 0.005713640262851598}