{"w": 0.06758134975908361, "b": -0.03128900983560368}