{"w": 0.14124846814054767, "b": 1.971753370605263e-17}