{"w1": -0.22900743288146322, "w2": -0.7042181968650235, "b": -6.29792740426208e-17}