{"w1": -0.26940288265190815, "w2": -0.7930252818433186, "b": -0.006442750862332855}