{"w": 0.2853705923044793, "b": -0.03527139612590672}