{"w": 0.371160676905116, "b": 2.911777936701687e-17}