{"w1": -12.317857121254777, "w2": -30.93466843380996, "b": -3.1372005767311784}