{"w": 0.34915934718627706, "b": 3.981869894898385e-18}