{"w1": -0.04395613656318582, "w2": 0.8314270953101857, "b": 0.008162574103852028}