{"w": 0.4803714225024215, "b": -0.01304839254691927}