{"w": -0.17202088545618677, "b": 0.15298944647932944}