{"w": -0.2350109742254922, "b": -0.01922880176913532}