{"w1": -0.03562615793643516, "w2": -0.8002530780815688, "b": 4.1544498094623355e-17}