{"w": 0.5331327798997655, "b": 3.1985778720224863e-17}