{"w": 0.31953004953432, "b": -0.006761465086654051}