{"w": -0.1535290330001658, "b": -0.037142090044491996}