{"w": 0.9900990099009902, "b": 2.107225285352896e-17}