{"w": 0.9609561480946205, "b": -0.014024346554077707}