{"w1": -0.44330697773680916, "w2": -0.5246918984099548, "b": -3.5439448607998754e-17}