{"w1": -1.6061785912481825, "w2": -1.961913656602714, "b": 0.004426848881710188}