{"w": 0.6937848564380298, "b": 5.28766934529765e-17}