{"w": 0.8281665108498407, "b": 0.011499504949115317}