{"w": -0.36668891459488495, "b": 0.1168885166369018}