{"w": -0.14592823439026786, "b": 3.517924384076342e-17}