{"w": -0.16213696909073, "b": 0.0005127939478705747}