{"cc": -0.1763202173001207, "alpha": -1.6387705903718148e-16, "beta": -0.17632021730012068, "mx": 1.4099832412739488e-16, "my": -1.887379141862766e-16, "sx": 1.0, "sy": 0.9999999999999999}