{"w": -0.9999999999999966, "b": -4.773959005888219e-17}