{"w": -0.0515425886379276, "b": -0.1538017945272654}