{"w": -0.0458340255641807, "b": -0.17555543124697195}