{"w": -0.13477650963295795, "b": 0.16709845426441786}