{"cc": 0.701403740250871, "alpha": -2.2019819041508738e-17, "beta": 0.7014037402508709, "mx": 2.6645352591003756e-17, "my": -3.3306690738754695e-18, "sx": 1.0, "sy": 0.9999999999999999}