{"w": 0.35273707310792296, "b": -0.1124754552309397}