{"w": 0.9802743519626959, "b": 3.9486231776718965e-17}