{"w1": 0.5800217438634174, "w2": -0.3461034539036412, "b": -0.05286437718527451}