{"w1": -1.5066507819833608, "w2": -0.7752720035546266, "b": -0.20223457015967028}