{"w1": -0.4446362967016246, "w2": -0.5328015433602405, "b": -1.4873711028515126e-16}