{"w": -0.11704706848953828, "b": 0.16254632219284312}