{"cc": -0.5081789792093895, "alpha": -1.5437308025090453e-16, "beta": -0.5081789792093895, "mx": -1.4210854715202004e-16, "my": -8.215650382226158e-17, "sx": 1.0, "sy": 1.0}