{"w": -0.47694551525007434, "b": -0.19990928279203346}