{"w": 0.26154889553135213, "b": -0.0005445086652723363}