{"w": -1.0000000000000004, "b": -2.5174307083375435e-16}