{"w": -0.012687896292724193, "b": -6.150116511126072e-17}