{"w": -0.43393814908547107, "b": -5.607718382151118e-17}