{"w": 0.618026361661074, "b": 4.317015396912078e-18}