{"w": 0.9673715598597148, "b": -4.400207554464651e-05}