{"w": 0.6364872627770691, "b": -0.03296336300043978}