{"w": -0.049365605629030494, "b": -6.800116025829084e-17}