{"cc": -0.07773263569978095, "alpha": -5.577763437872268e-17, "beta": -0.07773263569978096, "mx": -3.8191672047105384e-16, "my": -2.6090241078691177e-17, "sx": 1.0, "sy": 1.0000000000000002}