{"w": -0.44994396372695933, "b": 6.018200632409864e-18}