{"w": -0.40457341622013737, "b": -0.02385221458448658}