{"w": 0.3570513855328032, "b": 0.08407712739063401}