{"w": 0.8283749253677528, "b": -0.03424725435738214}