{"w": 0.8068181997706457, "b": 0.005368577006086589}