{"w": -0.2690865272838159, "b": -0.02801921964686349}