{"w": -0.7349590344540027, "b": 0.010271723119914}