{"w": -0.7144275157167513, "b": -0.003865220680327598}