{"w1": -0.9904619822559498, "w2": -1.411338219614133, "b": -0.019566474903938272}