{"w": 0.23679437837459563, "b": 2.1515501164462275e-16}