{"w": 0.6758806110670569, "b": 0.09382634346183671}