{"w": 0.4418344722502921, "b": 0.004017488074352373}