{"w": -0.9467395401401761, "b": -0.001250465530378102}