{"cc": 0.31714849513360976, "alpha": 1.3115932166715098e-17, "beta": 0.31714849513360976, "mx": -4.135580766728708e-17, "my": 0.0, "sx": 0.9999999999999998, "sy": 0.9999999999999999}