{"w": 0.314888585360845, "b": -0.051008542525128556}