{"w": 0.31305772560741835, "b": 0.003852877507577575}