{"w": 0.5972392928429475, "b": -0.07647821697892183}