{"w": 0.5746751348781111, "b": -0.07394189053551958}