{"w": 0.7280719126250846, "b": 7.358895788346044e-17}