{"w1": 0.45514070470064355, "w2": -1.4177818269811495, "b": -0.21155587852580648}