{"w1": 0.5535737524151523, "w2": -1.6663442541659121, "b": -0.4009299240828935}