{"w1": 0.1911322778984663, "w2": 1.1073894845607177, "b": 0.02386761973389762}