{"w": 0.12427770994830883, "b": 0.21694238971185456}