{"w": 0.06254850289886316, "b": -0.047352650068723696}