{"w": 0.0625462540002824, "b": -0.04735953996149194}