{"w": -0.2991555689869239, "b": 0.04245685901396842}