{"w": -0.38734069619869, "b": -0.0024800792035845846}