{"w1": 1.806320108783414, "w2": 0.8647625682401239, "b": 0.014469303618626597}