{"w1": 0.8505912946990636, "w2": 0.5171722508408741, "b": -0.06910782220986644}