{"w": -0.3054191132898423, "b": -0.22523958761767351}