{"w": 0.8749410960463048, "b": -0.01234755921230974}