{"w": 0.8651794095569394, "b": -0.0020981455576266368}