{"w": 0.9713657298706767, "b": 9.048061982126009e-19}