{"w": 0.5408732804437226, "b": 0.02293191765434794}