{"w": 0.07614248418078368, "b": 0.0036506711004867364}