{"w": -0.9803886684984158, "b": -3.8234549865756533e-17}