{"w": -0.9866881994983996, "b": 0.006439655227581029}