{"w": 0.6838189467864509, "b": -0.0188803357420625}