{"w": -0.3467782111536481, "b": -0.02218494971792047}