{"w": 0.5052682982000882, "b": -0.0750898739111379}