{"w": 0.02053222370494709, "b": -0.012396437712086612}