{"w": -0.09877290321931474, "b": -0.09359483628704932}