{"cc": 0.14557739641856415, "alpha": 2.4877725114039846e-18, "beta": 0.14557739641856415, "mx": -3.9968028886505634e-17, "my": -3.3306690738754695e-18, "sx": 1.0, "sy": 1.0}