{"w1": 0.33415870476208287, "w2": -0.45926722131956926, "b": -0.0021279144184806267}