{"w": -0.05258523407143789, "b": 0.1364163979501679}