{"w": -0.06464493019422664, "b": 0.1503419618419374}