{"w": -0.00028828685487180346, "b": -0.03029942624093048}