{"w": -0.00035990083179580744, "b": -0.0287971369773601}