{"w": 0.2123506438642473, "b": 0.11540708495691299}