{"w": -0.058820544606419584, "b": -0.05737375533964423}