{"w": 0.778665336782665, "b": 2.7154551261479743e-17}