{"w": -0.35647896957337794, "b": -0.03132012344111916}