{"w": -0.37112967939148606, "b": -0.02056232637025631}