{"w1": -32.72136515082388, "w2": 4.200831270070244, "b": 7.767771108698659}