{"w": -0.6893404465017057, "b": -1.5582696369980505e-18}