{"cc": 0.39493706425729885, "alpha": 1.2587724343493735e-17, "beta": 0.3949370642572989, "mx": -1.2323475573339239e-16, "my": -3.608224830031759e-17, "sx": 0.9999999999999998, "sy": 0.9999999999999999}