{"w": 0.3590336947793626, "b": 8.163181375874517e-18}