{"w": 0.1944564562564676, "b": 0.036835943758355034}