{"w": 0.17260663032376, "b": 0.06653734617884674}