{"w1": 1.230686082210982, "w2": 0.445333468852831, "b": -0.006769232470186416}