{"w": 0.10673567268264642, "b": -0.0054149704650922285}