{"w": -0.4183397648991978, "b": -0.05550802951856215}