{"w1": 0.13127906314154592, "w2": -2.0721225603559508, "b": -0.483886753998053}