{"w1": 0.8128089360104627, "w2": -1.1654640873350897, "b": 0.03503000464503526}