{"w": 0.42085716583471167, "b": 0.015909917825251987}