{"w": 0.4971478403251269, "b": 0.09566366865746934}