{"w": -0.3389340464407866, "b": -0.010235555984028408}