{"w": 0.20069933654793073, "b": 0.02975894263745097}