{"w": 0.11001772874058498, "b": 0.0019438153881100716}