{"w": -0.5032579235429065, "b": -0.014305075926559229}