{"w": 0.05341977916418417, "b": 2.5767646830991856e-17}