{"w": 0.13549009486275718, "b": 1.1121050772404219e-16}