{"w": -0.9745512100033864, "b": 0.0004956628701205945}