{"w": -0.44308366666075216, "b": 0.1763672165298386}