{"w": 0.20686855220709247, "b": 1.4424944888825832e-17}