{"w": 0.21842002425084375, "b": 0.011566808692079024}