{"w": -0.98215079719899, "b": -0.01017807393569771}