{"w": 0.6770450031091281, "b": -0.013161100569195436}