{"w": -0.17258719895617322, "b": 0.0371666990021758}