{"w1": 1.7029090232171993, "w2": -0.9264613844391623, "b": 0.022962000991012373}