{"w": 0.5018717249908743, "b": 0.08269156542299998}