{"w": -0.19745860382089453, "b": -6.579941769092165e-18}