{"w": 0.2913397881507377, "b": 0.018765624668110898}