{"w": 0.278778874706487, "b": 3.283548710056843e-17}