{"w": 0.2704359766509904, "b": -0.005194557549218546}