{"w1": -0.9599028816194339, "w2": 0.2886836056347075, "b": -0.161238458207342}