{"w": 0.8445861832233782, "b": 0.0045338348619937685}