{"w": 0.3656524115928875, "b": 0.11235409904466123}