{"w1": 0.33977598361883066, "w2": 0.5474987589193726, "b": -0.009083593445899998}