{"w": 0.20640926708102109, "b": 0.08948377852306635}