{"w": -0.7665169795982869, "b": -0.0662832895408836}