{"w": 0.10053156487258268, "b": -0.05034865205301369}