{"w": -0.015338949107076465, "b": 5.414369758887883e-17}