{"w": -1.0000000000000009, "b": 4.453902524570452e-16}