{"w1": -1.3949266675277443, "w2": -0.6479787054908186, "b": 0.1604246952866149}