{"w": -0.5000215557245867, "b": -0.0036798349147057173}