{"w": 0.44810847887196154, "b": -0.07593807311483772}