{"w": 0.4250871921788158, "b": 7.009734884413628e-18}