{"w": 0.8786999237664906, "b": 0.020167265794929}