{"w": 1.0000000000000322, "b": 1.8318679906315383e-16}