{"w": 0.21762801594402426, "b": 0.059965619243627824}