{"w": 0.24437009071223206, "b": -6.461323590380348e-18}