{"w1": 0.20126129161453662, "w2": -0.5598298653717019, "b": -0.02524618239788988}