{"w": -0.2101527367907493, "b": 0.1160852552174043}