{"w": -0.32618381761308823, "b": -4.9433683987757154e-17}