{"w": 0.5102931260963377, "b": 0.06795095298872476}