{"w": 0.7529320418580545, "b": 1.8899833181667477e-17}