{"w1": -0.7682673972201909, "w2": 0.17243074151374538, "b": 5.382293550408561e-17}