{"w": 0.054278137025778064, "b": 0.007552338463045111}