{"w": 0.05159403786119819, "b": 0.00718182276119245}