{"w1": -0.7489625795495007, "w2": 0.3533780031324479, "b": 1.7380049359187683e-17}