{"cc": 0.5757644182924804, "alpha": 2.7333118414350764e-18, "beta": 0.5757644182924803, "mx": 2.80331313717852e-17, "my": 1.8873791418627663e-17, "sx": 1.0, "sy": 0.9999999999999998}