{"w": 0.57576441829248, "b": 2.7333118414350825e-18}