{"w": 0.3052679650715347, "b": 0.04504637156171192}