{"w": -0.14907346298558108, "b": -0.022163339469622335}