{"w": -0.1562267665884206, "b": -0.008289775451014392}