{"w1": -0.05078614342445, "w2": 0.9224011281514656, "b": 0.04914038245789564}