{"w": 0.04262490006869613, "b": -0.012645845140400094}