{"w": -0.019671010233686656, "b": 0.005764984031417605}