{"w": 0.4313125281792534, "b": 2.1635208021235537e-16}