{"w": -0.438314483845334, "b": -3.223263806286054e-17}