{"w": 0.08391227712024453, "b": -1.8239016455373502e-17}