{"w": 0.10372063971205667, "b": 0.0004186438458885725}