{"w": -0.8431972012291912, "b": 0.019564957190537354}