{"w": -0.048408139076632495, "b": 9.507588535278778e-17}