{"w": 0.1050957467706967, "b": -1.2334430103739627e-17}