{"w": 0.3896678529661668, "b": -4.911047842403036e-18}