{"cc": 0.8099593749752857, "alpha": 7.323523384574112e-17, "beta": 0.8099593749752858, "mx": -1.5210055437364646e-16, "my": -4.9960036108132046e-17, "sx": 0.9999999999999999, "sy": 1.0}