{"w": -0.23897034466296488, "b": 0.15621345521292337}