{"w": -0.2495317156032383, "b": 0.15656944890357738}