{"w": 0.45887381637826924, "b": 1.858543464149504e-17}