{"w1": -0.6826013799272541, "w2": -0.6164424538659047, "b": -0.07541829669206224}