{"w1": -1.1789698884435413, "w2": -1.191525861892024, "b": 0.08992648635057322}