{"w": 0.34354123773648604, "b": 0.1330505761093489}