{"w": 0.9999999999999996, "b": -1.842970220877759e-16}