{"w": 0.4840424310389088, "b": 0.055945439486476456}