{"w": 0.7493387308346311, "b": 0.04069105901526443}