{"w": 0.9392401313331529, "b": -0.0025642018365810097}