{"w": -0.40973135967444435, "b": 0.02250345055784834}