{"w": -0.4470504595873407, "b": 0.024739038320287336}