{"w": -0.4207127125091501, "b": -1.8683397607206503e-17}