{"w1": -0.6535690473547053, "w2": -0.7901453409724841, "b": -0.006566132709971341}