{"w1": 0.7073462259492059, "w2": 1.9595747289949716, "b": -0.12759217445910057}