{"w1": -0.29392840308412077, "w2": 0.14668343741043363, "b": -1.344770311953552e-17}