{"w": -0.2786133714696141, "b": 0.27602498103991335}