{"w1": -1.4846976076242, "w2": -3.8962489806904883, "b": -0.0028672564545323144}