{"w1": 0.28855577353492207, "w2": 0.6119786245193714, "b": 9.587510539798008e-17}