{"w1": 1.1370076068391726, "w2": 2.6123290026981034, "b": -0.2998578703730097}