{"w": 0.10116550571981661, "b": -0.006739763181307895}