{"w": 0.08540558243838256, "b": 0.10218811620130469}