{"cc": 0.05878770825414384, "alpha": 3.552713678800501e-17, "beta": 0.058787708254143825, "mx": 0.0, "my": 3.552713678800501e-17, "sx": 1.0, "sy": 0.9999999999999998}