{"w": -0.3513888772182143, "b": 0.007214774525315961}