{"w1": 1.58935495646787, "w2": -0.6863318671359074, "b": -0.09215520252356882}