{"w": 0.544848569853392, "b": 0.0032796895487340154}