{"w1": -4.840909012409359, "w2": 1.7479815321828154, "b": 0.050964479638982096}