{"w1": -0.8199098625199138, "w2": -0.2640474764455327, "b": -0.03473131317492978}