{"w": 0.526325493635819, "b": -0.0323772951834856}