{"w": -0.7318779480798584, "b": 0.011605499335148286}