{"w": 0.8570323523825188, "b": 7.549344808550103e-17}