{"w1": -2.4171097559703525, "w2": 0.6418864222461667, "b": -0.06935514215989984}