{"w": 0.70483374943132, "b": 4.479028675161909e-17}