{"w1": 0.3775716811795655, "w2": 0.7460356393028543, "b": 0.006949729806696975}