{"w": 0.6080611214115261, "b": 0.03186922745673937}