{"w": 0.18702477620160454, "b": -0.012387564716599315}