{"w": 0.06203493510081947, "b": -0.004923424309140549}