{"w": -0.5006361045841511, "b": -0.08039410897219501}