{"w": 0.7235681890803466, "b": -2.3779312030311612e-17}