{"w": 0.0707715185678378, "b": 0.12429646369570668}