{"w": 0.22601216402749966, "b": -9.572977643138006e-18}