{"w1": 1.086407473647559, "w2": 0.26630664836146795, "b": -1.0263741291289941e-16}