{"w1": 3.5173011671464245, "w2": 0.9082634400365824, "b": -0.12307744214392499}