{"w": -0.20184543519371256, "b": -1.5075151129518934e-16}