{"w": -0.6021399752096661, "b": -1.673819498971831e-17}