{"w": 0.7926827386357403, "b": 0.009827902509947695}