{"w": -0.899765160932261, "b": -0.005696312934395074}