{"w": 0.590849037835565, "b": 0.05461317018306222}