{"w": 0.5631868620351843, "b": 0.049784240781456615}