{"w": 0.01118525627243635, "b": -6.115660184760766e-17}