{"w": -0.9999999999999996, "b": -1.881828026739641e-16}