{"w": -0.15631318588527662, "b": 0.06048429508628909}