{"w": -0.15633311610125786, "b": 0.06139168552116085}