{"w": -0.1561524383993135, "b": 0.060734212456694775}