{"w": 0.14214800737741998, "b": -0.09299792366735454}