{"w": 0.830187006380446, "b": -2.0277240043020462e-17}