{"w": -0.014232034505581484, "b": 0.20539005080023254}