{"w": -0.22801946291786826, "b": 0.14252667014623274}