{"w1": -3.4307190629076385, "w2": 1.7948940220551879, "b": -0.020846387719358966}