{"w1": -0.8532110529930005, "w2": 0.38799975228019046, "b": -0.004413658623646615}