{"w1": -0.6909854051586249, "w2": -2.4470561179421297, "b": -0.006120084933954896}