{"w": -0.04679585467872158, "b": 0.05537402772183827}