{"w": 0.9376035579518788, "b": -0.0012047170480959728}