{"w": -0.3349782884911088, "b": -1.2633663090956311e-17}