{"w": 0.7968187869566794, "b": -0.0019395829339629907}