{"w": 0.5653217646318481, "b": -0.021239360213891383}