{"w": 0.050228557877348076, "b": 0.1274018917428268}