{"w": -0.411327681200993, "b": -0.03463351224951239}