{"w": -0.33821512421129796, "b": -0.026778885768018117}