{"w": -0.011162887662832244, "b": -0.22061860074683537}