{"w": 0.36602469854571135, "b": 0.010447471374634337}