{"w": -0.5646267688137352, "b": -0.0006083151651095145}