{"w1": -0.6770750313135756, "w2": -0.6162311648589163, "b": -0.037393989972968306}