{"w1": -0.2746825543679997, "w2": -0.5892512854826598, "b": -6.992710591645084e-17}