{"w": 0.9658521276117157, "b": 0.0050087608902595025}