{"w": 0.7175539470301345, "b": 3.273033305770906e-17}