{"w": -0.196638035857392, "b": 0.06564281565851916}