{"w": -0.2266573121260676, "b": 9.059824920369236e-18}