{"w": -0.17178953156420776, "b": 0.011586877386841755}