{"w1": -2.1253923026919903, "w2": 0.7392935781001916, "b": 0.024696420636131464}