{"w": -0.41584287590368124, "b": 0.02251339751431496}