{"w": -0.38618481727452786, "b": -0.22884456865646804}