{"w": -0.26097234041743994, "b": -0.02637449854229428}