{"w": -0.2791655693559692, "b": 0.0024524051970161494}