{"w1": -0.46924379419708817, "w2": 0.36389747387178695, "b": -0.0005719271557058925}