{"w": -0.1670844356974611, "b": -2.358736919691646e-16}