{"w": -0.11597443240760615, "b": 0.08554704398588597}