{"w1": 1.0271261655957324, "w2": -0.4409220249241081, "b": -0.02345651624399281}