{"w": 0.5676487857876155, "b": -2.4540835514890467e-16}