{"w": 0.2100705010852675, "b": -1.2222068334488597e-17}