{"w": 0.2178078570889967, "b": 0.007718185575795403}