{"w": 0.2932773174695174, "b": -0.013351506369036967}