{"w1": 0.6523524873325256, "w2": 0.9428158256971362, "b": -0.0001235829415497259}