{"w1": -0.9321125594237197, "w2": -0.8005535699180943, "b": 0.026503429256497096}