{"cc": 0.41422156901015766, "alpha": -2.697855273382201e-16, "beta": 0.4142215690101578, "mx": 2.2648549702353194e-16, "my": -1.759703494030873e-16, "sx": 1.0, "sy": 1.0000000000000002}