{"w": 0.41380776124890883, "b": -2.6969180588174146e-16}