{"w1": -0.1678876938615903, "w2": 1.0111828754610706, "b": 0.09891834919804723}