{"w": 0.5709519065342858, "b": -0.12139534118802714}