{"w": 0.46260560781700966, "b": 0.09680700749238869}