{"w": -0.29768522341178977, "b": -3.203610114756677e-17}