{"w": -0.17733063315758632, "b": 0.0006589322619996521}