{"w": 0.20721242489912736, "b": -4.730608651346231e-05}