{"w1": -0.4123611562979322, "w2": -0.3044122121062908, "b": 2.393209740670738e-17}