{"w1": -0.2407883238221426, "w2": 0.3663288914586599, "b": -3.085248985561815e-17}