{"w1": -0.20078686797705578, "w2": 0.8478267788644878, "b": -5.2436941945766694e-17}