{"w": 0.3222772399456191, "b": -0.08365448573254562}