{"w": 1.0000000000000002, "b": -4.4408920985006255e-18}