{"w": 0.016517388938313823, "b": -0.1249571929017639}