{"w": 0.19060444446459668, "b": -0.006491096913546587}