{"w1": 0.21927911885662257, "w2": -0.4904220295800699, "b": -0.00410221274684628}