{"cc": 0.3347755081224864, "alpha": 4.037332821248929e-17, "beta": 0.3347755081224864, "mx": -2.4424906541753444e-17, "my": 3.219646771412954e-17, "sx": 1.0, "sy": 1.0}