{"w": 0.676707788797674, "b": 0.0019209272133339228}