{"w1": 0.1125069878342553, "w2": 1.7336754137535428, "b": 0.17664735652461883}