{"w": -0.17785851577883666, "b": -0.4841592639946238}