{"w": 0.7973005410452904, "b": -0.012723563257827166}