{"w": 0.8530284001531562, "b": -0.0006914817492226499}