{"w": 0.7245206815224376, "b": 5.198220766582096e-19}