{"w": 0.47732134582790064, "b": 0.03121624121337707}