{"w": 0.0653115545703987, "b": 7.268797373167267e-18}