{"w": 0.2239251891976123, "b": -0.018868781896042686}