{"w": -0.6799557505951029, "b": 0.15559909547752113}