{"w": -0.527531906091828, "b": -0.003712795559181331}