{"w": -0.7275152360115632, "b": 0.014349860811833723}