{"cc": -0.06085358607265595, "alpha": -3.6662525703721615e-17, "beta": -0.06085358607265596, "mx": -2.375877272697835e-16, "my": -2.2204460492503132e-17, "sx": 0.9999999999999999, "sy": 1.0}