{"w1": 0.37433945463782275, "w2": 2.9688002970342517, "b": -0.5729323334981278}