{"w": -0.648161625288096, "b": 1.7846016613402398e-17}