{"w1": -0.580578039076913, "w2": -0.4065981144361761, "b": -7.214661228863492e-17}