{"w1": 0.34908043663764926, "w2": 0.33956081933314197, "b": 0.017640879299277677}