{"w": 0.18678946235395077, "b": 1.722738940779809e-17}