{"w": 0.1699784107420952, "b": 1.7675325805421544e-17}