{"w": -0.5027526359839039, "b": 0.010063582588893685}