{"w": 0.274376640713866, "b": 5.669186321722014e-16}