{"w": -0.12031182146737984, "b": -0.0022186413748179756}