{"w1": 0.1811403155491901, "w2": 1.436661183416601, "b": -0.14815554722808594}