{"w": 0.4698941277999294, "b": -0.22803930952754317}