{"w": 1.000000000000002, "b": -2.6645352591003722e-17}