{"w": -0.12803685179268778, "b": 0.12233456556927422}