{"cc": 0.2004878494359555, "alpha": 5.416216763481757e-21, "beta": 0.2004878494359555, "mx": -1.1102230246251566e-17, "my": -2.220446049250313e-18, "sx": 1.0, "sy": 1.0}