{"w1": -0.9283576319008138, "w2": -1.3997098810721251, "b": 0.019098469895114274}