{"w1": -1.636553816412042, "w2": 1.217208300758528, "b": -0.221313250897809}