{"w": 0.9487052207871763, "b": 0.0011271117661594832}