{"w": -0.28384837940105173, "b": 7.973304370223818e-17}