{"w": -0.9668096723981636, "b": 8.31336213263116e-17}