{"w": 0.28520365760925825, "b": -1.2336391259974252e-16}