{"w": -0.10429431531676203, "b": -0.026081422894489253}