{"w1": 0.16116414878130483, "w2": 0.44218844446297434, "b": 0.0084050730470072}