{"w": 0.5072378365864698, "b": 5.2461728606319417e-17}