{"w": 0.9627783652271804, "b": 8.966351858182253e-17}