{"w1": -0.41957643651390575, "w2": 0.5425692984715826, "b": 2.017905643957717e-17}