{"w1": -0.3931967338022213, "w2": 0.5009529826960673, "b": 1.8872865425695997e-17}