{"w1": 0.4349303582453034, "w2": -0.03826771979616932, "b": 1.6448623642379086e-17}