{"w1": 0.4870207080958315, "w2": -0.02401333956366891, "b": -0.01655362358806048}