{"w1": 3.468854921064842, "w2": -0.11024909162542516, "b": -0.7025529964295398}