{"w": 0.5059743547769877, "b": -5.917068669605099e-18}