{"w1": -0.49865689930659296, "w2": -0.27042924461744483, "b": -4.03760516568385e-17}