{"w1": -1.5890684149991179, "w2": -0.574969159900489, "b": 0.08102478249795535}