{"w": -0.11054011362562481, "b": 0.2604489538833205}