{"w": -0.31595529862929483, "b": -0.08635275744789218}