{"w": 0.27820842337445195, "b": -0.05224807534435664}