{"w1": 0.38369810538146465, "w2": 0.7000292000727013, "b": 7.630269154007366e-17}