{"w": 0.03220495220207988, "b": 0.1722256251531534}