{"w": 0.10352118627449099, "b": -0.014888810797919778}