{"w1": -1.1952158959202341, "w2": -0.07143298909243086, "b": -0.08539593009523619}