{"w": 0.6218149436032009, "b": 0.06699830467162707}