{"w1": 1.932865069777476, "w2": 4.27024036916991, "b": -0.0003800473056242749}