{"w1": 0.262762904481746, "w2": 0.794050997781187, "b": 9.391504871611215e-19}