{"w": 0.8984308517329254, "b": -0.007817431074402718}