{"w1": -0.06690355954156983, "w2": 0.6541820454718555, "b": -1.1439070256112753e-17}