{"w": 0.5973714505011065, "b": 2.7378862373426845e-17}