{"w": 0.548495604551016, "b": 2.4502918628770243e-17}