{"w": 0.5845710190943232, "b": 0.005434492892075666}