{"w": -0.5046331284161993, "b": 0.009516320801254622}