{"w": 0.05126068038644997, "b": 0.045937192097232425}