{"w": 0.04129491291223641, "b": -1.0165487964222807e-17}