{"w": -0.008886401223044876, "b": 0.2375665223288596}