{"w1": -0.4305567106247094, "w2": -0.5540182050570941, "b": 1.1293903873676052e-16}