{"w": -0.3638956822406313, "b": 0.026310681822761892}