{"w": 0.5440218290068071, "b": 1.6860187519883981e-16}