{"w1": 1.508865670709797, "w2": 0.21384575679416257, "b": -0.03737910187844755}