{"w1": 1.1922299053972731, "w2": 0.1716321437856976, "b": -0.03458313546227722}