{"w1": -0.48685940052832327, "w2": 0.455071752735391, "b": 1.479660856665324e-17}