{"w": 0.018228470740220448, "b": 0.10127582949619546}