{"w": 0.11879265500379904, "b": -0.013328276731140393}