{"w": -0.38241499089106723, "b": 0.0008304979104634368}