{"w": 0.12866717572349295, "b": 0.23449839308832335}