{"w1": -0.06882208452748108, "w2": -2.023369440528439, "b": 0.06249134433808873}