{"w": -0.5220175092624565, "b": -0.005160827828604782}