{"w": 0.8918188011180676, "b": 2.7008670805714117e-18}