{"w": 0.7271466527739587, "b": 0.07402861083386157}