{"w1": 0.48645405020419646, "w2": -0.5182627266972374, "b": 0.0689165364101313}