{"w": -0.05808500114996949, "b": -0.03887719771979735}