{"w1": -0.2207086440027913, "w2": -0.5829344514146495, "b": 9.126965015395054e-18}