{"w": 0.052469921272722556, "b": -1.0797238728271397e-16}