{"w": 0.1485526871160981, "b": 0.07936392030902373}