{"w": 0.21426725744651656, "b": -0.006108658807616877}