{"w": -0.4874277666526552, "b": -0.03418867761807762}