{"w": -0.735336636116544, "b": 0.025513274781316653}