{"w1": -0.6100204889084782, "w2": -0.03227915407834319, "b": 0.018728071170124316}