{"w": 0.35728191701072204, "b": 5.0566377502785536e-18}