{"w": 0.4913019020480095, "b": -7.45827515033785e-17}