{"w": 0.40142048656943935, "b": -0.10415187984313477}