{"w1": 0.6257797403741248, "w2": 0.11529498402508535, "b": 1.2381016316426358e-17}