{"w1": 0.6886569942691244, "w2": 0.10499767666109903, "b": 0.025874284132574824}