{"w": -0.12380791941632585, "b": 0.022105119923764713}