{"w": 0.8006535280808288, "b": -0.009206186510354833}