{"w": 0.6243704798723847, "b": -0.022172206482284098}