{"w": 0.7583212129341246, "b": -0.00030798977811553104}