{"w": 0.27500905672682213, "b": -1.4724322809104492e-16}