{"w": 0.9999999999999993, "b": -1.3919421171237902e-16}