{"w": 0.20376248262650068, "b": 0.18613526941329728}