{"w1": -0.8587336182687741, "w2": 1.5391674044704138, "b": -0.09145769873376573}