{"w1": 1.2446713909185392, "w2": -0.19512362507652423, "b": -0.049849014166249095}