{"w1": -0.7105477938240876, "w2": 1.5526968858304602, "b": -0.00292141457048614}