{"w": 0.015611965255368818, "b": 0.03745749652163798}