{"w": 0.025139111106597223, "b": 0.06162685294088799}