{"w": 0.17148736443740958, "b": -1.1007721006233257e-16}