{"w": 0.16957476273622277, "b": -3.10210476326304e-16}