{"cc": 0.9812908839628036, "alpha": 3.955260305860806e-17, "beta": 0.9812908839628037, "mx": -2.2204460492503132e-17, "my": 1.7763568394002505e-17, "sx": 0.9999999999999998, "sy": 0.9999999999999999}