{"w": 0.8920826217843667, "b": 3.757178172546209e-17}