{"w": 0.27632800259479307, "b": -2.7092184457787307e-16}