{"w": -0.38926959023253, "b": -6.071498603722163e-17}