{"w": 0.336609453641442, "b": -4.297436039106757e-16}