{"w": -0.732678963762447, "b": 0.10208059690862803}