{"w": 0.04518119027552921, "b": 0.14870805795409905}