{"w": 0.4977914785181512, "b": 0.0016179644506254809}