{"w1": 0.45268073319965224, "w2": 0.37141361253526933, "b": 1.0992548939351997e-17}