{"w1": -0.08872205080224453, "w2": -1.0057028113669293, "b": -0.021292430017859403}