{"cc": -0.281804673648595, "alpha": -8.882728253358106e-17, "beta": -0.28180467364859507, "mx": -4.829470157119431e-17, "my": -7.521760991835435e-17, "sx": 0.9999999999999999, "sy": 1.0}