{"w": -0.30420692615414147, "b": 0.14189107578452873}