{"w1": -15.702165617944447, "w2": -69.18970972177006, "b": 4.81552363182678}