{"w1": -0.4963379070765534, "w2": 0.4443733326638944, "b": -4.2966637761521035e-17}