{"w": 0.0382116963470556, "b": 0.17482534213243842}