{"w": 0.19129546909410702, "b": -7.067220665675657e-17}