{"w": -0.7575932496978228, "b": -0.03220098449977034}