{"w": -0.7853438055309098, "b": -0.01204234092946023}