{"w": 0.16838114513363459, "b": 0.08559887607716304}