{"w": 0.0819230990609797, "b": 0.05593950043029213}