{"w1": -0.1709192462350695, "w2": -2.253716318082958, "b": 0.005562874302023256}