{"w1": -0.046561406916945214, "w2": 0.7756772062992706, "b": 0.009798990898695544}