{"w1": 0.6125421421332806, "w2": 2.9913729330790035, "b": -0.5591993936691353}