{"w": 0.2869708643940342, "b": 0.00901720050299319}