{"w": 0.2862057718157376, "b": 0.04013524400264967}