{"w": 0.22196884957446192, "b": 0.008073183984338773}