{"w": -0.5691973789220011, "b": -1.3936766928856146e-16}