{"w": -0.21483204529904987, "b": -6.470528961256283e-17}