{"cc": 0.9764720061884441, "alpha": -1.8442803012232009e-16, "beta": 0.9764720061884443, "mx": 2.7755575615628914e-16, "my": 8.659739592076221e-17, "sx": 0.9999999999999998, "sy": 1.0}