{"w": -0.9460653861068252, "b": -1.5183845643741368e-17}