{"w": -0.6411722870826536, "b": -0.04112882169565571}