{"w1": -0.482469037445221, "w2": -0.7800140356883727, "b": -0.010109198667586135}