{"w": 0.8657242810500815, "b": 3.4620934114253497e-18}