{"w": 0.5791103504437529, "b": -0.1081915643825151}