{"w1": -0.4570000420059212, "w2": -0.465229586267747, "b": -3.3880003077023095e-17}