{"w1": -0.6319521266287903, "w2": -0.7076733577562062, "b": 0.006748770572428168}