{"w1": -0.39318375920397364, "w2": -0.6906555260515793, "b": -0.014533900593529617}