{"w": 0.2819170895625354, "b": 0.0884034630911044}