{"w": -0.46774325303281666, "b": 1.2558056709676557e-16}