{"w1": -0.5549426891827448, "w2": -0.5493934345153525, "b": -0.037215285745824306}