{"w1": -0.40643487446391946, "w2": -0.4966944271556212, "b": -0.0004067746799591831}