{"w": 0.9697901240647019, "b": -0.0016142768393082548}