{"w": -0.45633069410626953, "b": -0.11960855520975922}