{"w": 0.7154820982055277, "b": 0.0007543607081576444}