{"w": 0.7728497116611589, "b": 1.4720815709632683e-17}