{"w": -0.6518944658356297, "b": 0.004690968668109141}