{"w": 0.5992979416763103, "b": -0.10581686934220647}