{"w": 0.0972224227119077, "b": -0.09273960171663613}