{"w": 0.20092862867707342, "b": 6.983766768114611e-17}