{"w": -0.27516121758413686, "b": 0.006337166528678849}