{"w": -0.26221890840675893, "b": 0.006286855552928267}