{"w1": -0.736594262306246, "w2": -0.27935219641893777, "b": -0.07974603356217694}