{"w": 0.09040362834848809, "b": -0.06835303071824003}