{"w": 0.44495020265816515, "b": -0.06614140238727809}