{"w": 0.38311721425310596, "b": 0.1719002869217863}