{"w1": -1.5707295797516383, "w2": 1.71008353737963, "b": 0.2892238871265943}