{"w": -0.24255361936461106, "b": 0.032190675257618255}