{"w": 0.20834313819721242, "b": -1.2157007433159254e-16}