{"w": -0.5065056135872691, "b": -0.1547560244278819}