{"w": -0.4722822668738984, "b": -0.02175497811094849}