{"w": 0.5494297654175799, "b": -3.851587572861317e-17}