{"w1": 0.9747445058990425, "w2": 0.23343136363591516, "b": 0.03993183459048946}