{"w1": 0.6847621475418725, "w2": 0.08880618533241037, "b": 0.0014356112579459387}