{"w1": -0.8433432645904384, "w2": 0.03153326350232581, "b": -0.019617371941868578}