{"w1": -0.6283333930116553, "w2": -0.16391582190463574, "b": 1.4560060565110485e-18}