{"w1": 0.3900327058783321, "w2": 0.487903780358913, "b": -2.938620221723708e-18}