{"w": 0.2748399603334692, "b": -0.005230808014624014}