{"w": -0.39845058254629995, "b": 1.0423009025322793e-16}