{"w": 0.41533102240203, "b": 2.86600013872689e-17}