{"w": 0.41261365850744286, "b": 0.002931597074162129}