{"w": -0.08580609908027607, "b": 0.055714566928658914}