{"w1": 0.43487188942673344, "w2": -0.15580407102680646, "b": -2.1271698518827813e-18}