{"w1": 2.2876626971825322, "w2": -0.3850556445558143, "b": -0.029470667873424602}