{"w": 0.47427684250009877, "b": -0.011188252368706538}