{"cc": 0.016701932544512584, "alpha": 1.333380201754187e-16, "beta": 0.01670193254451258, "mx": -6.661338147750939e-18, "my": 1.3322676295501878e-16, "sx": 1.0, "sy": 0.9999999999999999}