{"w": 0.025333376893233783, "b": -0.02218493007107094}