{"w": 0.5086370549738177, "b": 0.0032375076646849743}