{"w": -0.5100916377590948, "b": -2.8468540946658146e-18}