{"w": 0.15686466386348547, "b": 5.916850986739214e-17}