{"w": 0.273103813673267, "b": -8.681179598535096e-18}