{"w": 0.26917646763918185, "b": -0.013562146520613643}