{"w": 0.3381073430994831, "b": 0.0576246051862949}