{"w1": -0.8773812299746949, "w2": -1.0197480485239796, "b": 0.08001165996957427}