{"w": 0.011465566833077843, "b": 1.5574945685473346e-17}