{"w": 0.4673892595176148, "b": -3.178607255154267e-17}