{"w": 1.0000000000000004, "b": 1.1851630787873547e-16}