{"w": 0.16424057042067777, "b": 9.253568574927204e-17}