{"w": 0.7035482672918829, "b": 0.005053780833157141}