{"w": -0.4835680383853041, "b": 0.09204524428988309}