{"w": -0.9999999999999996, "b": 8.881784197001211e-18}