{"w1": -0.19431689991843454, "w2": 0.561882528504544, "b": -0.013332644513472519}