{"w": 0.9758209875875732, "b": -1.2542274487682994e-16}