{"w": 0.38937933091267884, "b": 0.020405252413187802}