{"w": 0.4300419584205806, "b": -0.012603018290999423}