{"w1": -0.38731220098917446, "w2": -0.29200091231716535, "b": 2.2553533864959482e-17}