{"w": 0.4341904455444152, "b": 0.015229349319073382}