{"w": 0.4234177684510491, "b": -0.0008080389644747009}