{"w": -0.11582483882355121, "b": -0.036961466490755934}