{"w": 0.9900990099009905, "b": 1.755471455768689e-17}