{"w": 0.9535340875924283, "b": 0.006479334148879441}