{"w": 0.16422007614137188, "b": -0.2535900317143915}