{"w": 0.28212830841439085, "b": 7.857168182961491e-17}