{"w": 0.23495392067205392, "b": -0.01615891630486982}