{"w1": -4.788342633759402, "w2": -1.2297441348396267, "b": -0.46221184612209565}