{"w1": -1.0096441482846041, "w2": -0.7838467525144927, "b": 0.04892656311359834}