{"w1": -0.8332311130026191, "w2": -0.6125117440043486, "b": 0.012989900511235107}