{"w": 0.4945231614964336, "b": 8.21200207490087e-17}