{"w": 0.46978458872916395, "b": -0.008038807198604737}