{"w": -0.39180907943183285, "b": 1.3662302337439691e-18}