{"w": 0.41920762672464196, "b": -0.002275979059898736}