{"w1": -0.6903251835207412, "w2": 2.83324344447527, "b": 0.08733886985844086}