{"w": 0.6678581634054388, "b": -5.359298463400027e-18}