{"w": 0.0988622207023327, "b": 0.0653942757190957}