{"w": 0.2039237171482764, "b": -0.18742598437309654}