{"w1": -2.0421994583695313, "w2": 0.21028145355679825, "b": -0.0012870149204590696}