{"w": -0.2698378064768054, "b": 3.256638056117847e-17}