{"w": 0.3937737272681561, "b": 5.00289505514102e-17}