{"w": -0.5340498231489731, "b": 0.02456984583868055}