{"w": -0.4849185246053927, "b": 0.06755560707296432}