{"w": 0.18469222899970106, "b": 0.08443819370297723}