{"w": 0.18273586435084238, "b": -0.004135977579185837}