{"cc": 0.2505432997501418, "alpha": -4.71893040177042e-17, "beta": 0.2505432997501417, "mx": 8.881784197001253e-18, "my": -4.496403249731884e-17, "sx": 1.0, "sy": 0.9999999999999999}