{"w1": 0.5602190664894078, "w2": -0.32868470618838275, "b": -6.981699295770646e-17}