{"w1": 0.5728915983356829, "w2": -3.389030039598073, "b": -0.13613301639569098}