{"w": 0.3016564608820152, "b": -8.186757389912854e-17}