{"w": 0.44934171347992424, "b": -0.0658884669558335}