{"w": 0.4287940571902283, "b": 0.005655788283219311}