{"w": 0.4645905350598416, "b": -6.371988670614785e-17}