{"w": 0.4265785821913091, "b": -6.359328147029101e-17}