{"w": -0.08355263625491885, "b": -3.4422757167049733e-17}