{"w": 0.31058802814755554, "b": 0.13397485053530978}