{"w": 0.021439252300321177, "b": 0.17927201577178214}