{"cc": -0.34951251667584915, "alpha": -1.4271213401782616e-16, "beta": -0.3495125166758492, "mx": -1.4432899320127036e-17, "my": -1.376676550535194e-16, "sx": 0.9999999999999998, "sy": 1.0}