{"w": -0.46926935727536123, "b": -0.05306141650055428}