{"w": -0.3449166378282875, "b": 1.1790938723928834e-17}