{"w": -0.3367403408828537, "b": 0.00696684671510683}