{"w": -0.31854887164926, "b": 0.006447081159591999}