{"w1": 0.31236589626368755, "w2": 1.2714336751682602, "b": -0.0007393722895048067}