{"w": 0.056170248988711646, "b": 0.01141621398360803}