{"w1": 1.4401280987921468, "w2": 0.3269862900591269, "b": 0.0857180058647493}