{"w": 0.0006808414441193389, "b": 1.8204331706124093e-16}