{"w": -0.03297798843541509, "b": -1.593476992744665e-16}