{"w": -0.7975318583568369, "b": 0.15251990578023655}