{"w": -0.10374825116629684, "b": 1.508165380607238e-16}