{"cc": 0.8854828324440097, "alpha": 6.476536045042315e-17, "beta": 0.8854828324440096, "mx": -3.552713678800501e-17, "my": 3.3306690738754695e-17, "sx": 1.0, "sy": 0.9999999999999999}