{"w": 0.8883728049622406, "b": -0.0005937029269743321}