{"w1": 0.21688844632643298, "w2": 0.8158440402914879, "b": -0.0010053412033941183}