{"w1": -4.452321484973249, "w2": 0.8776829739013131, "b": -0.3407377711165116}