{"w": -0.2373180651603543, "b": 0.0066587277049442156}