{"w1": -0.37439242155206404, "w2": 0.4000108710634511, "b": -0.00018473592597412214}