{"w1": -0.9341378101095954, "w2": 0.8332333982639881, "b": -0.007531746371732543}