{"w1": 8.538740305046227, "w2": -7.845173552990765, "b": -0.624844323469185}