{"w": 0.20654293509749175, "b": 0.23320051292191152}