{"w1": -1.4332089355291469, "w2": 0.2684623947453216, "b": -0.13104370745705615}