{"w1": -1.1434993340838837, "w2": 0.19726972991470673, "b": -0.12631305218492112}