{"w": 0.24245769861683272, "b": 0.41482702495867524}