{"w1": 27.36703178023582, "w2": 24.835931135433245, "b": 10.37724755207059}