{"w1": 0.5733927665766776, "w2": 0.5132494253116857, "b": 9.860098324252463e-17}