{"w": 0.19888186795251755, "b": -0.008216753535631355}