{"w": 0.4958981053610045, "b": -0.026614728380597773}