{"w": 0.004662831016003793, "b": -0.31644635506510355}