{"w": -0.2019191152889046, "b": 0.05982820848806985}