{"w": -0.42050325360448404, "b": -0.038597039303198626}