{"w": 0.8118243844365287, "b": -0.00626737550950116}