{"w1": -0.6467806928599886, "w2": -3.500222103891878, "b": 0.030949048252742903}