{"w1": -0.15560012741015436, "w2": -1.040266854062442, "b": 0.0018619730556136745}