{"w1": -0.9767719383536267, "w2": 0.009561225584685645, "b": 0.044671812117619586}