{"w": -0.8832274656257441, "b": 2.1415878086546175e-16}