{"w": -0.961930903156751, "b": 2.30323779031315e-16}