{"cc": -0.017048476886472264, "alpha": 3.558143531206259e-16, "beta": -0.017048476886472264, "mx": 1.6209256159527285e-16, "my": 3.530509218307998e-16, "sx": 1.0, "sy": 1.0}