{"w": 1.0000000000000127, "b": 1.271205363195819e-16}