{"w": 0.023340765592678562, "b": 1.3268031548142877e-17}