{"w1": -0.07797070504228315, "w2": -1.2809988222808066, "b": -0.058387363580054204}