{"w": -0.8821587226547495, "b": -0.007381214478392337}