{"w": 0.6500133119448172, "b": -0.0541467434678321}