{"w": 0.8794620968877991, "b": -0.0030497994914024163}