{"w": 0.42279467497101814, "b": 0.07099175946426378}