{"w": -0.19247585145874024, "b": 0.11554775099520612}