{"w1": -0.14644466686113408, "w2": 0.6437729233423823, "b": 5.32572174712993e-17}