{"w": 0.014059443205208537, "b": 0.05462075316037546}