{"w1": -0.8174256892499038, "w2": -0.6293586284920653, "b": -0.014792073984466584}