{"w": -0.017996157580865497, "b": -0.004225473014924092}