{"w": 0.7478293276489735, "b": -1.8731398644914975e-17}