{"w": 0.4687856393756774, "b": -0.1391419664439454}