{"w": 0.9999999999999973, "b": -6.328271240363387e-17}