{"w": 0.12183662472029969, "b": 0.029637346420960622}