{"w": 0.2987637428417536, "b": -8.541292250159851e-17}