{"w": 0.31806364636314083, "b": 0.02708259981412386}