{"w": 0.6784969594697982, "b": -0.13999612645447326}