{"w": 0.32341091428436286, "b": -0.05884992705729949}