{"w1": -212.8547206884771, "w2": -171.61572372515244, "b": 13.096280844502195}