{"w1": -1.0046930563828438, "w2": -0.7639445272176143, "b": -0.005956680084176512}