{"w1": -0.7472234659947002, "w2": -0.10748599720432873, "b": -0.0063926489996989355}