{"w": 0.4966597575095414, "b": 0.009044256649067217}