{"w1": 0.15881700288448697, "w2": 2.1649099809567396, "b": 0.11235199811245801}