{"w": 0.0859519660800298, "b": -0.16975385516429323}