{"w": -0.5084072115884798, "b": 0.002250789474339214}