{"w": -0.9524460065411261, "b": -0.007788420957957646}