{"w": -0.9468601899299041, "b": 1.8519809174643493e-17}