{"w1": -0.16616236556836594, "w2": -0.7614933248127947, "b": -1.320596623404958e-17}