{"cc": 1.0, "alpha": -3.025357742103551e-17, "beta": 1.0, "mx": -1.7763568394002505e-17, "my": -4.801714581503802e-17, "sx": 1.0, "sy": 1.0}