{"w": 0.9090909090909091, "b": -3.1868447275035744e-17}