{"w": -0.32742029523160227, "b": -2.189127141147598e-16}