{"w": -0.02255465415175865, "b": 6.617722737875122e-17}