{"w": 0.1267094422010264, "b": 0.022262513395017915}