{"w": -0.41831743702608876, "b": -0.00255094576629265}