{"w": -0.36446634194625926, "b": 0.006406893838911305}