{"w1": 0.305809095325821, "w2": 1.1554366460860983, "b": 0.029943265800514356}