{"w1": 0.300720371150869, "w2": 0.5849431953301643, "b": 0.02428630068821077}