{"w": -0.09984741023244954, "b": 2.95757653865251e-16}