{"w": -0.48125739540155604, "b": 0.05818603912839041}