{"w": 0.7035357153179583, "b": 0.012305636748872506}