{"w": 0.5901026363269888, "b": -4.040340879959055e-17}