{"w1": -0.1908854219726075, "w2": 1.0830010386832283, "b": -0.0063431291568363714}