{"w": -0.7832850810398104, "b": -0.021252606159263953}