{"w": -0.3979831347920893, "b": 0.0057645559750326555}