{"w": -0.18070600059355657, "b": 0.08828669637529851}