{"w": 0.03793570152950654, "b": 0.050278335804599374}