{"w": 0.017368800897596848, "b": 0.03991247666362785}