{"w": -0.4097190369548722, "b": -0.19708695049806868}