{"w1": -0.7015048943794231, "w2": 0.04442689075854013, "b": 0.04176839024410481}