{"w": 0.3412609795459699, "b": -0.18217638513908552}