{"w1": 0.283032579769632, "w2": -0.5531046437282093, "b": 3.17492169271353e-17}