{"w": -0.058112237067328314, "b": 0.09377354088260145}