{"w": -0.2652687733266479, "b": -0.06972766901006987}