{"w": -0.0561771728847532, "b": 0.0074841049145287315}