{"w": 0.0031397723806631246, "b": -0.0013571805696944673}