{"w": -0.05880618168076554, "b": 0.04139447083938858}