{"w": 0.786097525764284, "b": 4.1588687821059375e-18}