{"w1": 0.0007501330075638007, "w2": -0.6962277017220257, "b": -6.202402147340808e-17}