{"w1": -0.11912548274479465, "w2": -2.199156728312969, "b": -0.5440765866134195}