{"w": 0.13484432874954394, "b": 0.0007212301048949612}