{"w1": 0.3165010032089797, "w2": -0.4200301793384983, "b": 1.8730277184189087e-17}