{"w": 0.08218722039937595, "b": -0.12785534870482249}