{"w1": -0.4287468172545483, "w2": -0.5511591773427968, "b": 2.6344292638760363e-16}