{"w1": -0.7020368464149994, "w2": -0.9633150062832, "b": -0.00019429409229416994}