{"w": -0.6003304315929181, "b": -3.6213814357481296e-17}