{"w": 0.45507213426213333, "b": -0.1348946557048564}