{"w": -0.16710537681477067, "b": 0.0020416598135660985}