{"w": 0.07468923505209615, "b": 1.3539188876785537e-16}