{"w1": 0.8903741052232736, "w2": -0.34828370116286345, "b": -0.40127704408118864}