{"w": -0.1579534655915971, "b": 0.016444953533860357}