{"w1": -0.7323372001762879, "w2": -0.5715101452707426, "b": 0.08419942923268654}