{"w1": -0.8410230305512474, "w2": 0.7424270801037708, "b": 0.043115883911388375}