{"w": 0.4276496546980086, "b": -0.02431816270955439}