{"w1": -0.07363932553229424, "w2": 1.4700096678279724, "b": -0.11415806574863982}