{"w": -0.5436903207475502, "b": 0.021682616100053065}