{"w": -0.1285110994620842, "b": -0.06951552243616457}