{"w": -0.11233386628916231, "b": -0.04610329837466097}