{"w": 0.3393859330323775, "b": 1.5888284776120233e-16}