{"w1": -0.19063366102136098, "w2": -0.7393431587693934, "b": 5.2327250084766057e-17}