{"w": 0.06668057162150104, "b": -0.0019530584046617734}