{"cc": 0.44217477992088916, "alpha": -3.08974846394911e-17, "beta": 0.4421747799208891, "mx": -2.55351295663786e-17, "my": -4.218847493575595e-17, "sx": 1.0, "sy": 0.9999999999999999}