{"w": 0.4143900976202872, "b": 7.744563846572198e-17}