{"w1": 4.103706755730955, "w2": 0.41935752110026486, "b": 0.8250630898460476}