{"w1": -0.426524367304994, "w2": -0.5638172694428424, "b": 2.438978972454689e-16}