{"w": 0.7883817723267984, "b": 0.0002426845854969304}