{"w": -0.2093685986875939, "b": 1.6729772698702223e-17}