{"w": -0.22802520649143893, "b": 1.6439790761069e-17}