{"w": -0.3596180742390905, "b": -0.05083750050046737}