{"w": -0.4580985428662477, "b": -0.004858118541524941}