{"w1": -1.0888148800661595, "w2": 0.4010122070757556, "b": -0.08807358899230064}