{"w": 0.7271057092709577, "b": -0.020151403267877527}