{"cc": -0.5367801509745596, "alpha": 9.169840003221578e-17, "beta": -0.5367801509745596, "mx": 1.9151347174783951e-16, "my": -1.1102230246251566e-17, "sx": 1.0, "sy": 1.0}