{"w1": -0.4552311599515359, "w2": -0.5351656465140487, "b": -4.729168192832086e-17}