{"w": -0.4706915949684159, "b": 0.0074022793742948055}