{"w1": 0.04278450566654617, "w2": 0.8169245508985461, "b": 6.34862103920818e-17}