{"w1": 0.5245138161728276, "w2": 1.0442968831062875, "b": 0.003574150471425671}