{"w": -0.12615228765325048, "b": 0.025717696247049015}