{"w1": -1.5087592962387975, "w2": 0.3187043953751175, "b": -0.26815593078439315}