{"w1": -1.4759515423154348, "w2": -1.1260646642248924, "b": 0.02529172073475218}