{"w": 0.2050878095117442, "b": -0.010385218231882473}