{"w": 0.2175975123137697, "b": 0.12429649789201215}