{"w1": 2.369245796427981, "w2": -0.7602837742818005, "b": 0.3992179897956087}