{"w": -0.9556725116237405, "b": 0.00187925568978026}