{"w": 1.0000000000000007, "b": 1.387778780781447e-17}