{"w": -0.05312884277244795, "b": 0.005864815082597262}