{"w": -0.5419372656453809, "b": 0.034056212457197296}