{"w": -0.5706058482566622, "b": 0.030218494181319135}