{"w": -0.42023971008154454, "b": 0.10182184521546335}