{"w": -0.4374405218390134, "b": 0.08023271102240567}