{"w": 0.21341573809469314, "b": 3.0774833316628936e-17}