{"w1": -1.3641988009646633, "w2": -0.8631694663177732, "b": 0.014247262961927798}