{"w": 0.8188425196494404, "b": 0.01903502352600635}