{"w": -0.35750098450224144, "b": 2.7605719553679757e-17}