{"w1": 0.49549243192396725, "w2": -0.43429244653941207, "b": 2.2188495026409266e-17}