{"w1": 2.440909691072051, "w2": -0.33530332878748764, "b": -0.1167700160340431}