{"cc": -0.037470687050189355, "alpha": 5.706338065537788e-17, "beta": -0.03747068705018936, "mx": 7.105427357601002e-17, "my": 5.440092820663267e-17, "sx": 0.9999999999999999, "sy": 1.0}