{"cc": 0.6249399555515003, "alpha": -2.6995906376778223e-16, "beta": 0.6249399555515003, "mx": 5.545564008002657e-16, "my": 7.66053886991358e-17, "sx": 1.0, "sy": 1.0}