{"w1": 0.38873866495866144, "w2": 0.42725579759991805, "b": -2.986896228793362e-17}