{"w1": 0.35462077632350786, "w2": 0.38958954097026627, "b": -2.724898554070818e-17}