{"w": -0.1652472878166274, "b": -0.030363635146735384}