{"w": 0.9859964595002106, "b": -0.0007497501615830182}