{"w": -0.1601823790578701, "b": 0.02515445787530246}