{"w": 0.5093700242715754, "b": 0.03734236650185052}