{"w": 0.9999999999999999, "b": -7.854827899222983e-17}