{"w": 0.9763330836463114, "b": 0.0047861832714929655}