{"cc": -0.009247593696270227, "alpha": -2.382865752623118e-16, "beta": -0.009247593696270227, "mx": -1.5543122344752193e-17, "my": -2.381428387820961e-16, "sx": 0.9999999999999999, "sy": 0.9999999999999998}