{"w": 0.5088345765842931, "b": 0.025985127186598105}