{"w": 0.49704149981031165, "b": -2.8846091070080374e-17}