{"w": 0.590497247074577, "b": 9.655431612161194e-17}