{"w1": 1.468443391094357, "w2": 0.41861037555553043, "b": 0.1921822964052278}