{"w": 0.2781742797848558, "b": 0.06544208678665626}