{"w": 0.3500266486571771, "b": 5.827635370935005e-18}