{"w": 0.7876561461386576, "b": -0.004750271145351509}