{"w": 0.7387662923899698, "b": -0.05352642628069844}