{"w": 0.5081268463777123, "b": 0.023230495061178025}