{"w": 0.5679659669605432, "b": -0.0062968351171823304}