{"w": 0.26213788285580003, "b": -0.012698326844494245}