{"w": -0.3622777227188786, "b": -0.0341985222020628}