{"w": -0.6647813422804836, "b": -0.008376079132163294}