{"w": -0.7018391460753668, "b": -0.08093790965901529}