{"w": -0.6361090615499766, "b": 0.004963064549757749}