{"w": 0.9605562674196637, "b": -0.011354441036161832}