{"w1": 1.7184766125157172, "w2": -1.3612661108000195, "b": -0.04335022364713928}