{"w": 0.09158968088114035, "b": 1.660191941498051e-16}