{"w1": 0.31986425873698554, "w2": 0.9049148796363924, "b": -0.0018841973949826761}