{"w": 0.02116101257145608, "b": -0.033845457411284474}