{"w1": -1.2371149489207651, "w2": 0.39052709507750594, "b": 0.010935559769601729}