{"w": -0.2467654475195212, "b": -0.07724481763589423}