{"w": 0.6564776687751402, "b": -0.0354343144329976}