{"cc": 0.09504945716552779, "alpha": -3.98844929754883e-17, "beta": 0.09504945716552782, "mx": -1.176836406102666e-16, "my": -5.10702591327572e-17, "sx": 0.9999999999999998, "sy": 1.0}