{"cc": 0.5118580505623257, "alpha": -3.7681757433448003e-17, "beta": 0.5118580505623257, "mx": -5.551115123125783e-18, "my": -4.052314039881821e-17, "sx": 1.0, "sy": 1.0}