{"w": 0.8981123071156342, "b": 0.0072258647943242715}