{"w": 0.47990258469073677, "b": -0.0050787845724228654}