{"w": -0.37298122905728043, "b": -1.3216996708834476e-16}