{"w": -0.09032702977419486, "b": -0.08896618797514312}