{"w": -0.13838214732861934, "b": 3.444604368748641e-18}