{"w": 0.5004278563193177, "b": 1.3992800244147251e-16}