{"w": -0.07748872628717866, "b": -0.03656041319873276}