{"w": 0.5059523529041401, "b": 0.0027730794078161276}