{"w": 0.5853008249438088, "b": 0.05761363952154619}