{"cc": -0.37285036605789146, "alpha": 6.851331345485661e-17, "beta": -0.3728503660578914, "mx": 1.9984014443252817e-17, "my": 6.106226635438361e-17, "sx": 1.0, "sy": 0.9999999999999999}