{"w": 0.6632738833917372, "b": -0.03533713903927267}