{"w": 0.9729890647634954, "b": -0.010974235561326762}