{"w": 0.484495222231763, "b": 0.1357734491876451}