{"w": 0.29691638027486555, "b": 0.19582289922696094}