{"w": 0.32984717744279096, "b": 0.15435390613218264}