{"w": -0.6725286396838845, "b": 0.06508502192881715}