{"w": 0.15006116361472022, "b": 4.1911258705866315e-17}