{"cc": -0.5626183743191431, "alpha": 1.7695519958288728e-16, "beta": -0.562618374319143, "mx": 1.1324274851176597e-16, "my": 1.1324274851176597e-16, "sx": 1.0, "sy": 0.9999999999999999}