{"w": 0.17389403999442518, "b": 0.015964006080597122}