{"w": 0.17305440824030505, "b": 0.015796497249720685}