{"w": -0.223620727645357, "b": 4.840917082742606e-17}