{"cc": -0.4120563168292888, "alpha": 4.881855096323168e-18, "beta": -0.4120563168292889, "mx": -5.551115123125783e-17, "my": 2.7755575615628914e-17, "sx": 0.9999999999999998, "sy": 1.0}