{"w1": -1.0358947527880467, "w2": -0.034388251713858446, "b": 0.024733817505080666}