{"w": 0.7651556899413955, "b": -8.059881850065122e-18}