{"w1": -0.2217944923123825, "w2": -1.7975693080783888, "b": -0.08536498934244319}