{"w1": 0.7248199351036094, "w2": 1.907245474185729, "b": 0.016373763462426263}