{"w": 0.12016453346034857, "b": 0.21495225257008047}