{"w": 0.3902981126430379, "b": -0.004605834344312255}