{"w": -0.4996361078260021, "b": -5.718012178142605e-17}