{"w1": 0.7403934097103548, "w2": -0.10274276073464914, "b": -4.5954344069917974e-17}