{"w": 0.6213788950028751, "b": -0.2698880893179084}