{"w1": 0.7080061740754412, "w2": -0.023367987146635086, "b": 0.017807502094518902}