{"w": 0.3103496530965376, "b": 2.3658619390130224e-17}