{"w": -0.1412135139649381, "b": 0.16668980963965213}