{"w": -0.9477991651873372, "b": -0.004922626817999072}