{"w": -0.4587764286003734, "b": 0.0946371130020186}