{"w": 0.804733092926451, "b": 0.002089323210012372}