{"w": 0.8767970542691402, "b": -0.0062898139910165796}