{"w": 1.0000000000000002, "b": 3.871902798380233e-16}