{"w": -0.2852926081862652, "b": -0.18210270972241835}