{"w": 0.9062144665331833, "b": -0.010763392033684866}