{"w": 0.8932610621741872, "b": 0.0007511711284855789}