{"w": -0.48997435422101376, "b": 0.007728030569007696}