{"w": -0.4092706021159862, "b": 9.853537386935248e-19}