{"w": 0.07438158452306595, "b": -0.14775382024268072}