{"w": -0.2384389075075135, "b": -1.9717660926766705e-17}