{"w": -0.1607122672466519, "b": 0.2033609386984514}