{"w": 0.8402965979340147, "b": 0.04352959497108881}