{"w": -0.3936202874203256, "b": 0.08896947517502239}