{"w": -0.5642432445310264, "b": -0.02329985428431893}