{"w": 0.26798554357822413, "b": 0.13138115963920974}