{"cc": 0.431993672028295, "alpha": 1.0994812645871007e-16, "beta": 0.431993672028295, "mx": 8.215650382226158e-17, "my": 1.4543921622589551e-16, "sx": 0.9999999999999999, "sy": 0.9999999999999999}