{"w": 0.33249032473117607, "b": 0.07722679312522104}