{"w": -0.005483522900566169, "b": -0.1818588613877975}