{"w1": -1.4684172383703311, "w2": 0.4359500605657908, "b": 0.015326898233466467}