{"w": -0.08754266232411285, "b": 0.16876248624566506}