{"w": 0.009519827184378764, "b": 6.384241212923564e-17}