{"w": 0.004266890250981318, "b": -0.026793366395331045}