{"w": 0.056798210889596544, "b": 0.10498627985366926}