{"w": 0.1856514343889322, "b": 0.06997163218954588}