{"cc": 0.008028637628869219, "alpha": -9.31951457586306e-18, "beta": 0.00802863762886922, "mx": -2.220446049250313e-16, "my": -1.1102230246251566e-17, "sx": 0.9999999999999999, "sy": 1.0}