{"w": -1.0000000000000016, "b": -1.7208456881689927e-16}