{"w": 0.42716187812786466, "b": -0.013488859203834889}