{"w": -0.13551280037565358, "b": -0.02107298651716996}