{"w": 0.9661764682629299, "b": -0.005287545595618062}