{"w": -0.7983528673395518, "b": -0.25136790674354603}