{"w": -0.7026305155170744, "b": -0.1389702702278894}