{"w": -0.05010748808793541, "b": -0.017494684383084606}