{"w": -0.06613266679931536, "b": 4.515260369673281e-17}