{"w": -0.15708514054614003, "b": -0.2572370918364706}