{"w1": 0.48817629342427143, "w2": -0.36669080962366774, "b": 4.047009414723478e-17}