{"w": -0.8999641877700977, "b": -0.006796123376873912}