{"w": 0.34416068456668564, "b": -0.1210403006905046}