{"w": 0.31239029265895024, "b": -5.738087679721666e-17}