{"w1": -0.600946351899825, "w2": 0.7467704231722249, "b": 0.043211406431561045}