{"w": -0.258834895295319, "b": -0.023483052670734056}