{"w1": 0.08158516734976004, "w2": -0.6068462962209081, "b": 0.006741936249789376}