{"w": 0.19863065962065132, "b": 8.410330069232556e-18}