{"w1": 0.8432300993967018, "w2": -0.7988043265551978, "b": -0.008839215445799752}