{"w": 0.3210628779136529, "b": 2.949696378630098e-17}