{"w": 0.24014436850560245, "b": 0.12385732599071536}