{"w": 0.16482889830547512, "b": -1.9378837367195522e-16}