{"w": -0.22065063408417684, "b": -0.021630929955575695}