{"w": -0.17479101823845566, "b": 0.012173856822833744}