{"cc": -0.08153222653790677, "alpha": 1.2208853936455358e-16, "beta": -0.08153222653790677, "mx": 1.9984014443252817e-17, "my": 1.2045919817182948e-16, "sx": 1.0, "sy": 1.0}