{"w": -0.3447045554584371, "b": 3.23796520697515e-18}