{"w": -0.3574139089916253, "b": -0.008228738350220755}