{"w": -0.3767926466578614, "b": -0.0033306455799386996}