{"w": 0.12112829493857037, "b": -0.052405300952579933}