{"w": -0.9999999999999863, "b": 2.2204460492502288e-17}