{"w": 1.0000000000000002, "b": -1.2212453270876717e-17}