{"w1": 0.2890870235268859, "w2": -0.6562006497328227, "b": -1.9945151118969042e-16}