{"w": -0.5679791005734893, "b": -9.46763970939176e-17}