{"w": 0.0014648922385687773, "b": 4.43460374743346e-17}