{"w": -0.07010927794083203, "b": -2.6516022431968543e-16}