{"w": 0.028072545928396808, "b": 0.07918493090784606}