{"w": 0.6450187499968446, "b": -3.6706102046772806e-16}