{"w": -0.1971775325033441, "b": 0.002796047692921445}