{"w": 0.5869978556625187, "b": -0.014894987312289262}