{"w": 0.15733925563961282, "b": -3.626364580393773e-18}