{"w1": 0.15915602511053323, "w2": -2.535113559442399, "b": 0.2574922454865765}