{"w1": 0.8376008306531544, "w2": -0.5280060240903383, "b": -0.0018915615745876656}