{"w": -0.3427214986849435, "b": 0.07636799925951643}