{"w": 0.8926905229214835, "b": 3.3876480059369703e-18}