{"w": 0.7145389196281805, "b": -0.07633868885599332}