{"w": 0.7693263764173123, "b": 0.0036980007350884405}