{"w1": -0.4392399919665684, "w2": 0.8014840906402692, "b": 0.013472138115042998}