{"w": 0.4072865364685669, "b": -0.009535535947431194}