{"w1": -0.21456549596183144, "w2": -0.7943498733621918, "b": 0.004410447104947042}