{"w": 0.8945596064190103, "b": -0.02576731854249591}