{"w": 0.7087590811700891, "b": 0.01185543617962106}