{"w1": 1.3081073594690995, "w2": 0.38357192331336043, "b": -0.2944396619749135}