{"w": 1.0000000000000004, "b": -1.7742751712290783e-16}