{"w": 0.3576674944669414, "b": 0.094041963860229}