{"w1": -1084.8459775420363, "w2": -538.8507059173726, "b": 232.30597024025255}