{"w1": -0.5694874474117072, "w2": -0.4272646847409766, "b": 1.744833650716067e-16}