{"w1": 0.37665883736719413, "w2": 0.6036342954256414, "b": -2.4845210260765046e-17}