{"w1": -0.4201528802610794, "w2": 0.6748144180106754, "b": -0.03502595146112971}