{"w1": 0.0971047966317295, "w2": -0.8282511998674479, "b": 2.237976634314237e-17}