{"w1": 0.7340359286027686, "w2": 0.944275255416208, "b": -0.016834181618655006}