{"w": 0.2930423416664022, "b": -0.10263795916288469}