{"w": 0.29512821777214715, "b": -0.11799597949656504}