{"w": 0.26993296642359266, "b": -0.10308172765261071}