{"w": 0.5857886308698844, "b": 0.017770236756678753}