{"w": 0.5002463809668167, "b": -0.04018180743627243}