{"w": 0.10462886647487486, "b": 0.010614082861939591}