{"w": -0.2838972004145554, "b": -0.013427218379173076}