{"w": -0.2812580157140841, "b": -0.01350637811804434}