{"w": -0.26244343557177346, "b": -0.08747643067542292}