{"w": 1.0000000000000009, "b": -9.436895709313842e-18}