{"w": 0.3242975476949799, "b": 0.058358277873927056}