{"w": 0.028186276701219412, "b": 4.3204818676183696e-17}