{"w": 0.26016878683747674, "b": -0.16418933386073417}