{"w": 1.0000000000000007, "b": 1.543210004228968e-16}