{"w": 0.8428750505319664, "b": -3.397338123589118e-17}