{"w": 0.6891769741800748, "b": 1.2272031361962193e-17}