{"w": 0.5731774487569642, "b": -0.024325599522047325}