{"w": 0.17261387780061913, "b": -0.035716590652478064}