{"w": 0.14157273038391593, "b": 0.04869205057540105}