{"w": 0.5743333196654545, "b": -0.00817741558799061}