{"w": -0.850919903627866, "b": 0.03499846691812616}