{"w": 0.09030497178481152, "b": -2.2139575609895708e-17}