{"w1": 0.6387720460096951, "w2": -0.25438840369666016, "b": 5.0971475473607786e-17}