{"w1": -0.49376188899641477, "w2": -0.7501343285183154, "b": 0.00034468521009702654}