{"w": 0.8169596602001757, "b": 1.2787943620781465e-17}