{"w": 0.8897580457625677, "b": 1.3828532584795392e-17}