{"w1": -0.1117217618838356, "w2": 0.8707604762487707, "b": -5.093052847829004e-17}