{"w1": -0.4165041326490238, "w2": 6.560344035657226, "b": 2.9168304291937694}