{"w": -0.3601073254380671, "b": -0.18757119615515422}