{"w": 0.3066001862309761, "b": 0.026964757631739594}