{"w": -0.628623944401701, "b": 0.00923841341374383}