{"w": 0.09506414995976357, "b": -2.715540580591741e-16}