{"w1": -1.1641460673496398, "w2": 0.03785811363625105, "b": 0.014799736233378796}