{"cc": 0.9744363965577851, "alpha": 3.3635646453236686e-17, "beta": 0.9744363965577852, "mx": -2.042810365310288e-16, "my": -1.6542323066914832e-16, "sx": 0.9999999999999999, "sy": 1.0}