{"w": -0.23307526100445164, "b": -0.05900252902993791}