{"w": -0.19865615016305455, "b": -3.6699147005082365e-17}