{"w": -0.8195765663453164, "b": 0.06833054504867886}