{"w": 0.3962587521596534, "b": -0.013178722359188714}