{"w": -0.7949717608873266, "b": 1.0577195267276444e-17}