{"w1": 0.7884206568817069, "w2": -0.6047990718456362, "b": 0.11451490350658212}