{"w1": -0.6594890370246964, "w2": -0.1386330558831604, "b": 3.4790698378184856e-17}