{"w": 0.5134670851133355, "b": -2.552900770248882e-17}