{"w": 0.3060877459560522, "b": 0.06585425698447324}