{"w": 0.3755805108285713, "b": -0.015951796468975255}