{"w1": -0.33782199505368843, "w2": -0.493988464749777, "b": 6.458467755517933e-17}