{"w1": -3.713181412026833, "w2": -1.9968488706298304, "b": -0.5504084591290802}