{"w": 0.3903272939116884, "b": -0.021617090298973133}