{"w1": 0.5422895723752585, "w2": -0.7945528930668804, "b": -0.08621548496189965}