{"w": -0.2648752222067949, "b": -6.772147719462989e-18}