{"w": -0.248293266700925, "b": 1.1623234375664648e-17}