{"w": -0.2151533302476415, "b": -0.026938398808168507}