{"w": 0.17717699061960135, "b": 1.2738993666543803e-17}