{"w1": 0.046847292991511844, "w2": -0.8514215641497167, "b": 0.0005284373076994836}