{"w": 1.0000000000000004, "b": -1.475555788665873e-16}