{"w": 0.13056820540622752, "b": 7.011714514712427e-17}