{"w1": 4.4679618634741995, "w2": -1.429724265093284, "b": 0.13226759418897083}