{"w": -1.0000000000000013, "b": 7.355227538141616e-18}