{"w": -0.15423111428599834, "b": -0.07052582601202126}