{"w": -0.3539113885214687, "b": -1.0707949278800456e-16}