{"w": 0.3555208583262213, "b": 0.04238244823850577}