{"w": 0.7071964818306726, "b": -2.313137640031923e-17}