{"w": 0.618684530632616, "b": -0.04037170285999114}