{"w": 0.1619352707538086, "b": 0.003911648370101342}