{"w": 0.22798785653854373, "b": -0.09755972810900229}