{"w": -0.024063381324875673, "b": -0.17268768275205224}