{"w": -0.36973255065591437, "b": -0.038476756083838576}