{"w": 0.4443128096996878, "b": -1.49248703362713e-17}