{"w": -0.7113368826866636, "b": 0.015086606070650073}