{"w": 0.10339151941924832, "b": 0.017853765419961462}