{"w": 0.12743285989982406, "b": 0.0006931327285759606}