{"w1": 1.5652982274041385, "w2": -0.7921989048828025, "b": 0.10694717117080356}