{"cc": 0.788690071332623, "alpha": 7.126241207572908e-17, "beta": 0.7886900713326229, "mx": -6.994405055138486e-17, "my": 1.609823385706477e-17, "sx": 1.0, "sy": 0.9999999999999999}