{"w": 0.798546785018584, "b": -0.03532704446229124}