{"w": 0.22801463851512427, "b": -0.09048194957716878}