{"w": 0.07511888507859461, "b": 0.012298643495275385}