{"w": 0.48651702605950664, "b": 0.06815860936892795}