{"w": 0.5019826527561458, "b": 3.685813189676249e-17}