{"w": 0.5114994554232376, "b": -0.02622122718663727}