{"w": -0.18769271636788568, "b": -6.705767713043097e-18}