{"w": 0.743538843673589, "b": 0.11585463319129041}