{"w": 0.39445974511899917, "b": 3.8093257350606525e-17}