{"w": 0.18211762771989026, "b": 4.022722045595402e-16}