{"w": 0.1655614797453548, "b": 4.040551631775419e-16}