{"w": 0.1695953497298556, "b": 0.001144386737221207}