{"w": -0.5792597185123302, "b": -0.0024174589501697943}