{"w": 0.2541949644814027, "b": 3.235039576387689e-17}