{"w": 0.039296343883540794, "b": 6.517138371499349e-17}