{"w": 0.07147581531264331, "b": -0.23364843625958848}