{"w": -0.1161320818287572, "b": 0.2493721368626251}