{"w": 0.03993977602836155, "b": 0.0032077358029060574}