{"w": 0.049970293644742717, "b": 0.06207994624127406}