{"w": -1.0000000000000007, "b": -6.759350024143633e-17}