{"w": -0.12578832178591626, "b": 1.4600749721389113e-17}