{"w": -0.12873033880040416, "b": 0.02637190100617768}