{"w": 0.3879842512632014, "b": 0.11729482532492111}