{"w": 0.40620388449541467, "b": 3.5918749106368415e-16}