{"w": 0.43713040654414514, "b": -0.008938255762677882}