{"w": -0.1765035008591415, "b": 0.022728553197758714}