{"w": -0.18424939552682418, "b": 0.026426056064266405}