{"w": -0.27205171309160114, "b": -0.004986810334633752}