{"w": 0.23862253450120458, "b": 1.2338092961795506e-17}