{"w": 0.22797983846675446, "b": -0.008170164120698174}