{"w": 0.23971706457926514, "b": -0.008989994817519175}