{"w": 0.35306900090414384, "b": 0.00012106932726664533}