{"w": 0.41152032695133867, "b": 1.9257495385605236e-17}