{"w1": 0.12418073026607056, "w2": -0.5327723597196009, "b": 3.1737385239383714e-17}