{"w": 0.05787366041263091, "b": -2.6497872642798664e-16}