{"w": 0.7009259200282447, "b": -0.0006603857235227004}