{"w": -0.1721971212092307, "b": -0.2049978979690591}