{"w": 0.7323503809569791, "b": 0.0007370932026682167}