{"w1": -2.9543340389516337, "w2": -1.1496974658703838, "b": 0.6764177140717356}