{"w1": -1.1361622797746642, "w2": 0.35620437889102036, "b": 0.141674373202667}