{"w": 0.2889813131117356, "b": 0.09235161022646625}