{"w": 0.3735964174885011, "b": 8.440112588608814e-17}