{"w": 0.3732231942942067, "b": 8.439832894944865e-17}