{"w": -0.5299319647240655, "b": 0.03936761341654901}