{"w": -0.5321674769623531, "b": 0.039280631066384894}