{"w": -0.6692829920386952, "b": 2.4171020386929208e-18}