{"w": 0.566751456225874, "b": 0.05300771281831361}