{"w": 0.6198171136541276, "b": -0.041168518673387576}