{"w1": -0.1550944869027006, "w2": 1.2945071167236764, "b": -0.2961642215202346}