{"w": -0.036863820224349496, "b": -2.4261198293798582e-17}