{"w": 0.7651360709363066, "b": 0.022484711735830276}