{"w": 0.6827602055308164, "b": -0.0016831941895024613}