{"w": -0.1062726419759079, "b": -3.744196985376769e-17}