{"w": -0.35234639473784485, "b": -0.18308972721288136}