{"w": 0.30687945500900726, "b": -1.155983514165635e-16}