{"w1": -0.7963246823700031, "w2": -3.0742042067275785, "b": 0.08118583971614746}