{"cc": -0.16715838119989312, "alpha": 5.762902020916853e-18, "beta": -0.16715838119989312, "mx": 5.440092820663267e-17, "my": -3.3306690738754695e-18, "sx": 1.0, "sy": 1.0}