{"w": -0.21484970863936692, "b": -0.0917354566991202}