{"w": 0.9999999999999991, "b": 1.4183099139586356e-16}