{"w": -0.24641050353129612, "b": 0.06174979190090803}