{"w": -0.22253366478527423, "b": 0.08803206901883016}