{"w": 0.6500527854028535, "b": 1.3287886595181722e-16}