{"w": -0.5425430345759401, "b": 0.005136049792613062}