{"w1": -0.046746047025231253, "w2": -2.149817433776636, "b": -0.5349512557682401}