{"w": 0.7676388667095256, "b": -0.041573375078679864}