{"w": 0.7175202947408948, "b": -6.130705618032803e-17}