{"w": 0.5730367824937036, "b": 0.021594007606749635}