{"w1": 0.9669977894113757, "w2": -0.2331983021237633, "b": -0.22715617962987192}