{"w1": 3.330189177386224, "w2": -0.8710195354964478, "b": -1.2872814321599997}