{"w": -0.34173967305586694, "b": 0.014767395310346685}