{"w": 0.4978344440658931, "b": 3.828078584768228e-18}