{"w": 0.4525767673326303, "b": 2.622171830760773e-18}