{"w": -0.5235329312929675, "b": 0.0788455475742843}