{"w1": 0.5843217941025879, "w2": 0.5236061539662827, "b": -7.54886129441686e-17}