{"w": 0.18952274183044654, "b": -8.416500466810042e-19}