{"w1": -0.6940325309040596, "w2": 0.10795783318539072, "b": 0.006875451593886976}