{"w1": -2.082194184682329, "w2": 1.000479732284011, "b": -0.002608712051093892}