{"w": 0.38909550098338297, "b": -0.07482235304401406}