{"w": 0.33095663452674007, "b": -0.047491862801443796}