{"w1": -1.1730325715967809, "w2": -0.5431964624281921, "b": -0.024239304107090364}