{"w": 0.0472763059505712, "b": -2.1197487378991533e-17}