{"w": -0.11539165168757923, "b": -1.6072591452503703e-16}