{"w": 0.5485143364139701, "b": -3.829948333503351e-16}