{"w1": -0.6265246140384634, "w2": -1.404284060376644, "b": -0.06219567096781496}