{"w1": -0.3634074412354732, "w2": -1.0287804223745596, "b": -0.01807647122751781}