{"w": -0.8548668636895953, "b": 1.690015320559231e-16}