{"w": -0.3333764837887224, "b": 0.024501778445088274}