{"w1": 1.1147617177156004, "w2": 0.4982663713889964, "b": 0.13242523236594647}