{"w1": 0.16188399843446258, "w2": 1.6548318986136037, "b": -0.18861163596395605}