{"w1": -0.7245305334809177, "w2": -0.579488064488824, "b": 0.0067525821249256185}