{"w": 0.207057609956679, "b": -9.839042775318477e-18}