{"w": -0.5835167782780736, "b": 0.1173970875571669}