{"w1": -0.21088651890804036, "w2": 0.7570882783631854, "b": 3.6983620885755637e-17}