{"w": -0.024283402258883712, "b": 0.08498093977299528}