{"w": -0.057361138295227286, "b": 0.06673190937938372}