{"w": -0.01254945129500631, "b": -0.013789344353057727}