{"w1": -1.2464793449426712, "w2": -1.4978549970387038, "b": -0.012262044793773425}