{"w": -0.22411248550775387, "b": 0.005183944396522526}