{"w": -0.4097766038850346, "b": 0.026944100482186144}