{"w": 0.3560707900350565, "b": 0.11316970033137116}