{"w": 0.7190654081491084, "b": -9.849442010148008e-17}