{"w": 0.7119459486624832, "b": -9.778304319543572e-17}