{"w1": 0.04028690362153534, "w2": 0.4382664946206663, "b": 6.386468764206638e-18}