{"w1": 0.3603358903597866, "w2": 1.1780237692252962, "b": -0.08712762371161682}