{"w": -1.0000000000000002, "b": 1.962319196024964e-16}