{"w": -0.5254471132253986, "b": 2.0360795318068938e-16}