{"w": 0.004838207300039158, "b": -0.13002779227801595}