{"w": 0.004871827670771618, "b": -0.13003229599016908}