{"w": -0.27598655231086083, "b": 2.2389907637024313e-16}