{"w": 0.5263054551848482, "b": 0.016483523631010015}