{"w1": -0.5634392517349364, "w2": 0.3890869318570832, "b": 0.012717372021650465}