{"w1": -0.284905482689798, "w2": -1.1585544667375192, "b": 0.06152723274303938}