{"w": 0.7533994739603901, "b": -0.0029762108542998344}