{"w": -0.009255329566751014, "b": 0.14134735239521756}