{"w": -0.4947851189758192, "b": 8.522823976010222e-18}