{"w": 0.5670305981562224, "b": -0.07255021587292527}