{"cc": 0.8534419075666566, "alpha": -2.220446049250313e-18, "beta": 0.8534419075666565, "mx": 0.0, "my": -2.220446049250313e-18, "sx": 1.0, "sy": 0.9999999999999999}