{"w": 0.04026164409562775, "b": -0.039248351183480135}