{"w": 0.12283556996715013, "b": 0.03429822461283951}