{"w": 0.3162003956926257, "b": 0.001767563673970146}