{"w": -0.06765473385756615, "b": 6.614488879583402e-18}