{"w": -0.05089009045059793, "b": -0.07886513248737616}