{"w": 0.5900109589430816, "b": 2.346618105392236e-17}