{"w": 0.5560919704729962, "b": -0.16351416207339106}