{"w": 0.5623947349893058, "b": 0.005142054619508474}