{"cc": -0.35138485034717404, "alpha": 2.637548429855293e-17, "beta": -0.351384850347174, "mx": 5.551115123125783e-18, "my": 2.4424906541753444e-17, "sx": 1.0, "sy": 0.9999999999999999}