{"w": 0.9729203384182339, "b": -0.03040498932384351}