{"w": 0.513432583400736, "b": 0.1107067958859561}