{"cc": 0.22999292746056102, "alpha": 7.558401492486516e-17, "beta": 0.22999292746056102, "mx": 4.440892098500626e-18, "my": 7.66053886991358e-17, "sx": 1.0, "sy": 1.0}