{"w": 0.13679665496882543, "b": 0.08811848930380153}