{"w1": -0.85148873768062, "w2": -0.3999730951716049, "b": 0.04423043244749314}