{"w1": 1.7533142659549292, "w2": 1.5339376366785813, "b": 0.08910390583061735}