{"w": 0.20276154114437725, "b": -0.2134186080679577}