{"w1": -1.3675018483127588, "w2": -2.1077863231835563, "b": 0.04950214957470887}