{"w1": -0.6116433376756379, "w2": -0.9671868847398196, "b": -0.007846290955912091}