{"w1": -0.4629996826744959, "w2": -0.731478388897083, "b": 0.003618770163950933}