{"w": -0.1119909525198746, "b": -0.06964971821919412}