{"w": -0.9689988182795837, "b": 0.009733595915770572}