{"w": -0.9956591136046946, "b": 0.018955548915091547}