{"w": 0.7743353427909618, "b": 0.39145635891327346}