{"w": 0.5791333252465908, "b": -0.027635823896693047}