{"w1": 0.9314377644189916, "w2": 0.39771536808731006, "b": -0.043871334126201665}