{"w": -0.42993896929155523, "b": -0.03364868702619801}