{"w": 0.4958324909878475, "b": -4.404339869261692e-17}