{"w": 0.41448741319501964, "b": 0.18466284150358198}