{"w": 0.4691876412716936, "b": -0.08238181504352032}