{"w1": 1.4849218362191998, "w2": 2.531481223735494, "b": -0.07242595200918975}