{"w1": 0.9603779177141814, "w2": 1.5458357237816724, "b": 0.1490994212545807}