{"w1": 0.5032871161545985, "w2": 0.8693184974600638, "b": -0.011606634334841347}