{"w": -0.5554729945435376, "b": -8.881454216909928e-17}