{"w": -0.013754947579331076, "b": 3.716877568480169e-17}