{"w": -0.4322922429633198, "b": -4.088747647620246e-17}