{"w": -0.03885134904580893, "b": -0.0135540759221538}