{"w": -0.05008275815262296, "b": 0.0011172382303373564}