{"w": 0.12413537585056698, "b": -0.007647177993772983}