{"w": -0.11158525203107934, "b": 2.663154285355349e-16}