{"w": 0.49075425437443976, "b": 0.025195752323976084}