{"w1": -0.27517450869291266, "w2": 0.8319281249438598, "b": -0.0414165611557761}