{"w": 0.09866741667339018, "b": -0.0940077165127251}