{"w": 0.033325379506372745, "b": 1.1659112214049331e-16}