{"w1": 1.1853096203017113, "w2": -0.5152021285780295, "b": 0.01394961813488485}