{"w": -0.22350903953840298, "b": -0.014406249106929954}