{"w1": -0.43966720507385376, "w2": -0.5320509531740798, "b": 0.00754615973704667}