{"w": -0.3023223216399896, "b": -0.027282092140785613}