{"w": 0.8301078359114498, "b": 0.002937228022062636}