{"w": 0.18106155918670377, "b": -1.1968720527710413e-18}