{"cc": -0.592903875206551, "alpha": 4.972368767419303e-17, "beta": -0.592903875206551, "mx": 3.3306690738754695e-17, "my": 2.997602166487923e-17, "sx": 0.9999999999999999, "sy": 0.9999999999999999}