{"w": -0.07347248911977408, "b": 0.023652026470526884}