{"w": -0.07282507903960256, "b": 0.023644722107408648}