{"w": -1.000000000000001, "b": -2.3314683517128286e-17}