{"w": 0.5806455093851703, "b": -0.08481467368715086}