{"cc": 0.9604561577128301, "alpha": -6.2564651874455e-17, "beta": 0.9604561577128301, "mx": 3.219646771412954e-17, "my": -3.164135620181696e-17, "sx": 1.0, "sy": 1.0}