{"w": 1.0000000000000002, "b": -6.38378239159465e-17}