{"w1": -0.14724654272366333, "w2": 0.3225099562440264, "b": 8.555942690508803e-18}