{"w1": -1.2250849990924684, "w2": 1.0424508890903195, "b": -0.014869861168714249}