{"w1": -0.4350717783617955, "w2": -0.3987175833201187, "b": -5.3418083411489334e-17}