{"w": 0.4630853939791108, "b": -2.9761409074963975e-16}