{"w": 0.02821667679320656, "b": -0.033316163105354665}