{"w": 0.8094630835953164, "b": -0.006786052902020901}