{"w": 0.6704938342374089, "b": -0.021612223070354035}