{"w": -0.9453454657250293, "b": -0.010240586453993006}