{"w": 0.010493081436846656, "b": 0.06197717257364234}