{"w": -0.014858388388466134, "b": -0.004389618676648826}