{"w": 0.9651242243853219, "b": 0.023157348358880753}