{"w": 0.9773010097626218, "b": -0.011355509351553751}