{"w": 0.9077946224234644, "b": -0.01350978445753652}