{"w": -1.0000000000000007, "b": -7.077671781985371e-17}