{"w1": 0.19376449372666824, "w2": 1.188511642262397, "b": 0.004659614562403425}