{"w1": 0.11234065286593344, "w2": -0.400335911518621, "b": 0.001198715898095143}