{"w": 0.16712372177608004, "b": 0.09187577860673421}