{"w": 1.0000000000000027, "b": -3.6914915568786975e-17}