{"cc": 0.301108594094257, "alpha": -1.021422386952941e-16, "beta": 0.301108594094257, "mx": 5.162537064506978e-17, "my": -8.659739592076221e-17, "sx": 0.9999999999999998, "sy": 0.9999999999999999}