{"w": 0.39092877373898055, "b": -0.5275829983965121}