{"w": -0.22332618214388747, "b": -0.21598462240651836}