{"w": -0.9297908728527019, "b": 6.698411982250346e-16}