{"w": -0.15364402549150294, "b": -0.03721179785231034}