{"w": -0.1676101875660499, "b": -0.10745461945984944}