{"w": 0.9702474280640835, "b": -0.007416509818238031}