{"w": 0.9519979807763316, "b": -0.015041643800407428}