{"w": -0.39300034208085516, "b": 0.22453391871230483}