{"w": -0.24298856003910768, "b": 1.1306128157931065e-16}