{"w1": -0.6709702221600032, "w2": -0.12421770423471526, "b": -7.310276185393386e-18}