{"w": 0.12694417495357238, "b": 2.1492312784805143e-16}