{"w": -0.8708662121993974, "b": 0.006918790784330375}