{"w": -1.0000000000000004, "b": -1.2038980923279042e-16}