{"w": 0.09551428344473822, "b": 0.21252523446600347}