{"w": -0.07864637951291388, "b": 3.008159767087329e-17}