{"w": 0.5578265746998878, "b": -6.782474974964113e-17}