{"w": -0.22225702925226298, "b": 0.07004471378527144}