{"w1": -0.04676448369965629, "w2": 0.8463383785078259, "b": 2.286318600153237e-16}