{"cc": 0.4895091499376951, "alpha": -1.4269838754108178e-17, "beta": 0.4895091499376951, "mx": 1.5543122344752193e-17, "my": -6.661338147750939e-18, "sx": 1.0, "sy": 1.0}