{"w": 0.41481270918271723, "b": -0.06537301657639791}