{"cc": 0.9219103717148489, "alpha": 7.064013908934135e-17, "beta": 0.9219103717148488, "mx": -6.217248937900877e-17, "my": 1.3322676295501878e-17, "sx": 1.0, "sy": 0.9999999999999999}