{"w": -0.3981545980719037, "b": 0.1802139814096243}