{"w": 0.16298672621102434, "b": 0.03261924440189262}