{"w1": 137.74490143000816, "w2": 51.55086119909478, "b": -22.53023304849317}