{"w": -0.021696700978518828, "b": -0.4516627986702075}