{"w1": -0.31174998686797295, "w2": -0.692516081665163, "b": 1.3798325164277409e-17}