{"w": 0.3791282952806093, "b": 5.712020780263112e-17}