{"w": -0.4705269197669356, "b": 0.00922130201732431}