{"w": -0.03718540956641824, "b": -1.224579709517538e-17}