{"w": 0.012709569903431625, "b": -2.9622959641949653e-17}