{"w": 0.10555580428952274, "b": 0.03111479860162719}