{"w": 0.07131412968679145, "b": -0.007782062877415936}