{"w": 0.7156321213704835, "b": 3.9183981313220984e-17}