{"w": -0.556015240255289, "b": 0.03679928100737213}