{"w": -0.33429873232280755, "b": -1.850586069345807e-17}