{"w": -0.6180457394934256, "b": 5.2673042771316285e-17}