{"w": -0.6455262198424818, "b": -0.1848162934168399}