{"w1": 2.5384808383360595, "w2": -1.3071182791131206, "b": 0.70465873714298}