{"w": 0.876191517753593, "b": -2.6106084929379603e-17}