{"w1": 0.3632415880069306, "w2": 0.8000776692317114, "b": 0.0023910880132304623}