{"w": 0.46459259056673374, "b": -0.05157454043570061}