{"w": -0.0750762450941165, "b": -0.00015169521407398974}