{"w": -0.4739005392348271, "b": -0.02333671153886226}