{"w1": -0.580780949418439, "w2": -0.8504234516651007, "b": -0.12808907760981672}