{"w1": 0.321368044060687, "w2": -1.3348919674999433, "b": 0.04621335324161877}