{"w1": -1.6312883418173685, "w2": 2.708477407453913, "b": -0.2996029208714772}