{"w": 0.07200988892655291, "b": 0.03495891474896092}