{"w": -0.671780097343755, "b": -0.1237828327151278}