{"w1": 0.39915541394997106, "w2": -0.39979273970981255, "b": -3.571049207727265e-17}