{"w": -0.32536690021045894, "b": -2.3796473638390432e-18}