{"w": -0.06495363551189015, "b": -0.08302719089145527}