{"w": 0.7719638830311627, "b": -0.018628902138183762}