{"w": 0.7811098964770811, "b": -0.029169707158412723}