{"cc": -0.5390660085516743, "alpha": 2.5403318628183293e-16, "beta": -0.5390660085516743, "mx": 7.993605777301127e-17, "my": 2.1094237467877973e-16, "sx": 1.0, "sy": 1.0}