{"w1": -0.5981842934219502, "w2": -0.3752203844708043, "b": 6.243075659410638e-17}