{"w": 0.4430668116194107, "b": -0.14664744686244954}