{"w": 0.1882041247957075, "b": 0.009038983652744081}