{"w1": -0.6145480637570669, "w2": -3.570739916711559, "b": 1.1922700645563056}