{"w1": 3.0894139094359527, "w2": -2.3158106320950425, "b": 0.1452831298892891}