{"w1": -18.11429264532168, "w2": -10.091196750568889, "b": -0.6319795728148313}