{"w1": -0.4905129899869613, "w2": -0.45217856191823613, "b": -1.64333520968049e-19}