{"w1": 0.978379147562441, "w2": 4.999476324772175, "b": 0.9656049039635373}