{"w": 0.6769394062658437, "b": 0.003365348669794091}