{"w": 0.070874907173974, "b": 0.000604794982805074}