{"w": 0.04095648612829871, "b": 2.0925489024098162e-17}