{"w1": -0.1712270100104475, "w2": -0.7948148666110268, "b": 0.02816009305140693}