{"w": 0.5671636557191776, "b": 0.0016185094033517172}