{"w": 0.5125163433990203, "b": 0.00379120915078969}