{"w": -0.4879833705258311, "b": -8.073652609624797e-17}