{"w": 0.11682130401256541, "b": -0.2758677093450298}