{"w1": -0.5905573687108184, "w2": 1.9549706323548022, "b": 0.24318018257797439}