{"w": 0.25464545775202885, "b": 0.06498977529682931}