{"cc": 0.5808670931418765, "alpha": -9.348011585985572e-17, "beta": 0.5808670931418765, "mx": 1.704886232190006e-16, "my": 5.551115123125783e-18, "sx": 1.0, "sy": 1.0}