{"w1": -0.191740119589169, "w2": -1.773575982799538, "b": 0.13698501834541277}