{"w1": 0.03707751909642964, "w2": -0.5675746071738361, "b": -0.011610695468260934}