{"w": 0.41963188237045906, "b": 0.03100385029191074}