{"w": 0.4712965392873709, "b": -3.9713090942748964e-17}