{"w": 0.29908294602104685, "b": 0.039464905589279294}