{"w": 0.34461277765236764, "b": 0.01836625449531093}