{"w": 0.22793190711104044, "b": 5.908892472898646e-17}