{"w": 0.30696478192387294, "b": 0.004719817522107329}