{"w": 0.24012677492951384, "b": -0.0024043643015697475}