{"w": 0.6463623389140619, "b": -0.06667315705428478}