{"w": -0.6836839227869053, "b": -4.987833942311624e-16}