{"w": 0.5556432198973764, "b": 0.0020076884118413116}