{"w": 0.9204021865094112, "b": -0.01453193044716695}