{"w1": -0.36487556275794036, "w2": -0.6299519496513815, "b": 2.9789892982215985e-17}