{"w": 0.23068680084881682, "b": -0.005509970303384329}