{"w": 0.19838297005744912, "b": -0.003034706850384126}