{"w": 0.07430207024780625, "b": 0.2125277791473173}