{"w": 0.07808433772050853, "b": 0.2121216368294563}