{"w": 0.6023148682810967, "b": 0.03921306890463845}