{"w": -1.0000000000000018, "b": -2.5077162568720743e-16}