{"w": -0.12636076569567795, "b": -1.4989844880059e-16}