{"w": -0.12744770275716874, "b": -0.03191764070464592}