{"cc": -0.23585718399270808, "alpha": 3.9989283280030905e-17, "beta": -0.23585718399270808, "mx": 3.7747582837255325e-17, "my": 3.1086244689504386e-17, "sx": 1.0, "sy": 1.0}