{"w": -0.2396185622808787, "b": 0.005573008829607668}