{"cc": 0.5494289217378295, "alpha": 8.063404862149349e-17, "beta": 0.5494289217378296, "mx": -1.6292522886374173e-16, "my": -8.881784197001253e-18, "sx": 0.9999999999999999, "sy": 1.0}