{"w1": 0.9650698764932933, "w2": 0.375216896924163, "b": 0.14174735920120274}