{"w": -0.3003588006743104, "b": 0.030500091278316082}