{"w1": 1.9702109583794636, "w2": 0.2550869640146844, "b": 0.06613133198956628}