{"w": 0.07584744001707178, "b": 0.006057250482733645}