{"w": -0.353595184836578, "b": 8.461643729051302e-18}