{"w": 0.05090106873078627, "b": 0.07446191169981052}