{"w1": -4.095211336697376, "w2": -0.7106266902317229, "b": 0.04914048376123811}