{"w1": -0.39490244994963225, "w2": -0.3880343079289771, "b": 0.015823575042743142}