{"w1": -0.9263896753683438, "w2": 3.2344048576665414, "b": 1.0964032171642277}