{"w1": -1.6355446660261876, "w2": 0.4090712289543719, "b": 0.07514646803048136}