{"w": -0.19377116807689065, "b": -3.4574316689108724e-17}