{"w": 0.9743520907798032, "b": 0.014254734467324994}