{"w": 0.9623270749662043, "b": 0.009529404215312249}