{"cc": 0.45939421959056914, "alpha": -1.9950386875331982e-17, "beta": 0.45939421959056936, "mx": 5.551115123125783e-17, "my": 5.551115123125783e-18, "sx": 0.9999999999999998, "sy": 1.0000000000000002}