{"w": 0.5290699510261342, "b": 0.05995091227383301}