{"w1": 0.3638767540694126, "w2": -0.2838683767549196, "b": -3.776277699281377e-17}