{"w": -0.0316815259749255, "b": -3.6034339293008976e-17}