{"w": -0.9999999999999882, "b": 7.147060721024315e-17}