{"w": 0.26161571840015524, "b": 7.260080353440287e-17}