{"w": 0.5223694209211514, "b": -1.1898443625112475e-17}