{"w": -0.6761013738090114, "b": -0.030665183578712448}