{"w": 0.06990103836817389, "b": -0.03146449105166619}