{"w": -0.05250119446559798, "b": -0.1443429047373965}