{"w": -0.2803314218175752, "b": 0.0006911693285609811}