{"w": -0.2943170258646508, "b": 0.0010730680917005048}