{"w": -0.26716813669958334, "b": 0.12789422962523186}