{"w": 0.5693987647749528, "b": 0.12642733648838805}