{"w": 0.4205223054899243, "b": -0.024299515180834227}