{"w1": 0.7616869446479286, "w2": -0.26610486899498836, "b": 2.519829203702071e-17}