{"w1": 0.8091562190766605, "w2": -0.2967358565452112, "b": 0.014799137584253719}