{"w": -0.3595098242375707, "b": -0.11316264362937822}