{"w": -0.3152447674698894, "b": 0.018786919093557022}