{"w": -0.017863702078685255, "b": -0.07448355087577514}