{"w": -0.13941289767545664, "b": 0.0050294084163453705}