{"w1": 0.28818178614784806, "w2": -0.07991241381663293, "b": -7.840970842332151e-07}