{"w": 0.4146326050337714, "b": -0.0106359731415796}