{"w": -0.17567726659917035, "b": -2.2782083767332706e-16}