{"w": 0.587730796839998, "b": -3.6057716197102104e-16}