{"w": -0.10102603577660885, "b": -1.3244250864963934e-17}