{"w": 0.15359468052095124, "b": 0.18213877871587542}