{"w": 0.027215356282444602, "b": 1.1696548425161038e-16}