{"w": -0.7644630949812689, "b": -0.003280677571381749}