{"w1": 2.2097548088543824, "w2": -0.2808927328553512, "b": 0.035016384808660636}