{"w1": -1.2978379522742982, "w2": -1.4160736276907233, "b": -0.3415799442769101}