{"w1": 0.6946877683693363, "w2": -0.6314135171113389, "b": 0.041239346245569214}