{"w": -0.10564855023006288, "b": -0.007341288825788482}