{"w": 0.8373675499879148, "b": 0.0019121144251475158}