{"w": 0.8429314693825152, "b": -0.03701736966534486}