{"w": 0.016889339514922205, "b": 0.051675659923529044}