{"w": 0.01862619259017096, "b": 0.05308985850403164}