{"w": 0.44776923704487337, "b": -0.010877058629323231}