{"w": -0.20992606092847213, "b": -0.13229189718323875}