{"w": 1.0000000000000002, "b": -1.0685896612017136e-16}