{"w": 0.6929834595198375, "b": -6.75459563708043e-17}