{"w": 0.36333988698788333, "b": 2.1161593003209526e-17}