{"w1": -0.5076972986512442, "w2": -0.4411187249799128, "b": -2.4884906578247692e-17}