{"w": -1.000000000000001, "b": 2.581268532253494e-17}