{"w": -0.3767059786459923, "b": -4.831388749651964e-19}