{"w": 0.6915415683032444, "b": -0.06777328524424195}