{"w1": 0.1306870565953385, "w2": 0.9226308232544398, "b": -0.005649309043746979}