{"w1": 2.1405956628797678, "w2": 1.2833442870274927, "b": 0.6266477418843422}