{"w": -0.36045256655449404, "b": 0.035008253078790116}