{"w": -0.3806889352283848, "b": 0.03389574205102825}