{"w": 0.4510240819265792, "b": 0.034634789038392476}