{"w": 0.0667031396026321, "b": -0.23505354137321854}