{"w": 0.04564456842399935, "b": 0.039884386321295706}