{"w1": -0.2505961889899328, "w2": 0.4900030460458414, "b": 2.3813622725080018e-17}