{"w1": -0.18618443008927846, "w2": -1.3273535914260157, "b": -0.025132732321021117}