{"w1": -0.06645892894357978, "w2": -0.5130089377948124, "b": 2.3810292506601383e-06}