{"w1": 6.851217817713751, "w2": -140.88492326445777, "b": -24.824887946228962}