{"w1": 0.17741358807125016, "w2": -1.425335593652414, "b": -0.05296964743105651}