{"w": -0.18143727678835858, "b": 0.11491424831409072}