{"w": 0.5292127940688613, "b": 2.1521495778985804e-17}