{"w1": 0.052033323688464514, "w2": -0.767290927279943, "b": 3.290675250137208e-17}