{"w": -0.13680719277051387, "b": 7.218963354788283e-17}