{"w": 0.11909213332334345, "b": 0.26104959768501834}