{"w": 0.20994959489992412, "b": -0.060111576980848354}