{"w": -0.513189259263694, "b": 0.009553070184224353}