{"w": 0.38384112924406677, "b": 6.304713739762313e-17}