{"w": 0.6818908498299387, "b": -1.374880238097747e-17}