{"w1": -1.2431951140701814, "w2": -1.6935696042171866, "b": 0.07843328280436117}