{"w1": -0.4059333795846513, "w2": 0.5392262398201487, "b": -1.3553908419983535e-17}