{"w1": -0.38906611463533036, "w2": -0.5864167479720069, "b": -0.024987065247294105}