{"w": -0.42997585951608147, "b": 0.03778719611075956}