{"w": 0.03784397012280734, "b": -0.001711176772665449}