{"w": -0.06995903889268709, "b": 0.01838843964061994}