{"w1": -1.1044348664257944, "w2": -0.7807409437005751, "b": 0.005957233695166375}