{"w": 0.18302575902598917, "b": -0.009190771220309011}