{"w": -0.2518278876949969, "b": -2.250028051570815e-17}