{"w": -0.07909711301558081, "b": 0.15144138067230734}