{"w": -0.7909166703857278, "b": 0.026152884776922163}