{"w": -0.8171698228968239, "b": 0.06669045475144963}