{"w1": 1.4048053443738397, "w2": 0.3682799473336399, "b": -0.004411353645638057}