{"w1": -0.5479874594903293, "w2": -0.43985154915415864, "b": -2.105183422549751e-17}