{"w1": -0.7411599371835299, "w2": -0.590514886372347, "b": 0.01076032055468461}