{"w": -0.661604486922602, "b": 0.01486375168056448}