{"w": -0.5785422020205112, "b": 4.547412564825525e-16}