{"w": 0.9603069936183977, "b": -0.01536057232492796}