{"w": 0.8288263232689957, "b": 0.020507817375970978}