{"w": 0.2181009125917657, "b": 1.3460053730044364e-16}