{"w": 0.813760279936433, "b": 0.04343307807191288}