{"w": -0.5517284503720028, "b": -0.0009553191413546325}