{"w": 0.6654912439945978, "b": 0.002558079572439451}