{"cc": 0.298846099931133, "alpha": -6.149844515594789e-17, "beta": 0.298846099931133, "mx": 1.992850329202156e-16, "my": -1.942890293094024e-18, "sx": 1.0, "sy": 1.0}