{"w": 0.20249449945609177, "b": -0.09165006314443813}