{"w": 0.295540339856951, "b": 0.011571162428493714}