{"w": 0.4271859399494539, "b": -3.750728233967969e-17}