{"w": 0.09879969409608538, "b": 0.18299310877621064}