{"cc": 0.2560719374570359, "alpha": -1.618813207884432e-16, "beta": 0.2560719374570358, "mx": 5.823119764158946e-16, "my": -1.27675647831893e-17, "sx": 1.0000000000000002, "sy": 1.0}