{"w": 0.2082423531035297, "b": -0.006853186137164955}