{"w": -0.6767490923701314, "b": -0.007546310769510948}