{"w": 0.046107339091121205, "b": -4.911665439978847e-18}