{"w": -0.48239516266849947, "b": 0.1738766473381601}