{"w": -0.198923057383949, "b": 0.015932417989458193}