{"w1": 0.18624836908963588, "w2": -1.3459042485298072, "b": 0.023557181071281064}