{"w": -0.2942461255713744, "b": 2.8018373600430377e-17}