{"w": 0.5839446814925978, "b": 0.010841955243656665}