{"w1": -0.2498816856141826, "w2": 0.6093595543101697, "b": -4.6967413178363494e-17}