{"w": 0.1975915564486412, "b": 0.04528750573672682}