{"w": 0.1959710179432397, "b": -0.007965516997623663}