{"w1": -3.6236902071734813, "w2": -2.3473670533894673, "b": 0.5282181134102047}