{"w": -0.5530233185311921, "b": -1.0871044670017707e-16}