{"w1": -0.1641260675704648, "w2": 0.5010806199952887, "b": -1.0070217773877662e-17}