{"w": 0.7730124153089447, "b": 2.0998444797793187e-18}