{"w": 0.8627254325225733, "b": 0.018545976115386005}