{"w": -0.4887334313466213, "b": 0.0237555597310764}