{"w1": 0.1553804479610459, "w2": 1.1691415598949177, "b": -0.18531175817050474}