{"w": 1.0000000000000002, "b": -1.0845491171806998e-16}