{"w": 0.2897291669354987, "b": -1.008157460898747e-16}