{"w": -0.06836363707322701, "b": 0.1302191250993008}