{"w": -0.06753749663433967, "b": -4.535317059980631e-18}