{"cc": 0.1048410887270661, "alpha": 6.036388441059427e-17, "beta": 0.1048410887270661, "mx": 6.661338147750939e-18, "my": 6.106226635438361e-17, "sx": 1.0, "sy": 1.0}