{"w": 0.18341264528985554, "b": -0.07813798736497832}