{"w1": 1.473294180000707, "w2": 1.0194422702716357, "b": 0.04285135105023562}