{"w1": -0.4885903715639826, "w2": -0.2910711314265774, "b": -1.887033072315695e-17}