{"w": 0.3998211612253935, "b": -0.01068771524918246}