{"w": 0.5653844859326983, "b": 0.09756644959823932}