{"w1": -2.3983594461370656, "w2": 0.46444686429433885, "b": -0.07076373964670617}