{"w": -0.6296471416082126, "b": -0.02676912002854069}