{"w1": 1.4493547477727198, "w2": -0.6839346141435219, "b": 0.06060320713917658}