{"w": 0.5909513795688808, "b": -4.379588056448593e-17}