{"w": -0.834014810107188, "b": 0.0020444101649178576}