{"w": -0.32998275538802446, "b": -1.509845185463318e-17}