{"w": -0.33633827117964965, "b": -0.008486791488007753}