{"w1": -0.06060465169874559, "w2": 2.4148064655697543, "b": -0.40695685099753337}