{"w": 0.2001682008093999, "b": -0.0007647439201507473}