{"w": 0.0556698475505015, "b": -0.025479642903281984}