{"w": 0.5637377556436448, "b": 0.012443445026909153}