{"w": 0.8346660930973793, "b": 0.010705970567697762}