{"w": 0.20680368192757193, "b": 0.15500026086862284}