{"w": -0.1963211269595813, "b": 0.2228779263380509}