{"w1": 10.39936029836734, "w2": -27.445801822081577, "b": -11.172391035375115}