{"w1": 0.34250511711851933, "w2": -0.7723919112867565, "b": -3.253514798639125e-17}