{"w1": -0.0641004698358484, "w2": 0.4364907706330757, "b": -1.1492773277062589e-17}