{"w": -0.7190720862531637, "b": 0.05134620395211981}