{"w": -0.5571770676548198, "b": -1.0148711445955317e-17}