{"w1": 0.04116133885014237, "w2": 0.6933175947008359, "b": -7.773275280804297e-17}