{"w": 0.32000714627055943, "b": 0.04816263786995853}