{"w": -0.2246404804053477, "b": 0.03102003361370291}