{"w": 1.0145276391784315, "b": 0.014127900441464725}