{"w1": 0.15409760559103788, "w2": -1.4563509435728341, "b": 0.14123828363170712}