{"w": -0.039484150951865964, "b": -1.8315816368862735e-16}