{"w": -0.016476421662453798, "b": 0.0914997128867429}