{"w": -0.04525425481166968, "b": -0.011318813018824661}