{"w": -0.5750099660065607, "b": 0.05272159164641179}