{"w": -0.3251150992586021, "b": -5.729665127042303e-17}