{"w": -0.19255802273394648, "b": -0.11610019672220252}