{"cc": 0.5181164617371123, "alpha": -2.665963543194149e-16, "beta": 0.5181164617371125, "mx": 5.384581669432009e-17, "my": -2.3869795029440865e-16, "sx": 0.9999999999999999, "sy": 1.0}