{"w": -0.4432128893852522, "b": -6.096230287554134e-17}