{"w": 0.49920914842151276, "b": 1.88211101207378e-17}