{"w": -0.5498831397638319, "b": 0.04749196743399529}