{"w": -0.5737227204847762, "b": 0.02795389123402811}