{"w": -0.6420492563245971, "b": 0.0002660751022118776}