{"w": -0.04542200100042853, "b": 0.006793349603793467}