{"w1": -0.796685412074989, "w2": -1.244290410536927, "b": 0.16273340829861585}