{"w": 0.7544668987398998, "b": -3.9674030637647573e-20}