{"w": -0.36230653751490344, "b": 0.24631694442445362}