{"w": 0.49227407048015853, "b": -4.790143494663784e-18}