{"w": 0.6133261627142659, "b": -1.0731837122967732e-16}