{"w": 0.0118235464903671, "b": 0.005469699036854495}