{"w": 0.03498928721964724, "b": -0.0003100582829975067}