{"w": -0.0708346192413423, "b": -0.04306241794567323}