{"w": 0.270692988539524, "b": 0.01478433576085101}