{"cc": 0.1744059761140374, "alpha": 1.3141633863909901e-17, "beta": 0.17440597611403744, "mx": -2.4424906541753444e-17, "my": 8.881784197001253e-18, "sx": 1.0, "sy": 1.0000000000000002}