{"w": 0.2583027100188838, "b": -0.022494354649442515}