{"w": 0.29441991097729764, "b": 0.005153431635562655}