{"w1": -0.06532044715813529, "w2": 0.096824544932964, "b": -3.907494003010476e-17}