{"w1": -0.026967739017052166, "w2": 0.37411405856977853, "b": -0.0007931133536714556}