{"w": -0.0798724230529807, "b": 0.04834007337272406}