{"w": 0.14092746346744464, "b": 0.016149632808089075}