{"w1": 4.022437036198255, "w2": 3.9490048272329994, "b": -2.7197999465706553}