{"w": -0.27079692576845027, "b": -0.007742379366133249}