{"w": 0.35083256458494094, "b": -0.0028376852497618565}