{"w": 0.4642004227521543, "b": 0.023764960707355783}