{"w": 0.1525727971204488, "b": 8.117692128733549e-17}