{"w1": -0.3293346400035245, "w2": -0.5463848667020385, "b": -0.0003777846388875314}