{"w1": -0.35190586466305124, "w2": -0.5964759807357279, "b": 0.001432715661231986}