{"w": 0.12479203534897088, "b": -2.1643353266752588e-17}