{"w": 0.06896116449738718, "b": -0.016515651585201196}