{"w": 0.3292824172274267, "b": -2.3273563796968704e-17}