{"w1": -0.16584618094783643, "w2": -2.031138379647427, "b": -0.21945204128174195}