{"w": -0.48390123044027095, "b": 0.06225305129858232}