{"w": -0.4504787338159773, "b": -0.03610060564269074}