{"w": -0.16238389340413184, "b": 0.17079900554283572}