{"w": -0.5628987944440562, "b": -3.493882876346492e-16}