{"w": -0.15143083366712273, "b": 0.13088806411376575}