{"w": 0.10369473762170178, "b": 0.01541442491442458}