{"w": 0.10426072862950478, "b": 0.01541753492658646}