{"w": 0.06990672213206275, "b": 0.020446299730096203}