{"w1": 0.8382167065649007, "w2": 1.304657177707555, "b": -0.12186940332596399}