{"w1": 0.46147661425240144, "w2": 0.6629944507935814, "b": -0.0014573715723252697}