{"cc": -0.4929517162951, "alpha": 2.003096544437244e-17, "beta": -0.4929517162950999, "mx": -6.661338147750939e-18, "my": 2.3314683517128286e-17, "sx": 1.0, "sy": 0.9999999999999998}