{"w": -0.44813792390463614, "b": 2.0329485269168427e-17}