{"w": 0.07999118644796711, "b": -0.0056160066236919555}