{"w": -0.05820573816060006, "b": -0.010362659756909733}