{"w": 0.27232323932827224, "b": 0.01398815288713555}