{"w1": -0.027449412567427955, "w2": 0.6581331910126886, "b": -4.3779527376249194e-17}