{"w1": -0.052279869684954135, "w2": 1.029551807437849, "b": -0.1969008116445285}