{"w": 0.025841861858829057, "b": -1.4262367009773126e-16}