{"w1": 0.07555934989966281, "w2": 1.1691110273575045, "b": -0.023929773490168595}