{"w": 0.5869822482520425, "b": -7.43389570569557e-18}