{"w": 0.5703828099934736, "b": -0.01329134166141956}