{"w": 0.6447133389061039, "b": 0.020406141976377613}