{"w": 0.5832634945822931, "b": 6.471803854793952e-18}