{"w": -0.32595124022417643, "b": 0.005365642303375218}