{"w": -0.2441724162417958, "b": 0.2203164696447652}