{"w": -0.2887135599253018, "b": 0.0025792848597287494}