{"w": -0.44406284069867435, "b": 5.916105481489455e-18}