{"w1": 0.16596549047177858, "w2": 0.5045382432347711, "b": -5.406917648419188e-17}