{"w1": 0.06826196105884913, "w2": -0.8594442005395929, "b": 1.981971893625367e-16}