{"w": 0.31105417690686854, "b": 0.025016598607456197}