{"w1": -0.804700349295137, "w2": -0.786114516814788, "b": 0.0171929300362033}