{"w": 0.5876321471116752, "b": -0.02850625300777111}