{"w": 0.5182708414404853, "b": 0.0013022301745883036}