{"w": 0.053146522655825555, "b": -0.1657573000737547}