{"w": 0.1291720581556766, "b": 0.04195521087055601}