{"w1": 0.38370087864264885, "w2": -0.3977162444081335, "b": -0.008194764158113793}