{"w1": 0.6116697527154403, "w2": 0.08824641858265633, "b": 4.0157551341380414e-17}