{"w1": -0.023103316301640524, "w2": -0.8463946124935033, "b": 4.8716226365072824e-17}