{"w": 0.47680292643118094, "b": -0.021741465163259466}