{"w": -0.29706983613967597, "b": -0.22596756404455648}