{"w": -0.9999999999999992, "b": 1.8849071609094987e-16}