{"w1": -0.007625077274999265, "w2": 0.961210329360489, "b": -0.01726640804319977}