{"w": 0.49887575500731274, "b": 0.15719514689146474}