{"w": 0.4757447381164537, "b": -0.006671898953150873}