{"w1": 0.5048060910333824, "w2": 0.7143989584835917, "b": -0.0018988714452647818}