{"w": -0.1650188337789709, "b": -0.014584691628203647}