{"w": 0.9090909090909092, "b": 2.0993308102002953e-17}