{"w1": 2.1049977906518342, "w2": -0.3781230042865266, "b": 0.0988906212234631}