{"w": -0.33693881774234924, "b": 0.09427951940794257}