{"w1": -0.18651994059868882, "w2": -1.1136188229154462, "b": 0.017237362725380578}