{"w1": -0.7411053193093563, "w2": -0.7184184561344561, "b": -0.036952071049642404}