{"w": 0.4786462229591172, "b": -4.9644905490950834e-17}