{"w": 0.04094118490406901, "b": -6.655592253209019e-18}