{"w": -0.059850207613995426, "b": 0.06070183220951679}