{"w": -0.16645466934102546, "b": 0.10764878134735345}