{"w": -0.4956880716087357, "b": -0.01744887860920279}