{"w1": -2.7804112984609315, "w2": 0.5214642017210787, "b": 0.09531792589596824}