{"w": 0.5649440275429457, "b": 0.00978266699075548}