{"w": 0.6328737816892177, "b": 0.2014334925268113}