{"w": 0.381001986076476, "b": -0.011124319978873396}