{"w": 0.2029125287078875, "b": -5.988089449331257e-17}