{"cc": 0.37063571628804326, "alpha": 3.899498622641503e-17, "beta": 0.3706357162880433, "mx": -2.070565940925917e-16, "my": -3.7747582837255325e-17, "sx": 0.9999999999999998, "sy": 1.0}