{"w": 0.35887241755001686, "b": 0.005699308860681847}