{"w": 0.606368937308742, "b": 3.01825016687163e-17}