{"w": -0.9999999999999988, "b": 9.464651284929443e-17}