{"w": 0.7811945365911819, "b": -0.12530661423904843}