{"w1": 0.4494125799166389, "w2": 0.8694632043048982, "b": 0.0002783469813376696}