{"w": 0.047359014521603626, "b": 0.20181979882171497}