{"w": -0.00148467550134352, "b": 1.288633419400255e-16}