{"w": -1.0000000000003038, "b": 1.8096635301391636e-16}