{"w": -0.007146315923828366, "b": -0.01959033785581345}