{"w": -0.9198286041187951, "b": -0.02243718703288686}