{"w": -0.02702637522291247, "b": 0.014895709687574765}