{"w": -0.2658089409205464, "b": 0.15603135442859278}