{"w": 0.9729512097480119, "b": -0.01613721201804452}