{"w": 0.5472680142393985, "b": -0.0775413561255216}