{"w": 0.10018322107482318, "b": -0.013950212288398853}