{"cc": 0.38103367261735843, "alpha": 9.747768589683674e-17, "beta": 0.3810336726173584, "mx": 1.2878587085651815e-16, "my": 1.4654943925052067e-16, "sx": 1.0, "sy": 0.9999999999999999}