{"w": 0.6720052353007535, "b": 9.667581308997551e-17}