{"w": 0.5841391786302511, "b": -0.09567774274949488}