{"w": 0.5930619485992885, "b": -0.06821915595629577}