{"w": 0.5901670874125287, "b": -0.056199615748850656}