{"w1": -0.4666858451660088, "w2": 0.14014209964683597, "b": 0.006003763738199252}