{"w": -0.9236140063872696, "b": 3.5365277479614314e-17}