{"w": 0.11970938120276556, "b": -5.864316794701396e-17}