{"w": 0.14434658677146983, "b": 0.014028139098518688}