{"w1": -1.2588933122922634, "w2": -0.9545363191912553, "b": -0.10401396802854504}