{"w": 0.27518217292160435, "b": -0.0424406988085881}