{"w": 0.2863469826992049, "b": -0.042735937261520696}