{"w": 0.3870512864051586, "b": -8.075036370419223e-17}