{"w": -0.9779323991787108, "b": -0.00048066225298886225}