{"w": -0.9999999999999996, "b": -9.992007221626393e-17}