{"w": -0.9847557476739314, "b": -0.002422914851929567}