{"w": 0.6018594362898124, "b": -0.06532106980535227}