{"w": -0.45141333282222207, "b": -0.033632758587724944}