{"w": -0.6142411284780069, "b": -0.001563420609959806}