{"w": 0.41465318104769733, "b": -1.3822838108258741e-17}