{"w": 0.3864840372394959, "b": 1.2090603755355786e-16}