{"w": 0.8821216107842045, "b": 0.026592751632458334}