{"w": -0.2702678601643094, "b": 4.047040508692533e-17}