{"w": -0.2046154136476093, "b": 0.00833192840734056}