{"w": 0.12427524067200776, "b": -0.06197201072729287}