{"w1": -0.8956653965460186, "w2": 0.27746508728605224, "b": -2.3557542140767276e-17}