{"w1": -1.1694432340462226, "w2": 0.4037071606136702, "b": 0.024124125604997118}