{"w": 0.5507404652189601, "b": -0.0013736558903000436}