{"w": 0.5600522516675375, "b": -0.07001844459105289}