{"w": -0.2707669583839707, "b": 0.08161834209600896}