{"w": -0.29323673705817166, "b": -1.6278161995739301e-16}