{"w": -0.7646288835990499, "b": 0.011042940743157485}