{"w": -0.7458154325016076, "b": -2.3794467199273e-16}