{"w": -0.7330875432537597, "b": -0.0016208844939922936}