{"w": 0.38225111841581855, "b": -0.02806019635511569}