{"w": 0.17766848187498818, "b": -2.5282506568854468e-17}