{"w": 0.025207129975439946, "b": -0.1714879952956908}