{"w": -0.04082091458201907, "b": 0.023631563764695475}