{"w": 0.5419351771226206, "b": 0.10093672596106915}