{"w": 0.6101405414054243, "b": -0.01662169127514501}