{"w": 0.050623603868100546, "b": 0.24240771125476082}