{"w": 0.039033206715823145, "b": 6.801677085599966e-18}