{"w": 0.03616354799861514, "b": -0.058164520204126234}