{"w": -0.10360967883675289, "b": 0.0029485496863794376}