{"w": 0.3806722791189698, "b": -0.04084938682680416}