{"w": 0.40454797279664567, "b": 2.0836940276228495e-17}