{"w": 0.052238113162757435, "b": 3.298771298077522e-17}