{"w": 1.0000000000000064, "b": 2.7200464103316295e-17}