{"w": 0.05016454968398355, "b": 0.1278052266128086}