{"w1": 0.4407936191094845, "w2": 0.16226022407801746, "b": 5.2168479372881445e-18}