{"w": 0.2839534250969556, "b": 0.0232670557163199}