{"w": 0.26264000705995966, "b": 0.0240631975397126}