{"w": -0.05772316303917413, "b": -0.10750850908921941}