{"w1": -0.06743568395293455, "w2": -1.090104423184759, "b": -0.005559673623978717}