{"w": 0.47384913372104814, "b": 0.002335622371513947}