{"w": -0.06265063622014781, "b": 3.71589610531909e-18}