{"w": -0.07195786554405599, "b": -0.03128206078384156}