{"w": 0.9999999999999998, "b": 7.105427357601001e-17}