{"w": 0.1547073231125274, "b": -0.03771112290518694}