{"w": 0.4832758647073671, "b": -0.002694173820283946}