{"w1": 4.599186837729411, "w2": 0.37400153774679923, "b": -0.46892835129980365}