{"w": 0.17910446729709859, "b": -0.0003297770854829504}