{"w1": -1.2424806411586378, "w2": -1.85080501392852, "b": 0.044509545660699826}