{"w1": -0.5232467556319356, "w2": -0.7713268095309409, "b": 0.024345965322833146}