{"cc": -0.4859155454733061, "alpha": 3.168826685893142e-17, "beta": -0.4859155454733061, "mx": -3.3306690738754695e-18, "my": 3.3306690738754695e-17, "sx": 1.0, "sy": 1.0}