{"w1": 0.3367862880712872, "w2": -0.8222785483548568, "b": 8.609558889370439e-17}