{"w": -0.5396544231701969, "b": -0.03492821665129962}