{"w": -0.031131558612828927, "b": 3.892693180820934e-17}