{"w": 0.03202387752167204, "b": -0.03862624264830217}