{"w": 1.0000000000000009, "b": -3.885780586188053e-18}