{"w": 0.6678911856283943, "b": 0.02042059247015819}