{"w": 0.37565533092547143, "b": -0.10125574670363578}