{"w": 0.2937959000502171, "b": 0.002018218809273886}