{"w1": -3.4769805865221475, "w2": 11.931840812542744, "b": -0.810848731867528}