{"w": 0.41695102933773004, "b": -0.0535745292317987}