{"w1": -2.6744841105258814, "w2": 0.4139255575198257, "b": -0.6107418722970483}