{"w": 0.2245280796804494, "b": -5.70796228344817e-18}