{"w": -0.01672139899838723, "b": -0.15280223290657122}