{"w": -0.44090505923881923, "b": -0.10203886362235919}