{"w": -0.061487121253763294, "b": -0.016938988782203998}