{"w": 0.007673224077758826, "b": -5.193343144609951e-17}