{"w": 0.4736294694247282, "b": 0.016840480259084224}