{"w": 0.45318827131605377, "b": 0.031773418157011735}