{"w": 0.5422607539449669, "b": 4.73823493590709e-18}