{"w": 0.4368071900085833, "b": -1.0577885678105434e-17}