{"w": 0.4227190934417794, "b": 0.00354256512080555}