{"w": -0.24872462783520682, "b": -0.03782368994782912}