{"w": -0.04503964599885639, "b": -0.1494122857893263}