{"w1": -0.9283766663645144, "w2": 0.2735528819095033, "b": 0.032912815285798445}