{"w": 0.208412321031861, "b": 1.3433488132456633e-16}