{"w": 0.746790071656606, "b": 0.04342801067481998}