{"w": 1.0000000000000009, "b": -5.329070518200751e-17}