{"w1": -0.5654325511972839, "w2": -0.10390484083418504, "b": 0.010253702974449054}