{"w": -0.28533755005593453, "b": -0.030241496867257564}