{"w": -0.3108660204364875, "b": 0.0029343205498708804}