{"w": -0.41346185343613173, "b": 0.05217548609335115}