{"w": 0.034810620420937875, "b": 0.19763398715988315}