{"w": 0.7600982633658329, "b": 0.057175052030415945}