{"w": 0.2279701445028036, "b": 0.028742671912328252}