{"w": 0.20486483258968413, "b": -0.0037972038297336133}