{"w": -0.6588462592050748, "b": 0.08114239656113925}