{"w": 0.1412618455681669, "b": 3.576457481937813e-18}