{"w": -0.48541844708882875, "b": -0.037188244899138086}