{"w": -0.3956433701490058, "b": -0.03510750382345016}