{"w1": -0.7229588913298967, "w2": -2.113925246885575, "b": -0.17500755316704047}