{"w": 0.6070527824866946, "b": 0.006386595251729781}