{"w": 0.5458637366893775, "b": -0.003057098958466593}