{"w": -0.4273915382393894, "b": 0.039021783682974896}