{"w": 0.49683287438949203, "b": -0.07086596065493822}