{"w": 0.5087106666424119, "b": -0.06323566333136244}