{"w": 0.2887777358898146, "b": 0.034770559878009116}