{"w1": -0.4869029824355822, "w2": 1.2522084780038862, "b": -0.17992279692417554}