{"w": 0.04966984417054905, "b": 6.116139655143978e-17}