{"w": 0.2279639000372204, "b": -0.01867223215913696}