{"w": 0.0685442443242205, "b": -2.6788562668920992e-17}