{"w": -0.4830947417754233, "b": -0.06874766706045748}