{"w": 0.695102303670823, "b": -2.8834139266101597e-18}