{"w": 0.6431166806419113, "b": -0.06759920838445022}