{"w1": -0.1293304201026834, "w2": 0.3986677423726506, "b": -1.6471956301149795e-18}