{"w1": -0.12930661521016032, "w2": 0.40870914018075194, "b": -0.0028475400772218287}