{"w1": -0.12945695405171143, "w2": 0.4107446599178165, "b": -0.002960265932790418}