{"w": -1.0000000000000009, "b": 7.938094626069869e-17}