{"w": -0.29035172218244537, "b": -1.2318567710911378e-17}