{"w1": -0.3413931812838742, "w2": -0.7147330472453508, "b": 0.0333004322545956}