{"w1": -0.2057887720515951, "w2": 0.7517078491658431, "b": -2.0353236482770312e-17}