{"w1": -0.6650713286024533, "w2": 2.1626935968916925, "b": -0.0038998499103031197}