{"w": 0.3129355601280318, "b": 0.359629560360716}