{"w1": -1.3104526695622234, "w2": 0.03920113390180266, "b": -0.1232455282683883}