{"w": 0.12145814489149692, "b": -0.02707048850164089}