{"w": 0.1326602528774943, "b": -0.02715281655486496}