{"w1": -0.5052275934913478, "w2": -0.49130694445401013, "b": 1.5812434423952413e-16}