{"w1": -3.344846268172705, "w2": -1.4784156076329444, "b": -0.25505546013849995}