{"w": -0.1546526810117334, "b": -1.0779785257376657e-16}