{"w": -0.1531214663482509, "b": -1.0743405476190759e-16}