{"w": -0.09611686173741195, "b": -0.0018639978867759886}