{"w": -0.24433706934479416, "b": -0.25634617749457855}