{"cc": 0.2081752137526364, "alpha": 1.379813535501881e-16, "beta": 0.20817521375263634, "mx": 9.159339953157542e-18, "my": 1.3988810110276973e-16, "sx": 1.0, "sy": 0.9999999999999998}