{"w": 0.9164966072521522, "b": -0.0017169824952091156}