{"w": 0.9999999999135135, "b": 5.683799334304768e-11}