{"w": 0.9505291807286418, "b": -0.001880691945013107}