{"w": 0.12171480546133133, "b": 0.023410177971149193}