{"w1": -0.548295481909418, "w2": -3.0255415201255302, "b": -0.22000638726379193}