{"w1": -0.6328083603133432, "w2": -4.349967690755175, "b": -0.6716608569510711}