{"cc": 0.1331428911665198, "alpha": 1.2731403082148952e-17, "beta": 0.1331428911665198, "mx": 4.440892098500626e-18, "my": 1.3322676295501878e-17, "sx": 0.9999999999999998, "sy": 0.9999999999999999}