{"w": 0.13314289116651987, "b": 1.2731403082148952e-17}