{"cc": -0.9700901932025273, "alpha": 5.9972070243780565e-18, "beta": -0.9700901932025273, "mx": 2.2204460492503132e-17, "my": -1.5543122344752193e-17, "sx": 1.0, "sy": 1.0}