{"w": -0.9687998912487438, "b": 0.0008273908420743476}