{"cc": 0.7486325754147686, "alpha": -4.551307142459557e-17, "beta": 0.7486325754147686, "mx": 4.440892098500626e-18, "my": -4.218847493575595e-17, "sx": 1.0, "sy": 1.0}