{"w": 0.6943644607704416, "b": 0.06650704677909117}