{"w": 0.02754841300545467, "b": 0.007345293299080569}