{"w": -0.07606304311682449, "b": 0.007699366879807917}