{"w": -0.14397143134035917, "b": -0.04693422933775371}