{"w": -0.06524947080592611, "b": 0.003784040714015039}