{"w": 0.3766194696756517, "b": 0.0015098572799035579}