{"w": 0.38011296951758045, "b": 0.001464781677459395}