{"w": 0.5163017015531083, "b": 0.037067547148297575}