{"w": 0.4761177359154133, "b": -0.0013115416499055344}