{"w1": -1.0178111755279675, "w2": -1.3164509610034942, "b": -0.0320445372684202}