{"w": -0.13780241041429767, "b": 0.00771842618213795}