{"w": 0.35685736619740566, "b": -0.05955451669886518}