{"w": 0.32758336261831955, "b": -0.05579220602910235}