{"w1": 0.4990076017533012, "w2": -2.2758404250937248, "b": -0.05166384963663466}