{"w1": -1.2922520710095013, "w2": 0.6333367089229395, "b": -0.010249655892561705}