{"w": -0.3194118036522082, "b": 0.05855716926496052}