{"w": -0.3414247993963209, "b": 0.05821899991821524}