{"w1": -0.25924225842775683, "w2": 0.752142119889431, "b": -2.1591218649851812e-17}