{"w": -0.17562988883194675, "b": 1.8662935887049537e-17}