{"w": -0.1563474164465132, "b": -0.09152317623266533}