{"w": 0.8198525290124472, "b": 0.015617563009176876}