{"w": 0.04381160375140211, "b": -2.3660031820290043e-17}