{"w1": -0.32277223183203213, "w2": -0.56506890494338, "b": -8.968387993683885e-18}