{"w1": -0.3231063812942258, "w2": -0.5699745306896458, "b": -9.169547420635106e-18}