{"w": -0.48876904001212307, "b": 0.06136829144716603}