{"w": 0.5509720223576661, "b": -0.002167687469911777}