{"w": 0.3008522715551984, "b": 0.0614842436290321}