{"w": -0.43455123627000075, "b": 1.0128470483178359e-17}