{"w": -0.9150476230148404, "b": 0.010824628963454895}