{"w": -0.4561663066004938, "b": 0.0866153460841129}