{"w": -0.5862883310571303, "b": 0.002372137919847945}