{"w": 0.03742157073473463, "b": -1.2056882729067437e-16}