{"w": 0.26588437162297823, "b": -0.05158562417882429}