{"w": 0.275719582113794, "b": 0.011944388354660024}