{"w": -0.3703739421003899, "b": -3.870372718207859e-17}