{"w": 0.9999999999999989, "b": 1.4127587988355102e-16}