{"w": 0.13318832752773707, "b": -0.23489602362247985}