{"w": 0.13935429001540758, "b": -0.24215900058060985}