{"w": 0.1919752591616454, "b": 0.05836558051962879}