{"w1": -0.6712765561501034, "w2": -0.7651377810027197, "b": 0.017875329564428256}