{"w": 0.2021593227442111, "b": 0.019916489760410827}