{"w": 0.04087207026516293, "b": 0.08824074378984258}