{"w": 0.05779494039190892, "b": 0.09213478625303002}