{"w": 0.0497588406494366, "b": -0.0065042704402104344}