{"w": -0.29245577456089844, "b": -0.22854971431262439}