{"w": 0.9471058809456356, "b": -0.007064225373859333}