{"w": 0.9448284145049268, "b": 1.5303766228075753e-18}