{"w": 0.23080551533699892, "b": 0.018694766775581552}