{"cc": -0.014110891692907863, "alpha": 2.0189755314486147e-17, "beta": -0.014110891692907867, "mx": 9.325873406851315e-17, "my": 1.8873791418627663e-17, "sx": 0.9999999999999998, "sy": 1.0}