{"w": -0.025864704965966427, "b": -0.0013993639687507574}