{"cc": -0.9772977940709644, "alpha": -6.812565218144122e-18, "beta": -0.9772977940709644, "mx": 6.661338147750939e-18, "my": -1.3322676295501878e-17, "sx": 0.9999999999999999, "sy": 0.9999999999999999}