{"w": -0.9970460536182836, "b": -0.03674868053343028}