{"w1": -0.8104807710005605, "w2": -1.3292918522783912, "b": -0.0864032615985808}