{"w": -0.29992080826404194, "b": -0.05939447667816942}