{"w": -0.6174916791760175, "b": -0.01530478170814609}