{"w": -0.5832820372209275, "b": -0.015541391920618392}