{"w": -0.46708780445578035, "b": 0.16959801940913855}