{"w": 0.96827688407946, "b": 1.9195371841918746e-17}