{"w": 1.0048314117233887, "b": 0.02576028141660791}