{"w": 0.9784521887857685, "b": 6.840321575623401e-17}