{"w": 0.9093910805610698, "b": -0.0048180378258662546}