{"w": -0.4837307649891533, "b": 1.3047044033488857e-18}