{"w": -0.5299367767216149, "b": -0.01633986548405173}