{"w": 0.7785798111606421, "b": 0.024973382174382545}