{"w": 0.211040301537173, "b": 0.010612404117072597}