{"w": 0.6841518040543102, "b": 0.005840581901678871}