{"w": 0.9999999999999963, "b": 1.3322676295502507e-17}