{"w": 0.5954884248847422, "b": -1.5983835782328043e-17}