{"w": 0.8090721252458585, "b": -0.07921171209550452}