{"w": -0.31253766398862337, "b": -0.05662816978324209}