{"w": 0.027003666681854485, "b": 0.029187657583024523}