{"cc": 0.30972558208769, "alpha": 9.992007221626409e-17, "beta": 0.3097255820876899, "mx": 0.0, "my": 9.992007221626409e-17, "sx": 1.0000000000000002, "sy": 0.9999999999999999}