{"w": 0.30972558208769, "b": 9.992007221626409e-17}