{"w": -0.7505673163608785, "b": 0.022731365981186788}