{"w": -0.7679379402860197, "b": 3.0941993906811375e-17}