{"w": -0.698125400260018, "b": 1.8540795611702178e-17}