{"w": -0.7791723694970785, "b": 0.0061964997222512495}