{"w": -0.7748254861502935, "b": 0.006373284769103645}