{"w": -0.7460672362392462, "b": -0.05016499737729571}