{"w1": 0.4224773272671151, "w2": 0.27086917300580027, "b": 0.0021008317936706336}