{"cc": -0.24145393435786006, "alpha": -1.564989340168297e-17, "beta": -0.24145393435786006, "mx": -1.9984014443252817e-17, "my": -1.0824674490095277e-17, "sx": 1.0, "sy": 1.0}