{"w": -0.14175496617912373, "b": 0.01417632544300856}