{"w": 0.022298281051729235, "b": 0.0012984460957096077}