{"w": 0.35546281575539385, "b": 0.07749682960820424}