{"w": 0.10449025664475917, "b": -0.09525066213273096}