{"w": 0.09024508623484052, "b": 0.007015548241090567}