{"w": 0.21274352286122392, "b": -0.020370186902739968}