{"w": 0.16070701954931674, "b": 2.7834522309444424e-17}