{"w": 0.4021787465565824, "b": -0.034807482428588964}