{"w": 0.1299131453961394, "b": 0.003614538865837031}