{"w1": -0.6587108522185098, "w2": -0.712002559964945, "b": 0.05951179083654482}