{"w": -0.18861598224845352, "b": 0.3458288391351315}