{"w": -0.74876230706166, "b": -1.6593023263579523e-16}