{"w": 0.5531489607009747, "b": -5.800684284237257e-17}