{"w": 0.5476722383177968, "b": -5.694885615003713e-17}