{"w": 0.5028626915463407, "b": -4.829260139456534e-17}