{"w": 0.5525963643366381, "b": -5.790009293635269e-17}