{"w": -0.07483454752636068, "b": 0.05086500661808372}