{"cc": -0.552496020758865, "alpha": -2.976066313803467e-16, "beta": -0.5524960207588651, "mx": 6.217248937900877e-17, "my": -3.3195668436292183e-16, "sx": 0.9999999999999999, "sy": 1.0}