{"w": -0.5519440766821828, "b": -2.97640947117592e-16}