{"cc": 0.19988797301709127, "alpha": -1.5196096576581128e-16, "beta": 0.19988797301709124, "mx": 7.505107646466058e-16, "my": -1.942890293094024e-18, "sx": 0.9999999999999999, "sy": 0.9999999999999998}