{"w": 0.009168037957230793, "b": 0.13705275561381383}