{"w": -0.43409360508040007, "b": -0.07886918947881272}