{"w": -0.04798879971852482, "b": -0.2588306725153525}