{"w": 0.6701505384393646, "b": 0.03527244376460403}