{"cc": 0.1431485615174801, "alpha": 3.0331984175083607e-18, "beta": 0.1431485615174801, "mx": -6.772360450213455e-17, "my": -6.661338147750939e-18, "sx": 1.0, "sy": 1.0}