{"w": -0.6578145264447904, "b": -0.07860814502402347}