{"w": -0.6709660098255738, "b": 0.005587669375317801}