{"w": -0.2843210697983188, "b": -0.13673090410700056}