{"w": -0.5997615698063136, "b": -0.008724067044196225}