{"w": 0.9787760740455226, "b": -0.0057478015620850515}