{"w": -0.5112395286489434, "b": 0.05218747882568981}