{"cc": 0.7985559131344371, "alpha": 1.3536704607988376e-16, "beta": 0.7985559131344371, "mx": -5.551115123125783e-17, "my": 9.103828801926283e-17, "sx": 1.0, "sy": 1.0}