{"w": 0.7017180644361157, "b": -0.10444208555299096}