{"w": 0.5896223266617237, "b": -0.07123267444347903}