{"w": 0.20381776379455918, "b": 0.1858060105113185}