{"w1": -0.5846099533600235, "w2": -0.4430237450760364, "b": -0.0014997016578157214}