{"w": -0.9999999999999991, "b": 1.243449787580175e-16}