{"w": -0.05886089922984652, "b": 0.005443704372162593}