{"w": 0.676009531741579, "b": -0.06168415415120715}