{"w": 0.318101412535822, "b": 7.515587160645276e-18}