{"w": 0.32096146519598423, "b": 7.533249746397199e-18}