{"w": 0.05790475017960626, "b": 2.986225003696485e-17}