{"cc": 0.7586313633064604, "alpha": -6.699669100857888e-18, "beta": 0.7586313633064605, "mx": 4.440892098500626e-18, "my": -3.3306690738754695e-18, "sx": 0.9999999999999999, "sy": 1.0}