{"w": 0.7084621355788109, "b": 0.012419146816997611}