{"w": -0.0711989003817106, "b": -0.11263797879600196}