{"cc": -0.47363887321539094, "alpha": -5.990116071795821e-18, "beta": -0.47363887321539094, "mx": 1.6653345369377347e-17, "my": -1.3877787807814457e-17, "sx": 1.0, "sy": 1.0}