{"w": -0.40169227369291655, "b": 5.977133235162598e-17}