{"w": 0.07092090889282221, "b": 0.08510527744717089}