{"w": 0.1202157158314292, "b": -0.0042576890830257185}