{"w1": -0.9595351453275138, "w2": -1.065133934973953, "b": -0.10319087398160648}