{"w1": -0.522310530512071, "w2": 2.0625376035781495, "b": -0.13051032527607176}