{"w": 0.0031111207187904943, "b": 0.11508030236436317}