{"w1": -0.5916076269301177, "w2": 0.07074677450519139, "b": 8.199957445704363e-18}