{"cc": 0.42459778400837545, "alpha": 3.4239648206645866e-16, "beta": 0.42459778400837556, "mx": -7.283063041541026e-16, "my": 3.3159239243296665e-17, "sx": 0.9999999999999998, "sy": 1.0}