{"w1": 0.193912528210312, "w2": 0.8156493126344727, "b": 0.0012867990542070433}