{"w1": 0.1472596755035274, "w2": 0.7269345525040338, "b": -0.00010346069620841263}