{"w1": -0.0928302451255214, "w2": 1.166171316447515, "b": -0.010245668274783862}