{"w": -0.3036903904788672, "b": -1.343950977466692e-16}