{"w": 0.49226227980060244, "b": -0.029387625770587858}