{"w1": -33.434260225250284, "w2": -17.755412145493956, "b": 4.469283758053523}