{"w": -0.0054965435964054255, "b": -0.14784961936084395}