{"w": 0.028975936109809194, "b": -0.06557132791318036}