{"w": -0.5336721930949172, "b": 0.005978638566602796}