{"w": 0.42670089987387, "b": -0.2138484043365266}