{"w": 0.6043823081071066, "b": -6.915276124116303e-17}