{"w": -0.47590386519822714, "b": -4.0144782800139426e-16}