{"w": -0.28315602167444953, "b": -2.957088396810263e-17}