{"w": -0.2574145651585906, "b": -3.035679980516321e-17}