{"w1": -1.445865680410068, "w2": -1.243533661132265, "b": 0.06919079689945887}