{"w1": -0.747602517421543, "w2": -0.5864509330234594, "b": 0.01671842210815485}