{"w": 0.1224133863824549, "b": -0.012016310047272334}