{"w": 0.172977979658266, "b": -0.03085912524563085}