{"w": 0.7118597060698358, "b": -2.6278317924224262e-17}