{"cc": -0.42412721136585446, "alpha": -2.9743342067953327e-16, "beta": -0.42412721136585446, "mx": -1.0547118733938987e-17, "my": -2.9296010062296317e-16, "sx": 1.0, "sy": 1.0}