{"cc": 0.17422870319994896, "alpha": -1.3458885239181312e-16, "beta": 0.17422870319994896, "mx": 3.3306690738754695e-17, "my": -1.2878587085651815e-16, "sx": 0.9999999999999998, "sy": 0.9999999999999998}