{"w": 0.17405464855139757, "b": -1.3458305520746219e-16}