{"w": -0.30683435292983624, "b": 0.01376790944174152}