{"w": 0.9694579801062545, "b": 0.007034050226768951}