{"w": 0.21232518826602695, "b": 4.8986650161464717e-17}