{"w": 0.7202010671809599, "b": 0.008031172573821263}