{"w": 0.38046886260964574, "b": -1.3869085435415625e-18}