{"w1": -0.21551694745766023, "w2": 0.3206898127277917, "b": 6.651741675859494e-18}