{"w": 0.6677140101645016, "b": -0.009061467486732266}