{"w": 0.2918388768537724, "b": -0.11096880588956297}