{"w": -0.050502434065957204, "b": 0.025166615443924345}