{"w1": 0.30571863573047725, "w2": 0.761360503941975, "b": 0.0070674058939675655}