{"w": -0.9399002749457366, "b": 3.26809800311151e-16}