{"w": -0.5605257330094284, "b": -1.545956746544957e-16}