{"w": 0.9999999999999991, "b": 1.6320278461989789e-16}