{"w": 0.199103723598918, "b": 0.07234409463716392}