{"w": -0.2751623124682091, "b": 0.14535502330725203}