{"w": -0.25180967813462823, "b": 0.1207886250861572}