{"w": 0.6116282881035582, "b": 2.7305085993697653e-17}