{"w": 0.8693491836025055, "b": 0.006359499598954102}