{"w": 0.7142621621887139, "b": -0.009998731263085326}