{"w1": -1.1527683513213227, "w2": -2.3001156160278313, "b": -0.010499348626004506}