{"w": 0.7980524399592184, "b": 0.007447439785625836}