{"w": 0.7798216063172808, "b": -0.0028178883530961467}