{"w": 0.7854649529865844, "b": -0.0029736316120712583}