{"w": 0.8037793631327692, "b": -0.019742787708708104}