{"w": 0.7895801687249497, "b": 0.005005590074655238}