{"w": -0.41338494302470385, "b": -1.5363815000746667e-18}