{"w": -0.40198058840820894, "b": 0.010069724153740554}