{"w": -0.06789735784432376, "b": -5.993814749544218e-17}