{"w": 0.09377011111401085, "b": 0.03689461287354444}