{"w": 0.0894466138830902, "b": 0.16039289307051297}