{"w": -0.9625636019974722, "b": -0.007645560936017239}