{"w1": -0.5032519225080051, "w2": -0.4915463344650107, "b": 1.8924382532663808e-16}