{"w": 0.18329649351812438, "b": 0.0027793162528441176}