{"w": 0.8446497533529284, "b": -0.029412929851154984}