{"w": -0.19208659295295138, "b": 0.01570570724631691}