{"cc": -0.24733039747202473, "alpha": -6.014364731431322e-17, "beta": -0.2473303974720247, "mx": -3.219646771412954e-17, "my": -5.2180482157382354e-17, "sx": 1.0, "sy": 0.9999999999999999}