{"w": 0.23246372978123347, "b": 0.015580107475067058}