{"w": -0.3322173798296841, "b": 8.170918159280113e-17}