{"w1": 0.5527358681093513, "w2": -0.409308328983496, "b": -0.09374902434216194}