{"w": -0.36911482225835407, "b": 0.14560858087351913}