{"w": -0.6243045320070617, "b": -0.043709738066266546}