{"w": -0.42100411340363714, "b": 4.174893622109465e-17}