{"w1": 0.14785431952006997, "w2": 0.5946013035333603, "b": -4.0247333646732937e-17}