{"w1": 0.25580869213402146, "w2": 0.39534025574139636, "b": -2.785827820008228e-17}