{"w1": 0.2542387176691865, "w2": 0.3921686334995245, "b": -2.768564871310693e-17}