{"w": -0.018700642394847204, "b": 0.0007704950243747309}