{"w1": -0.1735183382573593, "w2": -0.050031869471637805, "b": -2.3224978262978803e-17}