{"w": -0.34102414808796655, "b": -1.4732178455165197e-18}