{"w": -0.35631242562517496, "b": -0.015604816850120305}