{"w": 0.7786522527515088, "b": 0.0027430705008242677}