{"w": -0.45138539531028177, "b": 3.1611990560890183e-18}