{"w": -0.36955235375766515, "b": 0.013092638787745903}