{"w": -0.6977317735922918, "b": -0.002889304028875539}