{"w": -0.9609007465129973, "b": -0.006165820886550283}