{"w": -0.9610325691367799, "b": 0.00900305817816769}