{"w1": 0.7570223471565904, "w2": -1.3751960623960253, "b": -0.10573857761652172}