{"w": 0.35276624478795987, "b": 0.09635332987873269}