{"w1": -0.8229258267216346, "w2": 0.04499585762566552, "b": 2.0170930619354247e-17}