{"w1": -1.2307366848143222, "w2": 0.17954477447045397, "b": 0.028644421748694263}