{"w": -0.30073544432599825, "b": -0.05524584427139165}