{"w": -0.2891641069051211, "b": 0.0026843346742720167}