{"w": 0.16358945274103406, "b": -1.8665775696646236e-17}