{"w": -0.5014822993615482, "b": -0.19885437647003695}