{"w": 0.6597060485766795, "b": -4.023742585170463e-17}