{"w": 0.0823957884135536, "b": 6.49833169083463e-17}