{"w": 0.0815597525286588, "b": 0.008768760944731427}