{"w": 0.47619394071725424, "b": -0.022417188737587728}