{"w": 0.02853129662983481, "b": -0.006385581629100465}