{"w": -0.08237124702452181, "b": -0.124256774714392}