{"w1": -0.4757325919664617, "w2": -0.21698420282737335, "b": -0.018895982145444794}