{"w": -0.12761010671568654, "b": 0.050209474462068145}