{"w": -0.05673237208951994, "b": -6.054999809008876e-18}