{"w1": 1.207472587155366, "w2": 0.2383863420253641, "b": 0.2778113627567309}