{"w": -0.06153255705550839, "b": 0.01078356117555945}