{"w1": 0.6150206543615928, "w2": 0.9633610681920122, "b": 0.045509216230654834}