{"w": 0.6160692688023387, "b": -1.3828245860357748e-17}