{"w": 0.4163047170921685, "b": 0.030112539836506767}