{"w1": 1.813993763566804, "w2": -0.9993571853051308, "b": -0.03733554274130808}