{"w": 0.8499236164135403, "b": 0.2889253770414645}