{"w1": 0.15120333785771045, "w2": 0.6071841356693278, "b": -1.8676204919717595e-18}