{"w": 0.44574451810526233, "b": 6.548161497407054e-17}