{"w": 0.3621465099177243, "b": 5.245018885697227e-18}