{"w": 0.5539047505965861, "b": 0.0118656963719336}