{"w1": -0.8815509212631837, "w2": -0.24808306664730828, "b": -0.04381949869977757}