{"w": 0.6333230497673381, "b": 0.04565669654412742}