{"w": 0.674640815624352, "b": -0.0011786281904020536}