{"w": -0.5255900179861882, "b": 1.6596524115039672e-17}