{"w": -0.5385154907927446, "b": -0.0001392753185105941}