{"w": 0.2819938130675424, "b": -0.009856990290483418}