{"w": -0.15538499115856172, "b": -0.20693848869981493}