{"w": -0.15486884078053137, "b": -0.2069768415667308}