{"w": 0.07481922555858175, "b": -8.864743623441115e-17}