{"w": 0.32087551108930423, "b": -2.0926472250904906e-16}