{"w1": -1.030139903929505, "w2": -0.011130280520776852, "b": -0.055751663650903914}