{"w": -0.5558814227080928, "b": 0.04383127658405239}