{"w1": -0.3366977774918403, "w2": -0.7367836036224676, "b": 0.18347063927038137}