{"w": -0.15706975285252667, "b": -0.14755595607758498}