{"w": 0.7435053523332346, "b": -0.00854385565634639}