{"w": 0.3469963958760852, "b": 0.025775379708627956}