{"w": 0.46858100178889545, "b": 0.15972725519263148}