{"w": 0.046777491181813735, "b": 0.12104806302502935}