{"w": -0.41829210361144187, "b": 0.007154751453777974}