{"w1": 0.4458023399903358, "w2": -0.43484323429689614, "b": -9.098032544041333e-17}