{"w1": -2.5865595454974173, "w2": 0.6628704543247375, "b": -0.5871946097230645}