{"w": -0.1863255078234356, "b": -4.0269894755589524e-17}