{"w": -0.28963763084966004, "b": 0.006555295137191455}