{"w1": 0.06666845437667744, "w2": -0.8235097153720677, "b": -8.41792964226247e-17}