{"w": -0.40785685935959987, "b": -4.1471385643937147e-16}