{"w1": -0.6989414440055812, "w2": -0.8685486579363841, "b": 0.07443167986317384}