{"w": 0.014071376875875518, "b": 0.10114737550684726}