{"w": 0.4904041007725091, "b": 0.03442584671999698}