{"w1": -0.2053444759534191, "w2": -2.066742291401347, "b": -0.3146208855605612}