{"w1": 0.2592093075254561, "w2": 1.1000377901610319, "b": 0.007406685564165849}