{"w": -0.09122461565242557, "b": -0.0020962860916689044}