{"w": 0.9753242610895462, "b": 0.002911672504564683}