{"w": 0.9765963793706351, "b": 6.01881341580742e-18}