{"w": -0.3045766209918771, "b": 2.6657037206086307e-17}