{"w": -0.3018625718939297, "b": 2.6518430015355106e-17}