{"w": 0.9900990099009899, "b": -1.413061087282811e-17}