{"w": 0.9605115912170352, "b": -0.0030643030960049995}