{"w": 0.18622888628738077, "b": -0.005645113703748897}