{"w": -0.6527270083844566, "b": -0.03266097973958283}