{"w": -0.2703356101412021, "b": 0.06266845641759737}