{"w": 0.4349033116580272, "b": -3.87504602384095e-19}