{"w": 0.3632475131579372, "b": -0.030866897053860073}