{"w": 0.37725692360282226, "b": -0.20212099944751086}