{"cc": -0.4495190523535598, "alpha": -5.433685310854661e-18, "beta": -0.4495190523535598, "mx": -1.3322676295501878e-17, "my": 5.551115123125783e-19, "sx": 1.0, "sy": 1.0}