{"w1": 0.8676416636553178, "w2": -0.15768298610979414, "b": 1.6809496668992272e-17}