{"w1": -0.5392821677977108, "w2": -0.28332714010206433, "b": -0.006336466635822515}