{"w1": -0.44578344206886744, "w2": 0.0455728094038888, "b": -2.1026713937626634e-17}