{"w": 0.08077214688237427, "b": -0.0019779435909033707}