{"w": -0.5288038559660004, "b": -0.05465374748740865}