{"w": -0.5940503512215952, "b": 0.022341089164264763}