{"w": 0.7265675954893958, "b": -0.009812233834072039}