{"w": 0.6942227672107213, "b": -0.010444399863041479}