{"w": 0.1953697436869903, "b": 0.005353611856022203}