{"w": 0.9999999999999988, "b": 4.32986979603811e-17}