{"w": 0.3593446899664464, "b": 1.648007492716244e-17}