{"w": 0.36257556130480617, "b": 1.645855300066575e-17}