{"w": -0.4937754226123957, "b": 0.04754827375500611}