{"w": -0.5166339811520585, "b": 0.06993853245404669}