{"w": 0.4227613721867197, "b": 5.623204283428496e-18}