{"w": 0.2917023244090916, "b": -1.9059937054704617e-17}