{"w": 0.29432502263055194, "b": -1.914146689336366e-17}