{"w": 0.2965344629927116, "b": -0.0036991778217299875}