{"w": 0.5423643597454127, "b": 8.170532011169037e-05}