{"w": 0.5327087288630019, "b": -1.0516005627030905e-17}