{"w": 0.04012606265502526, "b": -0.02264049506607011}