{"w": -0.11501736679362916, "b": -3.5605199457983486e-17}