{"w": 0.056316642047160845, "b": 0.29389344454262806}