{"w1": -0.3324397805661292, "w2": -0.6842687169518953, "b": 0.01207203600518088}