{"w": 0.41014218948272324, "b": 2.8629805890025587e-18}