{"w": 0.4060813757254685, "b": 3.0613505820113864e-18}