{"w": -0.15519814036107127, "b": -3.397602747461513e-17}