{"w": -0.1669705210554121, "b": -0.010093620072493002}