{"w1": 0.5278525171605039, "w2": -0.37955841163244874, "b": -8.459065304323227e-17}