{"w1": 1.0983812571278126, "w2": -0.7778325884245222, "b": 0.08705764422665371}