{"w": -0.16135857320795477, "b": 1.6176307963585516e-17}