{"w": -0.1682749478193121, "b": 0.004101645704914912}