{"w": -0.16065375759134284, "b": 0.0038165005624183324}