{"cc": -0.20527791166996057, "alpha": -4.6101997719043054e-18, "beta": -0.20527791166996057, "mx": 9.992007221626408e-18, "my": -6.661338147750939e-18, "sx": 1.0, "sy": 1.0}