{"cc": -0.21738254012850394, "alpha": 9.967671495577848e-17, "beta": -0.21738254012850394, "mx": 2.2870594307278225e-16, "my": 4.9960036108132046e-17, "sx": 1.0, "sy": 1.0}