{"w": 0.12793399698537689, "b": 1.671133343989071e-17}