{"w": 0.4620646524395578, "b": 4.033534029817048e-17}