{"w1": -1.0208848331867229, "w2": 2.6231841354874414, "b": 0.2625213050389206}