{"w": -0.5826466050831585, "b": -0.07141354231239638}