{"w": -0.027403001692125246, "b": 2.853346736554611e-17}