{"w": -0.028180030840394915, "b": -0.0052737396536984265}