{"w": 0.7793837091840999, "b": -5.93226046092385e-17}