{"w": 0.7485206974769156, "b": -0.01826986253584992}