{"w": 0.7889417630435148, "b": 0.0011796004704496647}