{"w": 0.4669569681911962, "b": 0.007080290598760322}