{"w": -0.2905003395031674, "b": 0.009133126769522795}