{"w": 0.9999999999999943, "b": -5.739853037312025e-16}