{"w": 0.15292383718416452, "b": 0.07011853937823248}