{"w": -0.3862144254758251, "b": 0.0168790419618933}