{"w": -0.39961106632011223, "b": -0.004788786012460427}