{"cc": 0.8413016290012783, "alpha": -4.3589523594513755e-17, "beta": 0.8413016290012783, "mx": 1.6653345369377347e-18, "my": -4.218847493575595e-17, "sx": 1.0, "sy": 1.0}