{"w": 0.43032299341108077, "b": 2.3534371341179883e-16}