{"w": 0.12959946486802587, "b": -0.0022288397700020238}