{"w": 0.3089512038059439, "b": 0.024010145771925492}