{"w1": -1.0424019981083414, "w2": 0.5161006155292116, "b": 0.04518036193466817}