{"w": 1.0000000000000007, "b": -8.050504707313166e-16}