{"w": -0.17944885454445209, "b": -0.07716138749699962}