{"w1": -0.5052008129679916, "w2": 1.5601196250318674, "b": -0.05741288277629128}