{"w": 0.28762982442729784, "b": 0.007416371551325743}