{"w1": -0.9225180783854006, "w2": 1.7270602690809964, "b": 0.14473030064098563}