{"w1": -0.24935698631082662, "w2": 0.6602417511855714, "b": -0.018212473643949914}