{"w": 0.5112920073486863, "b": 0.04448116163414094}