{"w1": -0.7157581145228759, "w2": -0.6407557049162445, "b": -0.01221651572527215}