{"w": 0.1909154094166224, "b": 0.030276118912558162}