{"w": 0.7421289639526728, "b": -0.0402487769617967}