{"w": 0.5819725973600622, "b": 0.05179143650030282}