{"w": 0.5818883635016024, "b": -1.3844626057180855e-17}