{"w1": 0.5952816838339099, "w2": -0.3452794111967056, "b": 7.533485607275912e-17}