{"w1": 0.6253112261631658, "w2": -0.40597307366420715, "b": 0.018210171339032293}