{"w1": 0.7285581766334798, "w2": -0.4421644926033729, "b": 0.031437563448855614}