{"w": 1.0000000000000009, "b": -2.91433543964104e-17}