{"w1": -0.5549745180548696, "w2": -0.4197727088151459, "b": -2.4712773374435126e-16}