{"w": 0.32089409126345503, "b": -0.002974537791639295}