{"w": -0.8196080254846692, "b": -0.06606292728246574}