{"w": -0.4437932911539847, "b": 0.012149390068467715}