{"w": -0.46454253136549895, "b": 1.7702179972802316e-16}