{"w": -0.42231139215045366, "b": 1.736460089439092e-16}