{"w1": -0.42329362790180447, "w2": 0.31396898515906163, "b": -3.6769726316553296e-17}