{"w": 0.6252176942180094, "b": -0.030375224084939215}