{"w": 0.03587961789637954, "b": -0.007372414292008057}