{"w": -0.833913734821973, "b": -1.6537357852058775e-18}