{"w": 0.8285292569361772, "b": -0.02608403991285288}