{"w1": -0.03011553387891275, "w2": -0.5459797187726684, "b": -7.497149657532357e-17}