{"w": 0.46483331795572674, "b": -0.020718267858917176}