{"w": 0.48099986587457144, "b": -4.9495959607837674e-17}