{"w": 0.4043461371411219, "b": -3.7527218929668764e-17}