{"w": 0.42082625944483043, "b": 0.12174274326241175}