{"w": 0.7469823634773535, "b": 1.1358266858488431e-17}