{"w": -0.016224595411974515, "b": -0.2570027205180986}