{"w": -0.0006856612301812721, "b": -7.06240049128112e-17}