{"w": 0.4919208006470226, "b": -0.012739652358597257}