{"w": 0.46881670962451916, "b": -0.012626022652918869}