{"w1": -1.3226320037925385, "w2": -0.44461980937978596, "b": -0.02063994202870331}