{"w1": -0.8837397009432724, "w2": -0.1717757756426628, "b": 0.0020458830023992597}