{"w": -0.8051076043066147, "b": 0.06476285826619156}