{"w": -1.0000000000000016, "b": -4.551914400963149e-17}