{"w": 0.27085499812945835, "b": 0.0014971264862099678}