{"w1": 0.6366108945113252, "w2": 0.21614210515189045, "b": 0.005529123973645349}