{"w": 0.21542818565861324, "b": -0.060831220267450595}