{"w1": -0.36020597662885995, "w2": -0.5914000852501683, "b": 1.0046208424002778e-16}