{"w": 0.5300240796748014, "b": 0.010564338366584991}