{"w1": 0.6854438712584049, "w2": 0.40427157722294466, "b": 0.037807656611223546}