{"w": 0.7922916867208072, "b": -0.08288277217081139}