{"w": -0.3583471256457622, "b": -1.6172187475201828e-17}