{"w": -0.3055009998991135, "b": 0.012386040965855716}