{"w": 1.0000000000000004, "b": 1.8429702208777605e-16}