{"w1": 5.928560622216382, "w2": -1.6898206616050209, "b": 0.15252282143780005}