{"w1": 0.23996843817636013, "w2": 1.0834278143431482, "b": 0.025420343971742185}