{"w1": 1.3135642593532424, "w2": 0.2133239756732593, "b": -0.057182321261006266}