{"w1": -1.6155667534168734, "w2": 0.5687107149409275, "b": -0.03612943087273888}