{"w1": -0.799834870677422, "w2": 0.2932152510361523, "b": -0.0016991157314545423}