{"w": -0.1801663211853164, "b": -2.8640060963140614e-16}