{"w": -0.17998633485046583, "b": -2.8644057462601995e-16}