{"w": -0.07313750051179345, "b": -0.08988352363455906}