{"w": 0.3892489890595076, "b": 0.009262260718267678}