{"w": 0.4141955667813837, "b": -2.803326310168249e-17}