{"w": 0.5281734155534511, "b": -0.04795820508073659}