{"w": 0.2837043021588322, "b": -1.1781603318913897e-17}