{"w1": -0.002714768084504739, "w2": -1.1545252898021505, "b": -0.04544484392464802}