{"w1": 1.2503504651667519, "w2": -1.061418608159619, "b": 0.26355129123311133}