{"w": -0.4992761458172583, "b": -3.165582171425968e-17}