{"w": 0.2351264344277151, "b": -4.598783694462945e-17}