{"cc": -0.4823042362275672, "alpha": 1.4603868684879605e-17, "beta": -0.4823042362275672, "mx": 2.609024107869118e-16, "my": -1.1123046927963288e-16, "sx": 1.0, "sy": 1.0}