{"w": -0.45083205363308876, "b": -1.8096130796259177e-17}