{"w": -0.840674484517443, "b": 0.021773026836465842}