{"w1": -0.6222965677199269, "w2": -0.11596779441661186, "b": -4.604039782967469e-18}