{"w": 0.06014361596950029, "b": -0.06684768895846853}