{"w": -0.038425936771448975, "b": -1.9944436097158492e-17}