{"w": -0.5197676919851802, "b": 1.6832662268752494e-16}