{"w": -0.556294053818699, "b": -0.06548018748766664}