{"w": 0.18323188448371291, "b": -0.0017301133513280477}