{"w1": 0.405004655155421, "w2": 0.898953778682147, "b": -6.549670773456326e-17}