{"w1": 0.3987657127998969, "w2": 0.9046446857201238, "b": 0.006901185766298598}