{"w": 0.35776052159292526, "b": 1.3375356278395121e-17}