{"w": 0.6651734557854234, "b": -1.9286050924138964e-16}