{"w": -0.6743318600418863, "b": 1.5832856204855543e-16}