{"w": -0.5621331658270928, "b": -3.6165790072289924e-16}