{"w1": 0.9019915986291955, "w2": 0.5969601107968215, "b": 0.017004860422356997}