{"w": -0.4875393431393921, "b": -0.035047978901758065}