{"w": -0.1780668678819436, "b": 0.13493571125412074}