{"w": 0.24958043313214937, "b": 7.02341832530617e-17}