{"w": -0.531687141047683, "b": 1.3265747121530127e-16}