{"w": -0.49469388653908647, "b": -0.0037528765829192585}