{"w": 0.14473223526706933, "b": -9.10071996737509e-17}