{"w": 0.33800805085059277, "b": 0.019309010956106498}