{"w": 0.4687666367530166, "b": -9.643141541135201e-17}