{"w": 0.47117442533673937, "b": 0.006253206917042851}