{"w1": -1.1820563677991796, "w2": -0.1427191304153749, "b": 0.2919937668826995}