{"w1": -0.3472608215159863, "w2": -0.024082372100869758, "b": 1.3480726444026203e-06}