{"w": 0.41325205473483057, "b": -0.013828160829270908}