{"w": -0.7064668398474494, "b": 0.045250534678853746}