{"w1": -0.8791543020271824, "w2": 1.5928088545522183, "b": -0.005906205619681137}