{"w1": 0.3023968837183904, "w2": 0.9288871464985314, "b": -3.029643506505386e-17}