{"w1": 1.0738315013825772, "w2": 2.7186070996275613, "b": 0.13698377406220558}