{"w1": 0.45749890603722526, "w2": 1.2121234463220545, "b": 0.00607841143706203}