{"w1": -0.25625693639177277, "w2": -0.3970320517154827, "b": -6.31152374285792e-18}