{"w": 0.11922089858592629, "b": 0.007716013585529147}