{"w": 0.7894817231845023, "b": 5.0661711550285124e-17}