{"w": -0.49804170716859847, "b": -0.09669558244707174}