{"w": -0.5972071436885455, "b": 7.450776506660423e-17}