{"w": -0.5136504118977899, "b": -0.09658802284289976}