{"w": -0.5939396076317349, "b": 0.024380122183775946}