{"w": 0.49406664542260925, "b": 3.646672090410227e-17}