{"cc": 0.4041519284263902, "alpha": 4.82780285905445e-16, "beta": 0.4041519284263902, "mx": -1.3322676295501878e-17, "my": 4.773959005888173e-16, "sx": 1.0, "sy": 1.0}