{"w": 0.25291503877796384, "b": 0.20948444840581}