{"w": 0.189769437500348, "b": -5.1234232828493685e-17}