{"w": 0.07508611055539541, "b": 0.1536173401994833}