{"w1": 0.6543987710181115, "w2": 0.15471327695991405, "b": -4.5968618789286376e-17}