{"w1": 0.14200543593735962, "w2": -0.5795692313889224, "b": -0.0020761038920795597}