{"w1": -0.2895054437586909, "w2": 0.41978069070905694, "b": 1.495423099899168e-17}