{"w1": -0.286805896732024, "w2": 0.4159555269363792, "b": 1.4820148231091143e-17}