{"w": 0.1446520509947219, "b": 0.007198445364139159}