{"w": 0.9999999999999999, "b": 3.130828929442942e-16}