{"w": 0.21118195711590126, "b": -0.09248620815003204}