{"w1": 0.19534874750145945, "w2": -0.9670384068599877, "b": -0.03493210053456944}