{"w": -0.6339752044837443, "b": 3.077028066523753e-17}