{"w": 0.49641523675028154, "b": -0.056517241124255935}