{"w1": -2.1224403779565684, "w2": 1.4512680301896204, "b": 0.054142517015566216}