{"w": -0.05642793739839381, "b": 0.10319346175671938}