{"w": -0.07852792476726192, "b": -0.01062338347193743}