{"w1": -0.6475376455411775, "w2": 0.3035445481783378, "b": -0.011671129042546191}