{"w1": -0.7818197702700849, "w2": 0.026225706384144416, "b": 5.130064391645245e-17}