{"w1": -2.78488753135494, "w2": 0.6376330977510687, "b": 0.7029713714967238}