{"w1": -1.0186002482842973, "w2": -2.24306136327445, "b": -0.1684887959073481}