{"w1": -1.2742803458770409, "w2": -0.07675147771050556, "b": 0.017538104917650177}