{"cc": 0.3607567817597447, "alpha": -3.310985202985821e-17, "beta": 0.3607567817597446, "mx": 3.3306690738754695e-17, "my": -2.1094237467877975e-17, "sx": 1.0000000000000002, "sy": 1.0}