{"cc": -0.05385426050779526, "alpha": 1.2576353017852864e-16, "beta": -0.053854260507795265, "mx": 1.0880185641326534e-16, "my": 1.1990408665951691e-16, "sx": 0.9999999999999999, "sy": 1.0}