{"w": -0.053800460047747495, "b": 1.2575767658859956e-16}