{"w": -0.04901796619956862, "b": -0.0627774080838091}