{"w": 0.34858476602902, "b": 8.41255538171417e-18}