{"w": 0.3299913101952616, "b": 0.004709883677860755}