{"w1": -1.9514213044834032, "w2": 0.6747377303689964, "b": -0.25446192660687816}