{"w": -0.039595644704292186, "b": 0.1855164482455785}