{"w": -0.44280486262850827, "b": -0.04652164089499844}