{"w": -0.4500965933802174, "b": 3.18247263660855e-17}