{"w": -0.8102395798395085, "b": 0.09410041877538457}