{"w": -0.7258899891990259, "b": -0.010870447605430524}