{"w": 0.1449482524414974, "b": -0.0021848479995246364}