{"w": 0.11869805410329394, "b": 1.089357926235963e-16}