{"w": 0.030105130787073456, "b": -0.03629101963165512}