{"w": 0.06043385379868574, "b": -0.1385172039240641}