{"w": 0.8404338889531348, "b": -0.02794800061870993}