{"w": 0.8930957676331781, "b": -5.319624965509818e-16}