{"w1": 1.0325271877537865, "w2": -1.568897373712932, "b": -0.2691945712272781}