{"w1": 1.2791263173194787, "w2": -0.5678147631083238, "b": -0.08686016570794616}