{"w": -0.6933887945646506, "b": -0.005820366290909783}