{"w1": 0.6247254771170161, "w2": -1.0030103758384232, "b": 0.08889832156429688}