{"w": 0.8664415598822242, "b": 0.012995850002791378}