{"w1": -1.2905984524227336, "w2": -1.302664853557625, "b": 0.0776393005167533}