{"w": -0.6020604332216632, "b": 0.05035655708483947}