{"w": -0.02542019620322191, "b": -0.10361909949481056}