{"w": -0.24562863421382944, "b": -3.9374091846634136e-17}