{"cc": -0.10941177689373002, "alpha": -8.6419108299391e-17, "beta": -0.10941177689373002, "mx": 1.1619177842092655e-16, "my": -9.913185723686713e-17, "sx": 0.9999999999999999, "sy": 0.9999999999999999}