{"w1": 0.42132830051633685, "w2": -0.13038752831607783, "b": 1.7259342681202518e-17}