{"w": 0.449461618751404, "b": 0.012510960591899892}