{"w": -0.15171421445421418, "b": 1.315707012660173e-16}