{"w": -0.1937283676278074, "b": 0.01067644389342203}