{"w": -1.0000000000000036, "b": -2.842170943040408e-16}