{"w": 0.98445154841952, "b": -0.028119939339797607}