{"w": 0.406006329862342, "b": 0.038406736327624556}