{"w1": 0.7539472130918841, "w2": -0.0010697901176024884, "b": -2.157495298025204e-18}