{"w1": -0.7879651573497819, "w2": -0.9779514046741176, "b": -0.3690215778889615}