{"w1": -1.1164681064642812, "w2": -1.3895496891515517, "b": -0.2380948611234499}