{"w1": -0.33052911961977166, "w2": 0.2610422973063694, "b": -1.2560110747268371e-17}