{"w": 0.7527675866219957, "b": 5.77377425572889e-17}