{"w": -0.025206934649162037, "b": -1.8840209035554396e-16}