{"w": -0.08640964187077416, "b": 0.030786372816635516}