{"w": 0.23716742645249578, "b": -2.598905745465002e-17}