{"w": -0.49791273833016136, "b": -0.20887549715124706}