{"w": -0.29089668645547473, "b": -0.07745102845197523}