{"w": -0.15326806909012605, "b": 0.013419437442177015}