{"w": 0.37335076906051246, "b": -0.03347858364257497}