{"w": 0.45983760370980836, "b": -0.12849126134942854}