{"w": 0.4754494160458449, "b": -0.008400553866968847}