{"w": -0.7629586761069183, "b": 0.01696667179045007}