{"cc": 0.7401944009149797, "alpha": -4.065046380910733e-16, "beta": 0.7401944009149797, "mx": 1.532107773982716e-16, "my": -2.9309887850104134e-16, "sx": 1.0, "sy": 1.0}