{"w": 0.021331250109729676, "b": -0.04037743087939763}