{"w": 0.011903778864681525, "b": -0.15336285342769906}