{"w": 0.10253404051340835, "b": -0.03808869146337656}