{"w": -0.2881494933740358, "b": -0.04561934228071562}