{"cc": -0.45088674802782003, "alpha": -6.774859652296247e-17, "beta": -0.45088674802782003, "mx": 3.441691376337985e-17, "my": -8.326672684688674e-17, "sx": 1.0, "sy": 1.0}