{"w": -0.28797352571334833, "b": -0.17322022204656234}