{"w": -0.2654312964749608, "b": -0.20290628725824378}