{"w": 0.6701827671846718, "b": -0.01409335724438554}