{"w": 0.6156225080219757, "b": 8.181648142106185e-17}