{"w": 0.6711338176674898, "b": 0.0027036671867752757}