{"w1": -0.3292147204991623, "w2": 0.3509261187193548, "b": -0.0015470787233585331}