{"w1": 1.5659000898919029, "w2": 0.2820485653173967, "b": 0.0008355260821768847}