{"w": 0.5902017580908546, "b": 0.07408348226954135}