{"w": 0.8394601250496238, "b": -0.018952157142499437}