{"w": 0.08244364363931543, "b": 0.2597086482318754}