{"w": 0.999999999999994, "b": 1.443289932012637e-17}