{"cc": -0.09740799855138302, "alpha": -2.5187674160550476e-16, "beta": -0.09740799855138303, "mx": -5.551115123125783e-17, "my": -2.4646951146678477e-16, "sx": 0.9999999999999999, "sy": 1.0}