{"cc": -0.048158657415338785, "alpha": 1.1263223576060246e-17, "beta": -0.048158657415338785, "mx": 1.820071870994866e-16, "my": 2.498001805406602e-18, "sx": 0.9999999999999999, "sy": 0.9999999999999999}