{"w": -0.04815865741533876, "b": 1.126322357606024e-17}