{"w1": -0.6486376875477072, "w2": 0.4090285897615504, "b": 3.554165571072956e-17}