{"cc": 0.17580505392019047, "alpha": 7.899589525540337e-18, "beta": 0.1758050539201905, "mx": -3.885780586188048e-18, "my": 7.216449660063518e-18, "sx": 0.9999999999999999, "sy": 1.0}