{"w": 0.18209250346375414, "b": -0.010121191594419635}