{"w": -0.12304076473913483, "b": -2.1309321470891742e-16}