{"w": -0.12603913971159403, "b": -0.0006837580150386403}