{"w": -0.24856064786129847, "b": 3.2830156676319537e-17}