{"w1": -0.10654107966899777, "w2": 0.547138255235997, "b": 0.006541310115017185}