{"w": 0.9999999999999999, "b": 9.87751547221194e-17}