{"w1": -0.22461085556753058, "w2": -0.5974883073147842, "b": -6.226348673349188e-17}