{"w": 0.6912816916788377, "b": -1.4660072822196777e-17}