{"w1": 0.38100156583804595, "w2": 0.33084583776611626, "b": 3.522981772281022e-17}