{"w1": 1.02159521100369, "w2": 0.9555540286793769, "b": -0.05705861491459446}