{"w1": 0.44054114214377743, "w2": 0.38809996493762794, "b": -0.0008847570135755607}