{"w": 0.18611248622994453, "b": 0.05391551312150077}