{"w1": -0.4873938291878587, "w2": 1.5423374048236254, "b": -0.1522818711739728}