{"w1": 0.01705734551639024, "w2": -1.6352186943530178, "b": -0.2124264759077029}