{"w": 0.451838368175711, "b": -7.984463708337663e-17}