{"w": 0.36076463566466094, "b": 0.017675157372135524}