{"w": 0.49304742939498747, "b": -0.0095625758369497}