{"w": 0.4671249200373605, "b": -0.007712182310952164}