{"w": 0.5393081865310766, "b": -0.013766693453164695}