{"w": 0.1832995642825328, "b": 0.04150068995469759}