{"w": 0.15503500615227514, "b": -9.859509808260674e-17}