{"w": 0.12813755640459146, "b": -0.019950155942842537}