{"w1": -0.9852725856389907, "w2": -0.9621667819861002, "b": 0.03924610037745237}