{"w": 0.917104374430027, "b": 0.01554876161767243}