{"w": 0.9455013071165336, "b": 0.028195132638106843}