{"w1": -0.5255611255157973, "w2": 0.06384579225734782, "b": 9.76935216670566e-18}