{"w1": 0.1391253406244066, "w2": 0.8043234067001956, "b": -7.282570394438186e-18}