{"w": -0.09166517999176885, "b": -0.2057712061305837}