{"w": -1.0000000000000004, "b": -6.633582572135308e-17}