{"w": 0.5401231598936734, "b": -0.013590076345873614}