{"w": -0.5565589254712676, "b": 0.21421440852468704}