{"w": 0.33037888101068486, "b": -0.03139134175390894}