{"w": 0.3025740506089962, "b": -3.2806307598633765e-17}