{"w": -0.13509769134471972, "b": 0.0659617342580816}