{"cc": 0.31818789002957276, "alpha": -4.743677499683597e-17, "beta": 0.31818789002957276, "mx": -4.440892098500626e-18, "my": -4.884981308350689e-17, "sx": 1.0, "sy": 1.0}