{"w": 0.21516268637495634, "b": 0.10962458388153039}