{"w": -0.01475803732298418, "b": -0.29449072213232275}