{"w1": 1.1369274111660204, "w2": -2.7560778168805515, "b": 0.04285810557894798}