{"w": -0.5907535933972946, "b": 0.0043997145830767335}