{"w": -0.5860570168258586, "b": 0.004440080606224472}