{"w": 0.2458750503877055, "b": -0.004906616124733504}