{"w1": -1.1274660451256444, "w2": -1.404829189935037, "b": -0.01511109728179242}