{"w": -0.5038974916191037, "b": -6.22157602283469e-17}