{"w1": 0.5044326289047183, "w2": 6.274158236389957, "b": -0.7026549439792183}