{"w": 0.23788933232116158, "b": -3.423852124510395e-17}