{"w": 0.7775343630219806, "b": 0.06932506815466272}