{"w": 0.732911423406028, "b": 0.048900640360945845}