{"w1": -0.970659171002121, "w2": -1.055296706860719, "b": 0.09599851921754088}