{"w1": -0.48632128148744647, "w2": -0.3514808482553501, "b": 1.1032425363513915e-16}