{"w1": -0.8629357931899778, "w2": -0.39231961435198887, "b": -0.03511239418948995}