{"w": -0.9736300775771048, "b": 3.6810734996248046e-17}