{"w1": 0.7877028221065209, "w2": -0.0999017770397304, "b": 3.0646743982967404e-17}