{"w1": 3.1895818295537226, "w2": 2.0975721485809657, "b": -0.34238424152157526}