{"w": 0.2929619247265489, "b": 2.1475816011986996e-17}