{"w": 0.19977042383344604, "b": -0.23831329310592006}