{"w": -0.9525335819159072, "b": -0.0029939107850879138}