{"w1": -0.4045574460985545, "w2": -0.8467396323540521, "b": 0.021383543677330363}