{"w1": 0.861328084227678, "w2": -0.7670481160378754, "b": 0.10605212773435291}