{"w1": -1.4087086693129376, "w2": -1.3293497218855086, "b": 0.04619894585954108}