{"w1": 0.8488186969706574, "w2": 0.07381416156461432, "b": 1.171825822472163e-16}