{"w": -0.5691072968334543, "b": -0.06995389845928895}