{"w": -0.6013529764934779, "b": -0.07744130665154603}