{"w": -0.06515705202750847, "b": -0.0006571850450534291}