{"w": -0.061938876186685865, "b": -0.0007023780733704722}