{"w": -0.8751335454205197, "b": -0.03927431100268197}