{"w1": 2.2136677017511017, "w2": 0.5712295080608749, "b": -0.15610984292756594}