{"w1": 0.7860630383402193, "w2": 0.32997009633392455, "b": -0.0745049348561671}