{"w1": 0.22314429422308532, "w2": 0.4251250700625362, "b": -7.791030218351977e-18}