{"w": 0.8654383075096677, "b": 2.0730981889429303e-17}