{"w": 0.8692791650863356, "b": 0.0004094292073361337}