{"w1": 0.358248359387226, "w2": -0.9424306013762096, "b": -0.15709396282964033}