{"w": 1.0000000000000007, "b": 1.3544720900426922e-16}