{"w": -0.380608811338199, "b": 1.90392606079919e-17}