{"w": -0.3144920961107988, "b": -2.4362152615622795e-17}