{"w": -0.38618715807666604, "b": -1.0194046290147662e-16}