{"w": 0.5512670915246916, "b": -0.02112654776310923}