{"w": 0.8055000564478753, "b": -0.10981740583728117}