{"w": 0.7906718328060226, "b": 2.2772825854308875e-17}