{"w": 0.054739527743307315, "b": -0.07710783638165594}