{"w": 0.07443728566995599, "b": 0.09057352426048192}