{"w1": 0.009985431500110012, "w2": -0.6842748482859669, "b": 0.01084817807126309}