{"w1": 0.897465557694333, "w2": 0.07182661568987703, "b": 1.4658645543225836e-16}