{"cc": 0.7808718841073335, "alpha": 1.0403303340220667e-17, "beta": 0.7808718841073339, "mx": -1.3322676295501878e-17, "my": 0.0, "sx": 0.9999999999999999, "sy": 1.0000000000000002}