{"w": 0.7559842254526268, "b": 0.03708577507169116}