{"w1": -0.2055309250403735, "w2": 0.6346401886293027, "b": 7.116769811220087e-17}