{"w": 0.929614261372275, "b": -0.05045648433731362}