{"w": 0.8646670728929928, "b": 0.01384150094862215}