{"w": -0.44796516298935146, "b": 6.780017295043349e-17}