{"w": -0.7132317295433471, "b": -0.021385590493554617}