{"w": -0.3323150424910159, "b": 1.8826071680494611e-16}