{"w1": -0.8652183253396776, "w2": -0.6147985824625275, "b": -0.04057333012736933}