{"w1": 0.1414367692604308, "w2": -0.844204700793371, "b": 9.278108170977572e-18}