{"w1": -0.07398850453080143, "w2": -0.7408851467259366, "b": 0.009859231517272197}