{"w1": 1.5922480498282967, "w2": -0.12869582432295193, "b": -0.030398152099970197}