{"w1": 0.8595002280467574, "w2": 0.019993989136604284, "b": -0.00604421721026871}