{"w": -0.6002097784003886, "b": 0.0389710379211432}