{"w": 0.9751439903960394, "b": 8.219487057098344e-18}