{"w": 0.9173079290118639, "b": -0.011134449646550679}