{"w": 0.013337991013928253, "b": 0.05290220203421557}