{"w": -0.0353787244603464, "b": -0.00210226859370255}