{"w": 0.056276200029436785, "b": 0.09235040399029348}