{"w": -0.13586754646986166, "b": 0.016147554114726514}