{"w": -0.1454452408675397, "b": 2.930022878051923e-17}