{"w": -0.14675294033587927, "b": 2.923925158203952e-17}