{"w": 0.5084067312704738, "b": 2.544179610019544e-17}