{"w": 0.13778037244240635, "b": -0.09128280128430694}