{"w": 0.3005768926573352, "b": 0.02290245833558613}