{"w": 0.24521338818939067, "b": 0.026061660312936736}