{"w": 0.6899691599045943, "b": 0.0023953875763724295}