{"w": -0.05840541054000833, "b": 0.0006317911665908294}