{"w": -0.906949736427497, "b": -0.0055024480762403604}