{"w1": 2.781766832550634, "w2": 2.6443808815990755, "b": 0.5324119791391856}