{"w1": 0.13010059019775266, "w2": 4.532378536635503, "b": -0.8443856734758041}