{"w1": 1.0199399279086279, "w2": -0.3806153739401831, "b": 0.007639189470722934}