{"w": 0.8011490604298747, "b": 9.302591638288049e-18}