{"w1": -0.7453181444747663, "w2": -0.9214744848462163, "b": -0.06976922889209566}