{"w": -1.0000000000000013, "b": 1.3655743202889443e-16}