{"w": -0.032835565259828614, "b": -1.3670645293998468e-17}