{"w1": 0.3294754685626297, "w2": 0.8562006000215929, "b": -9.180965279598116e-18}