{"w1": 0.1102454922432586, "w2": 0.49446497525088445, "b": -1.1766384383430639e-18}