{"w": 0.9795144927028225, "b": 0.04045542025467774}