{"w": -0.505293157837504, "b": 0.02339851980840936}