{"w": -0.4144105912673932, "b": 0.05296400440168661}