{"w": -0.28684644529541825, "b": -0.201540166573534}