{"w": -0.34465589907494715, "b": -0.25834630251050617}