{"w": 0.4621168801769904, "b": -1.828433460842115e-17}