{"w1": 0.7799060154668482, "w2": -0.34879780514599706, "b": -2.286809613765403e-16}