{"w": -0.4329109523544441, "b": 0.07582117152355639}