{"w": 0.154603540568876, "b": 0.169167232493317}