{"w": -0.44842072008605843, "b": 0.17253632595983906}