{"w1": -0.8246058880825646, "w2": 0.007010602107923675, "b": 0.06281343632398964}