{"w": 0.8381003725574178, "b": -0.01731860653054877}