{"w": 0.8401953479893562, "b": -0.013594159393943372}