{"w": 0.8529710217960979, "b": 6.97964631368465e-17}