{"w1": -0.526919357352445, "w2": -0.3387013805341622, "b": -0.026220657511980022}