{"w": -0.5099829207103627, "b": -8.533200713817792e-17}