{"w": -0.1825237781617849, "b": 2.4636165705184588e-17}