{"w1": 0.4450044995066082, "w2": 0.48638780250618985, "b": -5.776377273336104e-17}