{"w1": 0.5838467659939787, "w2": 0.5571199241786535, "b": -0.0005021549762180798}