{"w": -0.3774902873171992, "b": -0.005849546196916345}