{"w": 0.20091786522040267, "b": 0.061030567249095426}