{"w1": 0.12851819033681944, "w2": -0.6583241776174855, "b": -0.09999056429090991}