{"w1": 0.04663085872205332, "w2": -0.27487726059518053, "b": 0.004059925873242769}