{"w": -0.4882285101028211, "b": 9.495386015142771e-18}