{"w": 0.0980560334310266, "b": -0.02234674583302381}