{"w": -0.5991010053538556, "b": 2.458997112229633e-16}