{"w": 0.1250769698187189, "b": -0.007137745659070882}