{"w": 0.041375806696006004, "b": -6.747548100469181e-06}