{"w": 0.7389826798576169, "b": -0.0006584424445357394}