{"w1": 0.16977294240419044, "w2": 0.6051287722390322, "b": 1.675463968374362e-17}