{"w1": 0.19281384218604072, "w2": 0.761278966135351, "b": 0.022016283016167388}