{"cc": 0.2541103247078241, "alpha": 2.899357319987481e-17, "beta": 0.25411032470782413, "mx": -3.1086244689504386e-17, "my": 2.1094237467877975e-17, "sx": 0.9999999999999998, "sy": 1.0}