{"w": 0.6649852570691722, "b": 0.10016833600500095}