{"cc": -0.48431416440056374, "alpha": 1.7484931980514838e-17, "beta": -0.4843141644005637, "mx": 1.7763568394002505e-17, "my": 8.881784197001253e-18, "sx": 1.0, "sy": 0.9999999999999999}