{"w1": -0.10967388501480482, "w2": 2.231352027813121, "b": 0.4260118897459555}