{"w": -0.1564961481663298, "b": -8.465236743045435e-17}