{"w1": -0.9439890654920312, "w2": -2.766541639308264, "b": -0.016087992367589593}