{"w1": -0.778541684601556, "w2": -2.131371308329883, "b": -0.07664256432151041}