{"w": -0.055313657322628274, "b": 0.13906209414536852}