{"w": 0.7293524690824301, "b": -4.42255340711955e-17}