{"w": -0.5702834189406559, "b": -0.0312707866041653}