{"w": -0.577058592635184, "b": -0.025042014229556646}