{"w": -0.4852189644429469, "b": -1.6738678648594214e-16}