{"w": 0.13783152805764717, "b": 1.8839601359689925e-16}