{"w": -0.1635593986917263, "b": 0.1821784054279191}