{"w": 0.17775679301490174, "b": -0.19465065131906742}