{"w": 0.20935427391620584, "b": 0.06108435723078305}