{"w": -0.4080948545883091, "b": -8.563514302380257e-18}