{"w": -0.4085465566096753, "b": 0.03757153999549805}