{"w": -0.39227723786918145, "b": -0.14836263013976567}