{"w": 0.9528363315760193, "b": 0.0069740845509322965}