{"w1": 0.2827715309159846, "w2": 0.6047310844908953, "b": -2.0138161911229833e-17}