{"cc": -0.41237935963503025, "alpha": -9.583437721690932e-17, "beta": -0.4123793596350305, "mx": -4.662936703425657e-17, "my": -7.66053886991358e-17, "sx": 0.9999999999999998, "sy": 1.0000000000000002}