{"w": -0.5240071032409351, "b": 0.0040327836443486845}