{"w": 0.46886526529511663, "b": -0.10630703763234466}