{"w": 0.42711701826584375, "b": 0.025991557723429818}