{"w": -0.19810957775238525, "b": 0.09788035707655132}