{"w1": -0.8782184545310323, "w2": 0.3181188840007838, "b": -1.9868611277048463e-17}