{"w": 0.7123976186655283, "b": 6.24477718128686e-17}