{"w1": -0.8800252246041245, "w2": -4.984861223239376, "b": -0.439279708531694}