{"w1": -0.03979420957135667, "w2": -0.7983587416542662, "b": -2.7057729155278217e-19}