{"w1": -0.10824765618445109, "w2": -1.2414483059041885, "b": -0.008144019720417589}