{"w": 0.7357403871103708, "b": 9.354806420329455e-17}