{"w": 1.0000000000000004, "b": 5.218048215738228e-17}