{"cc": 0.7992700320064552, "alpha": -1.1989598238678018e-17, "beta": 0.7992700320064551, "mx": 1.1102230246251566e-18, "my": -1.1102230246251566e-17, "sx": 1.0, "sy": 0.9999999999999999}