{"w": 0.7543912390035878, "b": -0.02367321668628806}