{"w": 0.5219297295219166, "b": 0.1447848445181831}