{"w1": -1.3844602821870164, "w2": -0.13173305035913085, "b": 0.008881413998212823}