{"w1": -1.07273141602055, "w2": -0.016023227160003123, "b": -0.02003498391678358}