{"cc": -0.7830606543058106, "alpha": 2.0612535354804364e-17, "beta": -0.7830606543058108, "mx": 2.220446049250313e-18, "my": 1.8873791418627663e-17, "sx": 1.0, "sy": 1.0000000000000002}