{"w1": 0.5012013522246546, "w2": 0.25982493546430224, "b": -2.0667682454702846e-18}