{"w1": 0.5551036428977766, "w2": 0.24163403393796004, "b": -0.015810805440096384}