{"w1": 0.6959273070165511, "w2": -1.6950542102380564, "b": 0.4393564544220696}