{"w": -0.6149310463599635, "b": 1.8411816154113516e-16}