{"w": -0.015312552202494051, "b": -0.09854104783970435}