{"w1": -1.5107918186248364, "w2": -1.053662639249927, "b": -0.015014305569264894}