{"w1": -1.8581707596477532, "w2": -0.5311237049850565, "b": 0.13677621557257327}