{"w": 0.16310711049959528, "b": 0.005666158263524502}