{"w": -0.5979165039738402, "b": 1.5861846451025684e-16}