{"w": -0.5758481246676115, "b": -0.006928150696726254}