{"w": -0.3103241363890705, "b": -0.04500739606050009}