{"w": 0.5265104598769157, "b": -4.6878860651868854e-17}