{"w": -0.166311305422709, "b": 0.0038591171594797016}