{"w1": -0.5603259542261819, "w2": -0.40981530776689984, "b": -1.7262591769955802e-16}