{"w1": -0.4635754333134475, "w2": -1.19366630364319, "b": -0.009951659170494634}