{"w": 0.6949231530968213, "b": 0.03137863910063992}