{"w1": 0.5045722445286819, "w2": 0.6248401428247919, "b": -0.0009446336734455596}