{"w": -0.4684834097613693, "b": -0.003564325509345875}