{"w": -0.4918105387480578, "b": -0.003459684948690418}