{"w": 0.3396351284073729, "b": -1.8103005534759422e-16}