{"w": 0.9999999999999996, "b": -2.264854970235319e-16}