{"w": 0.33620876183162574, "b": -0.0005116135005469452}