{"w": 0.10200544028400989, "b": -1.846340149487329e-17}