{"w": 0.06296336026298444, "b": 0.16709544220143147}