{"w": 0.04300820203915534, "b": 0.1516639125332077}