{"w": -0.870382752526666, "b": 0.011968467479640496}