{"w": 0.9491201297160092, "b": 0.0010974136716374646}