{"w": 0.9450874684883254, "b": 0.013235747929840887}