{"w": 0.9306692435237353, "b": -2.649675067717731e-18}