{"w": -0.05000625200846076, "b": -0.020649326687538494}