{"w": -0.07420496925554777, "b": -0.02357976915683903}