{"w": 0.11029970537401335, "b": -0.18858092369853052}