{"w": 0.10574915352003661, "b": 6.694393440680526e-17}