{"cc": 0.7020041756798436, "alpha": -4.726909884555084e-17, "beta": 0.7020041756798437, "mx": 5.412337245047638e-17, "my": -9.274265383441006e-18, "sx": 0.9999999999999999, "sy": 1.0}