{"w": -0.418177044246585, "b": 1.5977092117350683e-16}