{"w": -0.45953521345778564, "b": 1.6206676075923773e-16}