{"w1": -0.49429033737328343, "w2": -0.7323002985462648, "b": 0.00019360148702683277}