{"cc": 0.13314615148056536, "alpha": -8.616639896788445e-17, "beta": 0.13314615148056533, "mx": -6.994405055138486e-17, "my": -9.547918011776346e-17, "sx": 1.0, "sy": 0.9999999999999999}