{"w": 0.5284982272035413, "b": -0.10909042495435617}