{"w": -0.927689380217382, "b": -4.975834492167409e-17}