{"w1": -0.6791733641513042, "w2": -0.5111365733986712, "b": -0.15411736468089368}