{"w": 0.26039269129931186, "b": 3.020678576824558e-17}