{"w": 0.7521653315889644, "b": 0.00985465842448044}