{"w": 0.6962828797351003, "b": -0.000422038007246293}