{"cc": -0.38538170992684173, "alpha": 1.8355935723044737e-16, "beta": -0.38538170992684173, "mx": -7.105427357601002e-17, "my": 2.1094237467877973e-16, "sx": 0.9999999999999998, "sy": 0.9999999999999998}