{"w": -0.4849430004863913, "b": -0.20721016607940634}