{"w": -0.32481241558486984, "b": -0.10447259653679085}