{"w1": -3.8577054338759447, "w2": 1.7197754277093382, "b": 0.08489156298867326}