{"w": 0.023815548869072927, "b": 1.4512361504579186e-17}