{"w": -0.5138309674372409, "b": -0.006101291155088087}