{"w1": -0.9644813985768348, "w2": -0.6556860604559851, "b": -0.20669264684946775}