{"w": -0.4339922063065283, "b": 0.02735251839500621}