{"w": -0.056732063249769184, "b": -2.1778661387336253e-17}