{"w": -0.9999999999999999, "b": -3.8302694349567885e-17}