{"w1": -1.5705457341463347, "w2": -2.0140730757905727, "b": 0.24680276783013488}