{"cc": -0.2740444637654416, "alpha": -4.5286588102897427e-17, "beta": -0.2740444637654416, "mx": 6.161737786669619e-17, "my": -6.217248937900877e-17, "sx": 1.0, "sy": 1.0}