{"w": -0.27374570208133675, "b": 0.06686815391100795}