{"w": 0.10099360941498804, "b": 0.16344795003182497}