{"w1": 0.9796897724825167, "w2": 1.7509024589692332, "b": 0.11648108331687697}