{"w1": 2.439610683697569, "w2": -0.40501720133020463, "b": 0.15171801384256872}