{"w": -0.18378950462051882, "b": 0.05653246897013231}