{"w1": 1.1276673111631628, "w2": -0.9294621973981703, "b": -0.11954742484388697}