{"w": 0.31765445303763196, "b": -1.4628903122622463e-17}