{"w": -0.46436001833025703, "b": 1.4078170266130377e-16}