{"w": -0.22166575165086294, "b": -2.668871591600499e-17}