{"w": -0.22144430734351944, "b": -2.668756348208928e-17}