{"w1": -2.167345270399877, "w2": 0.8967201414577035, "b": -0.019960279206557824}