{"w": -0.014896654829986863, "b": -0.0030642874617414287}