{"w": 0.05521128847634714, "b": -0.0024415213320611584}