{"w": -0.32929238152060053, "b": -4.318255164934353e-17}