{"w": -0.247699279238499, "b": 0.03850171831162356}