{"w1": 0.7200232087985231, "w2": -0.2117880904492781, "b": 0.005453116796673844}