{"cc": 0.6272070138863604, "alpha": -6.96166996537645e-18, "beta": 0.6272070138863604, "mx": 1.817990202823694e-17, "my": 4.440892098500626e-18, "sx": 1.0, "sy": 1.0}