{"w": 0.6049982999192772, "b": -0.007988714831282275}