{"w": 0.13068528051845252, "b": -0.010865882062301938}