{"w": 0.39897750101172635, "b": 0.07857673693847991}