{"w": 0.34124224488744154, "b": -0.004261886482262801}