{"cc": 0.3236869240905177, "alpha": -1.421960155784873e-17, "beta": 0.3236869240905177, "mx": -6.661338147750939e-18, "my": -1.6375789613221058e-17, "sx": 1.0, "sy": 1.0}