{"w": 0.12483382698788194, "b": 0.17928527749374928}