{"w": -0.33908044663491166, "b": -0.007406054024384779}