{"w": 0.08312992947259072, "b": 0.004076008203300393}