{"w": 0.6879960990757752, "b": 0.017921876481955066}