{"w": 0.609526149358905, "b": -2.1929589688321463e-17}