{"w": 0.6676175955325538, "b": 0.003838317250768511}