{"cc": -0.3648838243297005, "alpha": -3.315746047119885e-17, "beta": -0.36488382432970057, "mx": -4.218847493575595e-17, "my": -1.7763568394002505e-17, "sx": 0.9999999999999998, "sy": 1.0}