{"w": -0.40750149706324934, "b": -0.03907673918476592}