{"w": -0.17153862757234947, "b": 1.2429415981933006e-16}