{"w": -0.16984022531915782, "b": 1.2434412835942413e-16}