{"w1": -0.17046134657914286, "w2": -1.2263764081999564, "b": -0.017126189405376198}