{"w1": 0.6308863579323954, "w2": -0.36471561945976455, "b": -6.992973324630038e-17}