{"w1": -0.20302191152876103, "w2": -0.4835234403573086, "b": 1.3257853612077544e-17}