{"w1": -0.7842445491646773, "w2": -1.5183292676513507, "b": 0.12312225804556531}