{"w": -0.3138678931734216, "b": -0.20687555826751897}