{"w": 0.40218578325274074, "b": 4.341942766799539e-17}