{"w": -0.30051436393801295, "b": -0.0318847136436798}