{"w": -0.4122949807399081, "b": -4.569477529196905e-17}