{"w": 0.16221996524586488, "b": -0.01792880441645503}