{"cc": 0.045743368955965265, "alpha": -5.291510598648817e-17, "beta": 0.04574336895596527, "mx": 9.992007221626408e-18, "my": -5.2458037913538644e-17, "sx": 0.9999999999999998, "sy": 1.0}