{"w": 0.04529046431283691, "b": -5.291058056002332e-17}