{"w": 0.894778306837372, "b": 0.006184538763096073}