{"w1": -0.1522822584089984, "w2": 2.2089189308318153, "b": -0.01944773575697377}