{"w1": -0.8871509269531073, "w2": -0.6454096102050715, "b": -0.21807976472005589}