{"w": -0.4143956417090795, "b": 0.08273924298841082}