{"w": -0.5593324818971809, "b": 0.008027190359983956}