{"w": -0.27068632779865304, "b": 6.437726737104154e-17}