{"w1": -0.4096842033059596, "w2": -1.4933726611129203, "b": -0.04010801659021435}