{"w": -0.05742168485829811, "b": -0.0014373071840318395}