{"w": -0.030534906873934727, "b": -5.463183386693036e-18}