{"w": -0.3564338201128763, "b": -0.0015068815106059198}