{"w1": -0.47302770600529837, "w2": -0.5424867383976324, "b": -1.4018122597220332e-16}