{"w1": -0.31989010931777023, "w2": -0.8262761471117175, "b": -0.027271626194968937}