{"w1": -3.1411889406951286, "w2": -3.1083937115202716, "b": 0.04431162239580638}