{"w": -0.5415750522773719, "b": -0.009568505821327171}