{"w": -0.06671174872118765, "b": -0.05481287707796162}