{"w1": -0.8961234434780904, "w2": 0.35457661627514664, "b": 0.00037084645547242516}