{"w": 1.0000000000000004, "b": -1.6431300764452324e-16}