{"w1": -1.717551663319181, "w2": -0.16753002726250688, "b": 0.17017043534896542}