{"w1": 0.27934832651918146, "w2": 0.37595607335203457, "b": -3.4772439093389007e-07}