{"w": -0.45397230752334045, "b": -0.0023125453754955783}