{"w": 0.6023398005856452, "b": -0.07503314514267148}