{"w1": 0.4033551377503323, "w2": 1.8666406452897635, "b": 0.04515146645256443}