{"w1": 0.2027726703546847, "w2": 0.8942314760943706, "b": 0.007915237826495537}