{"w": 0.022529274630889808, "b": -0.005489229894282683}