{"cc": -0.23689035261935368, "alpha": -1.130274822498317e-16, "beta": -0.2368903526193537, "mx": -7.993605777301127e-17, "my": -9.409140133698202e-17, "sx": 0.9999999999999998, "sy": 0.9999999999999999}