{"w": 0.999999999999995, "b": -7.105427357600993e-17}