{"w1": 0.16068619130885606, "w2": -0.6829585371815197, "b": 8.541507371122744e-18}