{"w": -0.44731069658819933, "b": 0.006613330692888}