{"w": -0.5025825179875433, "b": 2.52141293656092e-17}