{"w": 0.43142719633075644, "b": 1.5422603691584066e-17}