{"w": 0.7447291560852446, "b": -2.4092163895828808e-17}