{"w1": -0.5766803499454645, "w2": -1.0575826042866718, "b": -0.017536304497791113}