{"w1": 0.05164159086541954, "w2": -1.9341393328109493, "b": -0.045447756794596894}