{"w": -0.2424523369741396, "b": 4.373443660259906e-17}