{"w": -0.235636802110761, "b": 0.0013984228144224842}