{"w": 0.10077625560535351, "b": -2.3129428357634595e-16}