{"w": 0.14769437373806915, "b": -0.08841324488230709}