{"w": 0.11071651840457872, "b": 0.016791933574358785}