{"cc": 0.22677906219146834, "alpha": -2.1427717952524378e-17, "beta": 0.2267790621914683, "mx": -6.217248937900877e-17, "my": -3.552713678800501e-17, "sx": 1.0000000000000002, "sy": 1.0}