{"w": 0.4243897299021063, "b": 0.05394380326120914}