{"w": 0.5755209983574525, "b": -0.023028806788910457}