{"w1": 0.27905514211600035, "w2": 0.73134980882868, "b": -1.6198471050998601e-16}