{"w": 0.1305320177765539, "b": 4.6752464536483915e-17}