{"w": -0.056119697118890345, "b": -1.8740909836886652e-16}