{"w1": -0.555569746549943, "w2": -0.19135011801186008, "b": 4.3573542378581687e-17}