{"w1": -1.6851418316246756, "w2": -0.4090051578549088, "b": -0.10236416578815835}