{"cc": -0.4163306653296399, "alpha": -4.032616606258586e-17, "beta": -0.41633066532964, "mx": -3.552713678800501e-17, "my": -2.55351295663786e-17, "sx": 0.9999999999999998, "sy": 1.0}