{"w": -0.40252353401168645, "b": -0.008467726129205825}