{"cc": -0.0022881390624652984, "alpha": 4.542505885328354e-18, "beta": -0.0022881390624652984, "mx": 4.4408920985006264e-17, "my": 4.440892098500626e-18, "sx": 1.0, "sy": 1.0}