{"w": 0.05426486612580112, "b": -0.043442912305389415}