{"w": -0.953994261441049, "b": 0.005630056534856093}