{"w1": 0.38849136680365987, "w2": 0.8736831927038918, "b": 0.0018909207416438062}