{"w1": 0.8239510929083578, "w2": -0.9270092080941417, "b": -0.09101442055600607}