{"w1": 0.3828581122271689, "w2": 0.16675456755821386, "b": -0.009064311105680643}