{"w1": -0.8627500141676424, "w2": -1.6036604375264107, "b": -0.02402499060561178}