{"w1": -0.41192812722739697, "w2": 0.4589301714360359, "b": 2.2966310650086022e-17}