{"w": -0.06726989453336468, "b": -2.9033838958247926e-17}