{"w": -0.11761773817006237, "b": 1.7606759410398063e-16}