{"w": -0.12809852671986988, "b": 1.7632358638479354e-16}