{"w": -0.0685265850081178, "b": -0.19601884824188848}