{"w1": -4.344535729469859, "w2": -0.3290878791843787, "b": -0.05187087319059305}