{"w": -0.2861560154631414, "b": 0.007563113566927225}