{"w": -0.5501316694082404, "b": 4.945765828128605e-17}