{"w1": -0.3576785054580051, "w2": -0.6535691290607648, "b": 5.895102797930458e-17}