{"w": 0.0944512951617204, "b": -5.195241415742201e-17}