{"w": 0.09351613382348559, "b": -5.1932687642082505e-17}