{"w": 0.09775678008522905, "b": 0.00749212519891954}