{"w1": -0.27071330607517974, "w2": 0.4749227143531435, "b": -2.1212396056667464e-17}