{"w1": 0.7535040142285361, "w2": -0.20062531736999603, "b": -5.808266377091121e-17}