{"w": 0.7131046798625335, "b": 8.828821911081079e-17}