{"w": 0.780479796155216, "b": -0.04154724578945176}