{"cc": -0.003573880595954204, "alpha": 7.541977738853775e-17, "beta": -0.0035738805959542024, "mx": -2.1094237467877975e-17, "my": 7.549516567451065e-17, "sx": 1.0000000000000002, "sy": 0.9999999999999998}