{"w": -0.46295879498727815, "b": 0.16638744654999388}