{"w": -0.4269527967053975, "b": -0.004500674725740589}