{"w": -0.22668333305631905, "b": -1.5412552720613225e-16}