{"w1": 2.4916290455167216, "w2": -0.557761110703357, "b": -0.25575373870337725}