{"w1": 1.1588851121983272, "w2": -2.704833011439593, "b": -0.43881457124130535}