{"w": -0.366555151661361, "b": 1.154943777297939e-16}