{"w": -0.2783966772263958, "b": 0.03511498304371161}