{"w": 0.4782304589290959, "b": -0.04559161257026656}