{"w": -1.0000000000000002, "b": -1.6986412276764898e-16}