{"w": -0.5220490031668056, "b": -0.005445650377421035}