{"w1": 0.05446214868409493, "w2": 1.4082460253830336, "b": 0.07148117554896245}