{"w": 0.3904687733801549, "b": -0.06891642943661692}