{"w": 0.3771723028958415, "b": 5.931713879798628e-17}