{"w1": -3.0973551305607563, "w2": 2.089880261713531, "b": 0.005976018852595243}