{"w": 0.4727658890973798, "b": 0.16104327537217789}