{"w1": 0.49210784557225945, "w2": 0.7580729153644008, "b": 0.011147935448202057}