{"cc": -0.036484899377108714, "alpha": -1.7058409122773327e-17, "beta": -0.036484899377108714, "mx": -1.1102230246251566e-17, "my": -1.6653345369377347e-17, "sx": 1.0, "sy": 1.0}