{"w": -0.03316809034282612, "b": -1.7021585145191876e-17}