{"w": 0.1261446557876169, "b": -0.1174315083034605}