{"w1": 0.5462547756963003, "w2": -0.24140014993888748, "b": 0.00819358254358346}