{"w1": 0.15589518903780372, "w2": 1.1163908744367421, "b": 0.05359355018514617}