{"w1": 0.46747757213159696, "w2": -0.5689603717624454, "b": -3.21229960838953e-17}