{"w1": 0.7159702043863507, "w2": -0.9306539200555657, "b": 0.17237894152554764}