{"w1": 0.9695737659576096, "w2": -0.23208883927125495, "b": 0.13102564835872668}