{"w": 0.018087547446931935, "b": 0.0013166823913445258}