{"w": -0.5387794117748088, "b": 0.011157269544516001}