{"w": 0.4359767339283904, "b": 1.0612141346624494e-16}