{"w": -0.3552447816470014, "b": 0.015791132362554715}