{"w": 0.9579912461649016, "b": -0.002622873706876917}