{"w1": -17.14710843969685, "w2": -19.25256473513573, "b": -3.627652240182709}