{"w": 0.5102178772739631, "b": -0.045036708037584805}