{"w": 0.18450164201851954, "b": -0.016854417371592205}