{"w": 0.1952544259068255, "b": -0.06273358218745324}