{"w": 0.20855361751813573, "b": -0.07805927010976198}