{"w": 0.17941317155945302, "b": 0.046482990545808955}