{"w": -0.36968975007138205, "b": 0.046180320874829275}