{"w": -0.3700477396123479, "b": 0.04605033945530802}