{"w": -0.4425699817482581, "b": 0.017548286033713518}