{"w1": -0.7699502718705548, "w2": -1.0445511179243117, "b": -0.03936931032049771}