{"w1": 0.16042867700610983, "w2": -0.4013561142399646, "b": 2.2327583459168525e-17}