{"w1": 0.666455463122782, "w2": -1.8258265908451714, "b": -0.03931105257525285}