{"w": 0.6765390787096023, "b": -0.02021244370733967}