{"w": -0.1200560432020341, "b": 0.0032026241285742453}