{"cc": -0.4690198903710644, "alpha": -6.069351164534415e-17, "beta": -0.4690198903710643, "mx": -4.773959005888173e-17, "my": -3.83026943495679e-17, "sx": 1.0, "sy": 0.9999999999999998}