{"w": -0.46948234177815196, "b": -0.011287557466574921}