{"w": 0.8379800135103916, "b": 0.006316987710616704}