{"w1": 0.38962826618001756, "w2": 0.04761524418865052, "b": 4.6006331317695694e-17}