{"w": 0.12097577031408652, "b": 0.0035764686521065027}