{"cc": 0.2136485378222796, "alpha": -3.3751743321984876e-18, "beta": 0.21364853782227955, "mx": -2.3175905639050142e-17, "my": -8.326672684688674e-18, "sx": 1.0000000000000002, "sy": 1.0}