{"w": 0.24845204668404014, "b": 1.4729359383819982e-17}