{"w": -0.15379778623588106, "b": 0.06678337978930668}