{"w": -0.13552531170915325, "b": -0.011817652915325305}