{"w": -0.02922907702760642, "b": 2.9952900249457867e-17}