{"w": 0.5907914597131947, "b": 0.016098307653966193}