{"w": 0.046854416540399894, "b": 6.458800612344107e-17}