{"w": -0.03680063830073972, "b": 0.2616705938072266}