{"w": -0.013540028597694796, "b": -0.001799403942695007}