{"w": -0.1326373660419788, "b": 0.0787414171718185}