{"w": -0.24014135295357864, "b": -0.0038321205407727717}