{"w": 0.3881237753370895, "b": -0.007669507544280202}