{"w": 0.5707674166469168, "b": -0.16606297111159385}