{"w": 0.590753094635322, "b": -0.1552014616685269}