{"w": 0.800203747518064, "b": -2.229431887832766e-16}