{"w": 0.5026328645918936, "b": 2.3697442561656725e-16}