{"w": 0.2929667487232627, "b": -1.9521193763519968e-19}