{"w": 0.9154599818459402, "b": -0.011776007433340714}