{"w1": 0.1771791852978529, "w2": -1.8551806852532269, "b": -0.07951493269489224}