{"w": 0.20707617168251444, "b": 0.00031934795254265607}