{"w1": -0.7355028820840944, "w2": -0.20943892700705152, "b": 3.523708359076431e-17}