{"w": -0.04475053961333501, "b": 0.07311045915711255}