{"w1": 0.9766417647626054, "w2": -1.5722811265072587, "b": 0.10212339650705184}