{"w1": 0.2687872686330601, "w2": -0.43817693981157424, "b": 4.524037124845582e-17}