{"w1": 0.8141167917777165, "w2": -1.0440698105447732, "b": 0.04971876755667746}