{"w1": -0.5239612194215786, "w2": -0.0698013352179709, "b": 0.0054976761368737}