{"w1": -0.9339365713880357, "w2": -0.5630977062104354, "b": -0.004622800489960145}