{"w": 0.45904376343375025, "b": -2.8174275457427954e-16}