{"w": 0.4234481343415844, "b": -0.024749913141300702}