{"cc": 0.6209619168130022, "alpha": -3.418418973651913e-17, "beta": 0.6209619168130021, "mx": -1.1102230246251566e-17, "my": -4.107825191113079e-17, "sx": 1.0, "sy": 0.9999999999999999}