{"w": 0.611041353819827, "b": 0.06341863771580915}