{"w": 0.7293205154236242, "b": 0.025799717231583405}