{"w": -0.3920484180846517, "b": 0.15914772182893305}