{"w": 0.40384135051225023, "b": 0.011052533457060018}