{"w": -0.05797186404113751, "b": -0.0945126610778271}