{"w": 0.68311795057454, "b": -2.121652372511295e-16}