{"w": 0.5393125515289896, "b": 0.004038762759235009}