{"w": -0.09487747115863839, "b": -0.01888172364162488}