{"w": 0.35991082535015717, "b": 0.09339060933700097}