{"w": -0.06437026333889062, "b": 1.4191231291640617e-16}