{"w": -0.5150397751199879, "b": -0.009305986645014256}