{"w": -0.7899090547135621, "b": 0.0013461485819081381}