{"cc": -0.074471663117446, "alpha": -1.3565986846084581e-16, "beta": -0.074471663117446, "mx": -1.7763568394002505e-17, "my": -1.3433698597964394e-16, "sx": 1.0, "sy": 1.0}