{"w": -0.28078304671024856, "b": -0.22531583547900336}