{"w": -0.22111137107493925, "b": -4.9793541617844997e-17}