{"w": -0.3954224796820852, "b": 0.07295457685820961}