{"w": -0.37543030359248053, "b": 0.07809312150362957}