{"w1": 1.8740592415972432, "w2": 0.18396304702194663, "b": -0.06545913165431515}