{"w": 0.2286190163679196, "b": -0.060518823013136686}