{"w1": 2.1586156949610253, "w2": -0.9793039707298316, "b": 0.15363649630526655}