{"w1": 0.46143515670448876, "w2": 0.13613561909806315, "b": 1.3620244106797728e-17}