{"w1": 1.4652876576248208, "w2": 0.10178484369863804, "b": 0.15845141996878018}