{"w1": 0.6284426789138243, "w2": 0.12876308808813042, "b": 0.010475320310293301}