{"w1": -0.4678740786567254, "w2": 0.34524683395206024, "b": 1.0707297771190561e-17}