{"w1": -0.0250236308337903, "w2": 0.5012096505965727, "b": 0.00535302131861393}