{"w1": -2.9778160421826976, "w2": -3.3146405034271917, "b": -1.8814924739550853}