{"w1": -0.7422938968284266, "w2": -0.9323723981518363, "b": -0.3058125129210227}