{"w": -0.17894358552873207, "b": -0.0016721341587384309}