{"w": 0.7166372452583547, "b": 3.585804784994752e-17}