{"w": -0.2863696759596652, "b": -0.04795359640112595}