{"w": 0.5764668982932366, "b": 0.01116703866873366}