{"w": 0.49761805836700107, "b": 0.007047137984834964}