{"w": 0.5675426517396083, "b": 0.0031733435503540873}