{"w": 0.8752364107533801, "b": 1.582540253681857e-17}