{"w1": 0.061604937353976826, "w2": -0.008470436143581344, "b": -7.572198504615344e-18}