{"w": 0.496641574831613, "b": -0.21159084114135468}