{"w": 0.4755881116360205, "b": -0.19928726334060332}