{"cc": -0.08910919681443209, "alpha": -4.0286867377669984e-17, "beta": -0.08910919681443209, "mx": -2.1538326677728036e-16, "my": -2.1094237467877975e-17, "sx": 0.9999999999999999, "sy": 0.9999999999999998}