{"w1": 0.5442407080196003, "w2": -0.2883138633296138, "b": 3.263090603283364e-17}