{"w1": 3.973697229576482, "w2": -2.79088405671888, "b": -1.3526914455651116}