{"w1": -0.5008990077414736, "w2": -0.5698035172214612, "b": -1.990221863584767e-17}