{"w": 0.663329938579607, "b": 4.58595822523798e-17}