{"w": -0.016670945581144316, "b": -0.0068140670638128994}