{"w": -0.01664560559415984, "b": -0.0067549048408607724}