{"w": 0.35924611746996543, "b": -0.020684671399591507}