{"w": 0.25538397240765565, "b": -0.004399105036433884}