{"w": 0.24659247020982256, "b": -0.20438074755905955}