{"w": 0.20259804494465572, "b": 0.017700781981027335}