{"w": 0.293504882201805, "b": -1.562883717162823e-17}