{"w": 0.256002477994964, "b": -0.024780083799549595}