{"w": 0.7411104965486925, "b": 0.01871866481043749}