{"cc": -0.029133754269955365, "alpha": 9.841638918569756e-18, "beta": -0.02913375426995537, "mx": 7.105427357601002e-17, "my": 7.771561172376097e-18, "sx": 0.9999999999999999, "sy": 1.0}