{"w": -0.02913375426995539, "b": 9.841638918569757e-18}