{"w": 0.08966310329245951, "b": 0.12683268295218733}