{"w": 0.281162877738084, "b": 0.008114218753549177}