{"w": 0.9398559741394, "b": -0.012867959851737821}