{"w1": 0.3754678324977543, "w2": 0.8672669272253265, "b": 8.133268242565944e-17}