{"w": 0.22322093790144484, "b": 0.013698909271323466}