{"w": 0.413448088935603, "b": -0.0017667213050764248}