{"w": 0.4665014281262202, "b": -0.01007276316230827}