{"w": 0.71777757748592, "b": -0.0025626044286936045}