{"w1": 0.1174975517740935, "w2": 0.5786410810841071, "b": 5.200298223014108e-19}