{"w": -0.2878740985954495, "b": -0.2676343336747126}