{"w": 0.32202963915562544, "b": 2.9184844772681974e-19}