{"w": 0.31916006811364456, "b": 4.129112737078015e-19}