{"cc": -0.4159157718433141, "alpha": 3.2465677985690316e-17, "beta": -0.4159157718433142, "mx": 7.271960811294776e-17, "my": 2.220446049250313e-18, "sx": 0.9999999999999998, "sy": 1.0}