{"w1": -1.0993232162585096, "w2": -0.7685167030281802, "b": -0.015436874050081484}