{"w": 0.5145412123061925, "b": -0.06135000994423666}