{"w": 0.5142363408393967, "b": -0.061603470044424055}