{"w1": 0.16739734469525222, "w2": -1.002015607616571, "b": 6.1474591062044074e-18}