{"w1": 0.6820868773210267, "w2": 1.4352223626828418, "b": 0.016992606172867214}