{"w1": 0.4760981084238934, "w2": 0.8605375458738571, "b": 0.011834571895711521}