{"w": -0.34543395866902177, "b": 2.795080612962442e-18}