{"w": 0.6525592643575736, "b": 0.013795989265958375}