{"w": 0.0011806848984985564, "b": -0.06400819324337198}