{"w": -0.09454995104983864, "b": 0.023473440507459344}