{"w": -0.0945795889016568, "b": 0.023505953567736597}