{"w": -0.49246152994181586, "b": 0.017978863366252}