{"cc": 0.37443942445224454, "alpha": -1.1955434132686084e-16, "beta": 0.3744394244522446, "mx": 4.996003610813204e-18, "my": -1.176836406102666e-16, "sx": 0.9999999999999999, "sy": 1.0}