{"w1": 0.4645926506228608, "w2": -0.21209504199969945, "b": 4.76721096980017e-17}