{"w": 0.5627090124282903, "b": 0.04923831560810758}