{"w": -0.19851981100429028, "b": -1.2939245699894027e-16}