{"w1": 0.4574650507664211, "w2": -0.48037483000048065, "b": 9.575599159868658e-18}