{"w1": 0.5040546656285313, "w2": -0.5424097016956377, "b": 0.00314665473684455}