{"w": -0.11146510828424402, "b": -0.010456325458785951}