{"w1": 0.8635101947870136, "w2": 0.9814868987099056, "b": -0.31269422107321587}