{"w1": -0.41406868743187847, "w2": -0.5863868977894249, "b": 0.028418921362688646}