{"w": 0.28325614590394926, "b": 0.01799610360925987}