{"w": 0.2818177911887385, "b": 0.01791351892545097}