{"w": 0.9824853656482956, "b": 7.352565712339588e-18}