{"w": -0.007595598148130196, "b": -0.020507674712811837}