{"w": 0.11136602242888499, "b": 0.03931764630112663}