{"w": 0.08641126133395159, "b": 0.04691997535956717}