{"w": 0.21221142011374625, "b": -0.021278636499096972}