{"w": 0.06496389683776208, "b": -0.06892557212762951}