{"w1": -0.987452270875452, "w2": -0.9480676433595858, "b": -0.08507953976923702}