{"w": 0.493792556241268, "b": -1.9052974240237918e-17}