{"w": 0.48890352103095824, "b": -1.9194100146163833e-17}