{"cc": -0.5059985403293792, "alpha": -7.132066227952279e-17, "beta": -0.5059985403293792, "mx": -4.4408920985006264e-17, "my": -4.884981308350689e-17, "sx": 1.0, "sy": 1.0}