{"w1": -0.2481012174577246, "w2": 0.3953983447130201, "b": -1.2397449825878484e-18}