{"w1": -1.383813106936617, "w2": -1.1365353711407997, "b": -0.0641385376609449}