{"w1": 0.297404200092949, "w2": -0.7795671987822377, "b": -0.03743370630865028}