{"cc": 0.25560560023948564, "alpha": 3.138002484897804e-17, "beta": 0.25560560023948553, "mx": -2.0095036745715334e-16, "my": -1.9984014443252817e-17, "sx": 1.0000000000000002, "sy": 0.9999999999999999}