{"w": 0.07899253838921273, "b": 0.11125780489566262}