{"w1": -1.2797730716683844, "w2": 1.1665265280597796, "b": 0.28617271338492717}