{"w": -0.5624274345376822, "b": -0.0018515848637897236}