{"w": -0.004136277986539872, "b": 0.35366081399736454}