{"w": -0.5560786983664069, "b": -2.0946904697493815e-16}