{"w": -0.5511235416482905, "b": -2.0940303102598922e-16}