{"w": -0.06305888299916824, "b": 4.091734729243915e-17}