{"w1": 0.7006744476440376, "w2": -0.17623388681235405, "b": 1.5760185092850506e-17}