{"w1": 0.3808656446303699, "w2": 0.8486612206763632, "b": 7.00445129517496e-17}