{"w1": 0.5568322535671683, "w2": -1.3265472895665504, "b": -0.0880769902788629}