{"w1": 1.5118001107379218, "w2": 0.09184103784948185, "b": -0.05921703295821845}