{"w": 0.5630109299981977, "b": -0.00425247013512812}