{"w": 0.563497406700982, "b": -0.004092601929269553}