{"w": -0.2505931527221544, "b": 0.06627899941670336}