{"w": -0.2723273161903748, "b": 0.024196223385221996}