{"w1": -1.0559141607649716, "w2": -2.2245974983341097, "b": -0.0882050125774873}