{"cc": 0.03761897866738728, "alpha": -1.2954108750276827e-16, "beta": 0.03761897866738729, "mx": -9.436895709313831e-18, "my": -1.298960938811433e-16, "sx": 0.9999999999999999, "sy": 1.0}