{"w1": -1.1823168507052109, "w2": -1.4750264929908983, "b": -0.33009107923801245}