{"w1": -0.6368311089084997, "w2": -0.7617068035871195, "b": -0.14873987680602213}