{"w": 0.0022290559417129235, "b": -1.9932044709429806e-17}