{"w1": -1.5067312580843573, "w2": 1.6710303345452748, "b": -0.5295179231538554}