{"w1": -0.31022832233704434, "w2": 1.2458956960207812, "b": -0.1937056043111397}