{"w": -0.7959430484455214, "b": -0.04774231172751549}