{"w": 0.9265525539589579, "b": -5.4369548591532325e-17}