{"w": 0.975392060052568, "b": 0.0016354577849944322}