{"cc": -0.08209499218068134, "alpha": 4.1072437139742287e-16, "beta": -0.08209499218068135, "mx": -2.7755575615628914e-17, "my": 4.1300296516055825e-16, "sx": 1.0, "sy": 1.0000000000000002}