{"w1": 1.0105675806545047, "w2": 0.9837980331214125, "b": 0.019125720083692614}