{"w1": 0.47846928125679467, "w2": 0.29561673115905734, "b": -0.0069047322463226535}