{"w": 1.0000000000000009, "b": 2.442490654175345e-17}