{"w1": 1.5130770404760072, "w2": -1.4433381203847955, "b": 0.12273748293321968}