{"w": 0.9569530242411444, "b": -0.0039857122406195}