{"w": 0.5583461911916837, "b": 0.04328804783168199}