{"w": 0.6792266950123109, "b": -0.006032197936443558}