{"w": 0.0536985882321326, "b": -8.91755464242836e-17}