{"w1": 0.5976817091282896, "w2": -0.25493659032753163, "b": -2.3856645509956736e-17}