{"w": -0.16455013371154034, "b": 0.019478035633898782}