{"w": -0.14703806249727736, "b": -0.0018517404024122053}