{"w": -0.14629841529750734, "b": -0.0019108075420244865}