{"w": -0.7806535761096784, "b": -0.010635270003707023}