{"w": -0.2941494086306513, "b": -0.12882565792439374}