{"w1": 0.5004733798006116, "w2": 0.5762640609120957, "b": -7.585315741671588e-17}