{"w1": 1.1112063769265976, "w2": 1.221190158152426, "b": -0.10019047419871058}