{"w": -0.45106940694925446, "b": 0.10150299243715871}