{"cc": -0.6458028355058889, "alpha": 6.221502413877622e-17, "beta": -0.645802835505889, "mx": 1.2212453270876723e-16, "my": -1.6653345369377347e-17, "sx": 0.9999999999999999, "sy": 1.0}