{"w1": -0.7380438226838295, "w2": -0.02066596238954046, "b": 0.05192911082976073}