{"w1": -0.7971988252674783, "w2": 0.19205506982759513, "b": 0.004716636810286161}