{"w": 0.06232760926763409, "b": 5.145175939381619e-17}