{"w": 0.18191805574969092, "b": 0.22072640261065296}