{"w": 0.3241622553977092, "b": -0.2894892936425249}