{"w": 0.014201369029770481, "b": -1.177151739840227e-16}