{"w": -0.3402449769298433, "b": 1.2336976704935293e-17}