{"w1": 6.853586634448349, "w2": 0.10184628371882988, "b": 0.8200538104851275}