{"w": -0.3480228602443152, "b": 1.9447149321335675e-17}