{"w1": 0.022677270889751047, "w2": 0.6271358452131558, "b": 2.0120597829299863e-17}