{"w": -0.04653624996650253, "b": -3.4080499534614375e-17}