{"w": -0.02752047253725617, "b": -0.16520296500075077}