{"w1": 0.23054439874181812, "w2": 1.4925062197564554, "b": -0.013628506487408477}