{"w": 0.1764877825929314, "b": -0.04743222905766891}