{"w": 0.17919307150114627, "b": 2.2474112891860107e-17}