{"w": 0.16290279227376944, "b": 2.1642164110373e-17}