{"cc": -0.5242066701745351, "alpha": -3.231622987450525e-16, "beta": -0.5242066701745348, "mx": -5.195843755245732e-16, "my": -5.0792703376600914e-17, "sx": 1.0000000000000002, "sy": 0.9999999999999997}