{"w": 0.9759182675640288, "b": -1.7175374329890395e-17}