{"w": 0.8433308363615009, "b": 1.6719942117681137e-17}