{"w1": 0.11327240563329864, "w2": -0.6777234051832237, "b": -0.002043072419981822}