{"w": -0.07833965701615105, "b": -5.823514146825082e-16}