{"w": 0.2366285019468344, "b": -0.013537591874234383}