{"w": 0.08779917496913313, "b": 0.026691168760688465}