{"w": -0.030043937197275702, "b": -0.00043684982351581934}