{"w1": -0.29237502572037594, "w2": 0.4986575589924302, "b": -5.8543893760140166e-18}