{"w": 0.14743993488067805, "b": -9.931389833851724e-17}