{"w": 0.32246771019179993, "b": 0.010058748625946447}