{"w": 0.3085529209207129, "b": -3.1754862733095303e-16}