{"w": 0.29548248554374157, "b": -0.003147579709836333}