{"w1": 0.39610323008556586, "w2": 0.5436126131244609, "b": -2.4113589293069818e-17}