{"w1": 1.3513105869545068, "w2": 1.4790781537649489, "b": -0.5778847800054683}