{"w1": 0.16162096139919316, "w2": -0.4745274029810366, "b": -1.8149836283656623e-17}