{"w1": 0.5134642523509408, "w2": -1.1409990902045903, "b": 0.18609125574531438}