{"w": 0.9454649082431081, "b": -0.019242573724898526}