{"w1": 0.10347736733291996, "w2": -0.5450365516652742, "b": 0.012335508951066804}