{"w1": -0.7387205403996933, "w2": 0.18702226369167319, "b": -8.513479737856006e-19}