{"w": -0.5583332997369536, "b": 0.1322734080629362}