{"w1": -1.1467980459537241, "w2": 0.6055635668495571, "b": -0.0831216283649737}