{"w": -0.06466577097309581, "b": -2.117875164765779e-17}