{"cc": 0.2630643870718031, "alpha": 1.987726341436043e-17, "beta": 0.2630643870718031, "mx": -2.042810365310288e-16, "my": -3.3861802251067274e-17, "sx": 1.0, "sy": 1.0}