{"w": 0.613787608217119, "b": 0.0010594496231347945}