{"w": 0.6332257566003232, "b": -5.624174518106912e-18}