{"w": 0.05878788857833551, "b": -0.05990440703109246}