{"w": 0.44090319169495545, "b": 5.84894189522076e-18}