{"w": 0.11145820993570006, "b": 0.027151117847774204}