{"w": 0.10926153176682059, "b": -3.645397626059956e-17}