{"w": 0.09830174668839327, "b": 0.13453166236229064}