{"w": -0.3339889358973094, "b": -0.0010660984205286394}