{"w": -0.4398949927957458, "b": 0.022399121199796715}