{"w1": -3.796652328541148, "w2": 1.9086760937451688, "b": 0.018973887687571373}