{"w1": 0.459442288992675, "w2": 0.17420939036992986, "b": 6.95428595301669e-18}