{"w": -0.16841179487753508, "b": -2.640894910328386e-18}