{"w": -0.19363152057261718, "b": 0.1079996404689873}