{"w": -0.3128071023274082, "b": 1.3928336548812406e-17}