{"w": -0.3437440684916575, "b": 1.552546889367576e-17}