{"w": 0.880793174221657, "b": 3.367429051060266e-17}