{"w": -0.519099310527333, "b": 2.4738945184068954e-16}