{"w": 0.15156739127084173, "b": 0.005735351173104655}