{"w": 0.7990871751151759, "b": 0.023128298184241447}