{"w": -0.23691900578992275, "b": 0.004599785559564081}