{"cc": 0.7687024999928858, "alpha": -1.136107811992055e-16, "beta": 0.7687024999928858, "mx": 3.0808688933348097e-17, "my": -8.992806499463769e-17, "sx": 1.0, "sy": 1.0}