{"w1": -0.4394425755653454, "w2": -0.490467488331762, "b": -2.17881077524541e-17}