{"w1": -0.4475882497652216, "w2": -0.5273171312972512, "b": -2.077436438184556e-17}