{"w": -0.3543587587273506, "b": -0.03718642514463937}