{"w1": -2.0418014169641907, "w2": -0.5631759471046118, "b": 0.353336257589851}