{"w": 0.7728077057338144, "b": 6.119133026544096e-17}