{"w": 0.36577040164341207, "b": -0.026047077789940365}