{"w": -0.12401735512033027, "b": 1.0370744025828025e-16}