{"w": 0.46281735750453606, "b": 1.1317091477931678e-16}