{"w1": -0.49632320726432155, "w2": -2.508592788016791, "b": 0.3849271185154356}