{"cc": 0.39607001546622234, "alpha": 2.62804822726289e-16, "beta": 0.39607001546622217, "mx": -2.4424906541753444e-17, "my": 2.5313084961453567e-16, "sx": 1.0000000000000002, "sy": 0.9999999999999999}