{"w1": -0.6724362556371856, "w2": -0.045998622186907874, "b": 5.202934223891677e-05}