{"w": -0.37566795892767824, "b": 0.011115224725380232}