{"w": -0.3707839983207092, "b": 0.01927315845534059}