{"w": -0.305846329094531, "b": -0.020606223300338677}