{"w": 0.5929126415620543, "b": -1.1180915731467354e-17}