{"w": 0.5982435244532214, "b": -1.1121731042193813e-17}