{"w": 0.5836961133036351, "b": 0.009268583100116877}