{"w1": -0.05266273292872025, "w2": 0.5674713151193033, "b": -4.686965606656431e-18}