{"w1": -0.49090753184216523, "w2": -0.34766150846582905, "b": 0.008117420400781884}