{"w": -0.2014455102453759, "b": -0.0007391487642118518}