{"w1": -0.6926358432204408, "w2": 1.212064434992649, "b": -0.2565290033654519}