{"cc": 0.2714071326570028, "alpha": -3.9194986612860175e-17, "beta": 0.2714071326570028, "mx": -6.938893903907228e-18, "my": -4.107825191113079e-17, "sx": 1.0, "sy": 1.0}