{"w": 0.20877650163369, "b": 0.006311410258984389}