{"w": -0.36731232880633147, "b": -0.01650569683465483}