{"w1": -0.5658823728819495, "w2": -2.717614750508824, "b": -0.152841058778474}