{"w": 0.5467033357017121, "b": -0.0019901832471730567}