{"w": 0.5719047573916675, "b": -0.0001324565096360309}