{"w": -0.22181949653295324, "b": -5.700405926277421e-18}