{"w": 0.017402859186956648, "b": 0.10681965830411211}