{"w1": 1.489840273087495, "w2": -0.7538577617083795, "b": 0.04924760970124075}