{"w": 0.9999999999999992, "b": 3.774758283725521e-17}