{"w": 0.0013618591300394761, "b": 0.009390854539803435}