{"w": 0.6510270332954992, "b": 4.291101771639635e-18}