{"w1": -0.7009918596587178, "w2": 0.05412329954308314, "b": -5.1067436139985794e-17}