{"w": -0.11241288988858167, "b": -0.1589127584467547}