{"w1": 0.16646354426452473, "w2": 0.9905857954733115, "b": -1.0633547540575402e-16}