{"w": 0.42118586376557055, "b": 0.00874416243582151}