{"w": 0.7024994570124872, "b": -0.007948248330475596}