{"w": 0.8399008513215299, "b": -0.06280992793097122}