{"cc": 0.08786717977375658, "alpha": -5.113264646322706e-18, "beta": 0.08786717977375658, "mx": -3.025357742103552e-17, "my": -7.771561172376097e-18, "sx": 1.0, "sy": 1.0}