{"w": 0.07795512868079194, "b": 0.0599317506301678}