{"w": -0.7276956835679953, "b": -0.00836281878630165}