{"w": 0.5301551489862525, "b": -0.04002961033159958}