{"w": 0.523070281410842, "b": -0.04068338938961529}