{"cc": 0.7314032157685862, "alpha": 2.840987288668443e-17, "beta": 0.7314032157685861, "mx": -1.3322676295501878e-17, "my": 1.8665624601510444e-17, "sx": 1.0, "sy": 0.9999999999999999}