{"w": 1.0000000000000004, "b": 3.198830089701233e-17}