{"cc": 0.14149424951059764, "alpha": -5.97717320463633e-17, "beta": 0.14149424951059758, "mx": -7.771561172376095e-17, "my": -7.076804420247385e-17, "sx": 1.0000000000000002, "sy": 0.9999999999999998}