{"cc": 0.8042708200934349, "alpha": 4.368293887957706e-17, "beta": 0.8042708200934349, "mx": -2.4980018054066023e-17, "my": 2.3592239273284576e-17, "sx": 1.0, "sy": 1.0}