{"w": 0.7688460625185625, "b": -0.027740936727693677}