{"w": -0.008802762568819433, "b": 0.015006736664461603}