{"w": 0.002365472130850805, "b": 4.3319707573371347e-17}