{"w": -0.02385182426644743, "b": 0.28741638067731234}