{"w": 0.19163276580543287, "b": 0.24636054545085095}