{"w1": -0.09037675220103404, "w2": 0.661691167176286, "b": 0.0018821662052454441}