{"w": 0.3861663718654862, "b": 0.03679070274049685}