{"w": 0.5757030096168645, "b": 1.601218747342388e-17}