{"cc": 0.6987835288448359, "alpha": 1.0203354762590764e-16, "beta": 0.6987835288448357, "mx": 3.3306690738754695e-18, "my": 1.0436096431476471e-16, "sx": 1.0000000000000002, "sy": 1.0}