{"w": 0.6980854434014344, "b": 1.0203587271750491e-16}