{"w1": -0.8210448256197531, "w2": -0.7020293321646546, "b": -0.00747245846163257}