{"w1": -0.39858569940482386, "w2": -2.1435508237206244, "b": -0.5637268138529711}