{"w1": -0.3773302650415982, "w2": -0.9933089618483067, "b": -0.18026539906367844}