{"w1": 0.03866159072930876, "w2": -1.5552816067335566, "b": -0.07889411807139388}