{"w1": -1.2187763834679612, "w2": 4.62503975414865, "b": 1.3924908794156785}