{"w1": 2.3365318295330364, "w2": -0.37148554888339713, "b": 0.3670802924703405}