{"w": 0.5994336188332232, "b": -5.114292406108347e-17}