{"w": 0.5110090186772509, "b": -7.077718867042467e-19}