{"w1": -0.22548910303076866, "w2": 0.39788644787613137, "b": -9.636974490801789e-20}