{"w": 0.9999999999999999, "b": 4.8294701571194303e-17}