{"w": -0.9999999999999996, "b": 1.9220736113823013e-17}