{"w": -0.3802595576571799, "b": 3.07808574134665e-17}