{"w": 0.06232322703343088, "b": 0.22332320234702438}