{"w1": 0.9235861013514497, "w2": 0.13506697145378813, "b": 2.4570330224680115e-17}