{"w1": 0.9318470962232878, "w2": 0.13555729099645694, "b": 2.4681322103769524e-17}