{"w1": 1.9851181763975558, "w2": 0.3090613071535913, "b": -0.28787010567484445}