{"w": -0.5252729925632332, "b": 7.901843330819565e-17}