{"w": -0.40263123842822013, "b": 0.03798362696142051}