{"w": -0.42769448312871283, "b": 0.01622660592789882}