{"w": 0.09587124674438507, "b": -0.14026132475620567}