{"w": 0.207303906623094, "b": -6.3632103133489575e-18}