{"w": 0.7557686644411723, "b": 0.07531882735390359}