{"w": -0.256922967966082, "b": -1.3538572069679162e-16}