{"w": -0.15691648066673847, "b": 0.034345067613518486}