{"w": 0.485787762480242, "b": 0.014564137115285598}