{"w": 0.47624624383746106, "b": 2.960681412669747e-17}