{"w": 0.46545505058084663, "b": 0.0957162355918186}