{"w": -0.0053131120428446385, "b": 4.9800770146427807e-17}