{"w1": -0.6333103310861473, "w2": -0.5260397228069417, "b": 0.02371474998729026}