{"w1": -0.28716355748793637, "w2": -0.6557719756357665, "b": -6.742091807057916e-17}