{"w1": 0.934998223067311, "w2": -0.16255940843358987, "b": -0.05829255654759898}