{"w": 0.6962177208833831, "b": -0.027835483131874252}