{"w": 0.7816261155913735, "b": -0.07082618277881592}