{"w": 0.7074096155689692, "b": 0.007999643163026026}