{"w": 0.22129991350411432, "b": 4.692726664303445e-17}