{"w1": 2.4126347254607783, "w2": 0.13764700625406462, "b": -0.08757499636094174}