{"w": 0.21168783347980488, "b": -1.1732963823608497e-16}