{"w": -0.8430530133339231, "b": -0.0026714085004638224}