{"w1": 0.41617309973482297, "w2": 0.24443120217549455, "b": 2.1125909988609398e-17}