{"w": -0.11935859069005282, "b": -0.03363524544732058}