{"w1": -3.3981478653417985, "w2": 1.6793018423127397, "b": 0.03899705038676059}