{"w": 0.009343160226616588, "b": 0.11630293485947658}