{"w": -0.20931340585293032, "b": -0.015059728851456018}