{"w": -0.006868728751875186, "b": -0.05095454285248972}