{"w": -0.43427941136313086, "b": -0.04350635671514228}