{"w": -0.4550355360705014, "b": -0.10337516587333076}