{"w": -0.07081923217452231, "b": 0.0002380501633824396}