{"w": -0.2529806688269608, "b": 6.893983219985467e-06}