{"w": 1.0000000000000002, "b": 4.385380947269367e-17}