{"w": -0.30989618367218313, "b": -0.025431403511733845}