{"w": 0.726296574752818, "b": -0.01466574436480595}