{"w": 0.7292954472220392, "b": -0.011201317257296565}