{"w1": -0.013314726113586008, "w2": -0.4437840261257126, "b": -2.4043669568365666e-18}