{"w1": 0.10253972131101341, "w2": -0.9386810736321429, "b": -0.05957138161728512}