{"w1": 0.2370843373074897, "w2": -1.3037164230066791, "b": -0.11738362345146289}