{"w": -0.7754092530080036, "b": -0.16055461382785458}