{"w": -0.4694523280661758, "b": -0.0017678713673807134}