{"w": -0.4666828221837007, "b": -0.0019485106106977312}