{"w": 0.3339137474152588, "b": -0.04332840163070361}