{"w": 0.3419385708664892, "b": 2.2109553473907284e-17}