{"w": 0.31396177870468556, "b": 2.211731859361058e-17}