{"w": 0.21046194758761877, "b": -7.491267347387379e-06}