{"w": 0.14515229090069318, "b": 0.050316502727526406}