{"w1": -0.49605136555845836, "w2": 0.6341965112404155, "b": -0.01379399046443236}