{"w1": -1.0523927298231077, "w2": -0.6121777143179528, "b": -0.01795061175178153}