{"w1": -1.1702024519491598, "w2": 1.3794684878811287, "b": 0.30381881057237176}