{"w": -0.37049820388406585, "b": 0.07494905469747615}