{"w1": -0.3635650552162957, "w2": -0.9698131495664791, "b": -0.12030085724073543}