{"w": 0.6171106221171404, "b": 1.2462696516429763e-18}