{"w1": -2.485328970448966, "w2": -0.9463868710280162, "b": 0.26082527106882236}