{"w1": -0.07050507617333328, "w2": 5.301176365386216, "b": 1.3959244903393508}