{"w1": -0.13629807061543936, "w2": 0.5531244240621932, "b": -2.044877403370712e-17}