{"w": 0.34865877839148174, "b": -0.07973347810151798}