{"w": 0.9999999999999999, "b": -6.883382752675969e-17}