{"w": 0.05567720914878017, "b": -0.01369743012681361}