{"w": 0.07140890025011104, "b": -8.366312587299091e-18}