{"cc": -0.3912288208388282, "alpha": -5.00593443501159e-17, "beta": -0.3912288208388282, "mx": 3.663735981263017e-17, "my": -6.439293542825907e-17, "sx": 1.0, "sy": 1.0}