{"w": 0.28907628160495785, "b": -0.0008749914505116166}