{"w1": -0.9504445339950216, "w2": -1.2280325439069013, "b": 0.10270171184155974}