{"w": 0.6642901421734609, "b": 0.03929087464337617}