{"w": 0.6909558371248352, "b": -0.012508731763169315}