{"w": -0.3725112411380856, "b": -3.2890981113036545e-17}