{"w": -0.36687482142054745, "b": 0.05500269048033404}