{"w": -0.8935817289339578, "b": 4.4003902906140415e-17}