{"w1": -1.7078906153260214, "w2": -1.093422134472733, "b": -0.34914532073498217}