{"w": 0.4000883769512108, "b": -0.018246034918345512}