{"w1": -0.8166540607501306, "w2": 0.30061240557341906, "b": 0.00019142231827353048}