{"w": 0.6308998574728332, "b": 1.1578739867263989e-17}