{"w": 0.6190352135946131, "b": 0.005073092927775885}