{"w": 0.13018969853375875, "b": -0.020074572001427295}