{"w": -0.08028868383580215, "b": 0.21906289479693614}