{"w": -0.07336667123326547, "b": 0.23845542852499035}