{"w": -0.08531054962686163, "b": 0.22682311858417437}