{"w": 0.5034446944763102, "b": 0.15380498285475097}