{"w": 0.11521139103732206, "b": -2.9994409779184003e-16}