{"w": 0.7386128092974519, "b": 0.09309388555374312}