{"w": 0.6871739670631781, "b": 0.0033121225494834507}