{"w": 0.687031287050068, "b": 0.003306339791177084}