{"w": -0.32014411538742676, "b": 0.11415061691621894}