{"w": -0.1625593419431024, "b": 0.015016654997496109}