{"w": -0.21287004647956242, "b": -0.005385862019988516}