{"w1": 0.43060394349804054, "w2": 0.12041502568219588, "b": -0.02132369535498843}