{"w1": -0.20356486339113694, "w2": -0.5453200316086084, "b": -5.888631629852571e-17}