{"w": -0.18800436760549494, "b": -0.029141954718241665}