{"w1": 0.36583956992319405, "w2": -0.5762742890021489, "b": -5.046629740198956e-17}