{"w": 0.94340878299995, "b": -0.006884801044022714}