{"w1": -1.5925711261157263, "w2": 0.46915796236599405, "b": 0.007299414496457324}