{"w": 0.9085378460053262, "b": -0.01758249254102594}