{"w": -0.43971449777910054, "b": -0.06716960683697382}