{"w": 0.31265859196749796, "b": -0.2330962875763077}