{"w": 0.9390331377979744, "b": 0.010665846198776939}