{"w": 0.49973803043717685, "b": 0.052385290462993304}