{"w": 0.504264328817193, "b": -2.7736638191479234e-17}