{"w": -0.5987351370440371, "b": 1.4624049765564546e-17}