{"w": -0.3128373172103819, "b": 0.004550365169415926}