{"w": -0.2780410662967658, "b": -1.4157535694989122e-16}