{"w": -0.36690896005606183, "b": 0.12423405838356277}