{"w1": -0.22748263220549267, "w2": -1.6950229202921345, "b": -0.08523461649430003}