{"w": -0.9999999999999991, "b": 5.884182030513324e-17}