{"w": -0.12284420336741217, "b": -8.041976878639202e-18}