{"cc": 0.16291235158661077, "alpha": -4.0370628453969186e-17, "beta": 0.16291235158661077, "mx": -3.3306690738754695e-17, "my": -4.5796699765787705e-17, "sx": 1.0, "sy": 1.0}