{"w": 0.39287704372011384, "b": -2.3001453929994406e-18}