{"w": -0.8034960940343074, "b": 5.4702076262666e-17}