{"w": -0.7784738489712167, "b": -0.005618340117533766}