{"w": -0.23763759364107584, "b": 0.0026944545992797497}