{"w": -0.2112727995105559, "b": -0.02974308497475626}