{"w": -0.23445147965302865, "b": -0.03638433098224428}