{"w": -0.360215918659542, "b": 0.004053880068022676}