{"w": 0.2912273837355581, "b": 0.041544155332199593}