{"w": 0.4456658845921653, "b": -0.01108989107515422}