{"w": 0.16355688334520058, "b": -2.1395260748517955e-17}