{"w": -0.296451233080894, "b": -0.01614099349598304}