{"w": -0.974496893141938, "b": 0.009452270614631707}