{"w1": -0.6595926631730311, "w2": 0.15924403512847585, "b": -1.379011875804039e-17}