{"w1": 0.10523349090546617, "w2": 0.17850632758905843, "b": -5.048904888523914e-18}