{"w": 0.9999999999999999, "b": -9.436895709313828e-18}