{"w1": 0.6159234448696302, "w2": 0.7074645235409911, "b": 0.037413282903885195}