{"w1": 0.46723478723136463, "w2": 0.4596477930891217, "b": 0.05668724155368422}