{"w": -0.08601938447149918, "b": -0.11406480771120656}