{"w": -0.24282922774720905, "b": 0.01698702750216766}