{"w": -0.7670377165904212, "b": -0.07353883693155013}