{"w1": -4.984463914752791, "w2": -0.48323406084931664, "b": -0.3735243577424566}