{"w1": -2.272282461715521, "w2": -0.35243349244816186, "b": -0.09098144692462552}