{"w": 0.6685296636953318, "b": -0.027664103959199583}