{"w1": -1.7736173411315248, "w2": -0.7875252529481337, "b": -0.07703186905335035}