{"w": -0.6670055151450563, "b": 0.08037930886214012}