{"cc": 0.6289851163557502, "alpha": -1.5768471782584544e-18, "beta": 0.6289851163557502, "mx": -2.2204460492503132e-17, "my": -1.5543122344752193e-17, "sx": 1.0, "sy": 1.0}