{"w": 0.6254155595295513, "b": -0.0012954312606804075}