{"w1": -0.4264552704965232, "w2": -0.3231687267075444, "b": -1.2518918776010627e-17}