{"w1": -1.2757718951881005, "w2": 0.4192725980627484, "b": -0.06581761488500185}