{"w": 0.5167429520809318, "b": 0.05303815086127754}