{"w": 0.5057317508663823, "b": -0.07145189301764787}