{"w1": -0.15214867093091386, "w2": -0.6210927632130023, "b": 1.1398413004846739e-17}