{"w1": 0.1963035018927969, "w2": 0.49745629486130183, "b": 7.682408533461572e-18}