{"w1": 0.18894554651882564, "w2": 0.5443662354361137, "b": 0.01785783654952014}