{"w": -0.32177019990427375, "b": -0.0047048496244924175}