{"w": 0.3094416367240906, "b": 0.17662197004449492}