{"w": 0.37737716226045237, "b": 1.7370123978516879e-16}