{"w": 0.026922872881159715, "b": -0.17888434169179904}