{"w": -0.5964295702799164, "b": 0.05947156535289888}