{"w": -0.5302973057440286, "b": 0.02793288229668857}