{"w": -0.6104617180976217, "b": 0.07097039984291964}