{"w": -0.3558397997908551, "b": -0.3480294136411842}