{"w": 0.4969717896759862, "b": -4.4496332694459584e-17}