{"w1": 0.38418065150507774, "w2": 0.7431836120549348, "b": 3.844228331175214e-17}