{"w1": 0.7237256604140095, "w2": 1.2691733097500093, "b": -0.015241131844477493}