{"w": -0.2518169859125305, "b": 0.16564807253232156}