{"w": -0.23310510977701437, "b": 0.1634917856837924}