{"w": -0.5370751859642771, "b": -0.031218983422881253}