{"w": 0.1587418718699267, "b": 0.057072443593458186}