{"w": 0.6995763339515328, "b": 0.016672635212360287}