{"cc": 0.40781630615449693, "alpha": 1.7615475356811745e-17, "beta": 0.4078163061544969, "mx": -2.359223927328458e-18, "my": 1.6653345369377347e-17, "sx": 1.0, "sy": 0.9999999999999999}