{"w": 0.362099348607692, "b": -0.04980767583236371}