{"w1": -1.3988771898744348, "w2": -0.010323195836012319, "b": -0.05645266063597171}