{"w": 0.12524347202898978, "b": 0.034590552347666774}