{"w1": 3.01996199712953, "w2": -0.5832773351822025, "b": -0.2366932357877462}