{"w1": 2.439968296686186, "w2": -0.4981890561389438, "b": -0.14213286492542773}