{"w": -0.35747475556030445, "b": 0.40490756649541587}