{"w1": -0.5098510337472778, "w2": -3.3432913610437205, "b": 0.06302293832741204}