{"w": 0.23969057275043973, "b": 0.0006853038501371507}