{"w": 0.222793414932042, "b": 0.0025807766963776724}