{"w1": -70.71426412938916, "w2": -45.2052864461475, "b": -9.443150255890005}