{"w1": -1.2017947678814338, "w2": -1.1107778636951462, "b": -0.06772189777272203}