{"w": 0.45073473011989384, "b": 0.02652070375072409}