{"w1": -0.13048144350442595, "w2": -0.6050621329585254, "b": 1.419787765938518e-17}