{"w1": -0.7831694798613178, "w2": -5.070336848926857, "b": -2.4680947910950315}