{"w1": 0.04933257299018331, "w2": -0.6387805572882844, "b": 6.6348120078203254e-18}