{"w": -0.20327208773551012, "b": -1.092899543199584e-07}