{"w": -0.2083598645040387, "b": 0.00021137437824543526}