{"w": -0.14485865187741867, "b": -0.06955200731700364}