{"cc": 0.7092181167939571, "alpha": -7.669219517292746e-18, "beta": 0.7092181167939572, "mx": -1.1102230246251566e-17, "my": -1.5543122344752193e-17, "sx": 0.9999999999999999, "sy": 1.0}