{"w1": -2.239400265520973, "w2": 0.30984638879935467, "b": -0.500616147860414}