{"w1": -0.6005902205627819, "w2": 0.350454365831445, "b": -2.9612027298431427e-17}