{"w": -0.4161957902580423, "b": 0.0006463684241706236}