{"w": -0.11389437778957204, "b": -0.14503554166567054}