{"w": -0.0406610709574986, "b": -0.16368519613813426}