{"w": -0.06742621805124761, "b": -8.121071872756823e-18}