{"w": 0.9371515144883014, "b": 0.007442118342001117}