{"w": 0.9999999999999996, "b": -5.578870698741407e-17}