{"w": 0.6357242875420002, "b": -1.4440707337735058e-17}