{"w1": -0.72534053522825, "w2": -0.8158458874022733, "b": 0.006740951199300026}