{"w": -0.5486977412717999, "b": -6.058576136762282e-17}