{"w1": 0.5994353136815067, "w2": 0.25108054842188343, "b": 1.780528510596558e-17}