{"w": -0.5275270016696537, "b": 0.03314093342366471}