{"w": -0.5535240213121647, "b": -4.7383048453893977e-17}