{"w": -0.4338450385161573, "b": 0.04688781712684553}