{"w": -0.4781638566322877, "b": 0.02880317815348532}