{"w": -0.5552167191164, "b": -0.0009090652992664594}