{"w": -0.306160110554669, "b": 1.4628795682347348e-16}