{"w": 0.20506161639690285, "b": 0.025444530863105972}