{"w1": 0.5841295522620787, "w2": 0.257237322161745, "b": 5.821699595711688e-18}