{"w": -0.1226956467503211, "b": 6.029225377515932e-17}