{"w1": 0.772724792603583, "w2": 0.23522297255917704, "b": 6.1328918323464e-17}