{"w1": 0.5128617329877805, "w2": 1.9452987152989103, "b": 0.24442272637796933}