{"w1": 0.4409018188966668, "w2": -0.19068493801958195, "b": 0.01225742183936087}