{"w": 0.27316219523799057, "b": -0.019698511337872295}