{"w": 0.4701202838518535, "b": -0.005561159320682962}