{"w": -0.2395032324098344, "b": -0.1402781351524659}