{"w": -1.0000000000000004, "b": 8.992806499463769e-17}