{"cc": 0.11716722946077265, "alpha": 1.8404920974087747e-17, "beta": 0.11716722946077265, "mx": -2.4424906541753444e-17, "my": 1.5543122344752193e-17, "sx": 1.0, "sy": 1.0}