{"w": 0.11716722946077256, "b": 1.8404920974087744e-17}