{"w": 0.10958447267697503, "b": 0.026693962876578048}