{"w": 0.9999999999999992, "b": 3.208544541166701e-16}