{"w1": -4.98801898523228, "w2": 0.641410167514952, "b": -0.05159874381913601}