{"w": -0.6537094220686798, "b": 0.013262699683213282}