{"w": 0.10485846383071616, "b": 0.11270583192905081}