{"w": -0.0062545207642019825, "b": -1.9191274674306325e-17}