{"w": -0.20248028073199806, "b": 0.013871644082031422}