{"w": -0.22106567754804868, "b": 0.013598858837473053}