{"w1": -0.6034523038195864, "w2": 1.3502582828481826, "b": -0.0007680693412200348}