{"w": 0.2727055788856231, "b": -0.1389045817651331}