{"w": 0.3631373849719332, "b": -0.00580615561082928}