{"w": 0.548362954442375, "b": -1.363604167710792e-16}