{"w1": 0.34396901251009177, "w2": 0.528085646611328, "b": 1.0114465761812018e-05}