{"w": -0.5332536935572388, "b": -0.05798019895841734}