{"w": 0.80318864626962, "b": -0.06382803197740872}