{"w1": -0.8044949672080332, "w2": -0.8602505920811574, "b": 0.1033976630847859}