{"w1": -0.8436008976964817, "w2": 0.2619831648518682, "b": 0.05009980069876435}