{"w1": -1.4629054942970876, "w2": -1.1370653685705243, "b": -0.10304030837905763}