{"w": -0.07569797780336374, "b": -0.12300076005640469}