{"w1": -1.6987175883425636, "w2": 0.7480302784807619, "b": -0.13666295377222948}