{"w1": -1.135281535215041, "w2": 0.5013476629458172, "b": 0.0035296450630146435}