{"w": 0.5652304854122818, "b": 1.1736017297774596e-16}