{"w": 0.9035601097903636, "b": 0.0024584362407254665}