{"w": -0.07544075108901598, "b": -0.057553191642190936}