{"w1": -3.55281624428951, "w2": 1.9543818930261423, "b": -0.01651311992559375}