{"w": -0.36619969684484993, "b": 0.12821014767599398}