{"w1": 0.7337934423777178, "w2": -0.112065282217106, "b": 1.3111520199036564e-17}