{"w1": 0.783927306412667, "w2": -0.12365394757108818, "b": 0.028179662321201168}