{"w": -0.9693558195336444, "b": -0.010184840883509584}