{"w": 0.010028913619890821, "b": 0.18744675479253575}