{"w": -0.5352200254806232, "b": 0.09166397215087292}