{"w": 0.3287489592056568, "b": -0.060688418916457314}