{"w": 0.548934081992859, "b": -1.1678588597253375e-17}