{"w": 0.6704628057529108, "b": -0.0169739423004163}