{"w": 0.6748208743792135, "b": -0.06086673058723467}