{"w": 0.34885598421550956, "b": -0.10595654917983123}