{"w1": -3.946219826459116, "w2": -0.3974577211625474, "b": -0.22697072941528673}