{"w": -0.08494304710070191, "b": 0.05097333214501613}