{"w": 1.0000000000000044, "b": -1.1622647289044652e-16}