{"w": 0.10036611248254095, "b": -0.21879590565521811}