{"w1": -2.008119059689694, "w2": 0.34980884706977744, "b": 0.013317338367356397}