{"w": 0.8824362080579645, "b": 5.81263064900438e-17}