{"w": 0.8199831981606429, "b": -0.015339867511111605}