{"w": 0.1721308347594636, "b": 3.7328976933897237e-17}