{"w": 0.17195887588358, "b": 3.7330504235523595e-17}