{"w": 0.16234241891756215, "b": -0.0034455766009147573}