{"w": 0.01800394439135322, "b": 0.07951040385157503}