{"w": -0.21387953045397226, "b": 0.023755649124611943}