{"w1": -0.302196006335734, "w2": -0.06756435578811347, "b": -7.168355509497534e-18}