{"w1": 1.4841047052172818, "w2": -2.545800299156189, "b": 0.5110938378544467}