{"w1": -0.012412411024638916, "w2": 0.4346755376723517, "b": 8.727769990359015e-18}