{"w": 0.1411128601850049, "b": 0.06816399972934672}