{"w": 0.10835524552017518, "b": 0.07460782181667605}