{"w1": 0.49660542529166113, "w2": 0.21820059712277529, "b": -3.768245943552283e-17}