{"w": -0.3191774560777248, "b": -0.0729883783687729}