{"w1": -0.22403673939023805, "w2": 0.5110652696313926, "b": 0.009941768357293934}