{"w1": -0.2228446136897852, "w2": 0.507968532487912, "b": 0.009786707848301046}