{"w": 0.7369882502629024, "b": 0.0346179580812836}