{"w": -0.5302544640684733, "b": 2.78247003817638e-16}