{"w1": -0.4867054808429197, "w2": 3.353427800451035, "b": -0.03111900788750735}