{"w": -0.1327681459489897, "b": 0.0009199946253855493}