{"w": -0.06941319178037271, "b": -0.020208838013634}