{"cc": 0.8068873937668201, "alpha": -2.253355670138233e-17, "beta": 0.8068873937668201, "mx": 1.5543122344752193e-17, "my": -9.992007221626408e-18, "sx": 1.0, "sy": 1.0}