{"w": 0.7577064001251832, "b": -0.0011347365274196062}