{"w1": 0.8348867646965571, "w2": 0.028585176562663142, "b": -4.508974046350503e-18}