{"w1": -2.018172723958991, "w2": 1.0788572284742517, "b": -0.020449420775085936}