{"w": 0.9558090326866382, "b": 4.986962814385019e-17}