{"w": -0.025667693917715534, "b": -1.1686415974169382e-17}