{"w": -0.024139200409077216, "b": 0.011007614547100183}