{"w": 0.022988519726114154, "b": -0.038745637436562674}