{"cc": -0.34445890808666124, "alpha": 9.382603271950381e-19, "beta": -0.34445890808666124, "mx": 5.10702591327572e-17, "my": -1.6653345369377347e-17, "sx": 1.0, "sy": 1.0}