{"w": 0.1655721323931844, "b": -0.07048866614549067}