{"w": 0.16536089269337925, "b": -0.07076808972294843}