{"w": 0.23085821718821778, "b": 0.016905634366150026}