{"w": -0.3057921738232217, "b": -0.006116083154851088}