{"w": -0.9617350763145064, "b": -5.331904910680199e-16}