{"w": 0.11679767656752253, "b": 0.12398056574877511}