{"w": 0.9999999999999996, "b": -1.0547118733939009e-17}