{"w1": 0.024008146839610372, "w2": -1.760196544104147, "b": 0.056728028644924544}