{"w1": 0.07085376559296916, "w2": -0.7885222406910296, "b": 0.003228811975954097}