{"w": 0.13061800322915976, "b": -9.14998384439951e-17}