{"w": 0.4854003634428326, "b": -0.006379146770888695}