{"w": 0.4809724982133562, "b": -0.007038703347143344}