{"w": 0.7108078889885486, "b": -0.0009627952205586701}