{"w": 0.8327762078385219, "b": 4.518496852378733e-17}