{"w": 0.15781005744236237, "b": 0.010510661034443907}