{"w": -0.4714326035051089, "b": 0.009353853019266887}