{"w": 0.49245818938212754, "b": -0.003913186051670964}