{"w": -0.21549077293754945, "b": -0.11567778244846419}