{"w1": 0.3789548005281573, "w2": 1.1808117741316442, "b": 0.026305939961893083}