{"w": -0.030757108806949953, "b": -4.968659567259329e-16}