{"w": -0.06984665065509064, "b": 0.029812649817683744}