{"w1": -0.5136614685095265, "w2": -0.41782257413834084, "b": -1.9586040785386285e-16}