{"w1": 0.3748184672333568, "w2": -0.6903744902122491, "b": 1.3685562843215382e-17}