{"w": -0.23028926296348518, "b": -0.08026776516256595}