{"w": -0.2610791216874811, "b": 0.017279416034863243}