{"w": 0.5023313929924644, "b": 1.2739092755212781e-17}