{"w1": -0.9621074078085767, "w2": 0.7030175832008432, "b": -0.021567472159483625}