{"w": 0.9412138924321014, "b": -0.003530768432123993}