{"w1": -0.6948693379701154, "w2": 0.42456413937061477, "b": -5.1209419553861716e-18}