{"w1": -2.6896079718145636, "w2": 1.2730914858108686, "b": -0.6074077611348312}