{"w": 0.4935413488851335, "b": 0.0019268071808572762}