{"w": 0.8043179718961606, "b": -0.0022043597435970194}