{"w1": 0.5497927402697959, "w2": 0.46278582840508775, "b": -0.02668669326967026}