{"w1": 1.3168275384867192, "w2": -0.17952843144935102, "b": 0.002900233942304785}