{"w": -0.20383092589352045, "b": 3.1741674304942144e-17}