{"w1": 2.093709448888457, "w2": 0.7099898007193034, "b": 0.0023653215836783722}