{"w": 0.3713366900749431, "b": 0.026053924182504934}