{"w1": 0.2871752214881616, "w2": 0.6700401306459821, "b": 0.007689306599585769}