{"w1": 0.3376353968625346, "w2": 0.7541635835749573, "b": 0.010004330443982808}