{"cc": 0.5901188388950692, "alpha": 4.7307375240009097e-17, "beta": 0.5901188388950693, "mx": -9.992007221626409e-17, "my": -1.1657341758564143e-17, "sx": 0.9999999999999999, "sy": 1.0}