{"w": 0.6293683315864139, "b": 0.046364169877906175}