{"w": 0.32097202067618247, "b": -0.07163934033875968}