{"w": -0.5007198110861597, "b": -0.0011553509241387931}