{"w": 0.5722568319444012, "b": 0.002792164260802537}