{"w1": 0.7360702671034659, "w2": 0.7940965637885881, "b": -0.06724504241523374}