{"w": 0.9880786979501173, "b": 1.4982562459532368e-16}