{"w": -0.263949652172601, "b": 0.06155188150222402}