{"w": 0.19569936343936856, "b": -0.09960328369981342}