{"w": 0.18500688970613338, "b": 0.15339309203413842}