{"w": 0.8084041135561112, "b": 0.036153471540440685}