{"w": -0.32813428814881407, "b": 0.004484369431474365}