{"w": -0.44967885613698283, "b": -0.0031884947650891765}