{"w1": -0.2590285140990761, "w2": 1.256929656158946, "b": -0.18604916123618848}