{"w": 0.14713435224255805, "b": -1.927884722312157e-16}