{"w1": 0.054037717884034386, "w2": 0.4944614280921457, "b": -3.6506003740086273e-17}