{"w1": 0.07689318591042327, "w2": 0.725467361451832, "b": -0.02283725375264667}