{"w1": -0.14391066283349646, "w2": 0.48623050203490376, "b": -5.475766830940613e-18}