{"w": -0.8652825575352904, "b": 0.0052471904863470135}