{"w": -0.8689810149634951, "b": 0.00537206122648686}