{"w": -0.8566437410343442, "b": 0.009545652380480212}