{"w": -0.085323121393541, "b": 0.0007482847811243337}