{"w": 0.020813663438966342, "b": -1.769424496887229e-17}