{"w": -0.1142026833221465, "b": -0.0062208008626944596}