{"w": 0.01924805403420138, "b": 0.017854153204711953}