{"cc": 0.07373999357879395, "alpha": 6.528521985526276e-18, "beta": 0.07373999357879396, "mx": -2.831068712794149e-17, "my": 4.440892098500626e-18, "sx": 0.9999999999999999, "sy": 1.0}