{"w": 0.008771706080262674, "b": 0.03861285477084356}