{"w": -0.21436456785991886, "b": 0.05564234424449188}