{"w1": -0.3024272828724855, "w2": -0.5123283433341937, "b": -1.0084007444013532e-18}