{"w": 0.47512101253931005, "b": 1.6906251478526266e-16}