{"w1": 0.5300647626765377, "w2": -1.322286718098313, "b": 0.15049088698607183}