{"w": -0.5415267784947345, "b": 0.00036038719304977955}