{"w": -0.5930664728315728, "b": -0.00946206893100586}