{"w": -0.40563915219507435, "b": 2.6971542358333083e-17}