{"w": -0.3816248958588836, "b": 0.11159068556436785}