{"w1": 0.5999147199490069, "w2": 1.7062917503075818, "b": -0.06286375726816795}