{"w": 0.19031651959676982, "b": 0.1734361187431837}