{"w1": 0.007686253698636338, "w2": 0.5435490390072191, "b": -2.6034142857397116e-17}