{"w1": 2.3956203394008306, "w2": -1.0148442060568483, "b": -0.09272322420103432}