{"w1": -0.33357200815414867, "w2": 2.661723373663901, "b": 0.0872971419968317}