{"w1": -0.1256839386845256, "w2": 0.6273554537253336, "b": 1.685918909720076e-17}