{"w1": -0.3694390194405051, "w2": 1.7178742018738868, "b": 0.1323392440543586}