{"w": 0.2968696248390245, "b": 0.059236354442267235}