{"w": -0.5373304084712265, "b": 2.146724317890873e-17}