{"w": -0.5480949180680365, "b": 0.0010959950286583801}