{"w": 0.5559218935398407, "b": -0.0016769605324857464}