{"w1": -1.408645364084073, "w2": 1.162096486877719, "b": 0.07655093125184505}