{"w": -0.10431742149628076, "b": 0.1591218710381841}