{"w": -0.38874372835772264, "b": -0.09461355317833642}