{"w1": -0.8358771175557528, "w2": -0.6729774569343631, "b": -0.017533991316753036}