{"w": -0.4048330961743615, "b": 0.07092178974226415}