{"w": 0.3162768259823741, "b": -1.0872287942081749e-17}