{"w1": -0.5739427851511112, "w2": -0.4244152766095207, "b": -6.156537802900153e-18}