{"w1": 2.584893627260339, "w2": 0.4311955966112592, "b": -0.07364872375422717}