{"w": -1.0000000000000002, "b": -2.775557561562886e-18}