{"w": -0.6187307464682708, "b": -7.855084407793756e-18}