{"w1": -0.7210813747828917, "w2": -0.24083045078850962, "b": -0.015744696652500337}