{"w": 0.7896662782973165, "b": -8.03249287253612e-17}