{"w": 0.7887625951200246, "b": 0.0025988470021902966}