{"w1": 0.33122092550066895, "w2": -0.5759733626834443, "b": 4.236374901789442e-17}