{"w1": 0.609717623363999, "w2": -0.820750371897827, "b": 0.007037216202960932}