{"w": -0.9103859486627303, "b": 0.0062118068620904635}