{"w": -0.2558562003039214, "b": -1.0989010637554481e-16}