{"w": 0.6491841935017113, "b": -2.8319744399521883e-17}