{"w": -0.40981234731640054, "b": 0.09893116564423998}