{"w": -0.551175341481605, "b": -0.008272121085419006}