{"w1": -0.3742559396589636, "w2": 0.4533214862937745, "b": 2.230863631085777e-17}