{"cc": 0.7794215205766234, "alpha": 6.60422139358192e-17, "beta": 0.7794215205766233, "mx": -2.7755575615628914e-17, "my": 4.4408920985006264e-17, "sx": 1.0, "sy": 0.9999999999999999}