{"w": 0.8122575730440019, "b": 0.027232389903680907}