{"cc": 0.10156716710763604, "alpha": -7.681309954158169e-17, "beta": 0.10156716710763605, "mx": -9.769962616701378e-17, "my": -8.673617379884035e-17, "sx": 0.9999999999999999, "sy": 1.0}