{"cc": -0.6857596535764868, "alpha": -3.1493833970527405e-18, "beta": -0.6857596535764868, "mx": -2.4424906541753444e-17, "my": 1.3600232051658167e-17, "sx": 1.0, "sy": 1.0}