{"w": -0.6850745789974894, "b": -3.1326505144865976e-18}