{"w1": -0.1779133441134752, "w2": 0.7350413680214612, "b": -1.1949897079161192e-16}