{"w1": 0.5562903454477093, "w2": -1.3320224029933714, "b": -0.013030275660923086}