{"w": 0.4536119583898337, "b": -0.1078596225286918}