{"w1": -0.061364405062309196, "w2": 2.9000341852407097, "b": -0.20258621223360232}