{"w1": -0.05872687854754251, "w2": 0.7237359785385079, "b": -5.053250781016397e-18}