{"w1": -0.07475741468596375, "w2": 0.7699032680687521, "b": -0.02631519621715852}