{"w": -0.39552435029672045, "b": 0.08452563302240877}