{"cc": -0.249656517035792, "alpha": -3.162686517939061e-17, "beta": -0.24965651703579203, "mx": -4.218847493575595e-17, "my": -2.1094237467877975e-17, "sx": 0.9999999999999999, "sy": 1.0}