{"w": -0.25860836403140275, "b": -0.025210737653591497}