{"w": 0.31244929865489657, "b": 0.04069687481767103}