{"cc": 0.02531726379749962, "alpha": -1.2451263334017961e-17, "beta": 0.02531726379749962, "mx": -1.2212453270876723e-16, "my": -1.5543122344752193e-17, "sx": 1.0, "sy": 1.0}