{"w": 0.025601198505406268, "b": -0.014504097607231954}