{"w": 1.000000000000005, "b": 1.0658141036401565e-16}