{"w": -0.7714135652500097, "b": 0.010009263420069858}