{"w": -1.0000000000000009, "b": -1.3752887717544166e-16}