{"w": -0.28038673339142206, "b": 0.0002634814366493934}