{"w": -0.3271839040531073, "b": 0.015665001425113952}