{"w": 0.083344703463592, "b": -1.1250280180276903e-16}