{"w1": -0.6205662512414699, "w2": -0.7503876614851357, "b": -0.00014874408687369283}