{"w1": 0.5370833375176209, "w2": -0.50962699877157, "b": -2.522675202977929e-17}