{"w": -0.333614120695799, "b": 0.010536231693457188}