{"w": -0.09364396121600072, "b": -0.018792904079712507}