{"w": 0.38939999261156644, "b": 0.02286748098249114}