{"w": 0.36983686075771727, "b": 0.02186820919023198}