{"w": -0.27679557289103185, "b": -0.0011195997467816701}