{"w1": 0.7233691900336934, "w2": -0.09170041840390471, "b": -4.535003713265814e-18}