{"w1": 0.4676244249900478, "w2": -1.5259406728901246, "b": -0.01639656034072804}