{"w1": -2.230794774825066, "w2": -0.7184174059052585, "b": -0.17437639103326108}