{"w": 0.14908006552468933, "b": -0.06715927960537031}