{"w": -0.26472442069044255, "b": 3.4263388244642865e-16}