{"w": -0.9737194854905609, "b": 0.0051445516382840105}