{"w": 0.019067426095036866, "b": -0.38937807241332645}