{"w": 0.35894259896894026, "b": -0.01904472322796053}