{"w1": -1.7638418002357612, "w2": -1.5922963458681128, "b": -0.022824984091021558}