{"w": 0.42776291985896414, "b": 0.20336929229951334}