{"w": 0.4503361228677057, "b": -0.0456952223853011}