{"w": 0.7082702907421321, "b": 1.4985491144333403e-17}