{"w": 0.3069930296122124, "b": -0.11385624829961075}