{"w1": 0.06478226496400191, "w2": 0.5781728681878158, "b": -1.0503228854064467e-17}