{"w1": 0.09659991060375595, "w2": 1.0173098992667302, "b": 0.01714011681129023}