{"w": 0.16058116509132428, "b": 0.24544318587643138}