{"w": -0.010009974524593993, "b": -4.866777637367707e-16}