{"w": -0.013382666005844547, "b": 0.0023144922714918303}