{"w": -0.013456177385661716, "b": 0.0023361156811370597}