{"w": 0.5581775650284697, "b": -0.005195401806825537}