{"w1": 0.6494332657077037, "w2": 0.565872772972627, "b": -0.01586655568063229}