{"w1": 1.5810466533420913, "w2": -0.5952201533348681, "b": 0.04804768970140385}