{"w": -0.6759823231333993, "b": 7.814124345951723e-17}