{"cc": -0.3288598929288087, "alpha": 4.066844543729794e-17, "beta": -0.32885989292880874, "mx": 8.881784197001253e-18, "my": 3.7747582837255325e-17, "sx": 0.9999999999999999, "sy": 1.0}