{"w": -0.2591495300283232, "b": -0.0770961649206431}