{"w": -0.08336083109669423, "b": -0.010634660159450533}