{"w1": 0.8827753789011398, "w2": -1.2030678403990893, "b": 0.2547302069446711}