{"w": 0.8101624775114392, "b": -0.015196779755890068}