{"w1": 4.795225505725875, "w2": 4.7526129390993175, "b": 1.0372076004871829}