{"w1": 1.5340595600781386, "w2": 1.557581644233491, "b": 0.3337959252659819}