{"w": 0.3159303049973504, "b": 0.009510290314870051}