{"w": 0.3149569170551157, "b": -0.0042150193219993165}