{"w": 0.4865328542446724, "b": 4.272863491277498e-17}