{"w": 0.4090307411086388, "b": 0.0757098125268002}