{"w": 0.011783132338858193, "b": 0.12622400448237037}