{"w": 0.056012471779718465, "b": -5.105718951328671e-17}