{"w1": -1.0350894922419052, "w2": -1.2062509346822663, "b": 0.08156094967988486}