{"w": 0.9999999999999992, "b": 3.2196467714129507e-17}