{"w": -0.25289731965380213, "b": -0.056616566895027254}