{"w": 0.05054131554287448, "b": 9.257336886240087e-17}