{"w": 0.9999999999999996, "b": 3.919087276926801e-16}