{"w": 0.3264573455855716, "b": -0.03626138020871168}