{"w1": -0.9756113913193183, "w2": 0.33108492250991933, "b": -0.005548690523013326}