{"w": 0.01764286629741764, "b": -0.004164073519328576}