{"w1": 0.37760809493652303, "w2": 0.5522782251816443, "b": 2.255517551286e-17}