{"w": 0.6143879044354029, "b": -0.024929945191377808}