{"w": -0.20460059686595247, "b": -0.0374864976181729}