{"w": -0.1484671937656262, "b": 0.007306192643505079}