{"w": -0.1209410045633936, "b": 0.007036873264033122}