{"w": -0.19624871958248838, "b": -0.043459656017376974}