{"w": -0.15019490307515104, "b": -0.10569421025139636}