{"w": -0.7554334031685581, "b": 1.4532300659641768e-16}