{"w": -0.2624660219769176, "b": -0.002883421573874938}