{"w": 0.004277842818519435, "b": 4.644414201013551e-17}