{"w": -0.28877278608184853, "b": -0.07023623141248755}