{"w": -0.3731159255840221, "b": -1.400192348631552e-17}