{"w": 0.596827978787172, "b": -0.006794543777961313}