{"w1": -1.6227356236851869, "w2": -0.6543104589737783, "b": -0.0685026371924719}