{"w": -0.007376797669008316, "b": -0.049049007194421804}