{"w": 0.9875013315095168, "b": -0.0012552151919093765}