{"cc": -0.5319250968137023, "alpha": -2.433109914526069e-18, "beta": -0.5319250968137021, "mx": -6.661338147750939e-18, "my": 1.1102230246251566e-18, "sx": 1.0, "sy": 0.9999999999999999}