{"w": -0.4901980087472661, "b": 2.1540579665000274e-17}