{"w": -0.4890745969832981, "b": 0.004255234601556537}