{"w": 0.4481652535640223, "b": -1.0337295995439384e-17}