{"w": -0.17520556380900418, "b": -1.4674027077063826e-17}