{"w1": 2.380937967433724, "w2": -0.6627962434809822, "b": -0.024367991256592003}