{"w": 0.7809760761353202, "b": 0.027863028767462855}