{"w1": 1.3184616267799005, "w2": -3.8762043635187142, "b": 0.2107201319078213}