{"w": 0.6752179464389827, "b": -2.8997594851433165e-17}