{"w": 0.6188789478259631, "b": 0.04652324719033413}