{"w": 0.1800721047704048, "b": 0.1936786488752372}