{"w": 0.3710446884267005, "b": -1.0838461753550395e-16}