{"w": -1.0000000000000042, "b": -2.509104035652853e-16}