{"w": -0.5222663932248809, "b": -0.2853525752711338}