{"w": 0.9820088166612085, "b": -0.006804771212776622}