{"w": 0.964545363524811, "b": -0.010144506880054319}