{"w": 0.6067321973481387, "b": -0.0557560426123521}