{"w": 0.22716727524237731, "b": -4.2890531636541704e-17}