{"w": -0.33005605112366215, "b": -0.07278599629199686}