{"w1": -0.003362662674679886, "w2": -0.8787649587808201, "b": -1.3677417794238788e-16}