{"w1": -0.8358617210820382, "w2": 0.08587911448490024, "b": 0.025166657047601945}