{"w": -0.20859967525313436, "b": -0.09386121594835352}