{"w": 0.4181403531412774, "b": 0.0055580328638600175}