{"w": 0.4357277672887279, "b": 0.0009441526891543206}