{"w": 0.5432076050194707, "b": -0.0539289899375691}