{"w": 0.5815396498718307, "b": 0.001206548188345276}