{"w": 0.36100648823343146, "b": -0.013324856104103125}