{"w": 0.39880505988782794, "b": 0.004436070138408258}