{"w": -0.41668792437308666, "b": -4.7925712866228027e-17}