{"w": 0.015682106331994294, "b": 0.25614874438516977}