{"w1": -0.648706580250917, "w2": -0.9551566039680017, "b": -0.06321342054225217}