{"w1": -0.6362536888989028, "w2": 0.019595690636972286, "b": -3.096805736019301e-18}