{"w": 0.8140922477645203, "b": -0.013840630029663296}