{"w": 0.03374297090271658, "b": 2.5558341354211622e-17}