{"w": 0.018940811434765968, "b": 0.027986519824867315}