{"w": 0.7645033271837386, "b": -0.052980565392424905}