{"w": 0.19741620182659636, "b": 0.14185533226501712}