{"w1": -0.5582911022976871, "w2": -0.43493218396226685, "b": -9.066705114655427e-17}