{"w1": -0.5449751535251864, "w2": -0.44660044813706407, "b": -9.2442090387246e-17}