{"w1": -0.7357331371991193, "w2": -0.6452311521556007, "b": -0.04341031687462898}