{"w": 0.2247781487960848, "b": -0.047056851718199816}