{"w1": -0.5106027109496672, "w2": -0.31973392129598366, "b": -6.083426027433266e-18}