{"w": -0.07708623566779654, "b": 0.037084490982608645}