{"w": 0.02026594320267356, "b": -0.05837259258827768}