{"w": 0.009234965331098193, "b": 1.4804915622513773e-17}