{"w": -0.010846718550316837, "b": -0.08158603572775526}