{"w": -0.32838025555039335, "b": 0.05121668488173676}