{"w": 0.4629577655635839, "b": 0.17783669151815795}