{"w": 0.45214562894617266, "b": 0.196611069515576}