{"w": 0.40477698592795935, "b": 0.008359940507350953}