{"w": -0.12729682344886684, "b": 0.11073634001566017}