{"w": -0.12691240417684127, "b": -0.011007208324059492}