{"w": -0.434670457324005, "b": -0.04384177761641994}