{"w": -0.17693690301725587, "b": -0.007878198597228242}