{"w": -0.9999999999999992, "b": -1.6153745008296033e-16}