{"w": 0.32818319362765674, "b": 1.0811804585610314e-16}