{"w": 0.22638242414188042, "b": -0.20047300762437334}