{"w1": -1.1653934525849627, "w2": 0.47819226927292496, "b": 0.028313003203557917}