{"w": 0.3156371143306639, "b": 8.30277519450757e-17}