{"w1": -0.8071429106897543, "w2": 1.0873367115788029, "b": -0.022726533564628282}