{"w": 0.03529641095634131, "b": 5.741639133645577e-19}