{"w": -0.06564558860846503, "b": -6.013548125553493e-17}