{"w": 0.1684734745584295, "b": 0.018470494971217832}