{"w1": 0.37857562943209827, "w2": 1.267598007190547, "b": -0.02624230547367671}