{"w": 0.7597507905013645, "b": 1.938063806888479e-17}