{"w": -0.4802498536978459, "b": 0.00046977803742429263}