{"w": -0.509164703962298, "b": -0.0005144972843465212}