{"w1": 1.2106696571438549, "w2": 0.4199253241613079, "b": 0.06257283242863865}