{"w": -0.04594442516389202, "b": -0.07768249467547078}