{"w": 0.3686310552551595, "b": -0.5799229003703656}