{"w": -0.6785396228050287, "b": -0.0005287221732743902}