{"w": -0.6414589296434533, "b": -0.0013787848364896892}