{"w": -0.26516499974627594, "b": -0.03758940470109999}