{"w": -0.32580033172182465, "b": 4.627497500595124e-17}