{"w1": 0.38753586373915816, "w2": -0.8564682998185006, "b": 0.05954227405554499}