{"w": 0.2411203280430657, "b": 6.279283179262959e-17}