{"w": 0.21920029822096887, "b": 6.021320288087961e-17}