{"w1": -1.8387577418636265, "w2": 3.7739152989543574, "b": 0.6062083490514196}