{"w": 0.7980858522857706, "b": 0.011636604399537492}