{"w": -0.28000267023288933, "b": -0.0030271599202302073}