{"w1": -0.45261827377026137, "w2": -0.9820092692182574, "b": -0.014557167989199203}