{"w1": -0.7959961443957673, "w2": -1.2923406119733516, "b": 0.03495566845074926}