{"w": 0.9365933886315175, "b": 0.01243617976122407}