{"w": 0.5090655388502162, "b": 1.1515273105798131e-17}