{"w": -0.7821291926719812, "b": -8.795075367508415e-17}