{"w": 0.4545184056241002, "b": 0.029798058726839848}