{"w1": -0.161590483626887, "w2": -0.5835915637520661, "b": -0.029991629015482732}