{"w": -0.19494894074902658, "b": 0.0015527948879405754}