{"cc": 0.3816081936527699, "alpha": -3.22243657053308e-17, "beta": 0.38160819365277, "mx": -1.7763568394002505e-17, "my": -3.900308895299354e-17, "sx": 1.0, "sy": 1.0000000000000002}