{"w": 0.3469165396843363, "b": -3.2840613273300145e-17}