{"w": -0.279823211849635, "b": -0.05537228808949771}