{"w": -0.34330868860995234, "b": 9.233443894489335e-18}