{"w": -0.009253089612409969, "b": 0.06368373513790217}