{"w": 0.63683704859099, "b": -0.08930161868945616}