{"w": -0.3225478126342765, "b": 0.021025253454908296}