{"w1": 0.5238145652038405, "w2": 0.27671311394261877, "b": 2.621287904504613e-17}