{"w": -0.17302772722237553, "b": 0.01740983656781445}