{"cc": 0.4183863850768952, "alpha": 5.4288411828101276e-17, "beta": 0.4183863850768952, "mx": -3.3806291099836016e-16, "my": -8.715250743307479e-17, "sx": 1.0, "sy": 1.0}