{"w": 0.41424394562068834, "b": 5.2888006686901525e-17}