{"w": 0.9999999999999942, "b": 2.865763182313628e-17}