{"w": 0.7651700449228377, "b": -0.02980574505548548}