{"w": 0.6733241624622175, "b": -0.0003366494206019817}