{"w": -0.47697006851140306, "b": -0.009928963479272364}