{"cc": 0.7132668169090208, "alpha": -3.149406494585815e-17, "beta": 0.7132668169090207, "mx": -1.1102230246251566e-17, "my": -3.9412917374193055e-17, "sx": 1.0, "sy": 0.9999999999999999}