{"w": 0.7132668169090212, "b": -3.149406494585814e-17}