{"w1": 2.061097351310228, "w2": -0.9643092584498931, "b": 0.04597891402364678}