{"w1": 0.5934981967584534, "w2": -0.24479053879782386, "b": 3.2053670843840754e-17}