{"w1": -0.6344384126509014, "w2": 0.7436437670383217, "b": -0.06235088119464253}