{"w": 0.9512998832327749, "b": 2.7540401178132426e-16}