{"w": 0.03650948050073312, "b": -0.1021136910489822}