{"w": 0.05881078374349882, "b": 0.019798410969713454}