{"w1": -0.49306156744757473, "w2": -1.0828308905212884, "b": -0.010916275873893742}