{"w1": -0.9947752435313713, "w2": -1.0939925793159508, "b": -0.04169300742435649}