{"w": -0.3929675256487562, "b": 0.021588477761871366}