{"w": -0.1914120560918085, "b": -2.0357328077655514e-17}