{"w1": -0.10772043833065457, "w2": 0.6488689947087447, "b": 5.281912506952005e-18}