{"w1": -0.18434452146954095, "w2": 1.135875164622838, "b": -0.00409147255864508}