{"w": 0.7171966756994085, "b": 4.698515998026144e-16}