{"w": 0.7343584232869186, "b": 0.07771153122282418}