{"w": -0.3962051068805454, "b": -1.6852710868840478e-18}