{"w": -0.8057110246661852, "b": -4.5622938780797355e-17}