{"w": -0.7534792402326956, "b": -0.004428213429982286}