{"w": 0.5894601537178661, "b": 0.07720909016897172}