{"w": 0.5378456601275542, "b": -0.005053260565069602}