{"w": 0.0387901907986532, "b": -0.12181840818957668}