{"w": 0.0852356867949891, "b": -3.9778767642506566e-17}