{"w": 0.08006951862165976, "b": 0.0020900385852739203}