{"w1": -1.2887536145278593, "w2": 0.410994509494354, "b": 0.00042536190805608776}