{"w": 0.5366105317325987, "b": -0.052200188549381465}