{"w": 0.5731026643649766, "b": -0.051320218278228816}