{"w1": -0.008465384303479678, "w2": 0.7677028281615926, "b": -1.0096277766813873e-17}