{"w1": -0.025770369126786423, "w2": 0.8137083830130141, "b": -0.005100225203245556}