{"w1": -0.3392434023762155, "w2": -0.22559775266858498, "b": 2.69480294124134e-17}