{"w": 0.4767238050833118, "b": -0.004684069569583557}