{"w": -0.25278791682580787, "b": 0.24712413879501743}