{"w1": -0.18190512783844973, "w2": 0.6404368756550296, "b": -0.033894751545454266}