{"w": 0.14693871651646676, "b": 1.5452479449483335e-17}