{"w": 0.03218489825631637, "b": -0.006313277402961729}