{"cc": 0.8208017625316757, "alpha": 6.276236508509752e-17, "beta": 0.8208017625316756, "mx": -7.105427357601002e-17, "my": 4.440892098500626e-18, "sx": 1.0, "sy": 0.9999999999999999}