{"w": 0.78061937271436, "b": -0.004992474671018124}