{"w": 0.4045348571590608, "b": -0.05530854210418238}