{"w": 0.7672376775663993, "b": -9.159220770078108e-18}