{"w": 0.6579939468220158, "b": 0.006768948714317467}