{"w": -0.6130869339244217, "b": -0.02241704338287384}