{"w": -0.5170598708000559, "b": -0.012468686974263957}