{"w": 0.9096497507767767, "b": -0.002756929222110865}