{"w1": 0.6022314612523934, "w2": 0.46590003681350906, "b": -3.507997747678932e-16}