{"w1": 1.3115730915790955, "w2": 1.0537239038661743, "b": -0.07501450426303158}