{"w1": 0.5807870828422079, "w2": 0.44582678062594927, "b": 0.0021804675605042387}