{"w": -0.2911138239658632, "b": -5.815083826366464e-16}