{"w": -0.1566748310031216, "b": -3.171748430462809e-16}