{"w": -0.04332271400403109, "b": 0.08338822449295835}