{"w": 0.06773394159097545, "b": 0.16705464694221656}