{"w": 0.07479840634342187, "b": 2.493211657608591e-17}