{"w": -0.35212596653279155, "b": 6.974298358821543e-18}