{"w": -0.5435179514997948, "b": -0.06924845537375732}