{"w": 0.9832291901488572, "b": -4.949455262717332e-17}