{"w": 0.8938447183171429, "b": -4.701363516038512e-17}