{"w": 0.16643071268669743, "b": 0.006913830361742644}