{"w": 0.14233372144446274, "b": -0.0019220836220104423}