{"w": -0.2543449779499536, "b": -0.0057410330404406955}