{"w": -0.5332079677186398, "b": -0.002998260163442007}