{"w": -0.2650764601135405, "b": -0.03742449579415434}