{"w": -0.47381367629249865, "b": -0.02366451683703338}