{"w": 0.106158124171864, "b": -0.17468795730173836}