{"w": 0.3254498509764019, "b": 1.0609621973933367e-17}