{"cc": 0.8652887556805623, "alpha": -3.770780450190006e-17, "beta": 0.8652887556805622, "mx": 4.6074255521943994e-17, "my": 2.159730727591125e-18, "sx": 0.9999999999999999, "sy": 0.9999999999999998}