{"w1": 1.0181024058188033, "w2": 1.0383721519939864, "b": -0.013134522578717694}