{"w": -0.05064950005408261, "b": -1.256660886521746e-17}