{"w": -0.06785977123915217, "b": -0.011014966125213126}