{"w": -0.37578719887103956, "b": -2.3857053397838115e-16}