{"w": -0.3961321499666204, "b": -0.013844691629112832}