{"w1": -2.1741846729537597, "w2": -1.573094158488071, "b": -0.06747170814833975}