{"w": -0.5435850058613323, "b": 1.1153345070482573e-17}