{"w": 0.019732244385621503, "b": -0.004172636438145272}