{"w": 0.5149306316022605, "b": -0.002510285561461302}