{"cc": -0.0906573804777461, "alpha": -3.093770050113371e-16, "beta": -0.09065738047774613, "mx": 1.6334156249797615e-16, "my": -3.241851231905457e-16, "sx": 0.9999999999999999, "sy": 1.0000000000000002}