{"w": -0.07272764681685773, "b": 0.0512340085592059}