{"w1": -0.4414681017698614, "w2": -0.49904110055835527, "b": -8.545081325904643e-17}