{"w1": -0.43711629855106215, "w2": -0.42120007895434675, "b": -1.2465887625988094e-17}