{"w1": 5.41410348478609, "w2": 0.07142237640406934, "b": 0.9797277939689909}