{"w1": 2.3306489955120995, "w2": -0.003718023112135028, "b": 0.1291160252453334}