{"w1": 1.7668882350185917, "w2": -0.00684024550073261, "b": 0.2586340907766501}