{"w1": -1.6570511606147313, "w2": -1.0062259632151236, "b": 0.004974406196906675}