{"w": 0.09161941164906846, "b": 0.22983439794920887}