{"w": -0.6510570361715355, "b": 0.06421197053115843}