{"w": -0.6199020112405502, "b": -5.729692406556245e-17}