{"w": -0.005286722775613266, "b": 0.31048030547097805}