{"w": -0.0017374471781297445, "b": 0.31431675791955666}