{"w": 0.0026331212815232843, "b": 1.165801412949502e-15}