{"w1": 0.3747447712149705, "w2": 0.6920801636800812, "b": -9.88588636429671e-17}