{"w1": 0.9123243557654895, "w2": 0.3922220885743221, "b": 0.09039129973191767}