{"w1": -2.1370088334756376, "w2": 2.2977610057725384, "b": -0.021662617715947026}