{"w": -0.37049113492603636, "b": 0.008313588866832866}