{"w": -0.35129894508661036, "b": 0.007271371230374441}