{"w": 0.9090909090909092, "b": -4.5241588253475126e-17}