{"w": 0.9340938934068377, "b": -0.007644205947709695}