{"w": 0.3600574835156817, "b": 0.17184327621758347}