{"w1": -1.0320714142744298, "w2": 1.1581282867826126, "b": 0.13430757357580558}