{"w1": -0.5631770483132794, "w2": 0.5464579429748283, "b": 0.0018631942781915873}