{"w": 0.28417198436141367, "b": -5.026161631984877e-17}