{"w": 0.2989241737940212, "b": 4.1428040516859555e-17}