{"w1": -3.291950960008506, "w2": -3.0096250910988274, "b": 0.229283103901667}