{"w": 1.0000000000000036, "b": -1.617781153285278e-32}