{"w": -0.34029890894014414, "b": -0.18231124703934273}