{"w": -0.5407701023374794, "b": -3.6523885767439526e-17}