{"w": -0.5402298724650144, "b": -3.645551134413742e-17}