{"w": -0.2613637438237219, "b": 2.0690558181869492e-18}