{"w": -0.2534580328863215, "b": -0.0005802781471258012}