{"w1": -1.0858201926444173, "w2": -0.8645059202424684, "b": 0.16089170775069989}