{"w": -0.33586442698026486, "b": 3.220321190239587e-16}