{"cc": 0.7775944608864483, "alpha": -1.9984014443252817e-17, "beta": 0.7775944608864483, "mx": 0.0, "my": -1.9984014443252817e-17, "sx": 1.0, "sy": 1.0}