{"w": 0.792604818709466, "b": -0.03897531446016782}