{"w": -0.218235547852838, "b": -0.0022730335944381873}