{"w1": -0.5726172049598443, "w2": 0.33053407090026904, "b": -0.0005330977476968165}