{"w": -0.5554636083237323, "b": -0.04621169279353268}