{"w": -0.35743084164268407, "b": 0.0008507051593009962}