{"w": -0.49514568485285954, "b": 3.75643441741205e-17}