{"w": 0.7990887485700061, "b": -0.0021999357337322695}