{"w1": -0.8775052299390937, "w2": -0.2624215413845037, "b": 8.792045924976959e-17}