{"w1": 0.7114817143425411, "w2": 0.8034880574968779, "b": -0.06540359791962341}