{"w1": 0.45534622809461467, "w2": 0.4200739608979817, "b": -0.009525539998882986}