{"w": -0.5115312353603788, "b": -0.010546300980886459}