{"w1": 0.8516447763612109, "w2": 1.8222547077801672, "b": 0.020292111919093667}