{"w1": 0.32957259254264115, "w2": 0.8390669931990918, "b": 0.003809278463141617}