{"w": 0.6281636298644919, "b": -1.9246261525658803e-17}