{"w": 0.011828443137141797, "b": -2.167917209585016e-18}