{"w": -0.12328624303387799, "b": 0.10035183829409272}