{"w": -0.047860096059178625, "b": -0.05676639527098825}