{"w": -0.6057366271193865, "b": 0.13555128638456682}