{"cc": 0.5250635512247497, "alpha": 2.696716883527699e-16, "beta": 0.5250635512247497, "mx": -3.042011087472929e-16, "my": 1.0994677390741004e-16, "sx": 1.0, "sy": 1.0}