{"w": -0.05920163136049975, "b": 0.21725807969057156}