{"w": 0.34823883941185424, "b": 0.007872812241946097}