{"w": -0.39493303372437205, "b": -0.026610110415891428}