{"w": 0.710383665729823, "b": 0.027242765133474154}