{"w": -0.030235754124904268, "b": 0.03590793124329258}