{"cc": 0.5046583910299705, "alpha": 1.1019480598584676e-17, "beta": 0.5046583910299705, "mx": 1.7763568394002505e-17, "my": 1.9984014443252817e-17, "sx": 1.0, "sy": 1.0}