{"w": 0.45878035548179147, "b": 1.1834438220827233e-17}