{"w": -0.3236657763524058, "b": 0.1983211740732227}