{"w": 0.213924286340323, "b": -7.124257052161919e-17}