{"w": 0.2810927711526761, "b": -0.10249483367240148}