{"w": 0.18474997530126536, "b": 0.003474094253392625}