{"w": 1.0000000000000009, "b": -8.104628079763646e-17}