{"cc": 0.2369367542255138, "alpha": -2.5695530298204753e-17, "beta": 0.2369367542255138, "mx": 3.552713678800501e-17, "my": -1.7277845820729e-17, "sx": 1.0, "sy": 1.0}