{"w": -0.36178555014750013, "b": -0.041901286985443535}