{"w": -0.4215633800880627, "b": 2.3270993889978477e-17}