{"w": 0.07353762875593986, "b": 1.150722999006179e-16}