{"w1": 0.4389794006166967, "w2": -0.6686057447716239, "b": -0.03453653449703849}