{"w": -0.3697133336849429, "b": -0.045185517107969114}