{"w": -0.20757921182615008, "b": -3.701130656468658e-16}