{"w": -0.4964316738138753, "b": 0.008775648053901918}