{"w": 0.25433782634974156, "b": 0.07397039542093053}