{"w": -0.20017242177380934, "b": -2.4863635806153073e-17}