{"w": -0.11656926201269348, "b": -0.13600199585485165}