{"w1": 3.180124594040134, "w2": 1.5081908229297853, "b": 1.303049562461546}