{"w1": 0.9480227837354974, "w2": 0.5098813153691493, "b": 0.22526215443845854}