{"w": -0.10280224954400229, "b": 0.15997736380767916}