{"w": -0.10654749142055267, "b": -0.04880438449264923}