{"w": 0.05046772388731177, "b": -5.61067148377647e-17}