{"w1": 0.22076368513351755, "w2": 0.6538599480218424, "b": -1.194422651883563e-17}