{"w": -0.7575635098333302, "b": -0.015841855376335347}