{"w": 0.3091447376310584, "b": 0.09892075810453958}