{"w": 0.3092685515620272, "b": 0.09888532910647854}