{"w": 0.7216627877141503, "b": -3.502376677946995e-17}