{"w": 0.035334449775485166, "b": 0.03188592435603843}