{"w1": -0.08583966358553756, "w2": 0.49795992550979407, "b": 3.02183295252319e-17}