{"w": -0.7347325843931233, "b": 0.016032837666491155}