{"w": -0.7520430513574093, "b": -0.0035132943563024053}