{"w": -0.08379989483942205, "b": -0.0482024566730525}