{"w1": 0.7933646264935708, "w2": -0.5940888879613505, "b": -0.0018203582365960962}