{"w": 0.9783967127734124, "b": 0.0014136730433035596}