{"w": 0.9843883855177521, "b": -0.0024447183330442712}