{"w1": 0.19065916431970828, "w2": 0.49227803476592374, "b": 2.646287073587794e-17}