{"w1": 0.19068088817189896, "w2": 0.49485712273347615, "b": 0.0023978224242856457}