{"cc": -0.6869401030269441, "alpha": 5.31556569669948e-17, "beta": -0.6869401030269442, "mx": -6.661338147750939e-18, "my": 5.773159728050814e-17, "sx": 0.9999999999999999, "sy": 1.0}