{"w": 1.0000000000000013, "b": -2.0983215165415504e-16}