{"w1": -0.2568905910621464, "w2": 0.5109439353284589, "b": -0.017754195607955908}