{"w": 0.7152540865180861, "b": -0.023153089715901902}