{"w": 0.823812141751956, "b": -0.0381771966562141}