{"w": -0.2995867732765978, "b": 0.011933953084853096}