{"w": 0.3992652665689003, "b": 0.005039351155469926}