{"w": 0.42629473458555805, "b": -0.005886728820780479}