{"w1": -1.885938966985667, "w2": 0.44311669140317594, "b": 0.05294292083837146}