{"w1": 0.2023976917562864, "w2": 2.061210019094329, "b": 0.06608812424362186}