{"w": 0.3676511951259802, "b": 3.491201698235588e-16}