{"w": -0.2578887366997951, "b": -0.012676837820402142}