{"w": -0.24223288287032646, "b": -0.010520632477417871}