{"w": -0.4272765650562896, "b": 0.0069308839899671505}