{"w": -0.4581088175012346, "b": 0.002506897525476427}