{"w": -0.3472774336020156, "b": -4.227099495400267e-18}