{"w": 0.12584134308688522, "b": 0.0029180156916042066}