{"cc": 0.9165413071898195, "alpha": -6.254103277379744e-17, "beta": 0.9165413071898196, "mx": 1.2212453270876722e-17, "my": -5.134781488891349e-17, "sx": 0.9999999999999999, "sy": 1.0}