{"w": 1.0000000000000007, "b": -6.356026815979023e-17}