{"w": 0.9072479824244786, "b": 0.0005296551368802133}