{"w": 0.9072332086065672, "b": 0.0005568250458845665}