{"w": 0.4806428421252881, "b": 0.03890343705194777}