{"w": 0.1068305441775972, "b": -0.04179109100184704}