{"w": 0.10444304823958994, "b": 1.7571399453587937e-17}