{"w": 0.10340895865305938, "b": 1.777116364550543e-17}