{"w1": 1.0431397215210843, "w2": 1.9751532800446725, "b": -0.054706657003736864}