{"w": 0.5741406691633222, "b": -0.019410234106729297}