{"w": 0.6171583013073974, "b": -0.0008303824141311362}