{"w": 0.3427395585711972, "b": 0.08475251878066314}