{"w": 0.2700823307764737, "b": 1.2368067305371596e-16}