{"w": 0.04264510291167738, "b": -4.237785723631616e-17}