{"w": -0.06618704453019135, "b": -0.008412502876272987}