{"w": 0.3232148334948274, "b": -0.0041339661888249194}