{"w": -0.8610712579481156, "b": 4.648701849844147e-16}