{"w": -0.4166175395000196, "b": 0.015119939453557427}