{"w": 0.5873419667651918, "b": 0.005774025775181988}