{"w1": -2.1800662286621746, "w2": -1.941815370608438, "b": -1.1936182655924943}