{"w": 0.9552260369619232, "b": -0.02234300058704071}