{"w": 0.9431556113174117, "b": -0.027925690072481822}