{"w": 0.023439922718177495, "b": -6.519061773339811e-17}