{"cc": -0.038711968080935646, "alpha": -2.5441942878827507e-17, "beta": -0.038711968080935646, "mx": 3.1086244689504386e-17, "my": -2.6645352591003756e-17, "sx": 0.9999999999999999, "sy": 0.9999999999999999}