{"w": -0.03287876362362874, "b": -0.039319393027678395}