{"w1": 0.7016391947774393, "w2": 0.3022301370831117, "b": 0.0023759937292751475}