{"w": -0.03608841920736486, "b": -0.019237085185777363}