{"w": 0.2121047130823745, "b": 0.0603522068229887}