{"w": 0.23421556035636307, "b": -1.7410959642593435e-18}