{"w": 0.10021258770165889, "b": 0.030659288875346302}