{"w": 0.8653976525872269, "b": 5.908904833987101e-17}