{"w": 0.9141176049314519, "b": -0.03841335092345628}