{"w": 0.20856987992228104, "b": -0.10163952219899086}