{"w": 0.5258879335364506, "b": 0.015891689196509413}