{"w": 0.5925522083159955, "b": 0.004317570466434899}