{"w": -0.39169998055068755, "b": -0.001251689232505633}