{"w": -0.3318571879676073, "b": -1.361001927191046e-16}