{"w": 0.4141448265950328, "b": -3.744676464230642e-16}