{"w": -0.26443924955869264, "b": 0.1318269770813463}