{"w": 0.20030251177154074, "b": -4.572953001783107e-16}