{"w": 0.2984262873147707, "b": 0.0018030830777940477}