{"w": 0.313721492885562, "b": 0.0015210232141436766}