{"w": -0.07150434438468518, "b": -0.0013959222308185003}