{"w": 0.15787385495063908, "b": 0.2845109339978814}