{"w1": -0.09955006922749923, "w2": 1.499771627270144, "b": -0.049541411078652425}