{"w": 0.5937551128538026, "b": -0.011648641808346268}