{"w": 0.9926675023940021, "b": 0.0058497141321694375}