{"w": 0.3503208706230735, "b": -0.02459447709030018}