{"w": 0.7961796226652599, "b": 1.9531442291643185e-17}