{"w1": -1.4048139687845633, "w2": -0.9936034529828173, "b": -0.1245587651249763}