{"w1": -0.5227770793350992, "w2": 0.36248295038753015, "b": 1.1920432303242834e-17}