{"w": -0.004477067477910118, "b": -0.02404629839406845}