{"w": -0.002400443011407449, "b": -1.669065574878526e-17}