{"w": 0.006987357558254146, "b": 0.003961576488372365}