{"w": 0.4256142626786959, "b": -0.04633778493739413}