{"w": 0.3585152553412466, "b": 2.902433102496807e-17}