{"w": 0.358604956198133, "b": 0.03981046849574069}