{"w": -0.00977518362101114, "b": 0.026491330799120135}