{"cc": 0.5440655361372666, "alpha": -7.466839959002637e-17, "beta": 0.5440655361372666, "mx": -1.1324274851176597e-16, "my": -1.3627987627273797e-16, "sx": 1.0, "sy": 1.0}