{"w": 0.49460503285206064, "b": -8.026944292481832e-17}