{"w1": -0.5644248642547958, "w2": -0.43565927317352904, "b": -1.4176851118583332e-17}