{"w1": -2.108071962175743, "w2": -2.098557293277385, "b": 0.6323231053717977}