{"w": -0.4056792354015318, "b": -1.23206003747817e-16}