{"w": 0.2103204118341575, "b": -0.14202710476402935}