{"w": 0.2399164981027771, "b": 0.011745339173590611}