{"w": -0.5929910873905483, "b": -2.0592367582784624e-16}