{"w": -0.2599135740554783, "b": 0.05946136354058273}