{"w": 0.32061928887017754, "b": 7.559829798889543e-18}