{"w": 0.26176211513452813, "b": 0.1012513440651899}