{"w": 0.5589053430376054, "b": 0.07617689025550724}