{"w": 0.6213235104993047, "b": -0.049614140603898606}