{"w": 0.40726236922082115, "b": -0.011120662046766865}