{"w": 0.7837102998950191, "b": -5.478774322642628e-17}