{"w": 0.8612201097747461, "b": -5.822987024893794e-17}