{"w": 0.12851228538822668, "b": -0.027238785233003666}