{"w": 0.04519623615693702, "b": -0.14054762617670702}