{"w": 0.11455315062939313, "b": 2.4349686943996753e-17}