{"w": -0.3245788526976001, "b": -0.3183045977951987}