{"cc": 0.6159991477141057, "alpha": -1.0281105133838137e-16, "beta": 0.6159991477141057, "mx": 4.884981308350689e-17, "my": -7.271960811294776e-17, "sx": 1.0, "sy": 1.0}