{"w1": 0.1718325820016917, "w2": 0.9581913897559615, "b": 0.0038252506743693478}