{"w": 0.5653339635358801, "b": 3.403502013186626e-17}