{"w": 1.000000000000001, "b": 1.0491607582707721e-16}