{"w": 0.49644137942848293, "b": 0.018649667871648075}