{"w": 0.007522630271644298, "b": -0.03850116860530091}