{"cc": -0.05249758017514756, "alpha": 2.9192889958366347e-17, "beta": -0.052497580175147544, "mx": 1.7541523789077474e-16, "my": 1.9984014443252817e-17, "sx": 1.0, "sy": 0.9999999999999998}