{"w": -0.6356041491116641, "b": 0.08500587815954726}