{"w": -0.15671156248898557, "b": -0.028886591147960418}