{"w": -0.23891165453556193, "b": -0.000693350763783838}