{"w": -0.0846337202488554, "b": -0.0603113680261399}