{"w": -0.6278280063548046, "b": 3.4528437950146753e-16}