{"w": -0.49390383163802265, "b": 0.12193617709900173}