{"w": -0.6216118874800044, "b": 3.446632644545926e-16}