{"w1": -0.38885531793440503, "w2": 0.5911119759047785, "b": -1.0855517244836623e-16}