{"w1": 2.038298062706621, "w2": -0.9874751356582054, "b": -0.7689179591335621}