{"w": -0.45084112615438404, "b": 0.02068747717838229}