{"w": -0.5270155680365533, "b": 0.03898094515645926}