{"w": -0.5529302505384688, "b": -0.004954302465418989}