{"cc": -0.6983635976711995, "alpha": 1.4070847345379452e-16, "beta": -0.6983635976711995, "mx": 9.338016471183152e-17, "my": 7.549516567451065e-17, "sx": 1.0, "sy": 1.0}