{"w": 0.7514807078085043, "b": 0.0014028985497261774}