{"w": 0.8671977298041683, "b": -0.01548212456999079}