{"w": 0.8970182210084723, "b": 0.008740682339485172}