{"w": 0.7612059513426638, "b": -0.038090334588475445}