{"w": 0.7953563035847601, "b": -1.4533610545230415e-17}