{"w": 0.7625450083267481, "b": -0.08431616986778458}