{"w1": -0.5373103967154491, "w2": -2.4299336616688327, "b": -0.027208860402319568}