{"w1": -0.08839567767198833, "w2": -0.6319190489240948, "b": 1.494386912878081e-17}