{"cc": 0.37694383202819526, "alpha": 1.3066701410082651e-17, "beta": 0.37694383202819515, "mx": -1.1102230246251566e-17, "my": 8.881784197001253e-18, "sx": 1.0, "sy": 0.9999999999999998}