{"w": 0.3963389349711409, "b": -0.030878700808966094}