{"w": 0.39048380559380425, "b": -0.1997266328651928}