{"w": -0.17869637662841, "b": 3.280073410865039e-16}