{"w": -0.2925201576926024, "b": 0.07328053661430267}