{"w": 0.4831118134881343, "b": -0.01845508143410031}