{"w": 0.1326713852613131, "b": 0.14694514589533944}