{"w": -0.2503928533067257, "b": -0.011011393728654992}