{"w": -0.31090743845167884, "b": -0.1555118340004191}