{"cc": 0.04816972696201209, "alpha": -8.578396251788502e-17, "beta": 0.04816972696201209, "mx": -1.0907941216942163e-16, "my": -9.103828801926283e-17, "sx": 1.0, "sy": 1.0}