{"w1": 0.9987793485473286, "w2": -0.5558215810466521, "b": -0.028922615148134954}