{"w": 0.8548442324869812, "b": 4.163355350150379e-17}