{"w": 0.8792915069968383, "b": 0.017242212032750028}