{"w": -0.5377765642052607, "b": -3.286332909042592e-18}