{"w": 0.45830224920235285, "b": -0.009565527864785593}