{"w": 0.16089557488320264, "b": 0.08951887794565332}