{"w": 0.6309074589975651, "b": -1.2846267947142809e-17}