{"w": 0.07873497476701592, "b": 2.890950533116888e-17}