{"w": 0.7621716808198841, "b": -0.00028576374728562365}