{"w": -0.23800286280662808, "b": -0.07346832823145531}