{"w": -0.09137854583920642, "b": 0.0012840480210600663}