{"w": 0.20384303343040908, "b": 0.03165136897488166}