{"w": 0.17605417098812684, "b": -0.007603416552121746}