{"w": 0.1746782039003439, "b": -0.008094411207887665}