{"w": -0.06819277981290249, "b": 3.253221601128628e-17}