{"w": 0.967180895831115, "b": 0.005399663231237448}