{"w": 0.973399246305365, "b": 1.776082421528359e-18}