{"w": 0.9599440706867379, "b": 0.0005697665062702108}