{"cc": 0.749678113039081, "alpha": 2.011510894555118e-17, "beta": 0.7496781130390813, "mx": -2.3869795029440865e-17, "my": 2.220446049250313e-18, "sx": 0.9999999999999998, "sy": 1.0000000000000002}