{"cc": 0.6453642983075407, "alpha": -1.7808983298028207e-17, "beta": 0.6453642983075406, "mx": 2.2370993946196906e-16, "my": 1.2656542480726783e-16, "sx": 1.0, "sy": 0.9999999999999999}