{"w": 0.7093711594037416, "b": 2.459645299536483e-18}