{"w": 0.8083954403883427, "b": 0.018735767396503514}