{"w": -0.15925149293011995, "b": -0.0326789618729632}