{"w": 0.04373461391721535, "b": -1.442254042089268e-17}