{"w": -0.286223568382285, "b": 0.18924974386896087}