{"w": -0.40733380007563436, "b": 8.865499889597318e-17}