{"w": -0.0568066660879043, "b": 0.05033092583354637}