{"w": 0.7356386399537718, "b": 4.930059181119391e-16}