{"w1": -0.3281896626696748, "w2": -0.6906621136933029, "b": -7.123011677060186e-17}