{"w1": -0.5096314711473252, "w2": -1.1713826247532502, "b": -0.014519967971366602}