{"w1": -0.9900408403929529, "w2": -1.8581292387354436, "b": -0.1250992490145118}