{"w": -0.11505192672418504, "b": 0.1051114452971941}