{"w": 0.2630279936211735, "b": 0.02723778822663732}