{"w": 0.960034348182538, "b": 0.006396856486079357}