{"w": 0.9870887050367166, "b": 0.005545863676076748}