{"w": -0.10133066256783553, "b": -0.02411250539016209}