{"w": 0.5443439312856192, "b": 2.689907160868714e-16}