{"w": 0.649082498404637, "b": -0.0010520023917206997}