{"w": -0.0678814456943026, "b": 0.004719676211195204}