{"w": -0.1632496584743977, "b": 0.005849835786602072}