{"w": -0.6248945410984782, "b": 0.09338789967951255}