{"w": 0.16558627287992997, "b": -2.388418876613323e-17}