{"w": 0.21989242962170194, "b": 4.1873295148658226e-17}