{"w": -0.22354958790516025, "b": -3.995476583901598e-17}