{"w": 0.3613102014216889, "b": 4.0684219043317276e-17}