{"w": -0.0035737449229555455, "b": 1.1172313706898422e-16}