{"w": -0.19809836594545235, "b": -0.019826165266845414}