{"w": 0.30365579603620607, "b": -0.002772541678224171}