{"w": -0.4579701900392463, "b": 2.9525471208024266e-17}