{"w": -0.3515638424549569, "b": 2.0870495996256795e-16}