{"w": 0.058515625686220436, "b": -0.00015580660780093597}