{"w": -0.023167659973285345, "b": -0.00483198155670681}