{"w": -0.024356461516875618, "b": -0.005074355432941247}