{"w1": 0.2856055717543996, "w2": 0.502128172878894, "b": -0.00028437252352889707}