{"w": -0.788062861160322, "b": -0.0022405088132616616}