{"cc": 0.42817827398118413, "alpha": 4.130830003796916e-17, "beta": 0.42817827398118413, "mx": -1.9984014443252817e-17, "my": 3.2751579226442116e-17, "sx": 1.0, "sy": 1.0}