{"w": 0.9999999999999988, "b": 5.773159728050819e-17}