{"w": -0.4991368450115643, "b": -2.757349965265245e-18}