{"w": -0.5088763045361855, "b": -0.01302694162365926}