{"w": -0.5579836804292343, "b": -3.972314567837554e-17}