{"w": 0.7884176652157011, "b": -2.903640734615332e-17}