{"w": 0.029287983541809812, "b": -3.1411406626233984e-17}