{"w1": 0.33798180433912023, "w2": -0.422750306178254, "b": -1.100081752706097e-16}