{"w": 0.17953556153879544, "b": 0.004864440718873115}