{"w1": -7.10692585668367, "w2": 1.309589987885747, "b": 0.5464060593146955}