{"w1": -0.3124095525083177, "w2": -0.5763572035099505, "b": -6.295401272237408e-17}