{"w1": 0.007651867402887278, "w2": 0.779908977664128, "b": -1.1893391120889818e-19}