{"w": -0.49672588984012545, "b": 0.00044714219651858025}