{"w": -0.4104781206032817, "b": 0.039944462639969425}