{"w": 0.2921980137034464, "b": -0.027495087039310875}