{"w": -0.23518562598053408, "b": -6.131732679811527e-05}