{"w1": -1.20904508271057, "w2": 4.740399925855049, "b": -1.3983047370947188}