{"w1": 0.19914396448066354, "w2": -0.6537067751117155, "b": 1.7222889978704672e-16}