{"w1": 0.5405901833676355, "w2": -2.302237982884727, "b": -0.1589570469014917}