{"w1": -0.4504285920208918, "w2": -0.5206085384826137, "b": -2.3942719818353736e-17}