{"w1": -0.4379875234614165, "w2": -0.15698338111684842, "b": -1.1260693783286271e-17}