{"w": -0.3906554229083081, "b": 1.6030006819762522e-16}