{"w": -0.34161883510830615, "b": -0.023464743032228896}