{"w1": -0.12145903179922377, "w2": 0.4411700198230322, "b": -5.742718751730228e-18}