{"w1": -0.2011955106170918, "w2": 1.2956649951806423, "b": -0.11800565857852896}