{"w1": 0.11495898969260022, "w2": -0.5734647973284481, "b": -0.0017415518832513688}