{"w1": 3.7766374403478897, "w2": 1.8357937628910328, "b": -0.6214859176590514}