{"w": 0.13351102245462643, "b": -0.23808918412661695}