{"w1": -1.3371756061991593, "w2": -1.379767190574436, "b": -0.22236966033073052}