{"w": -0.43980803826904147, "b": 0.12284360590550233}