{"w": -0.4231752447166084, "b": 0.1938744765139717}