{"w": 0.3239268442982995, "b": -0.0006363264778009477}