{"w": 0.32229216637372304, "b": -0.0004872584151132375}