{"w": 0.40589311962305125, "b": -4.5649997551479054e-17}