{"w": 0.19661129658109464, "b": 0.015886921982204927}