{"w1": -0.5775686985898817, "w2": -0.40115062472248153, "b": 2.0034666869567815e-16}