{"w": 0.5380218000405536, "b": 0.07849732786576723}