{"w": 0.4116297171634868, "b": -1.1300999440570781e-17}