{"w": 0.5652911215477964, "b": 4.799565208091606e-18}