{"w1": 0.5248813384746808, "w2": 0.8902403662083609, "b": -0.03027134181671065}