{"w": 0.3588473420191178, "b": -0.048024718542516956}