{"w": 0.9788874803351134, "b": -0.006335891123328843}