{"w": 0.9876578239407199, "b": -0.005559027685292529}