{"w": -0.28532568929654356, "b": -0.025395539715051565}