{"w": 0.9836464999487756, "b": 0.0025366156557314933}