{"w": 0.9741631723594261, "b": 1.9238213779077062e-17}