{"w": 0.9510086241616581, "b": 0.01985977070809926}