{"w": -0.11032059989877935, "b": 1.6490961240752879e-16}