{"w": -0.10064543121892679, "b": 0.21542835770187718}