{"w": 0.9694333075352248, "b": -0.013940884210045799}