{"w": 0.7161214955041019, "b": 0.023587816015048734}