{"w": 0.7290758294463623, "b": 0.03226687098064829}