{"w": 0.8972991041147843, "b": 0.007806809246208563}