{"w": 0.49443965524150996, "b": -0.007113837948548696}