{"w": -0.4804163610654459, "b": 0.05555117246097298}