{"w": -0.9211795242629236, "b": 6.229273606085403e-17}