{"w": -0.8774234573770088, "b": -0.042530994675414484}