{"w": 0.027011605535530194, "b": 0.004622943697539803}