{"w": -0.8107672937398398, "b": 0.08409161105677383}