{"w": 0.8272050240492069, "b": 4.220501138482653e-18}