{"w": -0.31898578759465873, "b": -1.3013707321364257e-18}