{"w": 0.9484070349431052, "b": 0.013817285607114201}