{"w": 0.3585941056186437, "b": 0.05335540779786877}