{"w": 0.885644406824348, "b": 1.526597388964676e-16}