{"w": -0.5165158233148834, "b": -0.0012210306676273541}