{"w": -0.5553758490344826, "b": 1.0328235813014764e-16}