{"w": 0.9561631065121791, "b": -0.003407459805032996}