{"w": -0.3671077223515319, "b": 0.13505862684276887}