{"w": -0.5613697567182959, "b": 4.246101140345313e-17}