{"w": -0.5103361424711779, "b": 4.223437662918518e-17}