{"w": -0.5558116403151443, "b": 4.243632840823583e-17}