{"w": -0.560808947770525, "b": 4.245852091142821e-17}