{"w": -0.29895155800172196, "b": -0.12350775299846323}