{"w1": -3.640312215331238, "w2": 0.14157551113893035, "b": -0.11580494153251114}