{"w": 0.26246156150268085, "b": -0.024087370919957003}