{"w": -0.7814855042249103, "b": 0.044838527128846374}