{"w": 0.07842474154439703, "b": 0.05506161260943939}