{"w": 0.37579951214647195, "b": -0.018474390483259145}