{"w": 0.35549954500655123, "b": -0.018268083005835923}