{"w": 0.37690988423963107, "b": -0.027369176967635175}