{"w1": -0.4194451547712283, "w2": -0.9520307480762035, "b": 0.007476269444274631}