{"w": 0.4200366851626538, "b": 0.06878122840703937}