{"w1": -0.4065843579084628, "w2": -0.9779584098194429, "b": -0.07908264401499829}