{"w": 0.12540337139909413, "b": 0.15596278842298344}