{"w": 0.02535720143013168, "b": -0.01009192685795365}