{"w": -0.4444653642077116, "b": -0.013646252410123795}