{"w": 0.8188583381407544, "b": 0.006791105535425248}