{"w": 0.510935116759926, "b": -0.22003138684019694}