{"w": -0.14363067162616844, "b": 0.08523597786072593}