{"w": 0.6323801504245945, "b": 0.06719516792371441}