{"w": 0.292898947907488, "b": -0.08120666966060604}