{"w": -0.2233618191736904, "b": 5.0494588237037916e-17}