{"w1": -0.22914891986319763, "w2": -1.3882623913578507, "b": 0.13300634409279505}