{"w": 0.06121792339032945, "b": -0.04024065743364871}