{"w": 0.1588135920624037, "b": -0.12878564783714172}