{"w": 0.27511658367157454, "b": -0.005768827319846124}