{"w": 0.5325113670219588, "b": -0.005501593064590656}