{"w": -0.2215253527039562, "b": 2.482720226731761e-16}