{"w1": 0.6825842688002184, "w2": -1.451606261139484, "b": 0.0409215091063527}