{"w1": 0.34971126202266634, "w2": -0.8795926615394863, "b": -0.0002929224169166515}