{"w": 0.2194762721323821, "b": -0.1781637113160233}