{"w": 0.231983787296292, "b": -0.2015180991094604}