{"w1": 1.988018681452704, "w2": -0.9331351042517788, "b": 0.10055496175109264}