{"w": -0.6101717733132482, "b": -5.480556686936972e-17}