{"w1": -2.2283530605076027, "w2": 1.294388864185195, "b": 0.09942259000142586}