{"w": 1.0000000000000002, "b": -4.5775015722338e-17}