{"w": -0.06014234882738826, "b": 1.7857996629922304e-17}