{"w": -0.021105812533302005, "b": -0.006034201682648958}