{"w": 0.43304446880332326, "b": 0.08084775096038901}