{"w": -0.7224693806560156, "b": -0.10050940653465723}