{"w": 0.13551070839065105, "b": 0.015042200332956442}