{"w": 0.003764441783797523, "b": -0.029731369836831237}