{"w": 0.1022536173385057, "b": -6.242362468151388e-17}