{"w": 0.5479123464800703, "b": 1.1402388047984911e-18}