{"w1": 0.6928781932496868, "w2": -0.3658307088898141, "b": 2.011102507855227e-17}