{"w": 0.37575815490618686, "b": 0.09350421178972904}