{"w1": -0.5689451661264503, "w2": -0.35362770074661587, "b": 0.0031086105998979745}