{"cc": -0.3304530125112051, "alpha": 5.745069952324231e-17, "beta": -0.3304530125112051, "mx": 8.146261443187086e-17, "my": 3.053113317719181e-17, "sx": 1.0, "sy": 1.0}