{"w": -0.5171357803748694, "b": -0.002692336428948325}