{"w1": -0.5615950351069843, "w2": 0.3183085124324769, "b": -0.0033432464117847636}