{"w": -0.4289225116666323, "b": -0.008752225876279204}