{"w": -1.0000000000000007, "b": -4.6351811278100296e-17}