{"w": -0.3703365099365403, "b": -3.51667408071517e-17}