{"w": -0.9191847549245542, "b": -0.0169010392042247}