{"cc": 0.39424982770138783, "alpha": -1.8367659984876725e-17, "beta": 0.39424982770138783, "mx": 4.9404924595819467e-17, "my": 1.1102230246251566e-18, "sx": 1.0, "sy": 1.0}