{"w": -0.5474969079687846, "b": 0.03996325193429454}