{"w1": 1.7450383159455416, "w2": 1.775809527869896, "b": 0.29076557899264}