{"w1": -0.7219445632842817, "w2": -4.720359563472432, "b": 0.7592690356668852}