{"w1": -0.29495508082520644, "w2": -1.1310755514427941, "b": 0.16616070269105107}