{"w": -0.005054700178894794, "b": -1.757519485620459e-16}