{"w": 0.20701556291100584, "b": -0.20969316241423308}