{"w": 0.19190317699727003, "b": 8.974420131278047e-17}