{"w1": -1.4276748756768338, "w2": -3.6217994015737576, "b": 0.02874045746727767}