{"w": -0.6517239541749643, "b": -4.407202613038182e-17}