{"w": -0.316850752694692, "b": -0.28274185555516096}