{"w": -0.25912546307632106, "b": -0.04485414114289197}