{"w": 0.1674558455678773, "b": -0.035458731556264333}