{"w": 0.8230654745829596, "b": 0.005877332353185214}