{"w": -0.21185988218706456, "b": -0.037808459971627746}