{"w": -0.04022115571590841, "b": 0.002357381740081113}