{"w1": 0.2654160153412819, "w2": -0.5253532708089536, "b": -8.517748936106699e-18}