{"w1": 0.5673582794568313, "w2": -1.094745384762321, "b": -0.07321003380571402}