{"w": 0.7906748974220397, "b": 0.06089283317006786}