{"w1": 0.7278458139861674, "w2": -0.0753001696166844, "b": -1.08672539217065e-17}