{"w1": 0.3353976915957998, "w2": 0.5351590715509092, "b": -3.667006007123328e-17}