{"w": -0.6829519747589515, "b": -0.013543800508910353}