{"w": -0.38691624063112223, "b": -0.00010741917324671897}