{"w": 0.06540447780529497, "b": 0.0033739830747369494}