{"w1": 0.35261584450102673, "w2": -0.3775875734868064, "b": -1.5153566602529103e-17}