{"w1": -1.1086069957022222, "w2": -1.4459446127969866, "b": -0.010725193157734791}