{"w1": -2.751156127749837, "w2": -0.75052784263419, "b": 2.220446049250313e-16}