{"w1": -1.8009843551676097, "w2": -0.7539396794341581, "b": -0.014700058239418015}