{"w": -0.3004282434003579, "b": -0.006277315314314982}