{"w": -0.20761341957282559, "b": -0.05372520593893823}