{"w": 0.02566338518690878, "b": 0.0691966389241926}