{"w1": 1.3445620530388616, "w2": -0.4575981710570737, "b": 0.17164534270585521}