{"w": -0.10990024213839197, "b": 0.015914446653263397}