{"w": 1.0000000000000038, "b": -5.695444116327064e-16}