{"w": 0.09152886484816708, "b": -0.0045206979518212145}