{"w": 0.29544729267732167, "b": -0.00833439573175876}