{"w": 0.39751436325720546, "b": 0.1523545022161702}