{"w": 0.3998025219881101, "b": 0.14164940671917076}