{"w": 0.13190869304204156, "b": 0.3189351780266996}