{"w": 0.2972822352783331, "b": -1.1762329411087643e-17}