{"w": 0.3201492135831762, "b": 0.0019649513847790484}