{"w": 0.6732773911611257, "b": 0.017779233205500258}