{"w": 0.6694511652712665, "b": 0.017848827601119874}