{"w": 0.4533943071997334, "b": 0.028940405306620443}