{"w": 0.42566207082470386, "b": 4.778481056228373e-17}