{"w": -0.30089021168505636, "b": 0.004796044244828207}