{"w": -0.2659794649040631, "b": -8.501446867154629e-17}