{"w1": -0.3345781011223715, "w2": 0.5749396610745717, "b": 0.02284422583433489}