{"w": -0.5321191535959698, "b": -0.014665306633227989}