{"w1": -0.410464656176395, "w2": 0.47677364046971615, "b": -1.6727935770295897e-17}