{"w": -0.5117357771968979, "b": 1.9309432114704602e-16}