{"w": -0.5049826995922628, "b": -0.04378124235177162}