{"w": 0.813577030969021, "b": -6.71780589464623e-17}