{"cc": -0.5384935821952451, "alpha": 3.552806175596987e-17, "beta": -0.5384935821952451, "mx": 2.886579864025407e-17, "my": 1.9984014443252817e-17, "sx": 1.0, "sy": 1.0}