{"w": -0.5384935821952451, "b": 3.552806175596987e-17}