{"w": -0.22319815116822642, "b": -0.013961839547664187}