{"w": -0.3108971758000668, "b": 0.12537971158029504}