{"w": -0.29904317657050394, "b": -0.009976665854619227}