{"w": -0.1567808340285689, "b": -0.017440282953301134}