{"w1": 0.9693570531790837, "w2": 1.2852097276250758, "b": -0.004827133095204659}