{"w": -0.8996484968759478, "b": -0.030305997198040203}