{"w": 0.23012754333913246, "b": -0.0004244557886000939}