{"w": -0.6712187317068182, "b": 0.06951081835244913}