{"w": -0.6483418123308371, "b": 0.0702807280515966}