{"w": 0.24156979718683141, "b": -7.848589361713208e-16}