{"w": 0.2847002535604756, "b": -0.11657804915784434}