{"w": 0.4484482668739974, "b": -0.0096361258921784}