{"w": -0.15617748117748032, "b": 0.1327630984429662}