{"w": -0.44057842376347234, "b": -1.5938949557336066e-17}