{"w": -0.4594166725952391, "b": 0.1705103862562991}