{"w": 0.2752962875850545, "b": 0.17525885190295784}