{"w1": 0.3103353407578826, "w2": 0.8842552327587047, "b": 2.4202984412018475e-17}