{"w": 0.2596924029296953, "b": -0.1041074818751947}