{"w": -0.24565679481851144, "b": -0.0075205415285123575}