{"w1": 0.6889679002337409, "w2": -0.21100273182285795, "b": 0.007083032257886049}