{"w": 0.3947437222600362, "b": -0.05143123354476075}