{"w": 0.7191481746237416, "b": 3.647670728145037e-17}