{"w": 0.2175822068624786, "b": 0.09993805488098173}