{"w": 0.9560297311975953, "b": 4.9801022207349143e-17}