{"w": 0.9646254031064646, "b": 5.004914314184825e-17}