{"w1": -0.27985365169549625, "w2": -0.4545465155381389, "b": -4.9222282085887095e-17}