{"w1": -0.09547302505076027, "w2": -0.7151798699518556, "b": -0.0064493729152245854}