{"w": 0.20317483254096616, "b": -4.1704744070919267e-17}