{"w": -0.6995992523451695, "b": 0.06581390735300122}