{"w": -0.7337086164652811, "b": 0.04596195713705575}