{"cc": 0.2421481490279645, "alpha": 3.170969662033135e-17, "beta": 0.24214814902796453, "mx": -2.6645352591003756e-17, "my": 2.5257573810222312e-17, "sx": 0.9999999999999999, "sy": 1.0}