{"w": 0.24190624278517936, "b": 3.1703250943198376e-17}