{"cc": 0.4215032296815299, "alpha": 1.992670724735684e-17, "beta": 0.4215032296815299, "mx": -2.498001805406602e-18, "my": 1.8873791418627663e-17, "sx": 1.0, "sy": 1.0}