{"w1": 0.7968796773073742, "w2": 0.35682498947322155, "b": 0.035081225618503374}