{"w1": -0.05733879280911774, "w2": 0.5125955644837186, "b": 3.1699914837196932e-06}