{"w1": 0.20725126549510187, "w2": 1.1850916790370938, "b": -0.017574700722075343}