{"w": -0.18677017635548443, "b": 1.2015924216126134e-17}