{"w": -0.6342476469037891, "b": -1.2329844598980445e-16}