{"w": -0.5823546576116609, "b": -1.3228604146828905e-16}