{"w1": -0.02828853608139536, "w2": -1.8489154516524173, "b": 0.008186243679753034}