{"w": 0.712864107212682, "b": 3.737033701776142e-18}