{"w1": 1.0246663771457631, "w2": -0.2644404216055536, "b": -0.056631316335710585}