{"w": -0.43901463052109857, "b": 0.24681816696419445}