{"w": -0.4269124373885308, "b": 0.22402165251883543}