{"w": -0.4686005026423731, "b": 0.2676159341213172}