{"w1": -0.9122916267175627, "w2": -0.9150879470100207, "b": 0.009670723605246475}