{"w1": -0.427225454962681, "w2": 0.573404956721935, "b": 0.006458796104269648}