{"w1": -3.6200280732597943, "w2": 0.2178487636951172, "b": -0.25515762823468413}