{"w1": -1.1683664673804834, "w2": -0.2094824644848778, "b": -0.02989601414208599}