{"w": -0.9999999999999996, "b": 8.243405957841787e-17}