{"w": 0.7070333016930451, "b": -0.007327281527869704}