{"w1": -0.62432602895655, "w2": 0.9669033851191516, "b": 0.12420084229847983}