{"cc": 0.3287887924098223, "alpha": -5.897629136055491e-17, "beta": 0.32878879240982223, "mx": -1.1102230246251565e-16, "my": -9.547918011776346e-17, "sx": 1.0, "sy": 0.9999999999999999}