{"w": 0.9999999999999989, "b": 1.554312234475207e-17}