{"w": -0.12563216591838286, "b": -0.176319688252288}