{"w": -0.1635165392659183, "b": -0.20510489401792983}