{"w": -0.06229333645237231, "b": -1.0723984088419012e-17}