{"w": -0.07115090282620173, "b": -0.08387273268750883}