{"w": -0.04284730341703588, "b": 0.023087362040692935}