{"w1": 0.5452915982548255, "w2": -0.4207377922169485, "b": 4.7734795908001243e-17}