{"w1": -1.2463940491673455, "w2": 1.071631238165285, "b": 0.33021498018144424}