{"w1": -2.1062214912436628, "w2": 0.48985123993581214, "b": -0.05546825217388572}