{"cc": 0.5763977727251495, "alpha": 4.351934814739148e-18, "beta": 0.5763977727251495, "mx": 5.93275428784068e-18, "my": 7.771561172376097e-18, "sx": 1.0, "sy": 1.0}