{"w": 0.5763977727251496, "b": 4.351934814739148e-18}