{"w": 0.440454199314528, "b": 0.025923655076445118}