{"cc": 0.7974590602909748, "alpha": 2.0510915857873953e-17, "beta": 0.7974590602909747, "mx": -1.1102230246251566e-17, "my": 1.1657341758564143e-17, "sx": 1.0, "sy": 0.9999999999999999}