{"w": 0.7023172957549074, "b": 0.0551321380582982}