{"w": -0.40475022663565385, "b": 0.007403976639127557}