{"w": -0.43801254298165654, "b": -8.881784197001253e-18}