{"w1": 0.352327312686847, "w2": 0.40159127392489463, "b": 9.923227820074955e-18}