{"w": 0.4162493110524693, "b": 1.2551883920658089e-16}