{"w": 0.4046183096976241, "b": -0.0008678754160141872}