{"w1": 0.7090126312912319, "w2": -0.20125679186732953, "b": 1.1487639573853037e-17}