{"w1": 1.1614124856062809, "w2": -0.307202177607362, "b": 0.00996067508580583}