{"w": 0.27940183489146064, "b": -2.295542756919207e-17}