{"w": 0.12068215438201345, "b": -0.03281393746812765}