{"w": 0.29002563970180667, "b": 0.0016287544200478763}