{"w1": 0.31344351242016427, "w2": 1.9057638705326279, "b": 0.08173621490442604}