{"w1": 0.12254489498348793, "w2": 1.1313754233169526, "b": 0.033863592201484174}