{"cc": -0.10723739679578169, "alpha": 1.4957855644778322e-17, "beta": -0.10723739679578168, "mx": 1.5248219353836133e-17, "my": 1.3322676295501878e-17, "sx": 1.0, "sy": 0.9999999999999999}