{"w": 0.9781721729781185, "b": 1.6677579125514578e-17}