{"w": 0.34058813293115103, "b": 0.16486767553229126}