{"w": 0.9208143596661118, "b": 0.012217364051237951}