{"w1": -0.9078232808210299, "w2": 0.3474408974742537, "b": 1.1248393743248014e-17}