{"w1": 0.44828349499207193, "w2": -0.5357036643994468, "b": 1.2911279465647736e-16}