{"w1": 0.6478057095622454, "w2": -0.7985246662945553, "b": -0.10506271741126325}