{"w": -0.7813519703702647, "b": -0.009809659442830191}