{"w": 0.9117645679067385, "b": 0.015456055213751355}