{"w": 0.8888014924011209, "b": -0.00792567600148479}