{"w": -0.5102085513931801, "b": 0.00961652960110937}