{"w": -0.888698289875083, "b": -0.029223445506597022}