{"cc": 0.61239664623745, "alpha": 7.489646689884652e-17, "beta": 0.6123966462374498, "mx": -8.604228440844963e-17, "my": 2.2204460492503132e-17, "sx": 1.0000000000000002, "sy": 0.9999999999999999}