{"w": 0.5106263511319921, "b": 0.05107157394745615}