{"w": -0.5074016444370276, "b": 0.0019498201347654372}