{"w": -0.5649158463711812, "b": -1.5426494284510453e-18}