{"w": -0.476631051691954, "b": 0.049821869476073505}