{"w1": 1.4079909029759685, "w2": -3.594091888022351, "b": 0.6857754036955892}