{"w1": -3.9564197196144884, "w2": 0.9235129389830052, "b": 0.12258515357529037}