{"w": -0.1496042103823082, "b": 0.000949404436732798}