{"w1": -2.2520037584333257, "w2": -2.4334601558299838, "b": 0.2852693136004713}