{"cc": -0.5446130423842236, "alpha": -4.745268431468408e-17, "beta": -0.5446130423842235, "mx": 1.8873791418627663e-17, "my": -5.773159728050814e-17, "sx": 1.0, "sy": 0.9999999999999999}