{"cc": 0.3163282111316212, "alpha": -1.190206002169785e-16, "beta": 0.3163282111316212, "mx": 9.547918011776346e-17, "my": -8.881784197001253e-17, "sx": 1.0, "sy": 1.0}