{"w": -0.30318746111564937, "b": -3.325291539025695e-17}