{"w1": 0.15604008362221347, "w2": 0.8499656458030268, "b": 0.009588636225085517}