{"w": 0.06119493684248398, "b": -0.039672996359460554}