{"w": 0.6586799111656934, "b": 0.03299435734305878}