{"w": -0.6049786704316631, "b": -1.2100957356856746e-16}