{"w1": -0.6216041283949011, "w2": -0.18010042816447147, "b": -6.448959601867615e-17}