{"w1": -2.116156508451366, "w2": -0.8366525398220096, "b": -0.3280217009201815}