{"w": 0.8492034885804906, "b": -0.035194707602556344}