{"cc": -0.2527126554216421, "alpha": -2.5524822069353903e-16, "beta": -0.2527126554216422, "mx": -2.5951463200613036e-17, "my": -2.486899575160351e-16, "sx": 0.9999999999999999, "sy": 1.0}