{"w1": -4.1969897069735635, "w2": -2.5065850658557767, "b": -1.2619521944084697}