{"w": 0.35126366117298785, "b": -2.1853676650788293e-17}