{"w": 0.3658227012232007, "b": -0.008264290645597859}