{"w1": -0.8625126164181722, "w2": 0.23183203182765322, "b": -5.540661988367927e-18}