{"w": -0.4676777936069509, "b": -3.0651211265680225e-17}