{"w": -0.45370069539876623, "b": 0.09310181069735268}