{"w": 0.6914400634720057, "b": 0.00868946831081497}