{"cc": 0.6349849986907048, "alpha": -4.673376272029604e-17, "beta": 0.6349849986907049, "mx": -2.0816681711721685e-17, "my": -5.995204332975846e-17, "sx": 1.0, "sy": 1.0000000000000002}