{"w": 0.6286980185056483, "b": -4.686463678573627e-17}