{"w": 0.5357290227544029, "b": 0.04782797702344434}