{"w": 0.6113309473687504, "b": -0.031179268061299812}