{"w": 1.0000000000000004, "b": -2.3835100559921327e-17}