{"w": 0.6964514598526942, "b": -0.04071005245262598}