{"w": 0.12379664270552973, "b": -0.02201242713717088}