{"w": 0.05108219304933649, "b": 1.2157689847111133e-16}