{"w": 0.0445166818454299, "b": -0.3640550774972978}