{"w1": -0.16000185845623852, "w2": -0.6773096809093142, "b": -0.0013007038674655658}