{"w": 1.0000000000000195, "b": -6.217248937900903e-17}