{"w": 0.004129374040909644, "b": -4.890482739715698e-17}