{"w1": 0.2742181785634503, "w2": -0.70094889606041, "b": -0.00807637900284228}