{"w": -0.7303178771680919, "b": -0.01825325040819988}