{"w": -0.8604037093133104, "b": 0.006686458833456511}