{"w": -0.27533222707829214, "b": -0.07605979381484204}