{"w": 1.0000000000000095, "b": 1.11022302462521e-18}