{"w": 0.8316725036917935, "b": 4.679412140063924e-17}