{"w": -0.9999999999999999, "b": -7.285838599102607e-18}