{"w": -0.913574711969616, "b": 0.005139281626413136}