{"w": -0.5843982364793899, "b": -7.124167530676437e-17}