{"w": 0.9581782294732271, "b": -0.008417259961826238}