{"w": 0.8842952997534693, "b": 0.001592852904740748}