{"w": 0.866595254465899, "b": 0.0032074711881350877}