{"w1": -1.8046042872913393, "w2": 1.3521180562451236, "b": -0.0012021314298447418}