{"cc": 0.2494438349421229, "alpha": 2.9318312788712865e-16, "beta": 0.2494438349421229, "mx": -2.851885394505871e-16, "my": 2.220446049250313e-16, "sx": 1.0, "sy": 1.0}