{"w": 0.23792089232906583, "b": 0.0031555259526761786}