{"w": -0.15849051223809307, "b": 0.014075146780386877}