{"w1": -3.212952730600677, "w2": 1.151601517610148, "b": -0.050134814793970466}