{"w": 0.9999999999999977, "b": 7.993605777301122e-17}