{"cc": 0.4134974867640302, "alpha": -1.04328622958841e-18, "beta": 0.41349748676403014, "mx": 7.892991815694472e-18, "my": 2.220446049250313e-18, "sx": 1.0, "sy": 0.9999999999999999}