{"w": -0.38298629593227745, "b": -0.04291462042116133}