{"w": -0.3978343690875139, "b": 2.3046644901037495e-16}