{"w": -0.5337127317910044, "b": -0.5105629381539355}