{"w": 0.5303234663694935, "b": -0.01902341487806409}