{"w1": 0.7774990877006656, "w2": -0.3966601662661512, "b": -1.2549735847011422e-16}