{"w1": 1.2391385305584175, "w2": 0.4433041130355134, "b": 0.055632124888122074}