{"w": -0.03789728400802825, "b": -0.13714744832794373}