{"w1": 0.6604698243869543, "w2": -0.2991268241359731, "b": -6.229074900054153e-17}