{"w": 0.6264735686628851, "b": 2.966901809128072e-17}