{"w1": -36.704252215027644, "w2": 74.79900183177162, "b": -0.08940534408185322}