{"w1": -0.8689495415944308, "w2": 1.9532155333246284, "b": -0.18288687559300526}