{"w": 0.9516746008256624, "b": 0.013039298935681072}