{"w": 0.5943813102148778, "b": 0.06282278939386976}