{"w1": -0.02038057583733698, "w2": 0.333822672794142, "b": 0.0033152431681475053}