{"w": 0.25407768964266375, "b": -0.13746512975232197}