{"w": 0.06164932905391362, "b": -0.13646887369348007}