{"w1": -0.9035574144124757, "w2": -2.089859274256666, "b": -0.012594060967204015}