{"w1": -2.1178931726877255, "w2": -1.163389975402444, "b": 0.3580846679142669}