{"w1": -0.686875179012143, "w2": -0.3909746494322896, "b": 0.08853657230303248}