{"w": -0.14954610893052844, "b": -0.14256829663229986}