{"w": 0.6463687572889231, "b": -0.06764785683818207}