{"w": 0.6092477794980529, "b": -1.2287196613729725e-17}