{"w": 0.6086391403576952, "b": -1.2271317071827865e-17}