{"w": -0.7235327394277463, "b": -0.07163038991780826}