{"w": -0.2560007135012282, "b": -0.1228769428545371}