{"w": 0.3517419130217978, "b": 1.1544385544157933e-17}