{"w": 0.9999999999999977, "b": 6.661338147750985e-18}