{"w": -0.13474524233727123, "b": -4.826641778890819e-18}