{"w": 0.17914323241919194, "b": -0.0341055919380866}