{"w": 0.2661821814798304, "b": 0.1742699270425913}