{"w": 0.2590632131267144, "b": 0.17418049102009592}