{"w": 0.8091629591035894, "b": -0.045379845293006996}