{"w": -0.12254487611539842, "b": 2.4267283128456798e-17}