{"w": -0.0921274266374799, "b": -0.08304284753149367}