{"w": 0.4574645478587519, "b": 5.206845865259736e-16}