{"w1": 0.06388216347543405, "w2": 2.4732353850988362, "b": -0.10492129051197235}