{"w": 0.49855742752819865, "b": -1.3965874552323093e-17}