{"w": 0.246380376201842, "b": -0.038343675305086186}