{"w": 0.966920936376026, "b": -0.0014480949427803091}