{"w": -0.602218974524143, "b": 0.03481614265144933}