{"w": 0.0408883567905027, "b": -0.021108710853851194}