{"w": 0.047572332386553756, "b": 2.788598163621406e-17}