{"w": -0.5365419676382317, "b": 0.013843754446894736}