{"w": 0.06804613507365237, "b": 7.669727975436651e-18}