{"w": -0.6095418758020776, "b": -5.910073194102578e-17}