{"w": 0.863220015505161, "b": 0.025732608537767383}