{"w": 0.48346481228873883, "b": -0.08162949775943595}