{"w": -0.9999999999999988, "b": 1.0824674490095278e-16}