{"w": -0.4978729266306318, "b": -0.0954281040680356}