{"w": -0.9673657939541539, "b": -0.25784249505896006}