{"w1": -0.7036392436048436, "w2": 0.1415121865285672, "b": 1.2321260504020444e-17}