{"w": -0.19828952617934348, "b": -0.06890973163060654}