{"w": -0.7981952428119355, "b": 1.231546084140305e-16}