{"w": 0.19187852380208353, "b": 0.2100599300107949}