{"w": 0.13342569641173552, "b": 0.0019136206390258613}