{"w": 0.8276619397657035, "b": 0.0032195896462247093}