{"w": 0.18271250283668714, "b": -0.018231511056257685}