{"w": -0.9508237700381479, "b": 0.028444104057438024}