{"w1": 1.1880727458386156, "w2": -0.477905609644948, "b": -0.016500685873772274}