{"w": 0.33247851997521904, "b": -0.01761644464325126}