{"w1": -1.0485182689548562, "w2": 0.6984404363630786, "b": -0.03574717820179397}