{"w1": -0.6488742271428531, "w2": -0.3604002091358557, "b": -0.026235721044896337}