{"w": -0.9571817435372209, "b": -0.019129776704118574}