{"w": -0.9028090300801309, "b": 0.005096536127943253}