{"w": -0.3365061200865304, "b": 1.9624838679873429e-16}