{"w1": -0.4906848287298526, "w2": -0.41946054478652584, "b": -1.3689560422265554e-17}