{"w1": -0.8296969275149256, "w2": 0.13488250035831525, "b": 0.0028299332902078506}