{"w1": -0.4360699285449163, "w2": -0.8423684825945763, "b": -1.467573101685917e-17}