{"w": -0.03734898839619025, "b": -0.29358293240758887}