{"w": 0.029752773234253863, "b": 0.06176826232303537}