{"w": 0.028166958648703447, "b": 0.058449035990566625}