{"w": 0.8847684227932104, "b": 0.0020869910277360928}