{"w": -0.39058950479359533, "b": -7.281399725303444e-17}