{"w": -0.21794293794096609, "b": -0.01014781818212345}