{"w1": 0.03713479353660169, "w2": -0.5241167343006337, "b": -2.3664258534339752e-18}