{"w1": 0.019551653519965777, "w2": -0.545621461408938, "b": -0.005542493278773014}