{"w": 0.2708841971126643, "b": -1.8918360586190143e-16}