{"w1": -4.545101478249906, "w2": -11.27276288624034, "b": -0.7069659782909015}