{"w": -0.5424826778798788, "b": 5.13111281242399e-16}