{"cc": -0.23436549616617958, "alpha": 1.484948618736458e-17, "beta": -0.23436549616617958, "mx": -2.6645352591003756e-17, "my": 2.1094237467877975e-17, "sx": 1.0, "sy": 1.0}