{"w": 0.9149163796421527, "b": -0.017791682119355556}