{"w1": 0.20769154066243042, "w2": 0.024760352195131494, "b": 3.1273869072766477e-17}