{"w": 0.7263439158682364, "b": 0.010745335614788331}