{"w": 1.0000000000000004, "b": 5.169475958410883e-18}