{"w": -0.24406600281304813, "b": -0.21708149549781375}