{"w1": 0.904378881092263, "w2": 0.06485578318849411, "b": 0.009217032581030016}