{"w": 0.5950508679564184, "b": -0.02998176486364395}