{"w": 0.875698960367528, "b": -0.004157537674091541}