{"w1": 0.9030708371119879, "w2": -1.956845847418245, "b": -0.20950458446881495}