{"w1": -0.38501979521628504, "w2": -0.2283892352148048, "b": -1.2656715590948765e-17}