{"w1": -1.0982634597022587, "w2": -0.6488741237819685, "b": -0.0012017501350169574}