{"w": -0.31959862235788095, "b": 0.004517389544592338}