{"w": -0.800940638700849, "b": -0.021777210466652732}