{"w1": -17.56223396384762, "w2": -13.789657816147084, "b": 0.06628355814970666}