{"w1": -1.874880857348594, "w2": -1.4779306685961169, "b": -0.0044399209327628045}