{"w": 0.7477288722136446, "b": -0.011873836429089828}