{"w": 0.3601069169390954, "b": -0.05167371289425002}