{"w": 0.3585550638689682, "b": 0.008891563855825957}