{"w": -0.026639454289490522, "b": 0.1972270546214047}