{"w": -0.02839884825371531, "b": 0.19735055384439207}