{"w": 0.2036879683137843, "b": -0.030673239943303374}