{"w": 0.37700980116561533, "b": -0.11011963941809402}