{"w": 0.3781902224560927, "b": -0.11025476269799896}