{"w": 0.34481826623573947, "b": 0.008797934982561982}