{"w1": 0.3946205024349186, "w2": 0.4337568903142977, "b": 0.02559791935973566}