{"w": 0.2522813703814842, "b": 0.0760677803749174}