{"w1": -0.3841785960008015, "w2": 1.0200932691222557, "b": 0.009841046112302798}