{"w1": 0.22807537371055325, "w2": 0.5573282188836246, "b": 0.016939758374664216}