{"w": 0.016251099072255904, "b": 0.01584274714018804}