{"w": 0.07794895032687602, "b": -0.0011231373434638543}