{"w": -0.030017655183892628, "b": -0.014178298654388676}