{"w": -0.08560920237197836, "b": -1.2890832642170183e-16}