{"cc": -0.12101492733050306, "alpha": -5.2745337523722534e-17, "beta": -0.12101492733050306, "mx": -2.0650148258027913e-16, "my": -2.7755575615628914e-17, "sx": 1.0, "sy": 1.0}