{"w": -0.11712192681076362, "b": -0.025705919001321593}