{"w": -0.1278781944173675, "b": -0.026156707482988466}