{"w": -0.2504708883643725, "b": 0.1112016630810242}