{"w1": -0.03153130303996926, "w2": 0.882563315159501, "b": 1.3178824268990467e-16}