{"w": -0.3626507138715687, "b": 0.07416668123552234}