{"w": -0.2368169967470106, "b": 7.46196494748104e-17}