{"w": -0.2505636879337278, "b": -0.12195152512920897}