{"w": -0.0660412832402015, "b": 0.0643904378977184}