{"w": 0.5811382932491878, "b": -1.8014230517515937e-17}