{"w": 0.7650508783104233, "b": 0.001630830182906707}