{"w": 0.7689691660114546, "b": 0.0015104589735547222}