{"w": 0.056458084606262796, "b": 0.03232146864463355}