{"w": 0.04527473673711763, "b": -0.0012693546390850977}