{"w": 0.7395033538525163, "b": 0.024543847798404052}