{"w": 0.7161690131531837, "b": -3.9817789124333133e-17}