{"w": 0.03722758553647987, "b": -0.013958883244261984}