{"w": -0.4929606293190739, "b": -0.09566561360836927}