{"w": 0.7982228553228538, "b": 6.470285880628042e-17}