{"w": 0.8122238888898882, "b": -0.01043413408715691}