{"w1": -0.9310790763512082, "w2": -0.02334857842945226, "b": 4.703200711505155e-17}