{"w1": -0.9396164837736626, "w2": -0.0246488661460455, "b": 4.7439142537206237e-17}