{"w": -0.6211706843182264, "b": 0.021740406575759503}