{"w": -0.507663085392672, "b": 0.0031677950974955604}