{"w1": 1.4316988949328522, "w2": -1.8415454872810155, "b": -0.47913374315929574}