{"w": 0.2875876151890259, "b": -7.0852461630319e-17}