{"w": 0.16549509801354279, "b": 0.1424440361580828}