{"w": -0.02985263604686052, "b": 0.18683920504331492}