{"w": -0.41948826370755704, "b": -1.3120763584988089e-17}