{"w": -0.9999999999999992, "b": -2.1649348980190537e-16}