{"w1": 1.2284890812021108, "w2": -1.2809262495125053, "b": -0.4282280250204452}