{"w": -0.23456425202723719, "b": -0.01735871012675861}