{"w": -0.2324141094121273, "b": 1.5767884783412723e-16}