{"w": -0.5528367946660943, "b": 0.0686993048293311}