{"w": -0.4596873424782056, "b": -0.0072280995912551126}