{"w": 0.004347161735479988, "b": -5.808637414147242e-17}