{"w1": -0.5595528321194497, "w2": 0.04425418536620504, "b": 0.015180456173501986}