{"w1": -0.3150329634761561, "w2": 0.3874431611429314, "b": -3.753984904201384e-17}