{"cc": 1.0, "alpha": -2.650657471292561e-17, "beta": 1.0, "mx": 3.3584246494910984e-17, "my": 7.077671781985373e-18, "sx": 1.0, "sy": 1.0}