{"w": -0.9867800583652269, "b": 0.017847483509076834}