{"cc": -0.4336834274761764, "alpha": 4.283518225135467e-17, "beta": -0.43368342747617633, "mx": -4.970850120411541e-17, "my": 6.439293542825907e-17, "sx": 0.9999999999999999, "sy": 0.9999999999999998}