{"w": -0.3044627265905854, "b": 0.031021165831888187}