{"w": -0.42938953215463005, "b": 4.3048625352116095e-17}