{"w1": -23.040638911849683, "w2": -31.369255507304437, "b": 2.3597016392392054}