{"w1": 27.435878924892286, "w2": -4.517336643820621, "b": 2.872906928000753}