{"w": 0.09846985706509614, "b": -0.20713095506488}