{"w": 0.10636182139896912, "b": -7.29022539949014e-17}