{"w": -0.23396223189454438, "b": -0.14348593830003578}