{"w": 0.7751023761229826, "b": 6.0917237158215575e-18}