{"cc": 0.04440290601694112, "alpha": -7.413638174544617e-18, "beta": 0.044402906016941114, "mx": 4.440892098500626e-18, "my": -7.216449660063518e-18, "sx": 1.0, "sy": 0.9999999999999998}