{"w": 1.0000000000000027, "b": -1.1657341758564156e-17}