{"w": 0.5960769960179964, "b": 0.015649922177153476}