{"w": 0.2796246584199399, "b": -1.3548888029069728e-17}