{"w": 0.2775141210471319, "b": 0.1284504968008531}