{"w": 0.30141902257781944, "b": 0.15667037835113132}