{"w": -0.5326750993989021, "b": 0.003212409388035131}