{"w": -0.5700154973467555, "b": -0.0003496652737747727}