{"w1": -0.12286360187429234, "w2": 0.6674234618420918, "b": 4.187911933740009e-17}