{"w": -0.3996432688382459, "b": 0.3163711324864243}