{"w": -0.0604551730158332, "b": -0.003425459940434101}