{"w": 0.33929890374583405, "b": -0.13782614505780058}