{"w": 0.3448024631024653, "b": 4.4235808230956803e-17}