{"w": 0.5091594745660306, "b": 1.875260005660847e-16}