{"w": 0.5198631233952492, "b": 2.7633735035836448e-05}