{"w": 0.8048030036803971, "b": 0.009740385108410354}