{"w": 0.9021120004174451, "b": -3.533322968097756e-17}