{"w": -0.4092135357637987, "b": -0.02500993537400501}