{"w": -0.3457016292888009, "b": -0.01655638687045921}