{"w": 0.6185797517629626, "b": -0.00607945513075521}