{"w": 0.4911968639637146, "b": 0.13638077844830263}