{"cc": -0.5532611349949103, "alpha": 1.1305570743455367e-16, "beta": -0.5532611349949104, "mx": 2.7755575615628914e-17, "my": 9.769962616701378e-17, "sx": 0.9999999999999998, "sy": 1.0}