{"w": 0.41952429338893904, "b": 0.04840894705772494}