{"w": 0.29781730634337367, "b": 0.0023361214323827685}