{"w": -0.1502825353116737, "b": 1.3724122405637594e-17}