{"w1": 4.411318069780599, "w2": 0.15336637035998524, "b": 1.8086209678998648}