{"w": -0.03953475638292844, "b": 0.1928520048776983}