{"w": 0.04263124624721715, "b": -0.05346795739646909}