{"w": -0.5544869602748004, "b": -1.0438231913828933e-16}