{"w": -0.5040790547952729, "b": -1.0538967144944632e-16}