{"w": 0.2593860198326756, "b": -0.028008430870779057}