{"w": -0.19111124361571274, "b": 7.436398118554967e-17}