{"w1": -1.498212992270071, "w2": -0.006396766859931883, "b": 0.07114997279343639}