{"w1": -0.911973011618629, "w2": 0.03475989771384548, "b": -0.026905171590493368}