{"w1": -0.9832997400852814, "w2": 0.6048361353508137, "b": -0.34853809153131243}