{"w1": 0.9452662809114442, "w2": 0.04093146119918553, "b": -9.798144392683917e-17}