{"w1": -0.27519539526218745, "w2": 0.47919026294960526, "b": 6.275494620873803e-07}