{"w": 0.30617702833665134, "b": -0.0007735227612735707}