{"w": 0.30443908809468306, "b": -0.0007154276931850209}