{"w": 0.2067964511266539, "b": -0.008184113643338537}