{"w": -0.9999999999999981, "b": -5.995204332975859e-17}