{"w": -0.07442943384873064, "b": -1.1955224903023436e-16}