{"w": -0.08372871050548611, "b": 0.06790851427980246}