{"w": 0.3981092795362245, "b": 3.532072002786298e-17}