{"w": 0.4508219687812358, "b": -2.7178679108388203e-16}