{"w": 0.2614639712156906, "b": 5.566293357307388e-18}