{"w": -0.20315963734843168, "b": -1.0477502046642967e-16}