{"w": -0.23195396954436645, "b": -0.0735088926772077}