{"w1": -2.1192034279994734, "w2": 1.3040711732472143, "b": 0.18506829990599621}