{"w1": -1.7511749563575645, "w2": -0.6584788453515413, "b": -0.22356394284647418}