{"w1": 1.122678036657737, "w2": -0.12765070711059917, "b": -0.04582858938863071}