{"w": 0.13098107269239057, "b": -1.1054687484558366e-16}