{"w": 0.44758726377596597, "b": 0.0857973731295644}