{"w": 0.2028033446534788, "b": -0.11752261079126378}