{"w": 0.19561313589965135, "b": 4.2574119375244706e-17}