{"w": -0.057333098486864686, "b": 8.213432673862454e-18}