{"w": -0.262239308725833, "b": 0.262523027159449}