{"w": 0.7582685606952349, "b": 0.04573386199790185}