{"w": 0.638957621581435, "b": 0.006356239467523841}