{"w": -0.196684630292031, "b": -0.03308256308728999}