{"w": -0.5399795826154054, "b": 0.04428963105135987}