{"cc": -0.3319769401708888, "alpha": -2.507279075194664e-16, "beta": -0.33197694017088886, "mx": -6.633582572135311e-17, "my": -2.2870594307278225e-16, "sx": 0.9999999999999999, "sy": 1.0}