{"w": -0.39926856209203837, "b": 0.2575915949401402}