{"w1": -0.6995456616429344, "w2": 0.346813950831573, "b": -8.675443758126238e-17}