{"w1": 0.11733665746473604, "w2": 1.1410112008329518, "b": 0.13032283972155778}