{"w": -0.003765000085084233, "b": 0.004311193276504097}