{"w": 0.4239410726001766, "b": -0.004423359739159026}