{"w": 0.06820023367754094, "b": -0.05751449883357702}