{"w1": -1.12738375774165, "w2": -0.1940133081803697, "b": 0.04235078950156561}