{"w1": 0.5057293671261568, "w2": 1.6466187918029402, "b": -0.03659366038072917}