{"w": -0.29998571764842513, "b": 6.944233333479572e-17}