{"w": -0.13477237822064517, "b": 0.003627557682873755}