{"w": 0.06524183666701601, "b": 9.99937536365067e-17}