{"w": 0.13161311217331892, "b": -0.013698484739823323}