{"w1": -0.6717214441755767, "w2": 0.1606255304454665, "b": 3.971486707885314e-17}