{"w1": -0.186381465141563, "w2": -0.7262987313234265, "b": 7.10889222813607e-17}