{"w1": -0.3522664776887055, "w2": -0.42180780773005816, "b": 0.02408326586276835}