{"cc": -0.30803311270231715, "alpha": -2.6818804720236923e-17, "beta": -0.30803311270231715, "mx": -7.771561172376097e-18, "my": -2.4424906541753444e-17, "sx": 1.0, "sy": 1.0}