{"w1": -1.0073302513882125, "w2": -1.0911604699138462, "b": 0.1424297192084238}