{"w": 0.6051960245897466, "b": -0.08389270655262554}