{"w": -0.6108043217658938, "b": -0.021360208970934075}