{"w": 0.5307069143761657, "b": -0.07138690780620294}