{"cc": 0.14196098868125456, "alpha": 8.71024680477318e-18, "beta": 0.1419609886812546, "mx": -1.4432899320127036e-17, "my": 6.661338147750939e-18, "sx": 0.9999999999999999, "sy": 1.0}