{"w": -0.021550555835911017, "b": 0.21711007480463854}