{"w": -0.2971030493649423, "b": 0.001159501884575283}