{"w": 0.026290604474986073, "b": 0.03433046356056018}