{"w": 0.41884942638775785, "b": 0.06881865385250843}