{"w": -0.6442261892568824, "b": 2.874081261699114e-16}