{"w": -0.3233902961469715, "b": -7.773246668404407e-17}