{"w": -0.05993253711736534, "b": 0.012790731705536707}