{"w1": -1.4203223487894188, "w2": -1.4824998151368802, "b": 0.01160862823341443}