{"w1": -0.6959366543282511, "w2": -0.7239312391383887, "b": 0.020735566834458444}