{"w1": -0.5025202886739086, "w2": -0.332240545930619, "b": 2.113822242533847e-17}