{"w1": -0.7904133562849089, "w2": -0.49094792253009906, "b": -0.15251394846464453}