{"w": 0.9090909090909088, "b": 2.0387731906752873e-17}