{"w": 0.8846399901191118, "b": 0.00373396965340266}