{"cc": -0.519328069351575, "alpha": -2.178090843157943e-17, "beta": -0.519328069351575, "mx": -3.552713678800501e-17, "my": -3.3306690738754695e-18, "sx": 0.9999999999999999, "sy": 0.9999999999999999}