{"w": -0.6048658003107603, "b": 0.008423107385645652}