{"w": -0.6333495814727984, "b": 0.007398436424521402}