{"cc": -0.19723365171852764, "alpha": -2.2204460492503132e-17, "beta": -0.1972336517185276, "mx": 0.0, "my": -2.2204460492503132e-17, "sx": 1.0, "sy": 0.9999999999999999}