{"cc": -0.5202626254555455, "alpha": 1.254372049559866e-15, "beta": -0.5202626254555455, "mx": -8.881784197001253e-18, "my": 1.2589929099249275e-15, "sx": 1.0, "sy": 1.0}