{"w": -0.5155070439305037, "b": 0.002883462246873532}