{"w": 0.282473987867199, "b": 1.1902283926431803e-17}