{"w": 0.30640777840079403, "b": 0.01510151762286471}