{"w": 0.04834314205591234, "b": -0.054893940969846775}