{"w": 0.048590644910912695, "b": 0.005035738406091266}