{"w1": 0.547735282589363, "w2": -1.0420614684953655, "b": -0.06901511073127457}