{"w": -0.05929118926291351, "b": -0.0319715717908473}