{"w1": -22.7817457516759, "w2": 9.636580344193591, "b": 1.4990610137328118}