{"w1": 5.150638720720225, "w2": -9.259407986275027, "b": 3.2808152290350283}