{"w": -0.38687003489991195, "b": 0.12428375821481635}