{"w": -0.3693214255571722, "b": 0.11082256133360047}