{"w": -0.9999999999999972, "b": -2.900457651833212e-17}