{"w": -0.04166198932774849, "b": 0.003028278682112019}