{"w1": 0.41939169221926437, "w2": 0.39765893416810144, "b": 1.0660964783127673e-17}