{"w": 0.1046762144383153, "b": 0.2699674826418159}