{"w1": 0.1970766066118394, "w2": 0.9546239814563159, "b": -0.007069990508074056}