{"w1": 0.050460644719302256, "w2": 0.37098218649337344, "b": -1.830082606164372e-17}