{"w": -0.31228690732663683, "b": -0.01144094366584671}