{"w": -0.7098141079834653, "b": -0.011904038061650569}