{"w1": 0.7300158411388797, "w2": -0.1750286583435501, "b": 1.6091403494625187e-17}