{"w": 0.7265553691875943, "b": 0.020932577295597492}