{"w": 0.7422334141923007, "b": -0.00041204694446324124}