{"w": -0.3099380626247267, "b": 0.04781948340129729}