{"w1": -0.6360849322749665, "w2": -0.28953565973345585, "b": -8.367598108245627e-18}