{"w": -0.015947689644598136, "b": 0.07705944827576451}