{"cc": 0.3952839692977521, "alpha": 3.26615003074615e-17, "beta": 0.39528396929775206, "mx": 4.440892098500626e-18, "my": 3.441691376337985e-17, "sx": 0.9999999999999999, "sy": 0.9999999999999998}