{"w": 0.1399834343721655, "b": -0.021760680181954723}