{"w": 0.058096488093035345, "b": -2.6074464016348076e-17}