{"w": 0.2299114159323818, "b": 0.18432939426185113}