{"w": -0.8480733495291528, "b": -0.03093558811858082}