{"w": -0.8458033598967186, "b": 0.0054673645164797224}