{"w1": -0.8842723249876316, "w2": -0.5274116326750151, "b": -0.036998887531620506}