{"w1": -0.578744857318954, "w2": 0.20601679527310582, "b": -2.862217892413376e-17}