{"w1": 0.25524368296462835, "w2": 0.6213125181203076, "b": 7.532355393212614e-19}