{"w": -0.22983612388735036, "b": -8.040197966687531e-18}