{"w": -0.06427423677240034, "b": -2.1816150028474803e-17}