{"w": 0.04573081554070568, "b": 0.03168763415933573}