{"w": 0.17922751273657744, "b": -0.03779936400401559}