{"w": 0.2817409861974689, "b": -0.10012329924605423}