{"w": 0.039098349887460984, "b": 0.0026489680239376303}