{"w": 0.10513755916481626, "b": 0.12402705250156604}