{"w1": -0.48596799355672354, "w2": -0.02340200218812993, "b": 1.3780194669112425e-17}