{"w1": -1.8646853898398106, "w2": 0.1569653580256777, "b": 0.16274215940704406}