{"w": -0.2604811798126391, "b": -0.08572640059847042}