{"w": 0.7141507673525229, "b": -0.06424119392841396}