{"w": -0.05706548235229041, "b": 0.04511275689298912}