{"w": 0.5240061616934268, "b": -0.03356438530229966}