{"w": 0.4619095028178596, "b": -0.08137450756703123}