{"w1": 1.3424466945815219, "w2": 0.032198376824588, "b": 0.1563088579221912}