{"w": -0.28181441014749736, "b": 0.005691810710843609}