{"w": 0.028867250461546964, "b": -0.03665823058032165}