{"w": -0.0709190794961109, "b": 0.08583533866022007}