{"w": 0.24271212200952125, "b": 0.01743021787007005}