{"w": -0.9999999999999999, "b": 8.944234242136418e-17}