{"w": -0.3395177002784013, "b": -0.007647410394630801}