{"w": -0.3395291319240419, "b": -0.007661956743530162}