{"cc": -0.3160936820003928, "alpha": -4.230331408283399e-17, "beta": -0.31609368200039284, "mx": 6.661338147750939e-18, "my": -4.4408920985006264e-17, "sx": 0.9999999999999998, "sy": 1.0}