{"w": -0.118904660945218, "b": -4.055515810626774e-17}