{"w1": -0.35565027100938384, "w2": -0.6088781542674986, "b": -5.134320477184776e-17}