{"w1": -0.5375898706272078, "w2": -0.36356937061313216, "b": -2.46491213062874e-17}