{"w": -0.007877621053631654, "b": -0.006931872540826134}