{"w1": -1.0381605885827025, "w2": -0.09129127633969293, "b": 0.004977806930701866}