{"w1": 1.1468648569378548, "w2": -0.5335605603860617, "b": 0.03532738103729216}