{"w1": 1.2848758796161595, "w2": -0.13691049817106132, "b": 0.29737884547378923}