{"w": -0.13079901247789671, "b": -0.0074799589788732135}