{"w": -0.9715099166097573, "b": 0.0016595361480792256}