{"w": -0.9715827149911238, "b": 0.0015780341701713185}