{"w": -0.7467422713199303, "b": -5.105579191120282e-17}