{"w": -0.5288336123118554, "b": 0.08949566835770925}