{"w": 0.09297276534884522, "b": -0.014190121424640514}