{"w": 0.16726081126263906, "b": -0.00017056744309272565}