{"cc": 0.1283927434632227, "alpha": -1.2587943276680436e-17, "beta": 0.1283927434632227, "mx": 2.886579864025407e-17, "my": -8.881784197001253e-18, "sx": 1.0, "sy": 1.0}