{"w1": -0.6653722879420876, "w2": -0.7218182918264917, "b": 0.06839937933917936}