{"w": -0.00579025107699063, "b": -0.012084546922046989}