{"w": 0.07380258223687765, "b": 0.06059865722690217}