{"w": -0.02679226600643647, "b": -0.05530551512525461}