{"cc": -0.31067935225454046, "alpha": 2.942629540890844e-17, "beta": -0.31067935225454046, "mx": 1.609823385706477e-17, "my": 2.4424906541753444e-17, "sx": 0.9999999999999998, "sy": 0.9999999999999998}