{"w": -0.4274821225699756, "b": 4.239823238891328e-19}