{"w": -0.5971480070303787, "b": 0.011937911524592764}