{"w": -0.41172141566141474, "b": 0.12192526183079816}