{"w": -0.00613086298043241, "b": -0.12625143737215008}