{"w": -0.1897462508517108, "b": -0.059600094042745265}