{"w": -0.3461593660193741, "b": 0.07528744963374692}