{"w": 0.4731518352665716, "b": -0.014367850060193888}