{"w": 0.5003197561192305, "b": -1.7046112435145e-16}