{"w": -0.6400086764389619, "b": -0.005959439796600713}