{"w": -0.6105199776978424, "b": -0.007370274199097132}