{"w": 0.751338526882213, "b": 2.855796100076384e-16}