{"w1": -2.0770153616429923, "w2": -2.45556914357934, "b": -1.0944862190726794}