{"w1": -0.5339014647682002, "w2": 0.1196833705552094, "b": -3.388949243030205e-17}