{"w1": -0.6632218472798292, "w2": 0.20421970785777233, "b": 0.01963275655569277}