{"w1": -0.6729290542163904, "w2": 0.07298384339400797, "b": 0.03271988361880519}