{"w": -0.5667316854391514, "b": 0.038640586125373196}