{"w": 0.19189794488504028, "b": -0.2117870299749248}