{"w": -0.47164626797529796, "b": 0.04133550846824361}