{"cc": 0.04201914147913418, "alpha": 5.549436934705131e-16, "beta": 0.04201914147913418, "mx": -4.884981308350689e-17, "my": 5.52891066263328e-16, "sx": 0.9999999999999999, "sy": 0.9999999999999998}