{"w1": -1.0092692133020413, "w2": 0.5430727485662591, "b": -0.020768796749732206}