{"w": 0.700702595254008, "b": 0.005695828707834362}