{"w1": 0.6195191398232731, "w2": -0.05201998300456069, "b": 0.022840798790294797}