{"w1": 0.7297885485980041, "w2": 0.9648903891416052, "b": 0.008576628390965983}