{"w": -0.11955323804594016, "b": -5.645021951619763e-17}