{"w": 0.9735877215959328, "b": 0.00885229729661701}