{"w1": 0.5105486738351259, "w2": 0.8144050723708768, "b": -0.038929950881736855}