{"w1": 0.4698209757244843, "w2": 0.6871045093073336, "b": -0.024537198789334677}