{"w": -0.8706381019655886, "b": 2.823652391619778e-17}