{"w1": 2.1348947954499877, "w2": -1.183128211609257, "b": 0.01219256196872509}