{"w": -0.5703712807900039, "b": -0.04757821870513239}