{"w1": 0.7183111098636543, "w2": 0.016615282806431916, "b": -6.068268718724507e-17}