{"w": -0.014061132630112166, "b": 0.03488368753356355}