{"w": -0.2351103602866727, "b": -0.010953113751731133}