{"w": 0.9273028190041761, "b": -0.018507781787146304}