{"w": 0.9064211140608092, "b": 2.3385972203868834e-17}