{"w1": -0.7844077898652895, "w2": 0.2193636197557887, "b": 5.355257189559947e-17}