{"cc": -0.5120526744569652, "alpha": 9.418893094883878e-17, "beta": -0.5120526744569652, "mx": 1.2323475573339239e-16, "my": 3.1086244689504386e-17, "sx": 1.0, "sy": 1.0}