{"w": -0.44289224205008165, "b": -0.05948833375345722}