{"w": 0.3708253411117318, "b": -0.0019498394758767912}