{"w1": 0.4625713176079333, "w2": -0.14582274930297054, "b": 1.384412644215066e-17}