{"w1": 1.505197236186603, "w2": -0.6120203537503659, "b": 0.1511488703963416}