{"w1": 0.08212904639090111, "w2": -0.461580963897445, "b": -0.011353538002579343}