{"w": 0.7409062048053627, "b": -8.086845282530124e-18}