{"w": -0.037183523100302936, "b": 0.010601289911311252}