{"w1": -0.396034370520807, "w2": 1.2579822259703235, "b": -0.14539307688791378}