{"w": 0.3805704508997347, "b": -0.0240031670680523}