{"w1": -0.5045913066970836, "w2": 0.3328029515305221, "b": 0.005893865781669625}