{"cc": -0.3124475863311701, "alpha": 5.100069562113231e-17, "beta": -0.3124475863311701, "mx": 3.3306690738754695e-18, "my": 4.9960036108132046e-17, "sx": 0.9999999999999999, "sy": 0.9999999999999998}