{"w": -0.10230393394421394, "b": -0.035166560428697306}