{"w": 0.8928575618781478, "b": 0.04489101258112605}