{"w1": 0.585013924110532, "w2": 1.6076432410865806, "b": -0.12058623100878932}