{"w1": -1.25960674260693, "w2": -1.094756811640398, "b": 0.027113315941966955}