{"w": -0.1528661336909855, "b": -1.5980847459371482e-16}