{"w": 0.5595255944300722, "b": -6.053307349616204e-18}