{"w": -0.35714316573764204, "b": -0.030973915945603614}