{"w1": -0.471715115273458, "w2": 0.6192529293645798, "b": 0.003038958317520753}