{"w": -0.18776496172879448, "b": -0.07087621533260972}