{"w1": -1.906867483748643, "w2": 0.7398131276971794, "b": -0.5229927878457246}