{"w": 0.5750790304691705, "b": -0.04485353820308771}