{"w": 0.5285840053762298, "b": -1.7510180133804237e-17}