{"w": 0.5741380440865417, "b": -0.008990019557580935}