{"w1": -4.140163999580336, "w2": -1.5259064307073662, "b": -1.6792001626625734}