{"w": 0.35052290974739764, "b": -0.0016943046735702627}