{"w1": 1.9146276052581468, "w2": -0.5170920396632055, "b": 0.02675742682614314}