{"w": 0.2627460022961418, "b": -1.0027416484847812e-17}