{"w": 0.9999999999999984, "b": -3.81639164714897e-17}