{"w": 0.7237151554690353, "b": -3.993819408693851e-17}