{"w": 0.7650703675946633, "b": -0.04964371404519256}