{"w1": 0.4000098527219585, "w2": 1.1892974626077175, "b": 0.004101677345503124}