{"cc": 0.06031124959495774, "alpha": -5.6967763659691136e-18, "beta": 0.060311249594957726, "mx": 4.4408920985006264e-17, "my": -3.0184188481996443e-18, "sx": 1.0, "sy": 0.9999999999999998}