{"w": 0.061947725420132535, "b": -0.0077514270886050035}