{"w": -0.7338994600761806, "b": 0.008106616008730003}