{"cc": 0.04796849959306189, "alpha": -1.0284724961376322e-16, "beta": 0.047968499593061875, "mx": -1.9984014443252817e-17, "my": -1.0380585280245214e-16, "sx": 1.0, "sy": 0.9999999999999998}