{"w": 0.9999999999999912, "b": -8.38218383591995e-17}