{"w1": -0.7192302078997127, "w2": -0.829068994403488, "b": 0.019010006379503498}