{"w": -1.000000000000002, "b": 8.937295348232517e-17}