{"w1": 2.395310893997903, "w2": 1.5993301030977602, "b": 0.614212786995864}