{"w1": 0.7910597278913511, "w2": 0.5206034339131851, "b": 0.16799566065803578}