{"w1": 0.3702585457681167, "w2": -0.3005938702523378, "b": 9.284578815706849e-18}