{"w": -0.21965800924963558, "b": -0.009871012252165611}