{"w": 0.237346185753583, "b": -0.056288262950814676}