{"w": 0.9999999999999997, "b": 1.77635683940025e-17}