{"w": -0.09028900165172311, "b": -1.2312225839603301e-16}