{"w": 0.16658925614236647, "b": -0.015713064935308944}