{"w": 0.33051093393608627, "b": -6.483285080637767e-17}