{"w": 0.32723854845157063, "b": -6.475292309674979e-17}