{"w": 0.025790071649795025, "b": 0.03468273212340684}