{"w": 0.3770064590150774, "b": -0.000790157372906847}