{"w": -0.049948763046327845, "b": 0.017908480384639252}