{"w1": -0.16011517151601926, "w2": 0.6690660146608655, "b": 1.6424570792128096e-17}