{"w": 0.16709770052285133, "b": -8.291005172926784e-17}