{"w1": -1.6680646325733197, "w2": 1.8103538483651, "b": 0.45946633713341567}