{"w": -0.76638592489189, "b": 4.05590153331626e-17}