{"w1": -1.2219308714449433, "w2": -1.0162640186773033, "b": -0.24182853834763218}