{"cc": 0.15845728712389562, "alpha": -2.1392119789548604e-16, "beta": 0.15845728712389565, "mx": -2.220446049250313e-18, "my": -2.142730437526552e-16, "sx": 0.9999999999999999, "sy": 1.0}