{"w": 0.21967706663049547, "b": 0.11798850213141343}