{"w": 0.452709815623164, "b": 0.05238745540078514}