{"w": 0.11445900259270259, "b": -0.06235829416371241}