{"w": 0.12308254924534238, "b": 0.026106469422827145}