{"w1": 4.299528214752657, "w2": 2.10691344421691, "b": 0.2175642450897297}