{"w": -0.47179001839246426, "b": 8.151179133498558e-17}