{"w": 0.8149397498628708, "b": 0.030692513425178772}