{"w": -0.9837188099484218, "b": -0.01044661170478518}