{"w": -0.20323027737420912, "b": -3.247737898556645e-17}