{"w": -0.2925772778798294, "b": 1.1323061673334194e-16}