{"w": -0.40248962628555135, "b": -0.008786481429315094}