{"w": 0.8340813107027983, "b": 0.12062347159106342}