{"w": -0.8709075721722308, "b": 0.047688664776907815}