{"w1": -0.009175769088889747, "w2": -0.7461967146810518, "b": -3.0890011787096345e-19}