{"w1": 0.08687730057494997, "w2": 0.8374701007867595, "b": 1.3967530748425536e-16}