{"w": 0.7511459778643813, "b": 1.5563479000924143e-17}