{"w": 0.7593955282557431, "b": 0.0037822598792781343}