{"w": 0.037599612176656604, "b": -0.005125813984328207}