{"w": 0.5566432743412426, "b": -3.9601577376284483e-17}