{"w": -0.20654634964680313, "b": -0.006019751600847368}