{"w": 0.656734776954831, "b": -0.06100157378188875}