{"w": -0.11369952693781238, "b": 0.07440650347700528}