{"w": -0.24318096287932334, "b": 9.289451898836171e-19}