{"w": 0.4280116935075921, "b": 1.1854715246736881e-17}