{"w": 0.5036170737586982, "b": -0.015422257670468599}