{"w": -0.09254061182211842, "b": 0.25893725223204445}