{"w": -0.17917849627577184, "b": -0.03639099597955897}