{"w1": -0.6834908845347033, "w2": -0.15028499022806152, "b": 2.606786369019862e-18}