{"w1": -5.886687065034609, "w2": -4.714989409600126, "b": 0.464117577077371}