{"w1": -0.5377333796234982, "w2": -0.2835819672872098, "b": -5.3751345759372936e-17}