{"w": 0.25630217641022257, "b": -0.009989371456714635}