{"w1": 2.0986921080163694, "w2": 0.662497526999542, "b": 0.3658905161246626}