{"w": 0.43379072515995304, "b": -3.911127202465061e-17}