{"w": 0.44567030922870443, "b": 0.07761301496141079}