{"w": -0.8101420655084954, "b": -0.005439325289338875}