{"w1": 7.343410989314223, "w2": 1.3680961801547233, "b": -1.6087980309124554}