{"w1": 4.03666520737109, "w2": 0.9048358058823065, "b": -0.8468027428455898}