{"w1": 3.8916412669358436, "w2": -6.4229963146882065, "b": 2.3436710429137673}