{"w1": 0.2535674692751449, "w2": -0.5979506420170126, "b": 9.272199530797129e-17}