{"w": 0.10964541959458322, "b": -0.10452362514132717}