{"w": 0.08697119217395932, "b": 0.004485959498607085}