{"w": -0.11000212826276982, "b": 0.00886119962613192}