{"w": -0.04859720405189026, "b": -0.0028453730537176952}