{"w": -0.619202290167132, "b": -0.12740087608745163}