{"w": -0.09154792734618326, "b": -1.378551130318088e-16}