{"w1": -0.09721047771417735, "w2": 3.6318375286192213, "b": -0.2867305739022504}