{"cc": -0.31957451513871427, "alpha": 1.2256392264052046e-16, "beta": -0.31957451513871427, "mx": 5.329070518200751e-16, "my": -4.773959005888173e-17, "sx": 0.9999999999999998, "sy": 0.9999999999999998}