{"w": -0.2905222864897402, "b": 1.0708178512239298e-16}