{"w": 0.39982604456088733, "b": 0.04861072207036281}