{"w1": -0.5842001166830616, "w2": -0.22417892397952396, "b": -5.618693223000277e-17}