{"w": 0.39724972854859963, "b": 5.0446018456237617e-17}