{"w": -0.15887167906750244, "b": -0.26095947657205176}