{"w": -0.01346132611905175, "b": 0.05210828479469598}