{"w": 0.26229510796400146, "b": -0.0360828502604938}