{"w1": -0.614838584916698, "w2": -0.3625132705417674, "b": 8.65641640957283e-17}