{"w1": -0.2424941473806977, "w2": 0.3748487858667624, "b": 3.597509285193946e-18}