{"w": -0.27879368321648684, "b": 0.0035537488482050485}