{"w": 0.508399447403128, "b": 1.5658755567525593e-16}