{"w": -0.2238936232155692, "b": 0.016330907230099424}