{"w1": -0.6030907751354311, "w2": -0.19006393441649297, "b": 2.887041263298594e-17}