{"w": 0.2749451876289151, "b": -0.253002287192462}