{"w": -0.2546874065825745, "b": -2.0069364456212034e-16}