{"w": 0.9152320898162729, "b": -0.004561708765043824}