{"w": 0.9317478834737549, "b": 2.2533963821567866e-17}