{"w": 0.8675654886296135, "b": 0.0018679642299143995}