{"w1": -0.9533818221588835, "w2": 0.08869871190383026, "b": 9.796861684516982e-18}