{"w": 0.0646188267809068, "b": -0.017115329000855502}