{"w1": -0.15538443648610623, "w2": -0.6789346654358972, "b": -5.823137527398548e-17}