{"w1": 0.7321553540801271, "w2": -0.1505242770751453, "b": -0.0036098117229470734}