{"w": 0.44842976313990474, "b": 0.03876589100854329}