{"w1": -0.337810803357391, "w2": -0.424876211760235, "b": -0.00026409468812129257}