{"w": 0.45627434731636496, "b": -0.017831800243499105}