{"w1": 1.29836857000051, "w2": -3.1895338144589496, "b": 0.0010264972935918458}