{"w": -0.5958743952640646, "b": -0.013494489798989118}