{"w1": -0.1578812780496079, "w2": 0.6629553319375552, "b": 4.8908940954955405e-18}