{"w1": 0.8856607759561193, "w2": -0.3160088243178411, "b": -7.834839063508943e-17}