{"w1": -0.8009648030159007, "w2": 0.09127283387339179, "b": 1.92663313909498e-17}