{"w1": -0.824087374354838, "w2": 0.07725267120502555, "b": 0.0040282869828540705}