{"w": -0.634326937926118, "b": -0.04972546904108554}