{"w": -0.6567426233046925, "b": 7.466322771763664e-19}