{"w": 0.20622911920581233, "b": -1.5473965229097915e-17}