{"w": 0.2080833270707996, "b": -1.5453379386456416e-17}