{"w": 0.2094392513516089, "b": 0.011715686056302896}