{"w": -0.36644463048896614, "b": 0.0052467191820662964}