{"w": -0.34930702769733907, "b": 0.004845911270505009}