{"w": -0.5589615798726931, "b": -0.03261794766449022}