{"w": -0.18945982890190508, "b": 0.008432408764916537}