{"w": -0.21703835019004866, "b": 0.005224826756366284}