{"cc": 0.6048927460693596, "alpha": 3.019330323847312e-17, "beta": 0.6048927460693596, "mx": -4.4408920985006264e-17, "my": 3.3306690738754695e-18, "sx": 1.0, "sy": 1.0}