{"w": 0.955177204509028, "b": -0.012990012344609145}