{"w": 0.04338507007669731, "b": -9.216574284099854e-18}