{"w": 0.025289006602187504, "b": 0.02277182352895177}