{"w": -0.9999999999999997, "b": 1.1102230246251558e-17}