{"w": 0.5513950195756747, "b": -0.009649147048377413}