{"w": -0.15917163138249174, "b": -0.017226084739109252}