{"w": -0.23823125659455346, "b": 0.0008012253394799307}