{"w": 0.862147450150422, "b": -0.015584443262864614}