{"w": 0.7616295541285699, "b": -0.01428154028906814}