{"w": 0.6831301252252078, "b": 0.0441290682619326}