{"w": 0.7469378507418203, "b": -1.3730510758208138e-17}