{"w1": -0.4137827608281621, "w2": -0.6602628196194544, "b": 6.538948357676301e-17}