{"w1": -0.6038176750137951, "w2": -0.7204316268637985, "b": -0.02898966764511702}