{"cc": -0.4969977651497077, "alpha": 1.9557771786739782e-16, "beta": -0.4969977651497077, "mx": 1.2545520178264268e-16, "my": 1.3322676295501878e-16, "sx": 1.0, "sy": 1.0}