{"w": 0.4842678011744427, "b": -0.03229403134901822}