{"w": 0.9129421694307065, "b": -0.020029021954877657}