{"cc": -0.05285246686356552, "alpha": -1.6129626152981516e-16, "beta": -0.05285246686356553, "mx": -3.630429290524262e-16, "my": -1.4210854715202004e-16, "sx": 1.0, "sy": 1.0000000000000002}