{"cc": 0.2568379835612251, "alpha": 2.147565856050181e-17, "beta": 0.2568379835612251, "mx": 1.0658141036401502e-16, "my": 4.884981308350689e-17, "sx": 0.9999999999999999, "sy": 0.9999999999999998}