{"w": 0.3509863589651549, "b": 0.030264109237075024}