{"w": 0.3234486174700492, "b": -0.010561396357712891}