{"w": 0.34972785847105553, "b": -0.009822286094284923}