{"cc": -0.035521317679856536, "alpha": -6.507036484278227e-19, "beta": -0.035521317679856536, "mx": -1.8318679906315084e-17, "my": 0.0, "sx": 1.0, "sy": 1.0}