{"w": -0.4924826342619254, "b": 0.0007900146916802953}