{"w": 0.7637395025251513, "b": -1.355327617980699e-16}