{"w": -0.5392331473864199, "b": -0.03555014375612051}