{"w": 0.034426265092808696, "b": 0.12391855008868743}