{"w": 0.08333270090244772, "b": 0.1226690453484317}