{"w": 0.04932787377715717, "b": -3.380703730984407e-17}