{"w": 0.02525224908574356, "b": 0.03204449520129826}