{"w": -0.8514262477898852, "b": -3.5857036789122256e-17}