{"w": 0.10093535658723686, "b": 2.253479278322467e-17}