{"w": -0.17517458864326688, "b": 0.0011193843351091596}