{"w1": 3.203448236470022, "w2": 0.07228863597575345, "b": 0.06031759015550873}