{"w": 0.6870482628706952, "b": 0.020701627248035703}