{"w": 0.2899185369276581, "b": 0.07137189005806645}