{"w": -0.38529012760731485, "b": 2.1676767388020886e-16}