{"cc": -0.9913881197510486, "alpha": 3.4728420888710716e-17, "beta": -0.9913881197510488, "mx": 5.14518982974721e-17, "my": -1.6280379822042334e-17, "sx": 0.9999999999999998, "sy": 1.0}