{"w": -0.6529382258927264, "b": -0.08958692472129}