{"w": 0.3528663286651244, "b": -0.04424216794615241}