{"w": -0.1318235862468677, "b": -0.11822612627392307}