{"w": -0.20498944064063154, "b": -0.0025027606565165457}