{"w1": -1.572892615812809, "w2": 0.12205402725557764, "b": 0.07767558141002015}