{"w1": -0.7390211517372182, "w2": 0.03564574872728897, "b": 0.017382721783872776}