{"w": 0.1529183653899178, "b": 4.2929560120463234e-17}