{"w": 0.1384055570688719, "b": -2.4526358086639825e-16}