{"w": -0.8896948820675674, "b": -0.020710979662075767}