{"w1": -0.3519647666665032, "w2": -2.4860220418899557, "b": 0.5008990733122309}