{"w": -0.3310768770801382, "b": 1.6119164513327752e-16}