{"w": -0.3802612326287121, "b": 2.009761508942687e-17}