{"w": 0.13834244506409116, "b": 0.005864071296763669}