{"w": 0.8081778956481961, "b": 0.0011310072682442138}