{"w1": -2.7555927181835607, "w2": 0.9288360241377295, "b": -0.0374386082096907}