{"w1": -0.7610564726471657, "w2": 0.2538143896128845, "b": -2.9566544878821245e-17}