{"w1": 0.032795763973945354, "w2": 1.070260270832691, "b": 0.032082454144713224}