{"w": -0.4346668663524185, "b": -1.2629926391970745e-17}