{"w": -0.4155315526824038, "b": -0.003834266832604292}