{"w": -0.43222326120656845, "b": 0.1120824649093023}