{"w1": 1.2887366459824612, "w2": -0.8752448795094935, "b": 0.10009065858837779}