{"w": 0.1662611710597617, "b": -3.700923491640857e-17}