{"w": 0.8813854532251955, "b": 2.868298157515048e-16}