{"w": 0.2245565423159994, "b": 6.793792553089208e-17}