{"w": -0.35880483216995823, "b": 2.6342988039802586e-17}