{"w1": -0.3768813273199891, "w2": 0.8565805429441428, "b": -0.006113790739196926}