{"w": -0.20979812979306742, "b": -1.102417020996423e-17}