{"w1": 1.133877744022171, "w2": 0.13540839820032535, "b": 0.1930901236572449}