{"w": 0.1211005234798288, "b": 0.05356089644686268}