{"w": -0.1538898475753382, "b": -0.18292217158461066}