{"w": 0.06723280795251302, "b": 1.260334927811132e-16}