{"w": 0.03187838518604001, "b": -7.065652156366238e-17}