{"w": -0.9999999999999992, "b": -2.864375403532904e-16}