{"w": 0.3364461843456668, "b": 0.03636263381715757}