{"w": 0.5448718982237091, "b": 3.2582558014522334e-17}