{"w": -0.21489916252824345, "b": 4.7972424282315014e-17}