{"w": -0.21408513189746384, "b": 4.5105476774005733e-17}