{"w": -0.7667047636223185, "b": 0.007684960399810582}