{"w": -0.7495945162968025, "b": 0.0033922406796395334}