{"w1": -0.16130386766897808, "w2": -2.5588056574526177, "b": -0.3212193400417232}