{"w": -0.42156200945325606, "b": 8.688063789305943e-18}