{"w": -0.012436660314857437, "b": -2.3868414282777763e-16}