{"w": -0.3083565119679465, "b": 0.0035963590756408967}