{"w1": 2.784481337310583, "w2": -1.6922270051935397, "b": -0.35834173567219213}