{"w": 0.6380197893191216, "b": 4.8917745408307466e-17}