{"w1": -0.5318552143942589, "w2": -0.21030380110146524, "b": 0.006083940346282313}