{"w1": -0.5731470027945629, "w2": -0.2121586374734595, "b": 0.009193060010132542}