{"w": -0.12894811872606388, "b": -0.09819006821385182}