{"cc": 0.07006664353282703, "alpha": -1.902248577371956e-17, "beta": 0.07006664353282703, "mx": 6.550315845288423e-17, "my": -1.4432899320127036e-17, "sx": 1.0, "sy": 1.0}