{"w": -0.44920981538682636, "b": 0.014043369800195573}