{"w": -0.47616430680325134, "b": 0.00481132272550118}