{"w": -0.6637812750356943, "b": -0.023956364008473334}