{"w": 0.7311739987923427, "b": 0.016897832308222657}