{"w": -0.24797908271606414, "b": 0.10667995112673269}