{"w": -0.147565676790109, "b": 0.048733646767248916}