{"w": -0.22193878691513205, "b": -0.008303770097673167}