{"w": -0.667682918438446, "b": 1.4017919376065787e-16}