{"w": 0.41976577378195995, "b": 0.007865180668531147}