{"w": 0.4246202432929654, "b": -0.1212257612661173}