{"w": 0.6259159922507505, "b": -5.997645026625033e-17}