{"w": -0.22484750893747196, "b": 0.1695787135062069}