{"w": -1.0000000000000004, "b": 9.54791801177635e-17}