{"w1": 0.39918241308001096, "w2": -0.22990789277217488, "b": -3.1363527290277346e-17}