{"w": 0.27331043604973493, "b": 1.170910132419708e-17}