{"w": 0.27181733192903323, "b": 0.010927854996155499}