{"w": -0.01169740763845222, "b": 0.06916053368553308}