{"w1": -0.4405560911569553, "w2": 0.6350750447341221, "b": -0.03515413819688144}