{"cc": -0.754251669943341, "alpha": 4.9659820896486466e-17, "beta": -0.7542516699433408, "mx": 5.995204332975846e-17, "my": 4.440892098500626e-18, "sx": 1.0, "sy": 0.9999999999999998}