{"w": -0.26924090517256255, "b": -0.0795159982196007}