{"w1": -1.189819239301775, "w2": -0.6880723118319723, "b": 0.004405675967329733}