{"w1": -0.4211197950982852, "w2": -0.24420864124491107, "b": 3.298341807871203e-17}