{"w1": 0.5367173024394968, "w2": -1.6622196951800483, "b": -0.06977607056810647}