{"w1": -0.39318936712532293, "w2": 1.0521591234747658, "b": 0.01254367281950831}