{"w": -0.8712773876519886, "b": 2.3577360725498717e-16}