{"w1": -0.6933162652446965, "w2": 0.24357122833208403, "b": 5.036859583491059e-18}