{"w1": -1.156991102390057, "w2": 0.4099064363205482, "b": 0.2809028556313287}