{"w": 0.047190401600094876, "b": 0.003927899693577264}