{"w": -0.0890660508756272, "b": 0.22266361401843626}