{"cc": -0.2950560948171255, "alpha": -5.010835087781555e-17, "beta": -0.2950560948171256, "mx": -7.105427357601002e-17, "my": -2.914335439641036e-17, "sx": 1.0, "sy": 1.0000000000000002}