{"w": 0.5274321461266046, "b": -1.4493810920616312e-17}