{"w": -0.5938124955559311, "b": -0.1322869539943358}