{"w": 0.9692504232799088, "b": -2.539857401409011e-17}