{"w1": -0.3981520856613782, "w2": -0.9338939053537186, "b": 0.15428490838973857}