{"w1": -0.6522788365371521, "w2": -0.33199025967927365, "b": 1.0177812693679398e-16}