{"w1": -0.4929263330781025, "w2": -0.035334616922077976, "b": 9.621875925542336e-19}