{"w1": -1.37181757519445, "w2": 0.11694964615115062, "b": -0.12798548104948687}