{"w": -0.128447680787383, "b": -6.991165884212718e-17}