{"w": -0.05830730331760588, "b": 2.6637904865576457e-16}