{"cc": -0.2641965250456113, "alpha": -2.49379205821817e-16, "beta": -0.2641965250456113, "mx": -1.8540724511240113e-16, "my": -2.0039525594484075e-16, "sx": 1.0, "sy": 1.0}