{"w": -0.50715300522633, "b": 2.195033469738199e-17}