{"w1": -0.2502669823862865, "w2": -0.7214131533942713, "b": -3.81478368968402e-17}