{"w": 0.10917576943871171, "b": -0.01724165803865945}