{"w": 0.1147969684412497, "b": -0.017768999912347455}