{"w": -0.15895968031736996, "b": -0.008682720535111287}