{"w": 0.6039951869447922, "b": -5.662003836470534e-18}