{"w1": 0.1510640017672871, "w2": -2.223087291550429, "b": 0.18104951980377484}