{"w1": -0.03027520155378949, "w2": -2.743532618269478, "b": 0.25403922877852475}