{"w1": -1.07714737124345, "w2": -1.1513298669759113, "b": 0.014714117263831268}