{"w": 0.10424125310095485, "b": 0.2890337349011053}