{"w": 0.4642176514390516, "b": 0.0036107143987215776}