{"w": 0.5062502326835416, "b": 4.810042597507743e-17}