{"w": 0.6640564268711546, "b": -4.319178269028272e-18}