{"w": 0.5669454235599087, "b": 0.0004917450992825865}