{"w": -0.024286647144101413, "b": 0.12842486577366166}