{"w": 0.014068980664611538, "b": 3.982500377074742e-17}