{"w": 0.3487495648947095, "b": -0.00620856426883982}