{"w": 0.3678334091426106, "b": -0.00701622700933901}