{"w": 0.8238219006257774, "b": -8.898596251225276e-17}