{"w1": 0.7624060941215162, "w2": -1.7686779228261307, "b": 0.02595577390974383}