{"w": -0.3316707898293187, "b": -0.17909351131750875}