{"w": -0.5738190952125892, "b": 0.023254636998785303}