{"cc": 0.7223270724443521, "alpha": 2.8434208211771773e-16, "beta": 0.722327072444352, "mx": -1.5543122344752193e-17, "my": 2.731148640577885e-16, "sx": 1.0, "sy": 0.9999999999999999}