{"w": 0.5255479974323611, "b": 0.032288548583744525}