{"w1": 0.25862548035227967, "w2": -0.7239437292836669, "b": -9.042178963683656e-17}