{"w1": -0.39705462338487757, "w2": -0.31015069006101786, "b": -0.0004547481403310988}