{"w": -0.182350113824984, "b": -5.0017678255058526e-17}