{"w": -0.4218293929443824, "b": -3.528397169734886e-17}