{"w": 0.12057628233452165, "b": 0.12043385835129487}