{"w": 0.20654335106261834, "b": 1.3443016794315968e-17}