{"cc": 0.1729226205652618, "alpha": 1.0578449813852818e-17, "beta": 0.17292262056526184, "mx": -2.120525977034049e-16, "my": -2.6090241078691177e-17, "sx": 0.9999999999999998, "sy": 1.0}