{"w1": -0.5002231305298894, "w2": -0.4154923150183064, "b": 4.250436279161454e-19}