{"cc": -0.2167653407648772, "alpha": 9.626314890315387e-19, "beta": -0.2167653407648772, "mx": 4.440892098500626e-18, "my": 0.0, "sx": 1.0, "sy": 1.0}