{"w": -0.21727651574413404, "b": -0.0016010183747209097}