{"cc": 0.43130430507166956, "alpha": -5.6611727737335546e-18, "beta": 0.43130430507166956, "mx": -1.7763568394002505e-17, "my": -1.3322676295501878e-17, "sx": 1.0, "sy": 1.0}