{"w": 0.3110876875052779, "b": 0.052820054119180365}