{"w1": 0.6531156715206206, "w2": -0.35851712388093077, "b": 5.228755857792846e-17}