{"w1": -0.05048347331346722, "w2": -0.8905321069286244, "b": -5.84469973950227e-17}