{"w1": 1.3125953652702376, "w2": 0.3754580814290467, "b": 0.09909783987487997}