{"w1": 0.7413322429919368, "w2": 0.3382342251770495, "b": -0.01578553542758829}