{"w": -0.06717386878007116, "b": -0.03012516667813988}