{"w": -0.023735368368337912, "b": -3.5448082130623543e-17}