{"w": -0.02157760760757992, "b": -3.5455268917658225e-17}