{"w": 0.38460448489694354, "b": -0.03775816654470378}