{"w": 0.38285323817312966, "b": -0.037536717977895775}