{"w": 0.19338769126791, "b": 0.05487180916205214}