{"w": -0.1912082071996664, "b": -0.027185047961887494}