{"w": -0.21653816397336723, "b": -4.030023979400022e-17}