{"w": 0.7143850351647177, "b": -0.03392351168410597}