{"w": 0.7954020267324613, "b": 1.3826740049932132e-17}