{"w": -0.35411083430402474, "b": 0.15146404346007084}