{"w": -0.27605789260748526, "b": -0.026682888498725396}