{"w": -0.25761268601001097, "b": -0.0402939478503916}