{"w": -0.23362653014329643, "b": -0.040457258675645175}