{"w": 0.5172965039735034, "b": -0.0994440200545923}