{"w": 0.5104293175454495, "b": -0.0704191492865565}