{"w": -0.002385565864561233, "b": 4.0196760709041793e-16}