{"w": -0.19379312548940456, "b": 3.0362455812742186e-16}