{"w": -0.7115990833328812, "b": -2.1306530428875245e-17}