{"w": 0.33726103222535725, "b": -0.05354007978363747}