{"cc": 0.41087548863459983, "alpha": 1.3778839723238123e-17, "beta": 0.4108754886345998, "mx": -1.1102230246251566e-18, "my": 1.3322676295501878e-17, "sx": 1.0, "sy": 0.9999999999999999}