{"w": -0.42868602555310753, "b": 0.12260210048267445}