{"w1": 0.5906887018374418, "w2": -0.06303942942899693, "b": -0.022809173456881993}