{"w": 0.04633425037164718, "b": 0.10481208528759782}