{"w1": 0.8670825551122454, "w2": -0.18464714472187868, "b": 1.0223576814080877e-17}