{"cc": -0.3762064105511327, "alpha": 1.984471842706692e-17, "beta": -0.37620641055113263, "mx": -1.1546319456101628e-16, "my": 6.328271240363392e-17, "sx": 1.0, "sy": 0.9999999999999999}