{"w": -0.37620641055113285, "b": 1.9844718427066896e-17}