{"w": -0.342005827773757, "b": 2.3793626970391188e-17}