{"w": 0.3540194427821252, "b": 0.018218952430066063}