{"w": 0.014541247688539578, "b": 1.84537255906004e-17}