{"cc": -0.008047546155726906, "alpha": -2.3462103939186345e-17, "beta": -0.008047546155726908, "mx": -1.8318679906315084e-17, "my": -2.3314683517128286e-17, "sx": 0.9999999999999999, "sy": 1.0}