{"w": -0.09858555613135478, "b": 0.125816285015784}