{"w": -0.8662339747753295, "b": 0.14229133501936708}