{"w": 0.04750398325552709, "b": 5.644097926428737e-16}