{"w": 0.4299552314598629, "b": -1.1432602940024286e-17}