{"w": 0.4471533582433784, "b": -0.058746647878490446}