{"w": -0.17345282608082283, "b": -0.052706400529254474}