{"w": 0.44931388843654746, "b": 0.12518147972265836}