{"w": 0.8999752022594962, "b": -1.0657755602086981e-17}