{"w": -0.07631359946108496, "b": -0.03597096962954305}