{"w": 0.20276964002123035, "b": -7.959247258976508e-17}