{"w1": 0.011612288289941635, "w2": 0.9812423414024373, "b": 0.01721624531286936}