{"w1": 1.4646462589545544, "w2": 1.3706103289284226, "b": -0.12315526181165913}