{"w": 0.07526549898388017, "b": -7.373379390680793e-17}