{"w": 0.08118020272341991, "b": -0.010983883044496434}