{"w": 0.9561877528997625, "b": -0.0009020860066719649}