{"w": -0.34745600605049354, "b": 1.5237362731981444e-16}