{"w": 0.11545954534764104, "b": 0.07140685523267476}