{"w": 0.008150562017389926, "b": -0.00775224646142802}