{"w": 0.005699577892653237, "b": 5.151583428806968e-18}