{"w": -0.08180726355429498, "b": 0.0985584181035497}