{"w": 0.002823467119920546, "b": -0.003045541973540596}