{"w": 0.0025708400395602297, "b": -0.0028418018415548823}