{"w": 0.284973110646004, "b": -0.1326930928712844}