{"w": 0.30377634035494333, "b": -0.15518500373503813}