{"w": -0.19779364468661603, "b": 1.1111509957853784e-16}