{"w": -0.1865595931934622, "b": -0.5272368642305266}