{"w": 0.8474508509273201, "b": -0.018272488057322407}