{"w": 0.3852786454714487, "b": 0.0021880723611173766}