{"w": 0.4058013550291185, "b": 0.0027935544602865764}