{"w": 0.06270837257491774, "b": -0.03600038214375095}