{"w": -0.09159187797782964, "b": 0.022997043443619466}