{"w": 0.1191113635034657, "b": 0.2023403441097709}