{"w1": -0.3144083763925986, "w2": -0.7669118720694421, "b": -0.010039438498120898}