{"w": 0.7624419273146807, "b": 0.006079238560892156}