{"w": 0.24939150571151214, "b": 0.0625764439838214}