{"w": 0.3230765130782629, "b": -0.008826796430247176}