{"w": -0.0004887992077445851, "b": 0.013039364444454122}