{"w": -0.04880282234140266, "b": -6.485500754649175e-18}