{"w": 0.013694520156551091, "b": 0.021868347449721038}