{"w": 0.013818132772632732, "b": 0.021865695315755607}