{"w": -0.14175636981057319, "b": 0.162029694018958}