{"w": 0.8477512584803752, "b": 0.008827089284408713}