{"w": -0.6333008838852389, "b": -0.0006268350520130979}