{"w": -0.9999999999999996, "b": 2.139954879964989e-16}