{"w": -0.9999999999999997, "b": 1.125141646518557e-16}