{"w": -0.003387958453724269, "b": 0.010285673386992971}