{"w": -0.020391880512823327, "b": -0.0020219047542158752}