{"w": 0.013903776890174966, "b": -0.038902695303313195}