{"w": 0.3466925120848393, "b": -3.1175234696544417e-17}