{"w": 0.43649911088817517, "b": -0.03180505304346745}