{"w": 0.32099480040506034, "b": 0.05823489941149326}