{"w": -0.9680091427265427, "b": 3.224118114908001e-17}