{"w1": -0.08660169611506895, "w2": 1.1406295438065468, "b": 0.0018777647822627594}