{"w": 0.6899127357000224, "b": -0.003407542370216192}