{"w1": -0.6645757214681968, "w2": 0.18517373588246203, "b": 3.586542416135911e-17}