{"cc": -0.8823213224762402, "alpha": -3.7923989604840304e-16, "beta": -0.88232132247624, "mx": 2.4424906541753444e-17, "my": -4.007905118896815e-16, "sx": 1.0, "sy": 0.9999999999999998}