{"w": -0.8599606344526763, "b": 0.04729163438876686}