{"w1": -0.6976001551368151, "w2": -0.31500862554772696, "b": 2.103780069264867e-17}