{"cc": -0.07756147551809371, "alpha": 4.533395520462473e-17, "beta": -0.07756147551809373, "mx": 3.2862601528904633e-16, "my": 1.9845236565174672e-17, "sx": 0.9999999999999999, "sy": 1.0}