{"w": 0.7252656835958194, "b": 0.02524274074810745}