{"w1": -1.3432865901267195, "w2": -0.013140871228325635, "b": -0.05802089795682929}