{"w1": 0.5318365911858493, "w2": 0.388165641391363, "b": 8.580657801395445e-17}