{"w1": 0.2479764978663403, "w2": 0.9572714279089584, "b": -0.02050286724265514}