{"w1": 0.10525197188146711, "w2": 0.37291672161339295, "b": -0.008515233506426106}