{"w": -0.25090783236406466, "b": -0.05212717949795684}