{"w": -0.4686842654287562, "b": 0.01762286951834116}