{"w": -0.5876342144112936, "b": -4.838915893052775e-17}