{"cc": -0.08120649071425322, "alpha": 5.329520624181174e-17, "beta": -0.08120649071425323, "mx": 1.1723955140041654e-15, "my": -4.191091917959966e-17, "sx": 0.9999999999999998, "sy": 1.0}