{"w1": 2.6056900186191276, "w2": -0.3414665280417708, "b": 0.4145598929745995}