{"w1": -1.7363314967699297, "w2": 0.6606943481640167, "b": -0.08013860460218214}