{"w": -0.4807706002305116, "b": -0.24477016615885472}