{"w": 0.4407861175022276, "b": -0.027903725199645606}