{"w": 0.6276558802158618, "b": 7.231144564929445e-18}