{"cc": 0.9249851434308729, "alpha": 6.136719832173795e-17, "beta": 0.9249851434308729, "mx": -2.55351295663786e-17, "my": 3.7747582837255325e-17, "sx": 1.0, "sy": 1.0}