{"w1": 0.05582479360621904, "w2": -0.854516025636771, "b": -0.0191311455387443}