{"w": 0.9999999999999986, "b": 3.441691376337981e-17}