{"w": -0.25589122886506094, "b": 0.05244087450054029}