{"w1": -0.4770988715289402, "w2": -0.5518125047586319, "b": -4.897997238945304e-17}