{"w1": -0.6578377275854789, "w2": -0.6482790034667145, "b": -0.050312610729994885}