{"w": -0.29602274459034644, "b": -0.0746870912864743}