{"w": -0.3474448932598405, "b": 0.013350363147789743}