{"w": 0.861321886615493, "b": 0.007239007356854746}