{"w": 0.14749216902574186, "b": -8.767108230056584e-18}