{"cc": 0.5486920586349091, "alpha": 3.74805229271604e-17, "beta": 0.5486920586349091, "mx": -3.441691376337985e-17, "my": 1.8596235662471373e-17, "sx": 0.9999999999999998, "sy": 0.9999999999999999}