{"w": 0.4667007247021171, "b": -0.02321615253411768}