{"w": 0.5328374272769695, "b": 0.006035511222636182}