{"w1": -0.6148917079146446, "w2": 1.2556004038132542, "b": -0.03382704582372257}