{"w1": -0.23018673082257135, "w2": 0.4415911727148256, "b": -9.596768452128468e-18}