{"w": -0.6751836925236321, "b": 1.948971651357038e-17}