{"w": 0.25314484995865383, "b": -0.14803793314381086}