{"w": 0.2820445271701672, "b": -0.12242164101468583}