{"w": -0.5349131503288732, "b": -2.2204460492503132e-17}