{"w": -0.5879495643405436, "b": 0.008571631731931975}