{"cc": -0.05451382094005847, "alpha": 1.8563989189909109e-16, "beta": -0.05451382094005848, "mx": -1.609823385706477e-17, "my": 1.865174681370263e-16, "sx": 0.9999999999999999, "sy": 1.0}