{"w": -0.053974080138671755, "b": 1.85648580772734e-16}