{"w": -0.7476069319510943, "b": 0.009907712393972217}