{"w1": 0.1792902558511182, "w2": -0.9999238317509147, "b": 0.0169945526690119}