{"w": -0.36340552529314724, "b": 0.0015819813088994185}