{"w": -0.37034946807753594, "b": -2.6398775600549912e-17}