{"w1": 0.17556930115539124, "w2": 0.7081215419886413, "b": 2.813352077973519e-17}