{"w1": 0.5738425049844234, "w2": -2.1090020800296916, "b": 0.05797445508648762}