{"cc": -0.12567777925966755, "alpha": 1.745709629018364e-16, "beta": -0.12567777925966753, "mx": 1.8762769116165145e-16, "my": 1.509903313490213e-16, "sx": 1.0, "sy": 0.9999999999999999}