{"w": 0.11270200495533816, "b": -0.04643984987783209}