{"w": 0.1671463918523863, "b": -0.0010114917159340505}