{"w": 0.4517622467760088, "b": -0.06925188923233815}