{"w": 0.4692124170871067, "b": -0.06870034155055513}