{"w": 0.9608983543589509, "b": 0.0006066404323719233}