{"w": 0.9670805246121972, "b": 0.0005983272109113913}