{"w": -0.39324197970682007, "b": -0.0765054489247643}