{"w": 0.3272914580011008, "b": 2.4188055256521695e-16}