{"w": -0.1335666725958907, "b": 0.0072023380367773745}