{"w": 0.4231436945917228, "b": 0.016086551622688527}