{"w": 0.43011480215294856, "b": 0.00523259281988428}