{"w": -0.8712627476860995, "b": -0.005238315464878026}