{"w": -0.857464455022057, "b": 0.007080179150913857}