{"w": 0.02880212039981902, "b": -0.031957619974446703}