{"w": -0.9552458112953487, "b": -0.008528222554971179}