{"w": 0.032970375970245325, "b": 0.08122397876507748}