{"w": 0.02054628230367954, "b": 0.04253979342855681}