{"w": -0.7084272297260538, "b": 0.04128935169600303}