{"w": -0.42013901476907206, "b": 0.027959512922673884}