{"w": -0.4107325725984064, "b": 0.1019814614060812}