{"w1": 0.6128655303015054, "w2": 0.2634103089334248, "b": -2.6315888444609716e-19}