{"w": 0.5722010653299276, "b": -0.3063724739146658}