{"w": 0.44308170535437386, "b": -0.005457350195383154}