{"w": 0.5128889927372452, "b": 0.009081034540541516}