{"w": 0.4395188265313947, "b": 5.143728311763831e-17}