{"w1": 0.06013236353859437, "w2": 2.6159332110050797, "b": -0.07455568728307907}