{"w1": -0.027415454566441653, "w2": 1.2191615025660698, "b": 0.005604259398635958}