{"w": -0.8691670496343722, "b": 0.038551113535003644}