{"w": -0.8434094025137958, "b": 8.864217641522123e-16}