{"cc": -0.9468887939009798, "alpha": -4.521420022121471e-17, "beta": -0.9468887939009797, "mx": -2.6645352591003756e-17, "my": -1.9984014443252817e-17, "sx": 1.0, "sy": 0.9999999999999999}