{"w": -0.9427187312870741, "b": 0.007837270471400704}