{"w": -0.15415258319203354, "b": 0.038053076535680574}