{"w": 0.42345500338848324, "b": 0.00625678271015432}