{"w": 0.990704076075984, "b": 0.00826846527449123}