{"w": 0.013056112277125331, "b": 0.15628351863686907}