{"w": 0.9999999999489781, "b": 2.1094237467877974e-15}