{"w": -0.003152623866557115, "b": 0.017870083347509436}