{"w": -0.7303800003032859, "b": -2.8315355204315086e-16}