{"w1": 0.5564405171830912, "w2": 0.20606712546649714, "b": 8.774652293175144e-17}