{"w": -0.12276680234408104, "b": 0.029329822648390572}