{"w": 0.11858852105660186, "b": -0.010269667317665565}