{"w": -0.20169196033825326, "b": -0.03649728837412686}