{"w": 0.4182081520335993, "b": -0.09244705952510579}