{"w": -0.447162453050277, "b": 0.13020363006595537}