{"w1": 0.03564069459347673, "w2": 1.8011900520294397, "b": 0.0375178922745063}