{"w1": 7.366206349300008, "w2": 0.296775694484244, "b": -0.5999436215874818}