{"w1": 0.8316376003032655, "w2": 0.0239359272742502, "b": -1.2944846920312717e-16}