{"w": -0.5017791710625124, "b": 2.446678240733442e-16}