{"w1": 1.2213582768897726, "w2": 0.3046554441007135, "b": -0.19805064795842103}