{"w": -0.44926820082118146, "b": 0.0055710085955527205}