{"w": -0.23680109570380026, "b": -0.009755289290028534}