{"w": 0.8022991966056233, "b": 0.017160179702647247}