{"w": 0.7810881117500043, "b": 0.03423444497389326}