{"w": 0.49511462029876446, "b": 0.006733836487450963}