{"w": -0.1308775453448732, "b": 0.005740138530265004}