{"w1": 0.5829695822533775, "w2": 1.7494818833741475, "b": -0.02233539220441813}