{"w": -0.32126685385069015, "b": 0.009753675494138346}