{"w": -0.3149457654693187, "b": -0.0014292257328130439}