{"w": 0.7852852238222677, "b": -0.03129354501736693}