{"w": -0.2674440642003142, "b": 0.013809295408567006}