{"w": 0.45876419938792823, "b": -0.15787300529085227}