{"w": 0.18070070895279985, "b": -0.08935053778980713}