{"w1": 0.4235462100206834, "w2": -2.002479038649114, "b": -0.04115745829750815}