{"w1": -0.0460280441744319, "w2": -0.8116798525182435, "b": 2.1708016626765298e-17}