{"w": -0.07756244871096928, "b": -3.23920660794609e-17}