{"w1": 0.5724484929796866, "w2": 4.358901519135538, "b": 0.9392975205914442}