{"w": 0.028161019320293697, "b": 0.032302890100967804}