{"cc": 0.92879888083644, "alpha": -5.53530529875089e-17, "beta": 0.92879888083644, "mx": 2.220446049250313e-18, "my": -5.329070518200751e-17, "sx": 1.0, "sy": 1.0}