{"w": 0.9278710098266133, "b": -5.5350992699990916e-17}