{"w1": -1.1875809630660523, "w2": 0.09856650455782846, "b": 0.09668696302047167}