{"w": -0.4898366754507344, "b": 0.010839967220242745}