{"w1": 2.6507157267225234, "w2": 0.019158924353722996, "b": -0.035625079757213074}