{"w1": 0.905819404390747, "w2": -0.09242155448642841, "b": 0.012068415551154255}