{"w": -0.4590357623878041, "b": 0.05140063860219202}