{"w": 0.17809409453011582, "b": -0.17472020246254483}