{"w1": -0.6153316094564356, "w2": 0.7341786576506557, "b": 0.004688055540059237}