{"w1": 0.13984075570933677, "w2": 0.35853852656432006, "b": 3.4499996800617295e-17}