{"w": -0.3409738101880863, "b": 1.1169659396045743e-16}