{"w": 0.397185226593721, "b": -0.04385906938902076}