{"w": -0.1621334518068517, "b": 0.14984823694503974}