{"w": -0.1653302182838064, "b": -3.0979414274361416e-17}