{"w": 0.033079142295919406, "b": -0.0029722087565603565}