{"w": 0.6483141329314962, "b": -0.05863170467910051}