{"w": -0.49334070455440665, "b": -8.400605716003466e-18}