{"w1": 0.47196569160110025, "w2": -0.3520663178793238, "b": -0.0009268286336669889}