{"w": -0.5398976402569837, "b": 0.056835947258242724}