{"w": 0.8454768370255916, "b": 0.009410512803241533}