{"cc": -0.11651677734860909, "alpha": -2.2288113178023663e-16, "beta": -0.11651677734860907, "mx": -9.769962616701378e-17, "my": -2.1149748619109232e-16, "sx": 1.0, "sy": 0.9999999999999999}