{"w": 0.05011763982589525, "b": -0.002089345242789569}