{"w": -0.12540038345706025, "b": -0.005320962793243622}