{"w1": -1.0138387202568135, "w2": -0.9284578594293982, "b": -0.003854473787432689}