{"w": 0.5207499557429994, "b": 0.031693225414375636}