{"w": -0.023634368413369123, "b": -0.20577931526198348}