{"w": 0.9125482279235917, "b": 6.381038960283808e-17}