{"w": 0.563636696687142, "b": 8.388997293771757e-17}