{"w": 0.14678229089948727, "b": 0.0651645930389177}