{"w": -0.2332683620436306, "b": -0.24976453421582506}