{"w": -0.055542519484094124, "b": 0.057872916973414595}