{"w": 0.04908028555776485, "b": 0.03170318434285807}