{"w": -0.021668573921943407, "b": 0.003735492039845703}