{"w1": -0.42008553847873725, "w2": -0.6118637356562124, "b": -0.01166228037771791}