{"w": 0.10769563389490384, "b": 0.04179823783397673}