{"w": 1.000000000000002, "b": -2.6090241078690968e-17}