{"w": -0.9328392997162116, "b": 0.0017241590353560014}