{"w": 0.08629174120123699, "b": 1.3252219089526587e-16}