{"w": 0.2679810593418774, "b": 0.17336169887480365}