{"w": 0.1289789804158295, "b": -0.012041751364937237}