{"w": -0.8039356652261709, "b": -0.041510546252792935}