{"w1": 1.219263885081031, "w2": 0.12132527367770884, "b": 0.1086109276642679}