{"w1": -0.8013131209958103, "w2": -1.4988705075260633, "b": -0.11747673223596827}