{"w": -0.26087873925993516, "b": 0.042592905701534574}