{"w": -0.30030918012084185, "b": 0.0009424284204370172}