{"w": -0.2993393826208187, "b": -0.0003351716652696263}