{"w": -0.20528363472322386, "b": -0.0006955548146610078}