{"w1": -0.6225301927915311, "w2": 0.45496233173161016, "b": 0.04778220201097147}