{"w": 0.32592436087917454, "b": 0.015013341105349068}