{"w": 0.40420913101764705, "b": -0.006626420316638723}