{"w": -0.19172851095099303, "b": 1.0889368838916677e-17}