{"w": -0.14752750524157285, "b": -0.18659176742413955}