{"w": -0.10435110565542925, "b": 6.77643442319097e-17}