{"w": -0.16568258966125465, "b": -0.1901715460236042}