{"w1": 1.2093884756882372, "w2": 0.16237545793517366, "b": -0.018657070836811285}