{"w": 0.1218610546409483, "b": 2.1409861772855587e-17}