{"w": 0.10562484973271098, "b": -0.006077968559340562}