{"cc": 0.13222507450614568, "alpha": -9.465290242197688e-17, "beta": 0.13222507450614568, "mx": 7.771561172376095e-17, "my": -8.43769498715119e-17, "sx": 0.9999999999999999, "sy": 0.9999999999999998}