{"w": 0.5541373916218804, "b": -0.01007907962445335}