{"w": 0.605330776672768, "b": 1.7579333108494235e-17}