{"w1": -1.8039188700324484, "w2": -1.0315906958017687, "b": -0.13827308547177047}