{"w": 0.5404627913483979, "b": 3.456772077233207e-17}