{"w": -0.2832327467914325, "b": 4.426133794236871e-17}