{"w": 0.1923288593610522, "b": -7.651838891781054e-17}