{"w": 0.4623458548201682, "b": 2.907887100050602e-16}