{"cc": 0.7197497924136167, "alpha": 7.421428849627808e-18, "beta": 0.7197497924136168, "mx": 2.0539125955565396e-17, "my": 2.2204460492503132e-17, "sx": 0.9999999999999999, "sy": 1.0}