{"w": -0.6107556290092057, "b": 0.07210715838088412}