{"w1": -0.9763679660510796, "w2": -1.1017276989858105, "b": -0.0848704295181345}