{"w1": -3.4507994000784064, "w2": -2.252711782810769, "b": 0.43422696947912254}