{"w1": 0.7098949623727905, "w2": -0.17132675642723139, "b": -8.742658387718951e-18}