{"w": 0.7021818979070368, "b": 0.029682707378898443}