{"w": 0.7950893934334048, "b": 0.006516815173007444}