{"w": -0.008546245793531542, "b": -0.017738098628525156}