{"w1": -1.4094596125559509, "w2": 1.2642321021193366, "b": -0.15709025629452453}