{"w": 0.1039066722634398, "b": 1.066850249659803e-18}