{"w": 0.2181037801965168, "b": 0.01911483841644073}