{"w": 0.041889999718041686, "b": -0.005334874870114227}