{"w": 0.04548309780119133, "b": 0.026397608169900114}