{"w": 0.5767214089446241, "b": -0.08019348016858653}