{"w1": -1.3681290147989873, "w2": -1.0216248334800238, "b": -0.01677165367986705}