{"w1": -0.07978344745310377, "w2": -0.7253976827561576, "b": -1.8780699651080545e-17}