{"w": -0.48933270204379714, "b": 0.12930525187378505}