{"w": -0.5475026804255209, "b": -0.015033810676719668}