{"w1": 0.24049870743354615, "w2": -0.9204197010973033, "b": -0.08064933314097686}