{"cc": -0.25054467323852614, "alpha": -3.346705616299132e-16, "beta": -0.2505446732385261, "mx": 1.1324274851176597e-16, "my": -3.630429290524262e-16, "sx": 1.0, "sy": 0.9999999999999999}