{"w1": -0.38261316799718986, "w2": 0.5128631378923015, "b": -1.625875114960539e-17}