{"w1": -0.409528918537971, "w2": 0.5569098219378252, "b": -1.7667903116599865e-17}