{"w": 0.4453096840195806, "b": 0.1109823699293949}