{"w": 0.3613828175863293, "b": -0.020085179899693197}