{"w": 0.38167296923046096, "b": -0.022035142465396673}