{"w": -0.5568382568808188, "b": 0.035107780326000745}