{"w": -0.672301304906242, "b": 0.22652030495494369}