{"w": 0.9999999999999984, "b": -2.6645352591003694e-17}