{"w": 0.26812026252043725, "b": 0.019305797439114095}