{"w": -0.3259189294769954, "b": -0.018402674940960425}