{"w": -0.3702393506942491, "b": -1.470924349527634e-17}