{"w": 0.29560506514507595, "b": -0.1031289008774255}