{"w": 0.5470942587589277, "b": -0.06856362327881486}