{"w": 0.7059291530506658, "b": 0.014374435603933124}