{"w": -0.5338978766117506, "b": -5.1851119731002397e-17}