{"w1": -0.6128298475850292, "w2": -2.596787799396853, "b": -0.052584822250497196}