{"w": -0.6568080433694365, "b": -0.048446211522451}