{"w": -0.24266622025037562, "b": 0.06015584762294098}