{"w": 0.5024310245240534, "b": 0.00950096009654844}