{"w": 0.57214079195052, "b": -0.040860282677966146}