{"w": 0.5196160497151814, "b": 0.0036019867705568078}