{"w": -0.5075061196086715, "b": 0.005195341231559511}