{"w": 0.9114115575487224, "b": -0.0007493860852051828}