{"w": -0.4355058013277684, "b": -0.006416879849072945}