{"w1": -0.44574343923255577, "w2": -0.54929362756213, "b": 2.67932688151468e-17}