{"w": 0.8641766420675668, "b": -0.10125909475605865}