{"w": 0.5108721667340588, "b": 0.007785737777905921}