{"w": 1.0000000000000253, "b": -1.1268763699945673e-16}