{"w": 0.3156104716227971, "b": -0.012027435066967036}