{"w1": -0.8065097185478823, "w2": -0.8547029047988131, "b": -0.05248564658337968}