{"w1": 0.7540267224050409, "w2": 0.9922819499464947, "b": 0.10242731986899387}