{"w1": 0.41569835710095204, "w2": 0.7882883399894557, "b": 0.006346689736997101}