{"w1": 1.7975218700911877, "w2": 0.569545538075455, "b": 0.044659635162538056}