{"w1": -11.350977152431224, "w2": -33.90095980591404, "b": 1.604294703244917}