{"w": 0.8841349440685963, "b": 0.0046583911888643526}