{"w": 0.03493468678879334, "b": 0.0693946099745426}