{"w": -0.7380563763946129, "b": -2.1262516890505564e-16}