{"w": -0.7856456392356781, "b": 0.011176124235481255}