{"w": 0.48566607417435004, "b": 0.06544278658675677}