{"w": -0.2207553773831103, "b": -0.028200572215978457}