{"w": -0.24416524091323932, "b": -1.3702388317651368e-17}