{"w": -0.1301517261764057, "b": -0.01695179684142622}