{"w": 0.17294751426466579, "b": -1.4218400540017685e-16}