{"w1": -0.33285962255587676, "w2": 0.9386730988393459, "b": 0.0055864539229634694}