{"w1": 0.9690524452828653, "w2": -1.2343847692569678, "b": 0.06784961571362827}