{"w1": -0.07522128772523648, "w2": -0.8252977207257098, "b": -1.251737311777957e-17}