{"w": -0.020925558359214246, "b": 1.1609180119837135e-16}