{"w": -0.3099965890270817, "b": -0.13482711075209375}