{"w": -0.28443835148710706, "b": 0.12391234041902292}