{"w": -0.29027425844095883, "b": 0.1485048138871109}