{"w": 0.9200442326762985, "b": 0.035882553413146244}