{"w1": 1.289364882683058, "w2": 1.1725880501355568, "b": 0.005248889968826761}