{"w1": 1.05980224666959, "w2": 0.7142116473495805, "b": 0.04314174523467371}