{"w": 0.21360839872126886, "b": 0.16585398020508405}