{"w": -0.18764954679092177, "b": -0.007157199196438552}