{"w": 0.47258308056892956, "b": 0.024658883865792906}