{"w": -0.673617468723211, "b": -6.3372266474738675e-18}