{"w1": -0.033114407063381986, "w2": -0.5106861463901735, "b": 3.0616677976291053e-17}