{"w": 0.9999999999999942, "b": 7.93809462606989e-17}