{"w": -0.07630701209051631, "b": 0.15862486757537006}