{"w1": 1.4267165744972123, "w2": 2.1520196859765908, "b": 0.050243453803600624}