{"w": 0.27649348775903126, "b": -0.003160791894242136}