{"w": 0.29462891208075953, "b": -0.02735578075597901}