{"w": 0.008301377113841208, "b": 0.021220019158198527}