{"w": 0.03853083370525117, "b": -0.19679588528031147}