{"w": -1.0000000000000018, "b": -1.776356839400257e-17}