{"w": -0.06322749903199129, "b": 1.9677381984770996e-17}