{"w": 0.05163741256998435, "b": -0.20112147948864262}