{"w": 0.2924988490796889, "b": -0.1253478951345394}