{"w": 0.30609113860846293, "b": 5.38208196505503e-17}