{"w": -0.0319017085105436, "b": 0.0013150753503236253}