{"w1": -0.196990800985991, "w2": 0.9598188058435326, "b": -0.00557450695848094}