{"w": 0.35655204584472794, "b": -0.30509489619545543}