{"w": 0.4308581132957971, "b": 0.03237598051156912}