{"w": 0.37568716229356547, "b": 0.001419049886047716}