{"w": -0.46389174768689256, "b": 3.605163094509143e-18}