{"w": 0.4353883543681032, "b": 0.030603964489973712}