{"w": 0.46959478427748763, "b": 0.010047141212446646}