{"w": 0.1388062352449766, "b": -2.5321363438652364e-17}