{"w": 0.14820236580985147, "b": 0.009186832360583132}