{"w": -0.14081000643672734, "b": -0.12434878652428434}