{"w": 0.4247321628338527, "b": -0.16935895731126618}