{"w1": -0.4222899786340735, "w2": -1.7361191584272493, "b": -0.11285031737407011}