{"w1": -0.40186634838808766, "w2": -0.43205120628121096, "b": 2.9202550852885665e-17}