{"w": -0.23340877535369023, "b": 0.0351029323242781}