{"w1": 1.511584103763422, "w2": -0.8579275583754994, "b": 0.007090520492751828}