{"cc": -0.3093893672747554, "alpha": -2.35784252889937e-17, "beta": -0.30938936727475536, "mx": -4.440892098500626e-18, "my": -2.2204460492503132e-17, "sx": 1.0, "sy": 0.9999999999999998}