{"w1": 0.6939696284965569, "w2": -0.19830302895636615, "b": 4.380589712224368e-17}