{"w1": -1.1915615227312792, "w2": -1.5560833621666996, "b": 0.03502497857321146}