{"w1": 0.1627981165134321, "w2": 0.8097064940829057, "b": 3.593024753591058e-17}