{"w1": 0.11926658822058131, "w2": 1.153758665735242, "b": 0.0603547150648968}