{"w": -0.10808179946645177, "b": 4.073664826492568e-17}