{"w": -0.316083178573395, "b": -0.003608655036905585}