{"w": 0.3717268069127506, "b": -0.16401142580277228}