{"cc": -0.15109839233520816, "alpha": -2.5678493271320598e-17, "beta": -0.15109839233520814, "mx": 2.1094237467877975e-17, "my": -2.886579864025407e-17, "sx": 1.0, "sy": 0.9999999999999998}