{"w1": -0.2746442533949208, "w2": -1.606904305971907, "b": -0.08752784405769866}