{"w1": 0.13252004816130333, "w2": 1.152752988484449, "b": 0.03606087369504316}