{"w": 0.06054215703179222, "b": -0.004159113018647751}