{"w": 0.4821455162480983, "b": 0.03414703358143845}