{"w1": 0.023975447110540924, "w2": 0.5686206241818631, "b": 1.8775160221080015e-17}