{"w": -0.32637039545798197, "b": 0.279908232656743}