{"w1": -2.0409360874090683, "w2": -1.16496843190681, "b": -0.19705207045499057}