{"w1": 1.250120193597954, "w2": 0.921084804366632, "b": 0.14583341347407236}