{"w1": -0.36221205448108895, "w2": -0.9111171866735582, "b": 0.002822164298673533}