{"w": 0.1904667315487497, "b": -1.9175106163611676e-16}