{"w": -0.42151168524950894, "b": -0.03174408712498412}