{"w": -0.46106792299029536, "b": -0.03210821869077741}