{"w": -0.9999999999999996, "b": -6.106226635438361e-17}