{"w": -0.12096221635800944, "b": 0.02234148572641334}