{"w": 0.24332910081623677, "b": -0.04152435382087706}