{"w": -0.05460501262358825, "b": -0.0034856690315234525}