{"w1": -0.943508185498786, "w2": -0.92558174852604, "b": 0.11448343829270108}