{"w": -0.2644091711966644, "b": 1.3845793020557852e-16}