{"w": 0.6493584239569282, "b": -0.08376889936611558}