{"w": -0.259373310857857, "b": -2.0968616108479568e-16}