{"w": 0.482065790297436, "b": -1.0604935076508347e-16}