{"w1": -0.325397829516785, "w2": -2.505691514232712, "b": -0.2556528659618301}