{"w": 1.0000000000000007, "b": 8.312794896880864e-17}