{"w": 0.21317460634464122, "b": 0.24408582972923898}