{"w": 0.2157666952793181, "b": 2.2066953691134164e-16}