{"w1": -0.4963037465235738, "w2": -0.44534949388131695, "b": -1.2517478997452344e-16}