{"w1": -0.7166689937226733, "w2": -0.6181665789367708, "b": -0.00591370525639924}