{"cc": 0.26489421913796507, "alpha": -6.876057464828258e-17, "beta": 0.264894219137965, "mx": -4.218847493575595e-17, "my": -7.993605777301127e-17, "sx": 1.0, "sy": 0.9999999999999998}