{"w": 0.26227150409699507, "b": -6.887122299605218e-17}