{"w": 0.2646295895484166, "b": -6.877173896708851e-17}