{"w": 0.6987412742373451, "b": 0.06504002466999118}