{"w": 0.514401700859735, "b": -0.02302864169441607}