{"w": -0.13185190061842736, "b": -0.001956285603304172}