{"w": -0.09383842982908151, "b": 0.04409656991817963}