{"w": 0.24343764452750458, "b": -6.6321954351855825e-18}