{"w": -0.9902060537810075, "b": -0.022840266317598827}