{"w": -0.8581556450900507, "b": 0.007876728154825926}