{"w": -0.8539367621667261, "b": 0.007505096754307493}