{"w": -0.8468905520778724, "b": 0.0004557541916912671}