{"cc": 0.435122170345866, "alpha": 9.308222337299663e-17, "beta": 0.43512217034586614, "mx": -1.9095836023552692e-16, "my": 9.992007221626408e-18, "sx": 0.9999999999999997, "sy": 1.0}