{"w": 0.5369386249797952, "b": 0.07090384937099854}