{"w": -0.1536076861295474, "b": -0.08176920492875334}