{"w": 0.2934162193959472, "b": -0.049497469171779995}