{"w1": -0.8110375839027234, "w2": -0.9573537297992566, "b": -0.06287003379800915}