{"w1": -0.793673185594681, "w2": -0.14463590232137932, "b": -4.809241850256284e-18}