{"w": 0.7221508062013274, "b": -1.4468158290709228e-17}