{"w1": 0.20176552250323332, "w2": -1.3020068011290211, "b": -0.044344151560596665}