{"cc": 0.6692271164338455, "alpha": 7.600473750778642e-19, "beta": 0.6692271164338455, "mx": -7.771561172376097e-18, "my": -4.440892098500626e-18, "sx": 1.0, "sy": 1.0}