{"w": 0.6642372564438956, "b": -0.002631010218198159}