{"w": 0.6677434114791296, "b": -0.0025996078123168807}