{"w": 0.05388123114880538, "b": 0.02903636998998039}