{"w1": 1.2082004981040384, "w2": 0.6481310506899609, "b": -0.11760185572217387}