{"w1": 0.5219357265145608, "w2": 0.3689511700107123, "b": -0.019555832736019862}