{"w": 0.27341804515679174, "b": -0.06952098249666054}