{"w": 0.2717754854216968, "b": -0.04994421278814387}