{"w": -0.01948759691304226, "b": 2.6147734278891863e-17}