{"w": -0.6169055864620774, "b": 0.04742711660670851}