{"w": -0.7542818871012037, "b": -0.010448988772614916}