{"w": 0.3649192890447581, "b": 0.0037389335819137154}