{"w1": -0.3946050135693779, "w2": -0.41304581039328486, "b": -0.0009944068935529623}