{"w": -0.7866121142787946, "b": -3.112258387974272e-19}