{"w1": 0.2667948266479485, "w2": -0.49327369976335544, "b": -0.002858059803329383}