{"w": -0.542679731872816, "b": -5.277608388911823e-17}