{"w1": -2.224441485741686, "w2": -0.7416289241531381, "b": 0.015025051471362802}