{"w1": -0.2628209255157405, "w2": -2.3348359006952815, "b": -0.15019409410393958}