{"w": 0.3481607691859885, "b": -9.298949645182478e-18}