{"w": 0.40066549065660034, "b": 0.0031773540534430385}