{"w": 0.14024971604272155, "b": -4.28923638995101e-17}