{"w": -0.972279931971058, "b": 5.011852648679858e-17}