{"w": 0.5491741133253313, "b": 1.5388424656026227e-16}