{"w": 0.5436155785791174, "b": -0.0006208154785115614}