{"w": -0.0924114903528153, "b": 3.3757795631046596e-17}