{"w1": -0.4774704531579679, "w2": -0.47717182336453845, "b": 2.1183391795272055e-17}