{"w1": 3.413527719438224, "w2": -1.3167695718531767, "b": -0.004768896524043741}