{"w": -0.011756914261467138, "b": 8.960969645168814e-17}