{"w": 0.9999999999999999, "b": -2.5035529205297274e-16}