{"w": 0.32145105276514807, "b": -0.03376802912119154}