{"w1": -0.6021127317941088, "w2": -0.31398009086685513, "b": -5.327232911595869e-17}