{"w": -0.46473197323622584, "b": 0.0010367724702951883}