{"w1": -0.5464081949632124, "w2": -0.05564943760723784, "b": 3.5639706445306585e-17}