{"w": -0.3176904844648244, "b": -0.05739162017973721}