{"w": 0.1741502557040174, "b": 0.004474040453615602}