{"w1": 0.2151500350145577, "w2": 0.27400678776050996, "b": 2.325771478198491e-17}