{"w": -0.7365807311335111, "b": -0.0029465213246239364}