{"w": 0.16065428186469158, "b": 0.1959793801621582}