{"w": 0.20123628918258996, "b": -0.04147461061701514}