{"w": -0.2837975787280492, "b": -5.293725371739685e-17}