{"w1": 0.8293737720439782, "w2": -0.3431113298058025, "b": 9.32142597479944e-17}