{"w1": 1.2506185999834003, "w2": -0.4886063702199074, "b": -0.010486473849172425}