{"w1": 1.107157604408002, "w2": -0.5054327277524064, "b": -0.012719543552320946}