{"w1": 0.00957283045484236, "w2": 0.5884317152977994, "b": 0.016210409834727678}