{"w": -0.19735302854113573, "b": 0.08354037248386083}