{"w": -0.21760528021089443, "b": -0.017239655948101194}