{"w": 0.5682315961890803, "b": 0.001052949006027126}