{"w1": 0.4302881440936766, "w2": 3.2812269181475044, "b": -0.1478694551884287}