{"w1": 0.3206854314301096, "w2": 2.6827864890861206, "b": -0.026930520977869313}