{"w": -0.3004587280256962, "b": 0.06545872916938678}