{"w": -0.037994736372995316, "b": -0.010498771652526254}