{"w": 0.7088259153374168, "b": 0.017193344101516086}