{"w": -0.11378081870300547, "b": 0.02850949665800148}