{"w": -0.12510652589770804, "b": 0.04681375191340275}