{"cc": -0.18548356091594514, "alpha": 1.9274520867082198e-17, "beta": -0.18548356091594514, "mx": -2.0733414984874798e-16, "my": 5.773159728050814e-17, "sx": 1.0, "sy": 1.0}