{"w": 1.0000000000000002, "b": -4.8572257327350796e-18}