{"cc": 0.2756201608718879, "alpha": 3.509957198324954e-17, "beta": 0.2756201608718879, "mx": -2.6645352591003756e-17, "my": 2.7755575615628914e-17, "sx": 1.0, "sy": 1.0}