{"w": 0.2777025504460996, "b": -0.05806695632162213}