{"w": 0.35457090070112424, "b": -0.07460131194573581}