{"w": 0.25146982412059793, "b": 0.008510099590195745}