{"w": -0.14465464685105314, "b": 0.05799388927138012}