{"w1": -0.428378500731218, "w2": 3.3528723734357473, "b": -1.197712317248441}