{"w": -0.3827415008630444, "b": -1.9168536759790566e-17}