{"w": -0.0062255122790802015, "b": 0.006168336871588064}