{"w1": 0.8802743491812334, "w2": 1.1187475345320106, "b": 0.052469491723089755}