{"w": 0.26289053662810363, "b": 0.003969376495030149}