{"w": 0.2615936140187659, "b": 0.0038765016408054236}