{"w": 0.4685803885809001, "b": -0.10460013118684115}