{"w": 0.4642181153495286, "b": -0.06796543343085293}