{"w": -0.2952530214003709, "b": 0.13830990409076283}