{"w": -0.37317220104331666, "b": -0.005327477498858759}