{"w": -0.3909523592117489, "b": -0.005284797018609302}