{"w1": 0.41479289546631426, "w2": -2.2445111474783648, "b": -0.16019012569596103}