{"w1": -0.662484576853484, "w2": -0.7065011590886514, "b": -0.004365906989958712}