{"cc": 0.7355410185835978, "alpha": -8.523964970439378e-18, "beta": 0.7355410185835978, "mx": 5.551115123125783e-18, "my": -4.440892098500626e-18, "sx": 0.9999999999999998, "sy": 0.9999999999999998}