{"w1": -0.5024969854041001, "w2": -0.2450518541140345, "b": -0.0021887316587766593}