{"w": -0.33790886171347956, "b": -0.012074995797850792}