{"w1": 0.04880156803926266, "w2": 0.045454849107532135, "b": -1.7452993371528924e-18}