{"w1": 0.04656686997828444, "w2": 0.04332382420746045, "b": -4.5630273901031693e-07}