{"w": -0.3984241446643343, "b": 2.4698088420716897e-17}