{"w": -0.2889711509182662, "b": 0.013340907551831597}