{"w": 0.1510161144405525, "b": -0.00012434871984644247}