{"w": 0.3153901769714159, "b": -2.322965222210644e-17}