{"w": 0.3477486947411198, "b": 0.05269572084557024}