{"w1": -0.9963268324931566, "w2": -1.2132669230916724, "b": 0.05586341420551119}