{"w": -0.26231956724235395, "b": -1.109748640155994e-16}