{"w1": 0.3408659000214968, "w2": 1.4470010313514174, "b": 0.05604305441888085}