{"w": 0.4848711508765229, "b": 0.054587256762059805}