{"w": 0.6093978948780376, "b": -0.020499475467720137}