{"w": -0.6675804365293725, "b": 0.00014701645000883903}