{"w": -0.03445308311236957, "b": -0.011636840943705833}