{"w": -0.17978968029364603, "b": 0.0013791341182177314}