{"w": 0.8769797366813746, "b": -0.020593954312716073}