{"w": -0.4992676487043274, "b": 0.007883883982821817}