{"w": -0.4981571106297275, "b": -1.0196456069939304e-16}