{"w": -0.5026360456903344, "b": -1.023922057467805e-16}