{"w": 0.32765658284118354, "b": 0.008010584587029924}