{"w1": -0.01626636233427824, "w2": 0.7027055885790898, "b": -0.024949623807178002}