{"w": -0.13745636055229568, "b": 4.547717149957062e-17}