{"w": -0.6220362054668623, "b": -0.024102959209605007}