{"w": -0.5661026213893026, "b": -0.010674162585999328}