{"w": -0.733896932501154, "b": 0.007046713088453985}