{"w": -0.17981786414883252, "b": 3.992758660339047e-19}