{"w": 0.5464460682240525, "b": -0.005549529600437529}