{"w": -0.0011173961717622673, "b": -0.42043687419915315}