{"w": 0.13675482149274107, "b": -0.0013819058890483411}