{"w": -0.5142343686965716, "b": 0.3849247698036033}