{"w": -0.271749447297229, "b": -0.01520370512881089}