{"w1": 1.391263297907788, "w2": -2.8964097538191904, "b": 0.49716458371208444}