{"w": 0.13376695571594144, "b": -2.084171743218647e-16}