{"w": -0.03886819694408584, "b": -0.06661546658386135}