{"w1": 0.2553102353458405, "w2": -0.5318149709174109, "b": -1.3246278576061672e-17}