{"w1": 2.5276606720891297, "w2": -0.10731253420758179, "b": -0.08167660664455254}