{"w": -0.7415838823986444, "b": 5.130768254874453e-17}