{"w": -0.7442111950241123, "b": -0.002163228201303668}