{"w": -0.45888027095813166, "b": -0.09662255848908721}