{"w1": 0.8150735177552719, "w2": 1.5686876287497828, "b": 0.5210322688721138}