{"w1": 0.2803279033444394, "w2": -2.5224535387470293, "b": -0.17574849206313475}