{"w": 0.4147199041901719, "b": 0.05621034730642045}