{"w": 0.5283213610307254, "b": 5.44592306623267e-18}