{"w": 0.49059180159783944, "b": 0.07634348708248252}