{"w": 0.922548685473758, "b": -4.5085390846187034e-17}