{"w": -0.07871746264940357, "b": -0.15275282885112537}