{"w": -0.10851922754918444, "b": 0.08575623580419008}