{"w": -0.5874067810077542, "b": 1.2492078904463483e-17}