{"w1": 0.3205673905764184, "w2": -0.6335530167113683, "b": -6.977348929944166e-17}