{"w1": 0.988446018541832, "w2": -0.2546701227301781, "b": 0.05112500301921219}