{"w1": 1.3228091735256458, "w2": -0.42555511774852917, "b": -0.01992104159479126}