{"w": -0.26661615331813704, "b": -4.2781322936296347e-17}