{"w": 0.9697161646030943, "b": 0.004554467183551296}