{"w": -0.07871521334775257, "b": 6.21087043377676e-17}