{"w": -0.2494101492210517, "b": -0.09225544689952064}