{"w": 0.4510573410681906, "b": 9.076793370043325e-17}