{"w1": -0.22170319902092725, "w2": 0.5734513351763723, "b": -0.0006184787049158605}