{"w": -0.4985329471407291, "b": 4.960170981833701e-18}