{"w": -0.5087110865624311, "b": -0.004968424326318652}