{"w1": 0.46016925231064204, "w2": 0.49468767709914685, "b": -6.340168909432949e-17}