{"w": 0.9524243721716522, "b": 0.021425267103637763}