{"w": 0.9250424719007445, "b": -0.0062159073991815295}