{"w": -0.007589427323168666, "b": -3.698033753898541e-16}