{"w": -0.35101969061768384, "b": -0.11061126272730491}