{"w": -0.140106801175175, "b": -8.714065012070116e-18}