{"w": -0.12749718906940927, "b": -8.854059828984247e-18}