{"w1": 1.2618032281423988, "w2": 0.20015645361186352, "b": -0.030336478311005555}