{"w1": -1.8842850486423923, "w2": -1.3466723279161936, "b": 0.06020950621305676}