{"w1": -0.9599498531841016, "w2": -0.5286688455030834, "b": -0.07601644801776145}