{"w1": -1.0023351328736547, "w2": -0.5478438213718015, "b": -0.08315915787567751}