{"w": 0.371681318304166, "b": 0.006318550056755983}