{"w": 0.04880094859601826, "b": -0.0519069967975874}