{"w": 0.42424383656156556, "b": -8.01063948937961e-17}