{"cc": -0.31704809952921026, "alpha": 1.3322676295501878e-17, "beta": -0.3170480995292102, "mx": 0.0, "my": 1.3322676295501878e-17, "sx": 1.0, "sy": 0.9999999999999999}