{"w": -0.31089034497772317, "b": -0.004094446827521752}