{"w": 0.4577234698494584, "b": -0.004945000763541156}