{"w": -0.48686739700676834, "b": 0.026386063958653783}