{"w": -0.6285936801029893, "b": -0.0033811691153499243}