{"w": 0.9697378200386966, "b": -0.004250901695228598}