{"w": -0.31270843918375507, "b": 0.01703269106860715}