{"w": -0.31846114873002596, "b": -0.0039709978831270745}