{"w": 0.3151323432735845, "b": 1.3317501480512392e-17}