{"w": 0.14320390671634556, "b": -0.03492377567756764}