{"w1": -0.6853687795123581, "w2": 0.08814048315518533, "b": 0.031537071919364695}