{"w": 0.24829258157000283, "b": -0.2688496845717636}