{"w1": -3.6639851776050336, "w2": -2.963918387698295, "b": -0.8290918994700182}