{"w1": 1.061928078003523, "w2": 0.7172404061025988, "b": -0.22009039102296069}