{"w": -0.41953766649536045, "b": -0.04845292923348346}