{"w": 0.13607148762010282, "b": -2.8653465503942015e-17}