{"w": 0.38826160607465365, "b": -0.02894575633349618}