{"w1": -0.06145821567617794, "w2": 2.5290230413985775, "b": 0.5212960617547023}