{"w": -0.5430658875129674, "b": -0.002314584336949508}