{"w": 0.27214834771729773, "b": -0.0366256949202384}