{"w": 0.5067049494214191, "b": 0.001018753300008132}