{"w": 0.4441124082193119, "b": -3.119706923843847e-17}