{"w": 0.6194552664693315, "b": 0.024890887680960372}