{"w": -0.5149171297280545, "b": -0.058115476774655006}