{"w": -0.4963447668875766, "b": 1.3983128736730473e-16}