{"cc": -0.971145222593218, "alpha": -4.802570514030164e-16, "beta": -0.9711452225932182, "mx": 2.2204460492503132e-17, "my": -5.018208071305707e-16, "sx": 0.9999999999999998, "sy": 1.0}