{"w1": -3.865692873295774, "w2": -2.03324515122552, "b": -0.12418129696166261}