{"w": 0.1868998228029224, "b": -0.008817627465664474}