{"w": -0.3270259955136613, "b": 0.06648934580870813}