{"cc": 0.26114852398669863, "alpha": 4.5354853534275966e-17, "beta": 0.26114852398669863, "mx": -5.995204332975846e-17, "my": 2.969846590872294e-17, "sx": 0.9999999999999999, "sy": 0.9999999999999999}