{"w1": -0.4714143749789624, "w2": -0.4374274372363037, "b": -4.853800264451775e-17}