{"w": -0.01736293201104632, "b": -5.257468473698786e-17}