{"w": -0.017345586424621716, "b": -5.2576647795277295e-17}