{"w": -0.0052091953696545654, "b": -0.003181927121812665}