{"w": 0.254788867752602, "b": 0.04904708320449277}