{"w": -0.19148840003683992, "b": -0.013240623235968196}