{"w1": -0.46022060920883967, "w2": -0.537700582798178, "b": -1.1956301820386172e-16}