{"w1": -0.8845632995344438, "w2": -1.352402238937156, "b": -0.0007839053667726414}