{"w1": -0.4525521772112132, "w2": -1.547016608725952, "b": -0.03406439702148711}