{"w": 0.039068983067647674, "b": -0.04516003603524296}