{"w": 0.22741359772680964, "b": -0.007093927265491434}