{"w": -0.7673014757196398, "b": -1.8174630223466764e-16}