{"w": -0.7581883659342811, "b": -0.08488417127534958}