{"w": -0.1719700940252915, "b": 0.13479909917173116}