{"w1": 10.36658802121089, "w2": 41.850932434919116, "b": 3.11610791220489}