{"w1": 0.25757810029856193, "w2": 0.7325158986673921, "b": 7.732956259858551e-17}