{"w1": 0.8757536517870381, "w2": 3.408218235793421, "b": 0.28779408311161714}