{"w": 0.28346389128425786, "b": 0.004797451545528346}