{"w": -0.2535651073772162, "b": -0.030767971565760284}