{"w1": -0.08816245461995433, "w2": 1.5625238980656257, "b": 0.015437096689683974}