{"w1": -0.3464509647513916, "w2": -1.7776548140553015, "b": 0.006159103834230239}