{"w": 0.6987258666465163, "b": -2.2776889707038995e-16}