{"w1": -0.5520885751086666, "w2": -0.7166091936901351, "b": -0.09896595004650338}