{"w": 0.07782481543163251, "b": -0.120795010220223}