{"w": -0.3029538474376123, "b": 0.009000265437194033}