{"cc": -0.6615473599607526, "alpha": 3.302913498259841e-16, "beta": -0.6615473599607526, "mx": 0.0, "my": 3.302913498259841e-16, "sx": 1.0, "sy": 1.0}