{"w": -0.40885493017127944, "b": 0.15761533576572997}