{"w": -0.4711915994157094, "b": -2.506458153437953e-17}