{"w": -0.49021129265223523, "b": -0.0016989662519025501}