{"w": -0.39485109025036597, "b": -2.9614008709952547e-17}