{"w": -0.29496923101679196, "b": 1.1548087280871936e-16}