{"w": -0.27820317633033553, "b": -0.014665081817946297}