{"w": 0.21238072708162228, "b": -0.15005677582485874}