{"w": -0.04519234754543516, "b": 0.017744891486404436}