{"w1": -0.459846161356354, "w2": -0.2667028356226242, "b": -3.681854846462027e-17}