{"w1": -0.8680110148170093, "w2": 0.19884059791651268, "b": 5.263592694798331e-19}