{"w1": -0.7046300099788984, "w2": -1.3712656232255274, "b": -0.13274376549611083}