{"w": -0.5653494506177953, "b": 1.1329169591473315e-17}