{"w": -0.48805006522851285, "b": 0.07677098545668935}