{"w1": -0.7130048085451479, "w2": 0.014045933161655817, "b": 1.2089298686685581e-18}