{"w": -0.45041938623646866, "b": 0.007723940550141504}