{"w": -0.3519923602928143, "b": -0.03817113404126367}