{"w": -0.17663832306600868, "b": 9.161944854860042e-05}