{"w": -0.9999999999999986, "b": 3.0864200084579325e-16}