{"w": -0.05818311988730309, "b": 0.0507831476127152}