{"w": 0.4834683355371305, "b": -4.257615369904457e-17}