{"w": -0.8991382028424476, "b": 0.017205880827455933}