{"w": -0.22302227736980398, "b": 1.4229209116794057e-17}