{"w": 0.15831621112877617, "b": -0.010845794032194107}