{"cc": -0.19671614795984932, "alpha": -2.5666852996757387e-17, "beta": -0.19671614795984932, "mx": -4.4408920985006264e-17, "my": -1.6930901125533637e-17, "sx": 1.0, "sy": 1.0}