{"w1": -0.5478971837939861, "w2": -0.8917063220976864, "b": 0.024390435244134263}