{"w": -0.14157705444260762, "b": -0.02965520601979244}