{"w": -0.11579559181524825, "b": -0.04544409871656238}