{"w": 0.9977809269388355, "b": -0.001434686980380578}