{"w": 0.8983964888069553, "b": -5.009355523663923e-18}