{"w1": -1.1683073561283621, "w2": -1.4413225995795464, "b": -0.08237356234351673}