{"w": -0.5719155211107878, "b": -0.010871164152507287}