{"w": -0.03756941424141922, "b": 0.0029059032707736535}