{"w": -0.04139347393611544, "b": 0.02460495935193938}