{"w": 0.051162592276049204, "b": 0.032533280802789166}