{"w": -0.038408629593551694, "b": -0.08157626954948467}