{"w1": -0.9517724967743127, "w2": -0.2223026078622163, "b": -0.10255376699432284}