{"w": 0.07437361681064429, "b": -4.8017805592197625e-17}