{"w": 0.07074428643703454, "b": 0.015622699915879019}