{"w": 0.9670452676996651, "b": 0.011739009000937384}