{"w": 0.25400012284694434, "b": 0.0011370126924613068}