{"w": -0.13146953251976592, "b": 2.265014136048272e-16}