{"w": 0.9999999999999997, "b": 2.6811886044697526e-16}