{"w": 0.24475106885280382, "b": -0.18079105537670556}