{"w": 0.47517327420071737, "b": 8.06258303903708e-18}