{"w": 0.517515447149296, "b": 1.135323091144915e-17}