{"w1": 0.11057330579557789, "w2": -0.6548776827335194, "b": -3.0733708750702567e-17}