{"w1": 0.07367745795395567, "w2": -0.7403043439631833, "b": -4.0725342601161845e-17}