{"w": -0.08171542029653901, "b": 0.09515866360920044}