{"w": -0.20414678519100363, "b": 0.079472780249494}