{"w": 0.8373550148558069, "b": 0.0049543106313805485}