{"w1": 1.0961768449041944, "w2": -0.4833764487539933, "b": -0.03154292510193514}