{"w1": -0.17698480582616594, "w2": -0.7017632806665516, "b": -0.005919501771955872}