{"w1": -0.1919779703347762, "w2": -0.7505035274401848, "b": -0.010232259895093064}