{"w1": 3.2101249974732378, "w2": -1.0250021187261678, "b": -0.5488145126928072}