{"w": -0.3929718217625672, "b": 3.88773129751314e-17}