{"w1": 0.016853137279054874, "w2": -2.2286856221203664, "b": 0.0065721321950354475}