{"w1": 0.07313839913964844, "w2": -0.6740355989888973, "b": 0.004895524899950329}