{"w": -0.47731664545790287, "b": -0.10956697630825589}