{"w1": 0.7914745377043638, "w2": -0.24232732973745152, "b": -2.3243550011791136e-17}