{"w1": 0.7821429815362843, "w2": -0.23651156124098405, "b": -2.2782271430002606e-17}