{"w": 0.7190926778320946, "b": -1.0976314001056394e-18}