{"w": 0.6088880512231141, "b": -0.034379553220826975}