{"w": 0.6955348342580335, "b": 0.013012916500094722}