{"w": 0.5635234560345831, "b": -3.793408382241347e-17}