{"w": -0.02344615257611402, "b": -0.009342920817808326}