{"w": -0.33840968923829373, "b": 3.3540106504312095e-17}