{"w1": -0.13061951474271216, "w2": -1.0681519486160473, "b": -0.06759265290345223}