{"w": 0.8227130453210604, "b": -0.0012300812523242215}