{"w": 0.34611445678176855, "b": -0.08387207227127198}