{"w": -0.26195571788153377, "b": 0.12852709932820278}