{"w1": 0.47297643876127227, "w2": -0.1868800679857766, "b": 2.876029942863599e-17}