{"w": -0.14623515134487372, "b": 7.278765872916247e-17}