{"w": 0.8488113477647207, "b": -0.028397048276456206}