{"w": -0.3638081520659951, "b": -7.167272360548113e-18}