{"w": 0.5565113360440694, "b": 0.0014638864604415922}