{"w": 0.040041761587010304, "b": 0.02584827334453325}