{"w": 0.01206439156698802, "b": 0.07306013559449415}