{"w": 0.7652209510476876, "b": 7.05669839112053e-17}