{"w": 0.23010962127298043, "b": -3.716353793600021e-16}