{"w": -0.033764180329439904, "b": -0.0012769483962033123}