{"w": 0.7013948733466384, "b": -0.050928632979761135}