{"w": 0.07021436702208717, "b": -0.03264133549567273}