{"w": 0.16940478568084888, "b": -0.13248760893696643}