{"w": 0.6237557573216516, "b": 0.00623491454095618}