{"w": 0.22069572630008663, "b": 0.07064635526635601}