{"w": 0.5158351346706751, "b": -0.01013456992597945}