{"w1": 0.34222622706687067, "w2": 1.3209681462806657, "b": -0.047357528865688704}