{"w": -0.9044979918730428, "b": 3.537168884190317e-17}