{"w": 0.15821748214213513, "b": 0.18183072568898}