{"w": 0.26131623631588774, "b": -0.02182074309681596}