{"w": 0.34655320766274855, "b": -0.15743400961738932}