{"w": 0.2092454483237597, "b": -5.086768423768e-17}