{"w": 0.32688009080826136, "b": -0.14133068822829514}