{"w1": -0.8649389249489928, "w2": -0.7048093515793993, "b": -0.06290576187383588}