{"w1": -0.1342012012276428, "w2": -4.6324074296651805, "b": -1.2116283363753428}