{"w": -0.2744289323480991, "b": 0.01924345784278083}