{"w": 0.27040605613044716, "b": -0.0008781167011660054}