{"w": 0.2408329011828189, "b": -0.21229717227208514}