{"w": 0.2560513522631592, "b": -0.19527635073019622}