{"w1": 0.876703481847724, "w2": -0.19811814553651563, "b": -0.015674281406732105}