{"w": -0.2374656649067663, "b": 0.084210929335556}