{"w": 0.26075640564695757, "b": -0.16044132244858356}