{"w": 0.9999999999999993, "b": -6.106226635438359e-17}