{"w1": 0.26820035751773214, "w2": 0.8092717928882871, "b": 0.01810712130979503}