{"w": -0.10151460334715652, "b": -0.10615170096545129}