{"w1": -1.167526120664843, "w2": -2.622915315729224, "b": 0.8297101234006713}