{"cc": 0.17346961368743413, "alpha": -7.628819616744698e-17, "beta": 0.17346961368743416, "mx": 6.217248937900877e-17, "my": -6.550315845288423e-17, "sx": 0.9999999999999997, "sy": 0.9999999999999999}