{"w": 0.1580475817531182, "b": 0.002155663814738933}