{"w": 0.2981496220794455, "b": -0.0033081605820597503}