{"w": 0.31525916437259366, "b": -0.0037172809766395365}