{"cc": 0.3038862939833198, "alpha": -2.220446049250313e-18, "beta": 0.3038862939833198, "mx": 0.0, "my": -2.220446049250313e-18, "sx": 1.0, "sy": 1.0}