{"w": 0.2964418904259385, "b": 0.060919539669792355}