{"w1": 0.023741684670944913, "w2": -0.7510189452287567, "b": 1.1540052475634965e-17}