{"w1": 0.44464556460797894, "w2": 0.4142527679374292, "b": 4.2991597715364946e-18}