{"w": -0.4577636189040533, "b": 0.0518510858646689}