{"cc": -0.21290803587543744, "alpha": -1.767984910541829e-16, "beta": -0.21290803587543738, "mx": -1.759703494030873e-16, "my": -1.3933298959045713e-16, "sx": 1.0000000000000002, "sy": 1.0}