{"w": -0.12728673082449932, "b": 2.533060520028089e-16}