{"w": 0.22264572931378562, "b": 0.051147014637653754}