{"w": 0.34719915090037706, "b": -0.0028416919578038765}