{"w": 0.372320396275634, "b": 0.00457193043388418}