{"w": 0.3420746752625908, "b": 0.09488143523057828}