{"w1": -0.9803969427517698, "w2": 0.64563876171707, "b": 0.016504006292829304}