{"w1": -0.4472844829487408, "w2": 0.3658344698005084, "b": -0.00042179924900480684}