{"w1": -0.6714036710796167, "w2": -0.07395116150305198, "b": -1.64054591925741e-17}