{"w": 0.13823462610742632, "b": 0.040733987657625884}