{"w": 0.41112731369311123, "b": -0.015448532271131646}