{"w": 0.15325152181975837, "b": -5.355224962534175e-18}