{"w": 0.10491944088467932, "b": -8.28125133083484e-17}