{"w": -0.3462410339065871, "b": 2.538489110097368e-16}