{"w": 0.8751094710781258, "b": 0.02795188673597415}