{"w": 0.2203582197140358, "b": 0.02839200559535254}