{"w": -0.1258473533219325, "b": -0.14547409790962412}