{"w": -0.06274052485306843, "b": -0.14794488902037706}