{"cc": -0.8512132996937212, "alpha": -1.3864317475257061e-16, "beta": -0.8512132996937211, "mx": 1.1102230246251565e-16, "my": -2.331468351712829e-16, "sx": 1.0, "sy": 0.9999999999999999}