{"w": -0.8512132996937211, "b": -1.3864317475257061e-16}