{"w": 0.5166945464877515, "b": -0.019601113661738872}