{"w": 0.396861913969253, "b": 0.08171163072654707}