{"w": 0.61038384464151, "b": 0.0017494979214874098}