{"w": -0.5331523494608422, "b": -0.007138442082673994}