{"w": -0.5203234824176731, "b": 3.199791392548571e-17}