{"w": 0.015419069713285136, "b": -0.18691744869036664}