{"w": -0.3046197033980383, "b": -1.4589174971661926e-17}