{"w1": 25.86675635907379, "w2": -14.287807623076592, "b": -10.08807651075887}