{"w": 0.47824521445631596, "b": 2.521540658736969e-17}