{"cc": 0.30754357083322154, "alpha": 2.440643908640967e-16, "beta": 0.3075435708332216, "mx": -9.325873406851315e-17, "my": 2.1538326677728036e-16, "sx": 0.9999999999999998, "sy": 1.0}