{"w": 0.30835468263639004, "b": 0.013076694134376121}