{"w1": -0.059751205051019746, "w2": 0.09662560740558301, "b": 5.977129162856304e-17}