{"w": -0.06093159917434199, "b": -0.01956647467725403}