{"w1": 0.5098214129794852, "w2": -0.3740858806747292, "b": 9.279337707084627e-17}