{"w": 0.8336861741065157, "b": 0.00224271225518606}