{"w1": 6.271015380080546, "w2": -0.8222298123523885, "b": -0.8267540058197312}