{"w1": 1.7065926103250835, "w2": -0.2602867834191266, "b": -0.17925644672153027}