{"cc": -0.18794543871179265, "alpha": 1.239596140854329e-16, "beta": -0.18794543871179262, "mx": -2.4202861936828414e-16, "my": 1.6944778913341453e-16, "sx": 1.0, "sy": 0.9999999999999999}