{"w": -0.8601498461197593, "b": -0.03565467974826048}