{"w": -0.934814003212162, "b": -8.765990605774054e-17}