{"w": -0.4553998485354944, "b": -0.007109106868485359}