{"w": 0.9234457839766451, "b": -0.0028615694469060066}