{"w1": -0.29742521291722324, "w2": -1.146518315284995, "b": -0.0034128233309431953}