{"w": 0.2477388864390838, "b": -0.06850524617079809}