{"w": -0.15300638456107585, "b": -0.12754276092802183}