{"w": -0.04490846900025739, "b": -0.005169787866834547}