{"w": -0.2733800395026493, "b": 0.07482834762540823}