{"w": -0.13194380708891212, "b": -1.8263168755083825e-16}