{"w": -0.15272742555380422, "b": -0.012172456455169421}