{"w": -0.2595889387507012, "b": 0.006518489159077004}