{"cc": -0.9704334272501266, "alpha": 1.1627438083470195e-17, "beta": -0.9704334272501265, "mx": -1.7763568394002505e-17, "my": 2.886579864025407e-17, "sx": 0.9999999999999999, "sy": 0.9999999999999998}