{"w": 0.8152687064877961, "b": 0.006500106426882806}