{"w": 0.158042066090296, "b": -0.034934815827502304}