{"cc": 0.35462086331915466, "alpha": -1.9981761848735327e-16, "beta": 0.3546208633191547, "mx": 7.771561172376095e-17, "my": -1.7225804116449694e-16, "sx": 0.9999999999999999, "sy": 1.0}