{"w": -1.0000000000000004, "b": -2.4910629115026952e-17}