{"w": 0.17855817798400844, "b": 0.06182629868170454}