{"w": 0.0855590855636098, "b": -0.006954819406641391}