{"w": 0.13594454712169532, "b": -0.009183176498185263}