{"w": -0.18219791031546817, "b": 0.08912813209094728}