{"w": 0.2847300126907141, "b": -0.010232843455385002}