{"w": 0.07431910780292379, "b": 5.160582939077584e-16}