{"w": -0.5806187483506539, "b": 2.7860436019164255e-17}