{"w": 0.7546036563545996, "b": -0.0011403327019210915}