{"cc": -0.4195730270396195, "alpha": -2.616334056423315e-18, "beta": -0.41957302703961946, "mx": -8.881784197001253e-18, "my": 1.1102230246251566e-18, "sx": 0.9999999999999999, "sy": 0.9999999999999998}