{"w": -0.38143002458147224, "b": -2.2775561399643626e-18}