{"w": 0.27196815190153456, "b": 0.09911914704495711}