{"w": 0.01873104706296645, "b": 3.373681799284863e-17}