{"w": 0.4175844606749003, "b": 0.007448900675344231}