{"w1": -0.5273102150307879, "w2": -0.14437416097640118, "b": -4.297078847522908e-17}