{"w": -0.12763332799109706, "b": 0.05139914725330353}