{"cc": -0.6187144176038801, "alpha": 3.793981763800166e-17, "beta": -0.6187144176038801, "mx": 5.773159728050814e-17, "my": 2.220446049250313e-18, "sx": 1.0, "sy": 1.0}