{"w": -0.0668840381229398, "b": -0.0031017351441138684}