{"w": -0.10449993839254598, "b": -0.003851543133707096}