{"w": 0.4234658442703123, "b": -0.07379221830069035}