{"w1": 0.44541524968940505, "w2": -0.32342344902987086, "b": 6.523762486874307e-17}