{"w": -0.44098992904965206, "b": 0.00740493212431922}