{"w1": 0.4455899750451354, "w2": -0.4243427184553877, "b": 0.006117722722791898}