{"w": 0.027646630225803263, "b": -0.02340903551494842}