{"w": -0.7306340076087979, "b": -1.5727643377024896e-16}