{"w": 0.13728219498745314, "b": -0.0034599783099580964}