{"w": 0.13794453370311058, "b": -0.003530892642640629}