{"cc": 0.4348936512870101, "alpha": 3.6666179813356493e-17, "beta": 0.43489365128701, "mx": -4.218847493575595e-17, "my": 1.8318679906315084e-17, "sx": 1.0, "sy": 0.9999999999999999}