{"w": 0.4051707126998165, "b": -0.10641280492529381}