{"w": -0.5447500279410487, "b": -0.1301153120601124}