{"w": 0.3253598595066904, "b": -0.06196772169477522}