{"cc": -0.07571555225236318, "alpha": -1.8049068376017753e-17, "beta": -0.07571555225236316, "mx": -1.1102230246251566e-17, "my": -1.7208456881689926e-17, "sx": 1.0, "sy": 0.9999999999999999}