{"w": -0.09773290301531445, "b": 0.1549040898271653}