{"w": 0.829935860585421, "b": -0.009005738077113634}