{"w": 0.7272928389914542, "b": -1.9076208362707576e-17}