{"w": 0.80021509515778, "b": -0.02292301661187559}