{"cc": 0.5371700559143945, "alpha": -1.2380115570829508e-18, "beta": 0.5371700559143943, "mx": 3.3306690738754695e-17, "my": 1.6653345369377347e-17, "sx": 1.0000000000000002, "sy": 0.9999999999999998}