{"w": 0.8280821583902211, "b": 1.297439981554204e-17}