{"w": 0.9518059088952103, "b": 0.03216404499835325}