{"w": 0.8533171385076729, "b": -0.0049880186405325015}