{"w": -0.4950299714839378, "b": -0.07330367627623036}