{"w1": -0.11921235133102069, "w2": 3.7092450260106373, "b": 0.5376946408729796}