{"w1": -0.02710634174184137, "w2": 0.8867740083819637, "b": 0.0484853068372853}