{"w": -0.6517989767238819, "b": -0.0007075177481767388}