{"w": 0.0974848328313497, "b": -1.328035710371868e-17}