{"w": -0.24447691634417923, "b": 0.16574040704616128}