{"w": 0.030460302748232658, "b": 4.683378251801103e-18}