{"w": -0.755429561943992, "b": -0.008577294656275262}