{"w": 0.3529096400688802, "b": 0.014341873964528858}