{"cc": 0.0048243998612610035, "alpha": -1.9946521324611025e-17, "beta": 0.004824399861261004, "mx": -7.771561172376097e-18, "my": -1.9984014443252817e-17, "sx": 0.9999999999999999, "sy": 1.0}