{"w": 0.2724866733461327, "b": -1.5093744179243615e-16}