{"w": 0.2607219243444071, "b": -0.08791068734601185}