{"w": -0.3246832721664772, "b": 1.491229836692994e-17}