{"w": -0.12499218073884734, "b": -0.08050138471430739}