{"w": 0.6473347833771883, "b": -6.264592695665025e-18}