{"w1": 0.23856328378562744, "w2": 0.8375362425137929, "b": -0.004371984531581247}