{"w": 0.9721158843956208, "b": 0.0008652290688625826}