{"w": 0.34791217965551324, "b": -3.3923328106665205e-16}