{"w": 0.6625195024843884, "b": -0.050573388050760726}