{"w1": -0.9822440282459705, "w2": 0.7661326526647283, "b": 0.13227079346294973}