{"w1": -0.43163330901146324, "w2": -2.3124566960599484, "b": -0.0049381082445847865}