{"w1": 0.3168538098244409, "w2": -2.1038106700766974, "b": 0.3646458359344342}