{"w": 0.18637536811848143, "b": 0.2735271129398941}