{"w1": 0.8271277414361368, "w2": 0.0027514941353123153, "b": 8.236707261240826e-18}