{"w1": 1.4509569404309564, "w2": -0.10249536029842977, "b": -0.10923272593884881}