{"w1": -0.8073585822349824, "w2": -0.1278593616578652, "b": 0.0011846175840069537}