{"cc": 0.037908183883024874, "alpha": -2.3551229726700205e-17, "beta": 0.037908183883024874, "mx": 3.552713678800501e-17, "my": -2.2204460492503132e-17, "sx": 1.0, "sy": 1.0}