{"w": 0.03753285532972763, "b": -2.353789537784677e-17}