{"w": 0.04788410217298512, "b": -0.00845098997670108}