{"cc": 0.23757847232423596, "alpha": 1.0957761858200434e-16, "beta": 0.2375784723242359, "mx": 1.7763568394002505e-17, "my": 1.1379786002407854e-16, "sx": 1.0, "sy": 0.9999999999999998}