{"w": 0.23734113119304287, "b": 1.0958183460742099e-16}