{"w": 0.6748353914343198, "b": 0.014752265482684056}