{"w": 0.4021170038176725, "b": 1.3623735515474163e-17}