{"w": -0.32773603768015236, "b": 0.038966684925713924}