{"w": -0.2765090904690168, "b": 6.447489006968525e-17}