{"w": 0.15539731286048383, "b": -4.718780282255807e-18}