{"w": 0.11748811530255586, "b": -0.0674123438600159}