{"w": 0.721179919439979, "b": -2.6132525371199076e-18}