{"w": -0.9346881170121785, "b": -2.8093637430593473e-16}