{"w": -0.31005610763794994, "b": 1.76986009466766e-16}