{"w1": -0.5022290995050931, "w2": -0.2991645851374087, "b": 1.724491097800445e-16}