{"w": 0.1446913641662734, "b": -0.02602740783329345}