{"w1": -0.18954157737239952, "w2": 0.4100200750022319, "b": 7.024730002300765e-18}