{"w": -0.5752436869686801, "b": -0.034467179784815075}