{"w": -0.5900145805541808, "b": -0.04091161531448295}