{"w": -0.7495257098698431, "b": -0.0009011798249023948}