{"w1": -2.1339704233224737, "w2": -1.397403193975262, "b": 0.19844989369054364}