{"w1": 0.24815190052026337, "w2": -2.2830906108383635, "b": -0.013385777397878884}