{"w": -0.5442012345468746, "b": -9.742727337655456e-17}