{"w": -0.7508593793784751, "b": -1.4820904917082115e-16}