{"w": -0.6825994357986138, "b": -1.4866375173695301e-16}