{"w": -0.7501092701083669, "b": -1.482140459023171e-16}