{"w": -0.07998910546725345, "b": 0.04668219868717333}