{"w": -0.05081134168070479, "b": -0.010490378373226217}