{"w": 0.7449832137727247, "b": -2.3724981488383138e-17}