{"w": -0.1928811233093005, "b": 0.003521332192662278}