{"w": 0.7337957516630209, "b": -1.4679586523930202e-17}