{"w": 0.7151873371596026, "b": -0.01764485600061709}