{"w1": 0.9172842204680588, "w2": 0.19423977346561808, "b": 6.733345863608958e-17}