{"w1": 0.8423017639263355, "w2": 0.17867536238209045, "b": 6.183283498007605e-17}