{"w1": 1.4062648146198902, "w2": 0.26952950303429063, "b": -0.0009639625209008334}