{"w1": 1.7623261383866937, "w2": 0.2736451211642616, "b": 0.12177603914798085}