{"w1": 2.633345372259891, "w2": 0.4412800205867012, "b": 0.292346157722548}