{"w": -0.4049237466103064, "b": 0.00904134446295147}