{"w": -0.41588240797114845, "b": -0.0002569318008883637}