{"w": -0.3824017019988619, "b": -0.0018069228382241816}