{"w1": -0.02093666769055337, "w2": -0.48480075057494465, "b": 0.00928426352503986}