{"w": 0.2679207941181038, "b": -1.3033847964160066e-16}