{"w": 0.39258532171981475, "b": 0.0022701721435816336}