{"w": 0.5617327961193368, "b": 6.297770220096769e-17}