{"w": 0.5545526193703256, "b": -6.015696108498656e-19}