{"w": 0.5548595306911577, "b": 0.0002382459747176796}