{"w": -0.8448603462493779, "b": 0.011091390269982404}