{"w": -0.024296275333119823, "b": 0.13375879302045723}