{"w": 0.05495305704369166, "b": 1.8633691992836645e-16}