{"w": 0.2538168105096372, "b": 0.002657169700728563}