{"w": 0.03265163554566635, "b": -0.055432325413874786}