{"w1": -0.9046303156004188, "w2": 1.1671632413775828, "b": 0.031080502365494558}