{"w1": 1.7743615132452177, "w2": 2.3133765926619034, "b": 0.09018503715295302}