{"w": -0.006910357960039347, "b": -0.019618737807129992}