{"w1": -0.3052524664668355, "w2": 0.39317308493091735, "b": -0.0015195390619009014}