{"w1": 0.1410859790207729, "w2": -1.423843426671214, "b": -0.03579561353489488}