{"w1": 0.06198369826888299, "w2": -0.6986702317257167, "b": 0.000141969025168609}