{"w": -0.20068716080160837, "b": 0.13704647442756143}