{"w": -0.22706466271148043, "b": -3.265491493020366e-17}