{"w": -0.24848036771750265, "b": -0.039980724441042115}