{"w1": 0.21898694170296187, "w2": 0.87988692464354, "b": -0.004757860916340281}