{"w1": 0.2249838480473449, "w2": 0.8917095377769947, "b": -0.004780649455204458}