{"cc": -0.7766327579065401, "alpha": 7.760120125553783e-18, "beta": -0.7766327579065401, "mx": 9.992007221626408e-18, "my": 0.0, "sx": 1.0, "sy": 1.0}