{"w": 0.19052274601352975, "b": 0.07784028485246938}