{"cc": 0.5093911510225273, "alpha": -4.864128764164805e-17, "beta": 0.5093911510225274, "mx": -2.2204460492503132e-17, "my": -5.995204332975846e-17, "sx": 0.9999999999999999, "sy": 1.0}