{"w": 0.4630828645659339, "b": -4.9669538158748996e-17}