{"w1": 0.34222679698085284, "w2": 0.8893478212236205, "b": -7.939933549579593e-17}