{"w1": 0.4142000909957868, "w2": 1.1114662903857393, "b": -0.011446032128600004}