{"w": 0.21958951997608328, "b": -0.0004284964648484835}