{"w": 0.30842979690528227, "b": 3.651183794377696e-17}