{"w1": -1.0010998828830047, "w2": -1.6804519817966301, "b": -0.029531683050917145}