{"w": -0.4625548170117245, "b": 0.001233871203843509}