{"w1": -0.3731250506436636, "w2": -0.4833742218074598, "b": 2.4897483758777688e-17}