{"w": 0.5605025150494067, "b": -3.019946102924944e-16}