{"w": -0.5343841664491867, "b": 0.025009020511921713}