{"w": -0.4075368475804858, "b": 0.15482498284592505}