{"w": -0.37945819684579496, "b": -0.01806431992560182}