{"w": -0.39683847649833004, "b": -0.019230464473724927}