{"w": -0.021896857201150928, "b": 1.6863938823291727e-17}