{"w": -0.14877407653573946, "b": 0.054348793581065216}