{"w1": -0.2851514477534358, "w2": -0.514556195321426, "b": 6.835008019571934e-18}