{"w": 0.7414752568472437, "b": -0.02634614335817113}