{"w": 0.21455241533709743, "b": -0.014382386239387564}