{"w": -0.978836863531314, "b": -0.005291796223462677}