{"cc": 0.7686082050409746, "alpha": -5.230893040661878e-17, "beta": 0.7686082050409743, "mx": -5.551115123125783e-19, "my": -5.2735593669694933e-17, "sx": 1.0000000000000002, "sy": 0.9999999999999999}