{"w": 0.15064038083177692, "b": 2.4608994695555358e-18}