{"w": -0.5760223189792428, "b": 0.0007428873753590828}