{"w": -0.6015154417163163, "b": 0.029969315893452864}