{"w": 0.4867087092311012, "b": 4.8995249025466845e-17}