{"w": 0.537292843599351, "b": 0.06225377363922089}