{"w": 0.4687313320699535, "b": -0.004618233914714311}