{"cc": -0.41535859633436967, "alpha": -1.4634407058253937e-16, "beta": -0.41535859633436967, "mx": -1.5543122344752193e-17, "my": -1.3988810110276973e-16, "sx": 1.0, "sy": 1.0}