{"w": 0.3972908138905747, "b": 0.012220462276412762}