{"w": -0.7879955344537762, "b": -1.5232061587767741e-16}