{"w": -0.37885466895318254, "b": -0.0021557175454409196}