{"w": 0.25262678953460815, "b": -0.010478900051942365}