{"w1": 0.48233294117878667, "w2": 0.34131255160941953, "b": 8.073307628558278e-18}