{"w1": 0.506799842925003, "w2": 0.3674653919565656, "b": -0.0063540130932510895}