{"w1": -0.6782894071151749, "w2": 0.23746718776136785, "b": -5.1131095378557614e-17}