{"w": 0.8073386194272898, "b": 0.005725470074661387}