{"w": 0.8701267152720128, "b": 1.743190830874056e-17}