{"w": 0.974564384112519, "b": -0.018182992347650168}