{"w": -0.25141430536205867, "b": -0.04966605224742466}