{"w": 0.48433352451761114, "b": -0.04124982399577433}