{"w": 0.14528736332932915, "b": 0.0037531142407708495}