{"w": 0.044051185384101604, "b": -1.4464667491119986e-17}