{"w": 0.04361503503376397, "b": -1.4458856801186268e-17}