{"w": 0.049869480781569914, "b": 0.027649423008649303}