{"w": 0.6835963618238464, "b": -0.0015562230256396421}