{"w": -0.4453332193062209, "b": 0.006051316104325817}