{"cc": 0.5329796818236088, "alpha": 2.1397013131193126e-16, "beta": 0.5329796818236088, "mx": -3.4638958368304885e-16, "my": 2.935152121352758e-17, "sx": 1.0, "sy": 1.0}