{"w": 0.5329796818236089, "b": 2.139701313119313e-16}