{"w": 0.42367071241155857, "b": 0.06039787824710188}