{"cc": -0.35811808150511276, "alpha": -9.18166731080716e-18, "beta": -0.35811808150511276, "mx": 1.7763568394002505e-17, "my": -1.5543122344752193e-17, "sx": 1.0, "sy": 1.0}