{"w": 0.5482305612947145, "b": 2.549584013455318e-17}