{"w": 0.4570491585447713, "b": 0.09771956594499667}