{"w1": -1.1745886849235854, "w2": 0.31095414510708025, "b": 0.09009019044406208}