{"w1": -1.933064299046569, "w2": 3.2355739624768445, "b": -0.9844584945301097}