{"w": -0.9791732712967621, "b": 0.0015242395687802203}