{"w": -0.9598648414867857, "b": 0.009230702830846831}