{"w": -0.9003510974560758, "b": 0.003462470791990811}