{"w1": 0.41740458258466134, "w2": 0.8497454175014104, "b": 8.718602014769716e-17}