{"w": 0.5376209100332959, "b": 0.24679816321551695}