{"w": -0.1229389879477385, "b": -6.812792729024456e-17}