{"w1": -0.42190916143669266, "w2": -0.19041922287475477, "b": -1.1067815235104572e-17}