{"w1": -2.333777925854075, "w2": -2.615158460095203, "b": -0.42851619903720367}