{"w1": -1.1672646812191898, "w2": -1.1701428706156678, "b": -0.11717105234429033}