{"w": 0.2946358166818929, "b": -0.006165157650821852}