{"w1": -0.5273111429260408, "w2": -0.46242229715548794, "b": -1.551155963879286e-16}