{"w": 0.6343125027818923, "b": 4.005074052654838e-17}