{"cc": -0.41245862724719257, "alpha": -1.0336650540373617e-15, "beta": -0.4124586272471927, "mx": -1.6212031717088847e-15, "my": -3.649858193455202e-16, "sx": 1.0, "sy": 1.0000000000000002}