{"w": -0.40837487846256676, "b": -1.0270444675552639e-15}