{"w": 0.4595773497196412, "b": -0.07961073974114265}