{"w": 0.48352686753920704, "b": -0.04391508754914775}