{"w1": -0.5233936202796002, "w2": -0.8798506207759934, "b": -0.09469413775828533}