{"w": -0.28172644619333354, "b": 0.02664087657338806}