{"w1": -0.5743329495884615, "w2": -0.2802026403577086, "b": -6.732626675033489e-17}