{"w": -0.19514813581954094, "b": 0.0025153161685935906}