{"w": -0.5017801889342836, "b": 4.223195588410249e-17}