{"w": -0.5280921876633575, "b": 0.025124725944067325}