{"w": 0.563815296585343, "b": 9.109312621828788e-18}