{"w": -0.9411118137548503, "b": -0.003903394601585645}