{"w1": 0.6515006125857141, "w2": -0.2552096559993852, "b": -7.842967434612136e-17}