{"w": 0.38504909233786694, "b": 0.00553375673524801}