{"w": -0.035903156351221974, "b": 0.02640576915985187}