{"w": -0.010502101895307665, "b": -0.006527968210515394}