{"w1": -0.4061815865605201, "w2": -0.8072408569721249, "b": -1.3494443007380355e-17}