{"w1": -1.7825773176260777, "w2": 0.28912198062276195, "b": 0.018085051244785766}