{"w": 0.35932638970096803, "b": -0.019809669602196107}