{"w1": 0.3713636947693875, "w2": -0.5556575272886318, "b": -0.0027809512494405366}