{"w": 0.3344353178051447, "b": -0.0011545914066951914}