{"w": 0.0110763918781927, "b": -0.026497321528302475}