{"w": -0.36029013552971406, "b": 0.04392954972128103}