{"w": -0.32787585748123027, "b": 0.12158132021304746}