{"w": 0.3412403894911966, "b": -0.019832714104712264}