{"w": 0.3066371770332525, "b": -1.490798637647759e-16}