{"w": 0.3938116266882379, "b": -0.024359589573438423}