{"w1": -0.345068992821045, "w2": 0.4760908113968937, "b": 0.01204482665912255}