{"w1": -0.6564558643200484, "w2": -0.69624213725743, "b": -0.05446200840190157}