{"w": 0.7876597763418889, "b": 0.09394266962390663}