{"w": 0.8092251666632696, "b": 0.11185723880713835}