{"w": 0.5877175724289432, "b": -0.045783964062906385}