{"w": -0.9999999999999929, "b": -9.992007221626526e-18}