{"w": -0.045852331574325056, "b": -2.5881757877305317e-17}