{"w1": 3.4559450604968185, "w2": 0.26192736201010813, "b": -0.9983298945085946}