{"w": -0.6469171982154192, "b": -0.03896990504836661}