{"w": -0.5682190914758326, "b": -2.6998191554874122e-17}