{"w": -0.38565940261477183, "b": 0.05980343824622292}