{"w": 0.1818171309783105, "b": -0.0609178481711249}