{"w": 0.23358460189876123, "b": -3.695164132483136e-18}