{"w1": -0.3513273984575412, "w2": -0.7192151750593214, "b": 0.0483944252240534}