{"w": -0.5650101002959041, "b": -0.057417074481535546}