{"w": 0.929858278601842, "b": 0.004822762329297641}