{"w": 0.18048874660996847, "b": 0.12083053471864486}