{"w1": 0.2024717751957504, "w2": 0.5373386668255336, "b": -7.10549411827102e-17}