{"w": -0.039359971350481165, "b": 2.1330493563665316e-18}