{"w": -0.15483691945849842, "b": -0.017681217313564215}