{"w1": -0.3065475230933629, "w2": 0.4806520925354834, "b": 2.1984550063431778e-17}