{"w1": -0.5643864219174632, "w2": 1.2196981893572785, "b": 0.08975918790470391}