{"w": -0.7399593856095467, "b": 0.0055603841546873955}