{"w": 0.9999999999999986, "b": -2.3536728122053315e-16}