{"w": 0.5191018288296755, "b": -0.0025683153996460856}