{"w": -0.3433824801233374, "b": 0.00028940874457934057}