{"w": -0.5611656051546251, "b": -0.02016729023912161}