{"w": -0.3358704254572237, "b": 0.08305042612598777}