{"w": 0.48409694888919474, "b": -0.03359495175179125}