{"w": 0.5369806340338139, "b": -1.0474058780370893e-16}