{"w": 0.541839650178405, "b": 0.009936594593809606}