{"w1": -0.027152144690341724, "w2": 0.6004345557633113, "b": -1.0575425488814577e-17}