{"w": -0.47827424329794554, "b": 0.03674411498385815}