{"w": -0.5542977672869517, "b": 0.149980424175932}