{"w": 0.23024505833227824, "b": -2.833185592609399e-17}