{"w": 0.2369544165151687, "b": -7.153878882976636e-05}