{"w": -0.021951696714324318, "b": 0.19273527345679028}