{"w": 0.20363670802402406, "b": -0.33464920318427566}