{"w": -0.5676046591116584, "b": 0.0031348983113634985}