{"w": -0.5774017600142811, "b": 0.04476979470308605}