{"w1": 0.6757235822294517, "w2": 1.1290586570971486, "b": 0.03862067551583359}