{"w1": 0.3130898223715884, "w2": 0.4224236386519234, "b": 0.010274247327585726}