{"w": -0.16447503519492745, "b": 1.671174216269138e-17}