{"w": -0.1009768521063521, "b": -0.055122239622062086}