{"w": 0.9123737652944427, "b": -7.67085626757078e-17}