{"w1": 0.13977156366986065, "w2": 0.6755410717366686, "b": -1.1771598098317495e-17}