{"w": 0.03677447235519011, "b": 2.5912174362155682e-17}