{"w": 0.03673773462056955, "b": 2.592177971922446e-17}