{"cc": 0.3667711428188234, "alpha": 5.0673446265433486e-18, "beta": 0.36677114281882334, "mx": -3.2862601528904633e-16, "my": -1.1546319456101628e-16, "sx": 1.0, "sy": 0.9999999999999998}