{"w1": -0.48595896677581346, "w2": -0.13387554648411604, "b": -6.319779331696588e-18}