{"w1": -1.0150016770860255, "w2": -0.07979340222673309, "b": 0.05332523416352007}