{"w": 0.216564301836732, "b": 0.02950057719197395}