{"w1": 0.20004555778014577, "w2": -1.0622844941842, "b": -0.03643566286933628}