{"w": 0.9414879464272763, "b": 0.0016666113736981472}