{"w": 0.39197929938506554, "b": 0.0018033471561666667}