{"w1": 0.5594758054424152, "w2": 0.9508487186849857, "b": -0.010688431440117316}