{"w1": -1.0936970376124617, "w2": -1.013998689670929, "b": 0.03678347536298718}