{"w1": -0.3444501821901322, "w2": -0.5151094247047355, "b": 7.201074137111372e-17}