{"w": 0.8316996361231783, "b": -0.002016117960290568}