{"w": 0.032461782207479396, "b": -0.2651515542240398}