{"w1": -0.007648686639201387, "w2": 0.7038513060836193, "b": -0.025065102287596872}