{"w1": -0.3854594167409952, "w2": -0.6136110305298871, "b": 8.368103828976139e-17}