{"w": -0.42374983733235605, "b": 0.03683107191278681}