{"w": -0.40619744436681543, "b": 0.008231245152453184}