{"cc": -0.5093322502724384, "alpha": -1.0652336483533676e-17, "beta": -0.5093322502724383, "mx": 1.0769163338864018e-16, "my": -6.550315845288423e-17, "sx": 1.0, "sy": 0.9999999999999998}