{"w": 0.6410504771626212, "b": -2.337192134137393e-17}