{"w": 0.7277704583278467, "b": 0.04287659623580753}