{"w": 0.43379074372734916, "b": -0.025007683127316514}