{"w": 0.6459749691987302, "b": 0.02689894950940574}