{"w": 0.6523705923958042, "b": 0.026738871078756818}