{"cc": 0.44566455970635527, "alpha": 5.058766347782e-17, "beta": 0.44566455970635527, "mx": -8.881784197001253e-18, "my": 4.662936703425657e-17, "sx": 1.0, "sy": 1.0}