{"w1": 0.3470244533114966, "w2": -0.10209302765871468, "b": 0.016734557878428674}