{"w": 0.5711190092246725, "b": -6.110696771957362e-16}