{"w1": -1.7360320320171514, "w2": -1.1135110101676544, "b": 0.02705114226336186}