{"cc": -0.08240482327505963, "alpha": -7.235005018478764e-18, "beta": -0.08240482327505964, "mx": 1.9984014443252817e-17, "my": -8.881784197001253e-18, "sx": 0.9999999999999998, "sy": 1.0}