{"w": -0.04519068834003709, "b": 0.0523788524525554}