{"w": -0.9537603079224231, "b": -0.007410756328690753}