{"w": -0.9793899841106565, "b": -0.006631039152369675}