{"w1": 0.22130005785682927, "w2": -0.777959966219217, "b": -0.04421216175058393}