{"w": 0.5466617429025189, "b": 0.013157156577588834}