{"w": -0.4146811164709907, "b": 9.723202716191587e-18}