{"w": -0.4717920540402862, "b": -0.011718454072846468}