{"w1": 0.4465833392280293, "w2": -1.3047887945709467, "b": -0.13111057873980614}