{"w1": 1.6491127286288985, "w2": 1.0655634967081014, "b": -0.3026552397249316}