{"w1": 1.659320127455992, "w2": -0.49435018307072687, "b": -0.20020550007175986}