{"w": 0.2258201673519093, "b": 2.7147718196254495e-17}