{"w": 0.21858447791672705, "b": -0.03906593887602822}