{"w": 0.16156147480395294, "b": -0.0926115277546191}