{"w1": -0.6927409198804177, "w2": -0.7176796685445523, "b": 0.026761425319910104}