{"w": -0.9493887397354557, "b": 1.573314020627813e-18}