{"w": 0.17373589732058514, "b": 6.760935152382518e-16}