{"cc": -0.5958297176014818, "alpha": 3.231443493189909e-16, "beta": -0.595829717601482, "mx": -1.6653345369377347e-17, "my": 3.3306690738754696e-16, "sx": 1.0, "sy": 1.0000000000000002}