{"w": -0.6495147293771816, "b": 0.012603319154592518}