{"w": -0.34557055610385656, "b": -0.000368353335182702}