{"w": 0.3937757869628648, "b": -0.01125022829291538}