{"w": -0.06327150324354693, "b": 0.03903870064378645}