{"w": -0.2756037045732432, "b": -0.012553769108135177}