{"w1": 1.7492139192247997, "w2": -0.7413393739815689, "b": 0.5560749754790149}