{"w": 0.2875920060105252, "b": -0.18346467604879513}