{"w": 0.579807596967432, "b": 0.006647532416983591}