{"w": 0.7453791381839073, "b": 0.03431883214654865}