{"w1": 0.14054052699463299, "w2": 1.0675310166007632, "b": 0.03336878136096015}