{"w": 0.03948548429525939, "b": 0.003583817142685913}