{"w": 0.44741250198908683, "b": -0.0017615513707728756}