{"w1": -4.202935420719388, "w2": 0.8363326091206806, "b": 1.2630688805461132}