{"w1": 0.1396634944515047, "w2": 1.376439571924474, "b": -0.06767514386930985}