{"w": -0.080412112720972, "b": 0.06596334131129312}