{"w": -0.611053327119618, "b": 0.005492831289270703}