{"w1": 2.1611523780372184, "w2": 1.1608788487496964, "b": -0.9357536673606142}