{"w1": -0.04360552386945025, "w2": 1.0180579130864083, "b": -0.0016338385079115586}