{"w": -0.08437412639962819, "b": -0.008844426184461249}