{"w": 0.8319343134242899, "b": 0.030353456831326543}