{"w": 0.23615828731542465, "b": 1.2369389183717546e-16}