{"w": 0.18628130116388172, "b": -9.141576124086205e-17}