{"w": 0.33106635379827376, "b": -0.03606354541666767}