{"w1": 0.6923928963115741, "w2": -1.3990559017464548, "b": -0.5269144554378512}