{"cc": -0.17260747759596767, "alpha": 1.538482734286448e-17, "beta": -0.17260747759596765, "mx": -2.6645352591003756e-17, "my": 1.9984014443252817e-17, "sx": 1.0, "sy": 0.9999999999999998}