{"w": 0.028971843094583373, "b": -0.025007903394677688}