{"w": 0.03867512137998009, "b": 0.012995739533249576}