{"w": 0.9189068580875605, "b": -0.006317243993849014}