{"w": -0.25915394220669224, "b": -0.14458502616604157}