{"w": 0.5877582405038706, "b": 3.5645039999746434e-17}