{"w": 0.550824535259644, "b": 0.002155174933442001}