{"w": 0.46720031747579316, "b": 0.003235730098184543}