{"w": 0.2717395438185005, "b": 0.07111791037103984}