{"w": 0.276033743444297, "b": 0.03491915515379149}