{"cc": -0.5029170588067255, "alpha": -1.670516274299995e-17, "beta": -0.5029170588067257, "mx": -1.7763568394002505e-17, "my": -7.771561172376097e-18, "sx": 0.9999999999999999, "sy": 1.0}