{"w1": -8.302653992383245, "w2": 2.2089188023214428, "b": -0.27079606159500547}