{"w": 0.864472024840025, "b": 0.024947303934780042}