{"w": 0.45773322000339733, "b": -0.00013656601939076657}