{"w": 0.4926439126435951, "b": 0.03732834300026339}