{"w": -0.05579010260432191, "b": 0.006496106661869816}