{"w": -0.06797081802697151, "b": 0.00011000329671091106}