{"w": -0.2683567598823289, "b": -2.685011427214148e-16}