{"w1": -0.19053983671319177, "w2": -0.7389572510852658, "b": -5.873835267804095e-17}