{"w": -0.5400585825512475, "b": 0.0956902580547528}