{"w": -0.5332563602179387, "b": 0.09408775072393159}