{"w": 0.49366642821063017, "b": 0.01620946025939037}