{"w1": -0.127209995109036, "w2": 0.6341110862348531, "b": 1.494900935090032e-17}