{"w": 0.6392701432149195, "b": 0.09325897453660734}