{"w": 0.549989246560739, "b": -0.031976784176235985}