{"w": 0.39622259673201893, "b": -0.050860813022684886}