{"w": 0.6481654672541332, "b": 0.0007668730904511526}