{"w": 0.36341055419807516, "b": -0.007176249643514118}