{"w": 0.22036311863987013, "b": 0.014088220305740383}