{"w": 0.011018634686434128, "b": 0.03331995750973566}