{"w": 0.03468453080762528, "b": -0.014144757111024612}