{"w": -0.20022858427703827, "b": 0.1359569766394053}