{"w": -0.3353530543197601, "b": -0.04026674266351926}