{"w": -0.4700611339886549, "b": 0.011810534128020127}