{"w": -0.07429769555966002, "b": -1.0223873967287945e-17}