{"w1": 1.0239780817910489, "w2": 0.00739019450134729, "b": 0.12888116141669204}