{"w1": 1.0097209346371157, "w2": -0.7838792218030993, "b": -0.5604710179156369}