{"cc": 0.26650213671705625, "alpha": -3.5168935667452655e-17, "beta": 0.26650213671705625, "mx": -7.216449660063518e-17, "my": -5.440092820663267e-17, "sx": 1.0, "sy": 1.0}