{"w": 0.37066158824901746, "b": 0.07054400133886714}