{"w": -0.27877569760451393, "b": -0.08894692910867906}