{"w": -0.22090023517158053, "b": 1.6162848314912145e-17}