{"w": -0.3053392035718844, "b": 0.11186052319669326}