{"w": -0.3037822605090643, "b": 0.11458614910776854}