{"w1": 2.7802974031426233, "w2": -1.9862767123110847, "b": 1.7098911795700649}