{"w": 0.9677646315360932, "b": 0.0006309763195729845}