{"w": 0.8623606527554125, "b": -4.908714514462984e-18}