{"w1": -0.692464847415513, "w2": 0.133556026922371, "b": -0.013540209642829757}