{"cc": 0.37159319211820785, "alpha": -4.7830365656101896e-17, "beta": 0.37159319211820785, "mx": -2.6645352591003756e-17, "my": -5.773159728050814e-17, "sx": 1.0, "sy": 1.0}