{"w1": -2.212900613205074, "w2": -0.6556410418858841, "b": -0.01076434995882447}