{"w1": -0.03957772680509866, "w2": -0.9336307532756655, "b": -0.054678782052696856}