{"w": -0.10462868820791578, "b": 0.01330098022464702}