{"w": -0.2548030573221361, "b": -1.0626939788898263e-09}