{"w": 0.07503805587835882, "b": -5.256982072522394e-17}