{"w": -0.3176653739995191, "b": 0.16490510375092493}