{"w": -0.4344978943017424, "b": 0.07867281395303607}