{"w": -0.1679001782458938, "b": 6.256173634194008e-17}