{"w1": 0.7023578585297293, "w2": -0.23811852982748957, "b": 6.402137796030409e-17}