{"w1": 2.119035650648255, "w2": -0.786635785220426, "b": -0.01630240814068893}