{"w": 0.740813982482992, "b": -1.8036024886082797e-17}