{"w1": -1.8511146099217914, "w2": 0.677107962742628, "b": 0.49969250398623904}