{"w": -0.9999999999999997, "b": -2.864375403532903e-16}