{"w": -0.49501264811220763, "b": -1.5300317707323586e-16}