{"w": 0.7422659106838418, "b": 2.6977213438450373e-17}