{"w": -0.34424582658086655, "b": 0.39764834176472336}