{"w": -0.6382901125611108, "b": -0.0124636678521537}