{"w": -0.12723862147055454, "b": 1.0011890174426648e-17}