{"w": -0.1377513668270836, "b": -0.12994452143477808}