{"w": -0.2288979657531643, "b": -0.07644543975163808}