{"w": 0.02390691886718059, "b": 1.8422577218466442e-17}