{"w": 0.8510388919723615, "b": 0.009499766677105692}