{"w": 0.8576632209883888, "b": -9.353434481255808e-17}