{"w": 0.11375945082928605, "b": 6.384984948868096e-17}