{"cc": -0.40853220403774726, "alpha": 9.788204596257922e-18, "beta": -0.40853220403774726, "mx": -3.039235529911366e-17, "my": 2.2204460492503132e-17, "sx": 1.0, "sy": 1.0}