{"w": -0.5197984528207986, "b": -0.031750022062355866}