{"w": -0.5554141120001962, "b": 8.040279446678662e-17}