{"w": -0.6799446110200329, "b": -0.4453789355951012}