{"w": 0.05749076020661725, "b": 1.2858598403132272e-17}