{"w": -0.940351746987776, "b": -0.04038523021587276}