{"w1": -0.40389612123229784, "w2": 0.3081992319801506, "b": -2.4789076644209357e-17}