{"w": -0.045593676336725245, "b": -9.66906414408813e-17}