{"w1": 0.30754815418928305, "w2": 0.578407714858884, "b": -1.0489009337550813e-17}