{"w1": -0.7578959112945745, "w2": -0.2750907670240323, "b": 9.049499500626578e-17}