{"w": 0.7519462825876762, "b": -0.047981372486289885}