{"w": -0.38844003546947126, "b": 6.768772492926838e-17}