{"w": -0.37348048274521994, "b": -0.04071220728659075}