{"w1": -0.6699361921294982, "w2": -0.6994154260478209, "b": 0.009910612785874304}