{"w": -0.258426751935945, "b": -0.020243186626795886}