{"w": 0.8546132370799618, "b": -0.03259072071857213}