{"w": -0.46177185194826537, "b": -0.04779882071204604}