{"w": 0.5046637484208443, "b": 0.07467908969120825}