{"w": -0.28816366931568127, "b": -5.593945075734719e-18}