{"w1": -0.534065852815849, "w2": -0.46049886007338586, "b": 1.2454348448778484e-17}