{"w": 0.4382453318805228, "b": -0.06885844092993021}