{"w": -0.7716706643730965, "b": -3.155850570810715e-16}