{"w": -0.8415191636958124, "b": 0.013060197666834698}