{"w": 0.25860167729387856, "b": 0.06745470117387989}