{"w": 0.666625740415302, "b": -0.145502435913808}