{"w": 0.6539477788757035, "b": -0.14560360660651403}