{"w": 0.07539703706386754, "b": -0.006489853405172967}