{"w": 0.3473764674168319, "b": -0.10266234038178657}