{"w": 0.35666666415703824, "b": 0.006371465780140677}