{"w": 0.13014659325010694, "b": 0.0385751704083692}