{"w": 0.9999999999999989, "b": -4.996003610813187e-18}