{"w": 0.7696389474523323, "b": -2.6462906720845485e-16}