{"w": 0.7104955827064704, "b": -0.026831321606699005}