{"w": -0.4462603581910174, "b": -1.7867651802561113e-16}