{"w": 0.15125746080950883, "b": 2.752557917470482e-18}