{"w": 0.763451358036911, "b": 4.67983621698151e-18}