{"w1": -0.49073809193942347, "w2": -0.3554366537013775, "b": -2.273499327668493e-17}