{"w": 0.8666522043584276, "b": -1.6875293635976802e-17}