{"w": 0.8658193464167008, "b": -0.06695508299066921}