{"w": 0.48326287113521726, "b": -0.048548466376377775}