{"w": 0.6766339011494481, "b": 2.518750280184018e-17}