{"w1": 1.0064778014578242, "w2": -0.25210881930380136, "b": -0.016326035114183485}