{"cc": -0.1354795419831004, "alpha": -1.1478000941590252e-16, "beta": -0.1354795419831004, "mx": 1.9761969838327787e-16, "my": -1.4155343563970745e-16, "sx": 1.0, "sy": 1.0}