{"w": -0.1502710261681118, "b": 0.04391400723605622}