{"w1": -0.9437223582628649, "w2": -0.6859124994610848, "b": -0.04365883232602615}