{"w1": -1.010693017861035, "w2": -0.656093705179845, "b": -0.016399460775166793}