{"w": 0.5132635668875204, "b": 0.022399530677915117}