{"w": 0.5257831406896636, "b": -3.926246260463105e-16}