{"w": -0.36814214184367156, "b": -0.00500857091352567}