{"w": 0.13613801689788393, "b": 6.35767334238601e-18}