{"w": 0.1407021495853007, "b": 0.000219657796305043}