{"w": 0.22157532321130424, "b": -0.15796590183430737}