{"w": 0.6374363389993212, "b": -4.446132230825365e-17}