{"w1": -0.4760749241796966, "w2": 0.6456594254356697, "b": 0.01938230243232536}