{"w": 0.5141954370927454, "b": -0.012610134059621022}