{"w1": 0.735470072092954, "w2": 2.104105378723074, "b": 0.11132288619642315}