{"w1": -0.8974113516562735, "w2": -0.599496298228317, "b": -0.1078959499847707}