{"w1": -0.9247626756811542, "w2": 0.11337543370657358, "b": -2.4840793492420335e-17}