{"w1": -0.7706515818892706, "w2": 0.0036322390872397343, "b": -1.313637161257879e-17}