{"w1": -1.2938860098234155, "w2": -0.04970674656402798, "b": 0.03324763994316722}