{"w": 0.4520635040532969, "b": -1.2945429981408223e-16}