{"w1": 0.4164371201597737, "w2": 0.6980029468409882, "b": -4.160373948663997e-17}