{"w": -0.3095675713111781, "b": -0.02846056954767398}