{"w": -0.3043377148236096, "b": 0.006807871211156287}