{"w": 0.06314381016866863, "b": 0.0005445513437775837}