{"w": -0.25618971433487764, "b": -0.15401327604445145}