{"w": -0.2541194505077001, "b": -0.1865881113717846}