{"w": -0.34685656467693926, "b": 0.024011261972551236}