{"w": -0.23677949345355612, "b": 0.02948044926463814}