{"w": 0.4338595449578895, "b": -0.007030203607658364}