{"w": -0.25451674369325245, "b": 0.04024713061305107}