{"w": -0.019314537616988432, "b": -0.2604914076328513}