{"w": -0.13216549950826043, "b": 9.647713066983878e-17}