{"w": -0.14236197996752462, "b": 0.05478049844400497}