{"w": -0.3759103315120419, "b": -0.0018219711415379154}