{"w": -0.2724938341137133, "b": -0.15796099750829007}