{"w": 0.4584741101379437, "b": -0.17504474099973402}