{"w": 0.10271810407546207, "b": -0.05354081097934541}