{"w": 0.14709981669308053, "b": -2.258620034793615e-17}