{"w1": -0.383527420384356, "w2": 0.5045864515546755, "b": -3.1856574988836474e-17}