{"w": 0.9999999999999997, "b": 4.0523140398818207e-17}