{"w": -0.7169746290331759, "b": -0.001156031934652234}