{"w": -0.13778209175147757, "b": -1.5002642284598576e-16}