{"w": -0.8214215229985162, "b": 1.8814334748488935e-17}