{"w": 0.17075790970861257, "b": -6.98303566895773e-17}