{"w": 0.3310414692057064, "b": 0.15641529551950287}