{"w": 0.39858275816633204, "b": 0.04668831002650966}