{"w": 0.799078253598147, "b": 3.210110047005903e-16}