{"w": 0.8037676519172967, "b": -0.0027777947893592317}