{"w": 0.1822321715016154, "b": 0.09320678464579384}