{"w1": -0.22823466039452095, "w2": -1.017347583536185, "b": -0.03016724045863877}