{"w1": -0.5046774618881278, "w2": -1.5263233079770038, "b": -0.104425117024714}