{"w1": -0.8076528728506522, "w2": 0.26643218308387917, "b": -1.3316347024169851e-18}