{"w": -0.6177629249252612, "b": -0.054281831016751346}