{"w": -0.7083147686060516, "b": 0.08370849833815008}