{"cc": 0.9386809933263994, "alpha": 2.659825347367394e-17, "beta": 0.9386809933263996, "mx": -1.8873791418627663e-17, "my": 8.881784197001253e-18, "sx": 0.9999999999999998, "sy": 1.0}