{"w": 0.421881043628858, "b": 0.001395619875976287}