{"w": 0.8309612332566458, "b": -0.0012873327701173212}