{"w": -0.35200073508359736, "b": 0.0008929463519418844}