{"w1": -0.5393533849480695, "w2": -0.36417636092015104, "b": -1.122703097632793e-16}