{"w1": -1.6893926545531406, "w2": -2.0685574164950458, "b": 1.0677889680198667}