{"cc": -0.9274287914056052, "alpha": 3.7069276740002643e-16, "beta": -0.9274287914056052, "mx": 3.8413716652030416e-16, "my": 1.4432899320127036e-17, "sx": 0.9999999999999999, "sy": 0.9999999999999999}