{"w": -0.9265022891164889, "b": 3.7033686343591073e-16}