{"w": 0.029204786368275146, "b": 2.0028177255294713e-16}