{"w1": -0.7091933164156327, "w2": 0.49007778619030135, "b": 0.004997564927854012}