{"w": -0.20754929298936461, "b": -0.04763250249489881}