{"w": 0.03420112755708859, "b": 0.023007930361490028}