{"w1": -0.31700727194020095, "w2": -0.5793694289831849, "b": 0.012625219483260564}