{"w": 0.9774125691474762, "b": 1.292144292270827e-17}