{"w": 0.2971352617665379, "b": -5.392366099152162e-16}