{"w": 0.40020587341772834, "b": -6.446607635898556e-18}