{"w": 0.3998060673503779, "b": -6.432403671055123e-18}