{"w": -0.04705487274187716, "b": -2.0368044681078185e-16}