{"w": -0.3933200448952736, "b": 0.023252978775931743}