{"w": -0.3827285710095771, "b": 1.3832910995264198e-16}