{"w": -0.4564001267373828, "b": 0.0670106172455498}