{"w": 0.7721715700598842, "b": -1.3604487960656793e-17}