{"w": 0.8157793360434957, "b": -9.407341662664849e-18}