{"w": -0.7886031534436577, "b": 0.0008812614788347049}