{"w": -0.05527567344661058, "b": -0.06393682113681876}