{"w": 0.43696291459771325, "b": 0.005216195982373778}