{"w1": 0.9506099810403402, "w2": -1.363959768816095, "b": 0.26968814547112896}