{"w": -0.7046255048840585, "b": 0.015517101166272827}