{"w": -0.704476899341044, "b": 0.015711419899688273}