{"w": -0.32720079672258695, "b": -0.0667000111034571}