{"w": 0.7888059721002714, "b": 2.6645352591003756e-17}