{"w": -0.504315507136029, "b": -1.1791361702876355e-16}