{"w": 0.2394947675193393, "b": 6.316406149082143e-17}