{"w": 0.5325411331734707, "b": -0.02555892069453658}