{"w": 0.47095239175056053, "b": 3.6677433603417283e-16}