{"w": -0.2557732685335586, "b": 0.17796949072688328}