{"w": -0.21933065895628578, "b": -0.0461860395292153}