{"w1": -1.3813685311119206, "w2": -0.9491063165539885, "b": -0.003987153231583558}