{"w": 0.2850020592690995, "b": 0.05577453180304451}