{"w": 0.2838490985140147, "b": 0.08252926684642084}