{"w1": -0.44758886257652264, "w2": -0.05503950189905117, "b": -6.84279068925134e-18}