{"w": 0.6047970879374047, "b": -2.085979958632366e-17}