{"w1": 0.4123629455137933, "w2": 0.29884530053576924, "b": -1.970173674481581e-18}