{"w1": 0.446183280407849, "w2": -0.5502337067597636, "b": 8.229289178219668e-17}