{"w": 0.05949470570379944, "b": -0.018044935253598755}