{"w": 0.5172720935203217, "b": -0.022523935632387627}