{"w": 0.5518100658011313, "b": 0.00014066058353001763}