{"w": -0.7102022413389297, "b": -4.843286805995157e-17}