{"w": -0.775300636342536, "b": 0.03290242223730923}