{"w1": 1.6789963978752864, "w2": 0.4311813554136146, "b": 0.22109197564655458}