{"w1": 0.9142505376117371, "w2": -0.2365416264660794, "b": -7.835836707199798e-18}