{"w1": 2.4903499704680083, "w2": -0.7095925013697849, "b": 0.04178750182732461}