{"w": 0.8497356733257276, "b": 0.007422370065092294}