{"w": 0.8266405155258612, "b": -0.0004672957627079588}