{"w": 0.783260119411021, "b": 0.0029937127502739132}