{"w": 0.011045602539883898, "b": 0.022574368566856958}