{"w1": -1.0050652748342004, "w2": -0.8093142855205668, "b": 0.05762518369246052}