{"w": -0.5996891688429189, "b": 0.005995826851376805}