{"w": -0.13259465062664463, "b": 4.588101732568456e-18}