{"w": 0.3614085993703794, "b": 1.9929601509259095e-17}