{"w": 0.7224841779208309, "b": -0.012409700797241461}