{"w": 0.474646521990963, "b": -2.5447438382352153e-17}