{"w": 0.48671302550297124, "b": -0.016566502097669203}