{"w": 0.44783880991432246, "b": 0.005072807308924893}