{"w1": -0.7389651278348912, "w2": -0.5318626469758524, "b": 0.0042773555840924194}