{"w1": -1.1124763919594463, "w2": -0.5957722169057582, "b": -0.010363085691131771}