{"w": 0.7859987497670522, "b": 3.159579333462908e-16}