{"w": 0.5953913396104952, "b": -0.16200708803428393}