{"w1": 1.1412745072838633, "w2": -0.3021533263048086, "b": -0.018591656805350493}