{"w": -0.9999999999999996, "b": 8.781864124784985e-16}