{"w1": 0.8629166373326421, "w2": 0.1145519186069778, "b": -0.025151112438260455}