{"w": -0.0095599177646095, "b": 0.0007644147089309089}