{"w": 0.588231292080052, "b": 0.09962401946306895}