{"w": 0.2800815943084536, "b": 0.2168658370710487}