{"w": 0.320386115792851, "b": -0.06407915643460102}