{"w": -0.13218318246602503, "b": 0.1066767377980699}