{"w": -0.023906334364208106, "b": 1.13875770931649e-16}