{"w1": -0.8300955057707411, "w2": 0.1886624552456756, "b": 0.02871896980965421}