{"w": -0.9999999999999991, "b": 2.248201624865941e-16}