{"w": -0.15924452024946434, "b": 3.1086244689504386e-17}