{"w": 1.0000000000000002, "b": 3.2612801348363975e-17}