{"w": 0.09159575043427257, "b": 0.007107149467631373}