{"w1": -0.8032201198267519, "w2": 0.06997388223653599, "b": 1.1487425409751258e-16}