{"w": 0.5000098678705902, "b": 3.622798479226648e-16}