{"w": 0.5045054610882078, "b": 3.623696879224567e-16}