{"w": 0.46506209216397487, "b": -0.27314602658405657}