{"w": 0.13904617934431646, "b": 4.244329513708583e-18}