{"w": -0.10396742390636962, "b": -2.852188171410629e-17}