{"w": 0.005147835924386558, "b": 0.042028878873934916}