{"w": -0.3880752276701429, "b": 2.404399205518017e-17}