{"w": -0.5577184974645633, "b": -0.07220233082533335}