{"w": 0.3471067866260751, "b": 0.13454678588844876}