{"w": 0.6185350682270485, "b": 3.672720655757561e-16}