{"w": 0.3135345079166005, "b": 0.1461342292455651}