{"w": -0.6682687329775204, "b": 0.01621859081533346}