{"w": 0.11928346541484831, "b": 0.0014213371113789412}