{"w": 0.24561214490913155, "b": 0.04762652536323908}