{"w1": -0.7395406315870742, "w2": -2.598593605464021, "b": -0.017119246157973795}