{"w1": -0.19785138421652634, "w2": -0.8389190889669516, "b": -0.0016520612602016725}