{"w": 0.21991453046066636, "b": 0.1753055364570259}