{"w": 0.7723712482241377, "b": 4.6910020202241796e-17}