{"w": -0.48560486232606603, "b": 0.003042028498845619}