{"w": 0.8720661805685678, "b": 0.010269269932283318}