{"w": 0.8581745332595165, "b": 5.143729020139372e-17}