{"w": -0.3113271619816018, "b": 0.10436802161100803}