{"w1": 1.1795645040409062, "w2": -0.7037432088728466, "b": 0.15584749389568903}