{"w1": 1.0714316041796494, "w2": -0.2937712216107339, "b": 0.12142336953906362}