{"w": -0.23979528593474175, "b": -0.11173676416072581}