{"w": -0.24117557305628953, "b": -0.1114869969699793}