{"w": -0.3063670760717004, "b": 0.004807212714655624}