{"w": 0.7707379272777205, "b": -0.020144463556498324}