{"w": -0.10802148098065445, "b": 7.460231709372548e-17}