{"w": 1.0000000000000004, "b": 1.9428902930940295e-18}