{"w": 0.03536896723762917, "b": -0.06916222993012663}