{"w1": -0.7971144662958942, "w2": 0.6155054788138603, "b": 0.018098293521408574}