{"w": -0.26361717355169534, "b": 1.2737328583974482e-17}