{"w": -0.21215953982925248, "b": 0.03615286763678366}