{"w": 0.40152671063849055, "b": -0.013254753228519073}