{"w": -0.348239890174043, "b": -0.007207016938054589}