{"w": -0.6927646054964118, "b": -1.3594838353460784e-17}