{"cc": -0.3724546527545305, "alpha": -2.5986454226631486e-17, "beta": -0.37245465275453044, "mx": -1.7708057242771247e-16, "my": 3.9968028886505634e-17, "sx": 1.0, "sy": 0.9999999999999999}