{"w": -0.3855576901014792, "b": 0.014101651760799652}