{"w1": 0.2563182090941666, "w2": 0.7708632720198498, "b": -4.128601395288479e-17}