{"w": 0.3872419166622028, "b": 4.195514213659261e-18}