{"w": -1.0000000000000162, "b": -1.1768364061027123e-16}