{"w": -0.005367690140441854, "b": 1.6721639178181703e-16}