{"w": -0.1498442852013192, "b": 0.057753314571892256}