{"w1": -0.29645486732271714, "w2": -0.9398039983340202, "b": 1.3746915271196388e-17}