{"w": 0.22641582659966072, "b": 2.4445922435635815e-17}