{"w": 0.2010829757163639, "b": 0.264163933855424}