{"w1": -1.1083231644714937, "w2": 1.347320539921271, "b": -0.19423885646663888}