{"w": -0.7492998487977579, "b": 0.01918995285937215}