{"w": 0.5126100721129219, "b": -0.020013653667377868}