{"w": 0.0899283744170531, "b": -0.005364577839666459}