{"w": 0.0052409460792725866, "b": -0.019613187377892038}