{"w1": -0.8301426021774178, "w2": 1.9408985016409723, "b": -0.04545958879301502}