{"w1": -0.5950647346419619, "w2": 1.296258958970232, "b": -0.006478054325462692}