{"w1": -0.29942573950083656, "w2": 0.5987820982433684, "b": -0.01346289673004503}