{"w": 0.38386485430643247, "b": -0.24252517625923933}