{"w": 0.5137723415568299, "b": 0.09481389057272635}