{"w": 0.6366209724462227, "b": -1.8006104158823384e-17}