{"w": 0.06385956437587224, "b": 0.01251052493559331}