{"w": -0.11013268082719982, "b": -1.5706599002495513e-16}