{"w": 0.35524956833265087, "b": -5.355211382110968e-17}