{"cc": 0.3402999794292594, "alpha": 3.725375600131181e-17, "beta": 0.34029997942925944, "mx": 1.7763568394002505e-17, "my": 4.3298697960381107e-17, "sx": 0.9999999999999999, "sy": 1.0}