{"w1": 0.5413504117650357, "w2": 0.17602773777746827, "b": -0.0013378708259431764}