{"w": 1.0000000000000004, "b": 4.019007349143068e-16}