{"w": 0.5442421270671346, "b": 0.08893738958578695}