{"w": -0.4954736081254926, "b": 0.0169703544405823}