{"w1": 0.3545261276384107, "w2": -0.4356979205170546, "b": 2.5613395745219725e-17}