{"w1": 0.7041006270592678, "w2": -1.1035338446299414, "b": 0.01622854339448169}