{"w": -0.6737955053247451, "b": -0.01046495749948842}