{"w": 0.23711684950242284, "b": 0.18440923014164334}