{"w": -0.36748577730476967, "b": -0.010771173160175453}