{"w": -0.39090742794173633, "b": -0.0009997896693388075}