{"w1": -1.6661178267724208, "w2": -0.24182081479378223, "b": 0.1141439582012762}