{"w1": 0.9902250843379643, "w2": 0.2299958920783735, "b": 0.024975338696520268}