{"w": 0.06511500495020003, "b": 0.1389006959813489}