{"w1": -0.2765767532974424, "w2": -0.40681245542123445, "b": -7.812815976310109e-17}