{"w": -0.09284754824279537, "b": 2.1923624018512236e-16}