{"w": -0.0919282655869261, "b": 2.1913213809051251e-16}