{"w": -0.03890969998370198, "b": -0.10250631559272538}