{"w": -0.09183818842544708, "b": 0.005570801375820229}