{"w": -0.21122528452572, "b": -0.006557826439001435}