{"w1": 1.0260155881154012, "w2": -0.06545878753811336, "b": -0.05900497618788175}