{"w1": 0.5761107190033942, "w2": -0.10958738908656267, "b": 0.001931886575319619}