{"w": 0.4514755585893364, "b": 2.3703986865881653e-16}