{"w": 0.44687142371833494, "b": -0.08642994285871133}