{"w1": 0.4206841960684355, "w2": -1.4547781869601772, "b": 0.05573130321680374}