{"w1": -0.8327874834813079, "w2": -0.08043003786974996, "b": 1.9012420788465464e-18}