{"w": -0.2425496781960654, "b": -0.11543541410643046}