{"w": 0.5804764688752521, "b": 0.026133718743601486}