{"w1": 0.311184688595998, "w2": -0.8912354859394341, "b": 1.0830141204407541e-16}