{"w1": -0.49314691763759105, "w2": -0.4914988445439782, "b": -9.153406069581232e-17}