{"w": 0.1720088431841564, "b": -0.01537231880681885}