{"w": 0.042439520794103916, "b": -3.192885024886936e-16}