{"w": 0.4552098909529264, "b": 8.981238217680318e-18}