{"w": -0.27776663570792365, "b": -0.049977562323503824}