{"w": 0.4812860634582871, "b": 1.6206913017568494e-16}