{"w1": -0.2185939930501208, "w2": 1.0288437804703858, "b": 0.12085635428568584}