{"w1": -0.16072560024737154, "w2": 0.6075657886153313, "b": 0.015138377254172806}