{"w": -0.4661766524787593, "b": -2.1970991361868137e-17}