{"w": -0.6230034616502614, "b": 0.2181242138417312}