{"w": -0.5651067621395732, "b": -0.008995498342036265}