{"w1": -0.6829686328280486, "w2": -2.1839812316130844, "b": 0.14729796646556195}