{"w1": 2.3193214974659377, "w2": -0.20311388518875143, "b": -0.001044153790994767}