{"w1": 5.009955179442721, "w2": 5.35003807008517, "b": 1.667516765176625}