{"w1": 0.4780375896922182, "w2": 0.4874562355618363, "b": 3.706989766389572e-17}