{"w1": 1.1073071868200641, "w2": 1.1906688796586566, "b": 0.25058286184439316}