{"w": 0.10884490955299406, "b": 0.03734269121640566}