{"w": -0.7656438469196278, "b": -0.010403973000970484}