{"w": -0.7014675888306844, "b": -0.026054865856082885}