{"w": -0.7589417161329828, "b": 0.004069338162053964}