{"w": 0.3551712011673097, "b": 0.009893612775812886}