{"w": 0.24803319033313076, "b": -0.019691372441589958}