{"w": 0.22422929530111985, "b": -0.017412973179839104}