{"w1": 3.07704422832197, "w2": 2.013114690383507, "b": 0.25147050740897536}