{"w1": 1.8048269248607811, "w2": -1.0220607541826765, "b": 0.06421400856368127}