{"w": 0.8879049849833703, "b": -0.021802355960658156}