{"w1": 2.6461020768337553, "w2": -0.6983774198235195, "b": 0.07698680450201204}