{"w": -0.9279904643812257, "b": 0.007376835832518689}