{"w": 0.3207451102012684, "b": 1.0573139521229923e-16}