{"w": 0.7710728717064814, "b": -0.0010071341200938427}