{"w": 0.0019450398264147307, "b": 0.009821768819965299}