{"w": 0.9698482747382592, "b": -0.006868405163571012}