{"w": 0.11682888287361144, "b": -0.20102053641793927}