{"w": 0.06801400588148605, "b": 0.05124866629206613}