{"w": 0.05834435118537101, "b": 4.6111165097914055e-17}