{"w": 0.06354335277614663, "b": 4.606498868774492e-17}