{"w": 0.005904387917758713, "b": 0.20037916169586822}