{"w1": -0.4038352545100501, "w2": -0.17281101414725453, "b": -5.7760652587683046e-18}