{"w": 0.42524026368914225, "b": 0.040454282008258444}