{"w": 0.911088074798171, "b": 1.4358577546478348e-17}