{"w": 0.9265976119413818, "b": 0.03573427879294411}