{"w": 0.9023702368535046, "b": -0.0051499855116430154}