{"w": 0.24358132189679407, "b": -2.0712858503144874e-16}