{"w": 0.12055029946529652, "b": 0.2527580419146537}