{"w1": -0.7991032807505415, "w2": 0.3771508173361933, "b": -0.00576997971818971}