{"w": 0.019224419110738144, "b": 0.2019702019151367}