{"w": 1.000000000000004, "b": -1.5307199952019352e-16}