{"w1": 0.08425911263486352, "w2": 2.0259369252588972, "b": 0.034417087075993114}