{"w": -1.0000000000000009, "b": -1.4988010832439627e-16}