{"w": -0.6576723806637936, "b": 0.008301519473181706}