{"w": -0.07420228479955501, "b": -1.534677775080326e-17}