{"w": 0.02475657529994319, "b": 0.11552022539016624}