{"w": 0.32076731448961665, "b": -3.959209089373565e-18}