{"w": -0.23000145867820293, "b": 0.1308233913888685}