{"w": -0.5252548685917874, "b": -0.008915521974287782}