{"w": 0.16309197008845575, "b": -8.356214180005533e-17}