{"w": -0.1661250959422553, "b": 0.030756531112809904}