{"w": -0.6741193324842446, "b": -0.07628901198072643}