{"w1": 0.2688790399194963, "w2": 0.4758750979817257, "b": -2.273938589657589e-17}