{"w": -0.029792374597285322, "b": 3.325924745511412e-17}