{"w": -0.01899331602064281, "b": 0.011313767597538306}