{"w": 0.09984462721476305, "b": 2.0184579081148342e-16}