{"w1": 0.10867671346086848, "w2": 0.7738277083691064, "b": 1.6304385335789532e-17}