{"w": -0.8873606265597417, "b": -2.148467235372553e-17}