{"w": 0.38326598547331203, "b": 0.00048309371219461657}