{"w": 0.3807460324818062, "b": -6.909682042181076e-17}