{"w": -0.005160673726126405, "b": 1.0471985378985966e-17}