{"w": 0.9999999999999996, "b": 3.6387559632089504e-16}