{"w": 0.9999999999999989, "b": -1.5034848366290968e-16}