{"w": -0.5708997243782573, "b": 1.57187602392511e-16}