{"w1": -0.26029212259235934, "w2": -1.1269630178283117, "b": -0.09099603146568216}