{"w1": 0.6476637343978452, "w2": -1.0334183921334679, "b": -0.07736718597798907}