{"w1": 0.9531981024329225, "w2": -1.846945433105291, "b": -0.04255210726305041}