{"w": -0.1962119330794555, "b": -0.12895481152595892}