{"w": 0.3257462113626748, "b": 0.04115752091617234}