{"w1": 1.3262180247257402, "w2": 0.10082915114547282, "b": -0.03808910574345965}