{"w": 0.06264754635034836, "b": 0.00798327131350177}