{"w": 0.5327090231394644, "b": -1.689202493954418e-17}