{"w": -0.08001545838940341, "b": 0.011683939461767235}