{"w": 0.33733863610044373, "b": -1.6367022009460036e-17}