{"w": 0.9999999999999999, "b": -6.067195357228884e-18}