{"w": 0.9999999999999996, "b": 6.505906924303416e-16}