{"w": -0.012364380345921317, "b": 0.2627257190464445}