{"w": 0.7447584137448758, "b": 0.017530940628217}