{"w1": 0.7744413572553416, "w2": -0.04911180738384142, "b": 0.021149610553153265}