{"w1": -0.5525630487772072, "w2": -0.8327627172734973, "b": -0.08714802627608409}