{"w": -0.23484269959351645, "b": -0.13777226327752737}