{"w": -0.44004646581511553, "b": 0.20608469183420874}