{"w": -0.4839562640550876, "b": 0.16178122788558855}