{"w": 0.5213906493230543, "b": -0.00940602858039635}