{"w": 0.4248119024772583, "b": -2.241329069312592e-18}