{"w1": -0.09704587684390348, "w2": 0.8640383181657246, "b": 0.00129106549111406}