{"w": 0.06487735848822543, "b": 0.018276540103193833}