{"w": -0.25007926385054313, "b": 0.004197375797412855}