{"w": 0.8840065638571758, "b": -0.061612527770367076}