{"w": -0.7777930098103404, "b": -2.1871378365257648e-16}