{"w1": -1.9479379726505162, "w2": -2.548648504703128, "b": -0.03610611534918568}