{"w1": -0.5919211135158774, "w2": -0.9824919845245115, "b": -0.012087997735755276}