{"w": -0.17532748268182946, "b": -0.030654820107923045}