{"w": 0.4620955554313576, "b": 0.007028049541210304}