{"cc": 0.6197159509282545, "alpha": -3.7028210082547117e-17, "beta": 0.6197159509282544, "mx": 3.1086244689504386e-17, "my": -1.7763568394002505e-17, "sx": 1.0, "sy": 0.9999999999999999}