{"cc": 0.07418989453219299, "alpha": 6.60478272748898e-17, "beta": 0.07418989453219299, "mx": 2.042810365310288e-15, "my": 2.1760371282653068e-16, "sx": 1.0, "sy": 1.0}