{"w": 0.43469146409594617, "b": -0.03257346257838711}