{"w1": 0.12775028200917235, "w2": -1.3461179708466713, "b": 0.036043774185155995}