{"w": 0.7091911409125614, "b": 5.0563514746507644e-17}