{"w": 0.3705745319051745, "b": 0.001036138667529594}