{"w1": 0.4251177171717008, "w2": -0.5438223080651425, "b": 5.569630915205157e-17}