{"w1": 0.5496547153868805, "w2": 0.30114298345381574, "b": -2.5026414476352466e-17}