{"w1": 0.6012527532954346, "w2": 0.3071366138776753, "b": -2.6337029604062353e-17}