{"w": -0.04971310446039613, "b": 0.03561091968237332}