{"w": -0.10944187287188108, "b": 0.005685701815071208}