{"w": -0.564424319009583, "b": 0.021652551564280528}