{"w": 0.8002116254776555, "b": 0.01893875304939997}