{"w": 0.8059743966113939, "b": -0.010033736929203}