{"w1": 1.5821903943097932, "w2": -3.5355514355691247, "b": -0.07610783607753886}