{"w": -0.14716430332637465, "b": 0.0015861936769533576}