{"w": -0.31230140255821137, "b": -0.015675733978861607}