{"w": -0.32911219881389814, "b": -0.016405601890300256}