{"w": 1.000000000000002, "b": 3.219646771412949e-17}