{"w": 0.116175269030265, "b": 0.0023930857803062568}