{"w": 0.6857955136093548, "b": 9.8358839120763e-18}