{"w": -0.9425926083299153, "b": 0.01981449206575779}