{"cc": 0.7643400813214674, "alpha": -2.0181966757118656e-17, "beta": 0.7643400813214675, "mx": -5.551115123125783e-18, "my": -2.4424906541753444e-17, "sx": 0.9999999999999999, "sy": 1.0}