{"w": 0.7369659271288621, "b": 0.004306852429793997}