{"cc": -0.31773371715421694, "alpha": 2.104050331267629e-16, "beta": -0.317733717154217, "mx": 1.6653345369377347e-17, "my": 2.0511370379949766e-16, "sx": 0.9999999999999999, "sy": 1.0}