{"w": -0.31773371715421705, "b": 2.104050331267629e-16}