{"w": 0.43890761817566026, "b": 5.1468307383611337e-17}