{"w": 0.3870566661362821, "b": -0.07092752037097938}