{"w": 0.41749634394596463, "b": 0.009455039318870678}