{"w": 0.06650048506633412, "b": 1.56417963404705e-16}