{"w": 0.030387829301252, "b": 0.17499558904768162}