{"cc": 0.4299870332269564, "alpha": -1.2056993255409224e-17, "beta": 0.4299870332269563, "mx": 2.220446049250313e-18, "my": -1.1102230246251566e-17, "sx": 1.0, "sy": 0.9999999999999998}