{"w": 0.44951774733442745, "b": -0.019055068440132605}