{"w": -0.684567490011361, "b": 3.7814734432928204e-17}