{"w": 0.26231302283866026, "b": 6.776167839999953e-17}