{"w1": -0.6939804280789783, "w2": -1.4726137866999445, "b": -0.009168073862489245}