{"w": -0.26521822383660776, "b": 0.04423801906195543}