{"w": -0.2903956712238677, "b": -0.005564615171879256}