{"w1": -0.42769769133677954, "w2": -0.5897993535591691, "b": -9.973027962044706e-17}