{"w": 0.22038315256373828, "b": -1.9467609817707666e-18}