{"w": -0.7616268908779609, "b": 1.945471981485527e-17}