{"w": -0.7684746851016387, "b": 1.9469924972485317e-17}