{"w": -0.7794230377436396, "b": 0.015557576854702954}