{"w": 0.08271312382360059, "b": 0.12832983317960403}