{"w": 0.08614146470968254, "b": 0.13549085918746406}