{"w": -0.18324345548287774, "b": -0.02051692472021926}