{"cc": 0.008896365008566252, "alpha": 1.998214690720767e-18, "beta": 0.008896365008566252, "mx": 2.4980018054066023e-17, "my": 2.220446049250313e-18, "sx": 1.0, "sy": 1.0}