{"w": -0.06063254871657699, "b": 0.07750499344543585}