{"w": 0.0052545833995476954, "b": -8.410678821128544e-17}