{"w": 0.3975418076731062, "b": -0.0683397449428067}