{"w": -0.07386924162874821, "b": -0.01417406452056634}