{"w": 0.5985627827359791, "b": 1.3929016340705683e-18}