{"w": 0.37802158858124807, "b": -0.0005931279343109614}