{"w": 0.4564601539014398, "b": 0.05326128228025107}