{"w1": -1.1430931868062864, "w2": -0.7139445664649602, "b": 0.043045737711738405}