{"w1": -0.35473455504486656, "w2": -0.2968677735360824, "b": -0.0004973742189351427}