{"w": -0.6350058077663834, "b": -0.020547475035797777}