{"w": -0.9999999999999977, "b": -2.3037127760972034e-17}