{"w": -0.07360058522669183, "b": -3.6664884734689914e-17}