{"w": -0.133414896808921, "b": -0.09991932522365006}