{"w": 0.04014659129779149, "b": 0.02344505896039132}