{"w": 0.9999999999999997, "b": 6.628378401707379e-17}