{"w": 0.1739272152731344, "b": -4.455347307529643e-17}