{"w": 0.14534409040803684, "b": 5.2647364902721195e-20}