{"w": 0.18998504771723843, "b": -0.08159480571372718}