{"w1": 0.5900306816631081, "w2": 0.09111079262585772, "b": 8.640711028537025e-17}