{"w1": 0.665522069706596, "w2": 1.4478000393546329, "b": 0.012876283758036336}