{"w1": -0.6823228626207538, "w2": 0.21043472587925954, "b": 2.228690162492778e-17}