{"w": -0.31968451087956556, "b": 0.007851001029092763}