{"w": 0.33296580556985655, "b": 4.2460002331876784e-16}