{"w": 0.32727490244405777, "b": 0.0019345002504040781}