{"w": -0.23421124425281165, "b": -1.5425103570559425e-16}