{"w": 0.38042005460534417, "b": 2.0636157629194323e-17}