{"w1": 0.64085420297717, "w2": -0.968460228610911, "b": 0.12329354454145555}