{"w": 0.8636213202100415, "b": 1.2313148814935925e-16}