{"w1": 2.0411973243368817, "w2": 1.0357773390158627, "b": 0.21006287957526626}