{"w": 0.24364107328712048, "b": 0.0077360703720400215}