{"w": 0.6634587463114069, "b": -5.467840336514549e-17}