{"w1": -0.3914463083762328, "w2": -0.78782572488566, "b": 3.7495463289001553e-17}