{"w1": -0.8643343869444373, "w2": -1.7800656026509287, "b": 0.10758324892983198}