{"w": 0.04266755262374736, "b": 0.1267537456807705}