{"w1": -0.9126654246812467, "w2": -0.64980181993327, "b": 0.3709288288666577}