{"w1": 2.0084107906862037, "w2": 2.5278196065995813, "b": -0.010975243749515647}