{"w": 0.18936333444108547, "b": 0.006522086490083016}