{"w": 0.1657310005292345, "b": 0.12546040094465696}