{"w": 0.3876002859376097, "b": 0.07580196588087151}