{"w": 0.3757834560111358, "b": 0.033221956682706645}