{"w": 0.4424488621069925, "b": 0.14941662620070356}