{"w": 0.40856904127577093, "b": -0.013678858187092392}