{"w": 0.11821665916648977, "b": 0.06173800985587222}