{"w": -0.018555353688076964, "b": 1.6462201635794167e-16}