{"w": 0.013625803386903767, "b": 0.03012261665797994}