{"w": -0.5554872959990261, "b": -0.04642554995955575}