{"w": 0.4272045261591548, "b": 0.1287293019003472}