{"w": 0.36691367445037004, "b": 0.019744234630055923}