{"w": -1.0000000000000298, "b": -3.5749181392930403e-16}