{"w": 0.696183999061286, "b": -0.01117390455902206}