{"w": 0.30438492334479184, "b": -0.017716269543598097}