{"w": 0.31366475760713475, "b": -0.01676824985007873}