{"w1": -0.03143435200493809, "w2": 3.3325461685051883, "b": -1.1172228763421233}