{"w": 0.7273382161602684, "b": -2.4222829688191e-17}