{"w1": -0.23143335141726842, "w2": -0.5561124967244098, "b": -6.349195762222415e-17}