{"w1": -0.6824908897023882, "w2": -0.537811211723697, "b": -0.08379517026683798}