{"w1": 0.166040971639831, "w2": -0.6670917244928399, "b": -7.698755698442959e-19}