{"w": 0.1177797873359269, "b": 0.007755360990234633}