{"w": 0.08667761295419694, "b": 0.0010431176488645316}