{"w1": -0.40085596281023983, "w2": -0.5377838885989525, "b": 4.670939406809765e-17}