{"w1": -0.02434825140567034, "w2": 0.49416848980216743, "b": -0.0002901166266430265}