{"w": -0.5595230192079371, "b": -0.047221263032588084}