{"w": -0.5317437516197477, "b": 0.0036696452210427917}