{"w": -0.10853104204458386, "b": -0.13793288265136855}