{"w": -0.13535060963053983, "b": -1.3527707493146333e-16}