{"w": 0.1415859232450781, "b": 0.05761824512588222}