{"w": 0.8770978669764558, "b": 0.006342047410555551}