{"w": 0.8479497567736723, "b": 0.0010799079956817295}