{"w": 0.09722488079267144, "b": -0.027223674458250358}