{"w": 0.3836375036424521, "b": -0.16616828886150709}