{"w": 0.2917609939744178, "b": 1.7513831048071195e-16}