{"w": 0.1471395943563653, "b": -3.774453393377406e-17}