{"w": 0.744232211005714, "b": -0.008066927267736895}