{"w": 0.6594629953546242, "b": 4.155229611545451e-17}