{"w": 0.46203454756153406, "b": -0.06272113146091673}