{"w": 0.127822930690153, "b": -0.09025655456619404}