{"w": 0.6379076767610482, "b": -8.126848511960311e-17}