{"cc": -0.5387200168326005, "alpha": -1.0198348921793259e-16, "beta": -0.5387200168326007, "mx": -5.329070518200751e-17, "my": -7.327471962526034e-17, "sx": 1.0, "sy": 1.0000000000000004}