{"w": -0.5387200168326007, "b": -1.0198348921793259e-16}