{"w": 0.9911451698389186, "b": 0.09751304928282428}