{"w": -0.046418806687005425, "b": -0.05580487308040404}