{"w": -1.9821349726081213e-05, "b": 1.7623904769640847e-17}