{"w": 0.9999999999998184, "b": 8.770761894538352e-17}