{"w": -0.02166513735200665, "b": -0.10541248114493026}