{"w": 0.11999479875076156, "b": 3.1437165825668516e-16}