{"w": -0.25601896413401004, "b": 0.33534151135579093}