{"w1": 1.043761541133202, "w2": 1.491011551778287, "b": 0.31649952369247214}