{"w": 0.6036908736136112, "b": -0.04339518641033194}