{"w1": 0.15423458184629651, "w2": -0.8261528747184019, "b": -0.04149152721626323}