{"w": 0.32314990460336823, "b": 5.5900793240120945e-05}