{"w": 0.35238763489335445, "b": 0.000534534775160217}