{"w1": 1.5855294005915677, "w2": -1.1057193127779323, "b": 0.06515800901293896}