{"w": -0.5013493256739996, "b": 0.021924439616127517}