{"w": -0.31565909166292866, "b": -4.7212536916977834e-17}