{"w": -0.3439979960900219, "b": 0.013069449088749373}