{"w": 0.1441422132534428, "b": 0.24975162550717966}