{"w": 0.12499597710484159, "b": 0.004018940394321798}