{"w": -0.055209626992812934, "b": 2.794637365422826e-17}