{"w1": -0.07844317098096754, "w2": 0.6573950731732573, "b": -0.008375884382445006}