{"w": 0.9820239449602501, "b": 0.0009882192620086251}