{"w": 0.9738860785877391, "b": 0.001854782338556735}