{"w1": 2.220374987035866, "w2": 8.117769947064314, "b": 0.5717369108850522}