{"cc": 0.8318116467983243, "alpha": 3.8767709977988555e-17, "beta": 0.8318116467983245, "mx": 1.6792123247455492e-17, "my": 5.2735593669694933e-17, "sx": 0.9999999999999998, "sy": 1.0}