{"w": -0.22403002973357677, "b": 3.110847577791818e-17}