{"w": -0.2791783985812495, "b": -0.09781023094199409}