{"w1": -0.8152150506252044, "w2": -1.5158836200804164, "b": 0.0643515281138898}