{"w1": 0.44938753980195967, "w2": 1.6972969613965734, "b": 0.04238805302234548}