{"w": 0.7748440052974938, "b": -2.574886110360241e-17}