{"w": -0.45013928457306523, "b": 4.0404695523236074e-17}