{"w1": 0.2075792244089436, "w2": 0.5609925075195844, "b": 0.01918608428152349}