{"w": -0.19001418491654928, "b": -6.150493820634768e-18}