{"w": 0.18619123607258767, "b": -0.17854281918347556}