{"w": 0.23942531878873433, "b": -0.18418398631015395}