{"w": 0.26286249148204155, "b": 0.02830112009232735}