{"w": -0.6055778982395718, "b": 0.03243505201232553}