{"w": -0.6087183316817633, "b": 0.0674201378386613}