{"w": 0.7816054656271385, "b": 0.0012037546156044576}