{"w": 0.9999999999999999, "b": -4.274358644806853e-17}