{"w1": 0.040283513830997514, "w2": -0.44084892040560036, "b": -1.0741964957786952e-17}