{"w": 0.13353470849904636, "b": 0.19692305659222864}