{"w": 0.21944434591172945, "b": -2.316676057198918e-16}