{"w1": 0.47221240098977885, "w2": 1.0593897191810722, "b": 0.060369245891129755}