{"w": -0.28896430739321743, "b": -0.05547119818572499}