{"w": -0.435332066818934, "b": 2.592891171271428e-16}