{"cc": -0.4625694491891681, "alpha": -1.7959553713266738e-17, "beta": -0.4625694491891681, "mx": -2.4424906541753444e-17, "my": -6.661338147750939e-18, "sx": 1.0, "sy": 1.0}