{"w1": -0.3848766214528213, "w2": 0.5364388424621586, "b": -4.955901869641957e-17}