{"w1": -1.6447013563282806, "w2": 2.648235086784886, "b": 0.7851368918223017}