{"w": 0.8018856254426765, "b": -3.877398486778723e-16}