{"w": -0.30825187052191955, "b": -0.012716638434571846}