{"w": -0.24710797516337465, "b": 0.00016349717581456633}