{"w1": -0.6064444873002077, "w2": -0.1367936693260744, "b": 1.6007055709675766e-17}