{"w1": 0.3088781372068287, "w2": -0.3787627912457289, "b": 3.361629667775869e-17}