{"w1": 0.3271839814938281, "w2": -0.4012049937774705, "b": 0.003717354478020393}