{"w1": -0.2803233693439162, "w2": 1.8594238166252377, "b": 0.009826762200977146}