{"w1": -0.18122927237200448, "w2": 1.2515758173198142, "b": -0.018688223968242185}