{"w": 0.49097273529598773, "b": 7.923061210384199e-17}