{"w1": -0.8213560705550531, "w2": -0.8065712042476813, "b": -0.014629590058353606}