{"w": -0.7801213480562338, "b": -0.017075503419547514}