{"w1": 1.0605628594589507, "w2": -0.39534914412620303, "b": 0.005465522265595338}