{"w": -0.19531305478507338, "b": 9.613840213978179e-17}