{"w1": -0.1383088224245589, "w2": -1.7428044139606829, "b": 0.12035295838050325}