{"w": 0.2756481666469405, "b": -0.015987018260474405}