{"w": 0.9999999999999992, "b": 2.831068712794149e-17}