{"w1": -1.5451034622396003, "w2": -2.991107137746754, "b": -0.012890086132050945}