{"cc": 0.05895397179693872, "alpha": -4.67602711480207e-17, "beta": 0.05895397179693872, "mx": 2.220446049250313e-18, "my": -4.662936703425657e-17, "sx": 1.0, "sy": 1.0}