{"w1": -0.3853194976080724, "w2": 0.5191670088367669, "b": 1.0791570445399324e-17}