{"w1": -0.6489337188500969, "w2": 0.7598810881682524, "b": 0.06241212034444148}