{"w": 0.023915914662018357, "b": -0.07879367105362385}