{"w1": 0.05543737081615079, "w2": -4.002670960966871, "b": 0.15711098621065844}