{"w": 0.7335334661679073, "b": 1.4153020411457078e-16}