{"w": 0.9999999999999991, "b": -5.4678483962788965e-17}