{"w": 0.010181733515071109, "b": -2.4335483405585096e-16}