{"w": 0.9604266179217759, "b": 0.026787735269113256}