{"w": 0.9129986688884918, "b": 0.031151374630194892}