{"w": 0.7015522217426902, "b": -0.07892514804242284}