{"w": -0.642720242951237, "b": 3.349331765908307e-17}