{"w": -0.016916022573037117, "b": -0.0003174050669847092}