{"cc": -0.32601784576214843, "alpha": 8.634642643287737e-18, "beta": -0.3260178457621484, "mx": 4.010680676458378e-17, "my": -4.440892098500626e-18, "sx": 1.0, "sy": 0.9999999999999999}