{"w": -0.3449195387842723, "b": 0.04849539777749447}