{"w": 0.2049093750750715, "b": -0.0023451126601402167}