{"w1": 0.5265459644854766, "w2": 0.2862401063524375, "b": 1.5082168481321076e-17}