{"w": 0.39495780366975886, "b": -0.018530135473274065}