{"w": -0.6710013983236266, "b": 2.0428989730201162e-16}