{"w": -0.3269512955552495, "b": -4.571045211233334e-17}