{"w": -0.3173873190565645, "b": 0.09562404348857989}