{"w": -0.026639913773575732, "b": 0.03280831036738789}