{"w": -0.11091302708969618, "b": -1.6837299836018632e-16}