{"w": -0.12097645984818281, "b": -0.03324222483971215}