{"w": -0.2207028241969271, "b": -4.9066598748810414e-17}