{"w": 0.9869708223922307, "b": 0.0010439210932103905}