{"w": -0.9999999999999996, "b": -3.9579450827886815e-16}