{"w": -0.44442195665290607, "b": 0.10171279564161308}