{"w1": 1.7720422616205163, "w2": 1.1665130433001236, "b": 0.4296621673106762}