{"w": 0.34216635142487783, "b": 4.315546449067939e-17}