{"w": 0.24738419753777627, "b": -0.24315929914500314}