{"w1": 0.4999641684028313, "w2": -0.2589241373843995, "b": -3.5010546724919214e-17}