{"w1": -0.1785135021432023, "w2": -1.2288583289884292, "b": -0.04333226768531649}