{"w1": -0.29165981427101295, "w2": -1.0410553626184273, "b": -0.03260221839891031}