{"w1": 0.587503172422301, "w2": -3.2384004075985753, "b": -1.189671625223666}