{"w": -0.2552909730213826, "b": -3.3850040388516526e-17}