{"w": -0.2404326073169131, "b": 0.0015036559489715095}