{"w1": -1.1610608045123485, "w2": -1.227539979909032, "b": 0.015685018506061424}