{"w": -0.49649950705459256, "b": 1.59052413402195e-16}