{"w": -0.4861929913115482, "b": 0.01954567704217615}