{"w": 0.15004983274364286, "b": 0.14983375144232874}