{"w1": -0.4858855039320664, "w2": -0.21902328960116443, "b": 2.090701837652258e-17}