{"w1": 0.6613358648550116, "w2": -1.0603779976792769, "b": 0.14763775250660055}