{"w1": 1.0545221116440238, "w2": -1.7347016012579008, "b": 0.4000083864634555}