{"w1": -2.2406298039210957, "w2": 0.9746065702605129, "b": 0.11561026489293075}