{"cc": 0.033094265170784024, "alpha": -5.151070808832713e-17, "beta": 0.033094265170784024, "mx": -6.217248937900877e-17, "my": -5.35682609381638e-17, "sx": 1.0, "sy": 1.0}