{"w": -0.008187196243288444, "b": -0.17222499480496004}