{"w": 0.05670375002538275, "b": -0.20471689666303605}