{"w": 0.2904631081217668, "b": 6.40783432293923e-18}