{"w": 0.15445316389846936, "b": -0.013371368821963247}