{"w": -0.5693337227917561, "b": -0.003072705079471651}