{"w1": -0.029414786419994263, "w2": -0.8839643245867654, "b": -2.550620608869267e-18}