{"w1": -0.02833451922184947, "w2": -0.8920908136598426, "b": -2.547076964135559e-18}