{"w1": 1.1708286877805365, "w2": -0.24847185045533215, "b": 0.06286498105304242}