{"w1": -0.5772980332928833, "w2": -0.2883963207611045, "b": -0.039760110471162444}