{"w": -0.43080257335317823, "b": 6.006644943581832e-17}