{"w1": -0.4103887945544928, "w2": -0.22516296216316123, "b": 2.727814256025187e-18}