{"w": -0.6491029964681536, "b": -2.768711810273272e-17}