{"w": -0.6484545419262271, "b": -2.7677759023615416e-17}