{"w": -0.6857596669118183, "b": -0.015288763625731104}