{"w1": -1.3493145839800122, "w2": -1.979515516690268, "b": 0.24243498145728964}