{"w": 0.36474170113926824, "b": 0.02835239514275583}