{"w": -0.5862878885793016, "b": 0.009484775324022416}