{"w": -0.5902265650242914, "b": 0.009442711332698313}