{"w": 0.37261616848502643, "b": 0.04926820625485177}