{"w": 0.6731276399631051, "b": 0.05841689666980433}