{"w": 0.09888748554053223, "b": -0.07000480149360531}