{"w1": -0.48841940856779753, "w2": 0.9603356871907186, "b": -0.05773150796242118}