{"w1": -0.21976974400564606, "w2": -1.599594528198378, "b": 0.06291988994649997}