{"w1": 0.5351776402291993, "w2": 0.44009061759337864, "b": 5.433281747251108e-17}