{"w1": -0.7922356693070353, "w2": -0.7025459258341837, "b": 0.03634165063392324}