{"w": 0.03265643814005936, "b": 0.17276979920383884}