{"w": 0.11331363372176012, "b": 0.07259974071986909}