{"w": 0.12137580991283752, "b": 8.817405648515076e-18}