{"cc": -0.5602923932672458, "alpha": 3.3212029705508936e-17, "beta": -0.5602923932672459, "mx": -1.9984014443252817e-17, "my": 4.4408920985006264e-17, "sx": 0.9999999999999999, "sy": 1.0}