{"w": -0.074211526771235, "b": 0.056063782691641945}