{"w": -0.2277252229000768, "b": -1.0055309846149478e-16}