{"cc": -0.51971338974971, "alpha": 2.956615893444727e-17, "beta": -0.51971338974971, "mx": 3.552713678800501e-17, "my": 1.1102230246251566e-17, "sx": 1.0, "sy": 1.0}