{"w": 0.5034914731581394, "b": 3.7304884427753525e-17}