{"w": 0.49575289043198545, "b": -0.028891493124643917}