{"w1": 0.572679078386113, "w2": -1.3876958025826729, "b": 0.023607199356167397}