{"w1": -0.34152259328050494, "w2": 0.4445168650105951, "b": 3.431720686206838e-17}