{"w": 0.4973419044336936, "b": 0.08080103425578078}