{"cc": 0.24579372641779498, "alpha": -1.6172952285526153e-17, "beta": 0.24579372641779496, "mx": -1.7763568394002505e-17, "my": -2.0539125955565396e-17, "sx": 1.0, "sy": 0.9999999999999999}