{"w": 0.09044710311088895, "b": -0.05254623540338687}