{"w": 0.3148183177406366, "b": -0.035251978788153254}