{"w": -0.23854967159205315, "b": 1.1886377806132244e-16}