{"w": -0.04118287245234085, "b": 0.016992767852228245}