{"cc": -0.3149018004702322, "alpha": 3.496112293779687e-18, "beta": -0.3149018004702322, "mx": 1.1102230246251566e-17, "my": 0.0, "sx": 1.0, "sy": 1.0}