{"w": -0.31490180047023225, "b": 3.496112293779688e-18}