{"w": -0.6383538843124762, "b": 0.09329020027858174}