{"w": 0.41513594610811544, "b": 0.0015234748839438542}