{"w": 0.12093218191943254, "b": 8.373664277163463e-17}