{"w": -0.07894687996206723, "b": 0.00425959623866787}