{"w": -0.07422029056774054, "b": 2.324543140799134e-18}