{"w": -0.08947476789859508, "b": 0.04708053338163552}