{"w": -0.1996406704606495, "b": 0.03862681507892881}