{"w": -0.1683938600495545, "b": 0.08542212895649845}