{"w": 0.8928341821978817, "b": -0.006584673813476615}