{"w": -0.2670192995481633, "b": 0.031877817383500935}