{"w1": -1.3732556334407975, "w2": 6.74181942025616, "b": -1.7914047660344892}