{"w1": -0.18648517669746248, "w2": 0.7211234417578397, "b": -5.3972148035346285e-17}