{"w": 0.1838849498348923, "b": 0.008463380276693798}