{"w": 0.1652494725962852, "b": 0.011850775390051884}