{"w": -0.2700949135730331, "b": 0.02929745726880931}