{"w": 0.6647200484884442, "b": 0.015151288499878991}