{"w": 0.04818343142102799, "b": -0.017321282549820325}