{"w": -0.01701842062632816, "b": 0.21727123160723835}