{"w": -0.0062970966557518455, "b": -0.05000921597288001}