{"w1": -0.8296318503398667, "w2": -0.004035538735464832, "b": -0.010214928505545824}