{"w": 0.19825452484510936, "b": 5.866878626808292e-17}