{"w1": 0.9301101028667197, "w2": 3.9089287226102716, "b": 0.5020300048149732}