{"cc": -0.14284883453132197, "alpha": 9.721861390995021e-17, "beta": -0.14284883453132197, "mx": 6.261657858885883e-16, "my": 7.771561172376097e-18, "sx": 0.9999999999999999, "sy": 0.9999999999999998}