{"w": 0.8214624845800651, "b": 0.02029832344285498}