{"w": 0.8407187278538228, "b": 0.020647272881690455}