{"w1": 0.7307553552222041, "w2": -0.13589832693528964, "b": -0.0074827624285550886}