{"w": 0.3252920318158552, "b": -0.07221700220622684}