{"w": 0.2511120672973724, "b": 0.13286134297488042}