{"w": 0.7913976584638902, "b": -1.2028610736508005e-17}