{"w": -0.056102200861660734, "b": -0.0458272461067728}