{"w": 0.6683855081631627, "b": 0.0007584581388091708}