{"w1": -0.6198411845912494, "w2": 0.26067398285525983, "b": -0.004761017297046623}