{"w": -0.14350616447060355, "b": -4.3542286997430685e-17}