{"w": 0.8466108125114684, "b": -0.0013258552580581626}