{"w": -0.14836871191996617, "b": 0.05850211038994054}