{"w1": -0.4577154894292329, "w2": -0.4978000069194768, "b": -1.0630186983120453e-16}