{"w": 0.5936737695063937, "b": 0.12228423308404532}