{"w1": -2.385520976705435, "w2": -1.052186094480948, "b": 1.2248309686017145}