{"w": -0.16519533529108152, "b": 0.05455749595637544}