{"w": 0.8772886093409522, "b": -0.016595843130581805}