{"w": 0.8291575222148646, "b": 0.002116688035697572}