{"w": 0.9429645297811017, "b": -3.3217966830733634e-17}