{"w": -0.4542434898279706, "b": 0.10384688014308519}