{"w": -0.9999999999999993, "b": 2.220446049250313e-17}