{"w": -0.10852169579746809, "b": 2.022498101394425e-17}