{"w": -0.09540083247091824, "b": 0.0010308052271778487}