{"w": 0.8036707446302735, "b": 0.0045099014020275035}