{"cc": 0.970877666341206, "alpha": -3.912650210334041e-18, "beta": 0.9708776663412058, "mx": -1.9984014443252817e-17, "my": -2.3314683517128286e-17, "sx": 1.0, "sy": 0.9999999999999998}