{"w": -0.6159149234770225, "b": 0.016145950303683834}