{"w1": 0.7222552934622761, "w2": -0.8857156901058778, "b": 0.06165542934105803}