{"w1": 0.32991505209232747, "w2": 0.26829586981915804, "b": 0.000282076637128828}