{"w": 0.7673609308044106, "b": -6.198750025159401e-18}