{"w": 0.7665943364679428, "b": -6.21917620154885e-18}