{"w": 0.08962614041896066, "b": -0.07595332969403445}