{"w": 0.13242470028158604, "b": 0.012168239722334296}