{"w": -0.04448449780536299, "b": 0.15846215062600819}