{"w1": -1.2226986296522366, "w2": 0.44772097227621593, "b": -0.01890860921674544}