{"cc": -0.0036669526718796676, "alpha": -1.1208774299898896e-16, "beta": -0.003666952671879669, "mx": 1.2212453270876722e-17, "my": -1.121325254871408e-16, "sx": 0.9999999999999999, "sy": 1.0000000000000002}