{"w": -0.00333359333807241, "b": -1.120918141342755e-16}