{"cc": 0.8196975064308363, "alpha": -4.177047195715099e-17, "beta": 0.8196975064308366, "mx": 2.3869795029440865e-17, "my": -2.2204460492503132e-17, "sx": 0.9999999999999999, "sy": 1.0000000000000002}