{"w1": -1.042863864367748, "w2": 0.47488440188621023, "b": -0.010222750634365549}