{"w": 0.13933561606756834, "b": -6.060418516098606e-18}