{"w": 0.9249965419094702, "b": 4.5934652204744446e-18}