{"w": 0.8826888492852017, "b": 0.0024929899236473497}