{"w": -0.9521014066699581, "b": -0.0035819036506630417}