{"w": -0.4116250033552723, "b": -0.025097583423992598}