{"w": 0.3277382309231681, "b": -0.0065430886682504566}