{"w1": -0.04609367047046465, "w2": -2.3077651558181067, "b": -0.4580895685799591}