{"w": -0.6736164806422563, "b": 2.4943067849132094e-16}