{"w1": -0.40173047783404287, "w2": -0.635945957112144, "b": 6.224869677962731e-17}