{"w1": -0.13469401824366206, "w2": -0.276182718881881, "b": 4.152961188610287e-18}