{"cc": 0.06551614364568148, "alpha": -9.386777648621532e-17, "beta": 0.0655161436456815, "mx": -3.042011087472929e-16, "my": -1.1379786002407854e-16, "sx": 0.9999999999999999, "sy": 1.0}