{"w": 0.0625008439130307, "b": 0.009782343029713841}