{"w": 0.9999999999999999, "b": 1.9040324872321433e-16}