{"w": 0.050981470553190564, "b": -0.15567777284879875}