{"w": -0.28112900110696387, "b": -0.00535056747029861}