{"w1": 0.4799812410592863, "w2": -0.8709157490932435, "b": 0.018013741266555878}