{"w1": 0.9306406556594011, "w2": -0.28306810593434123, "b": -0.09180624594315716}