{"w": -0.509992483852458, "b": 0.0056047819440962834}