{"w1": 0.2574229403297079, "w2": 0.1506612140705615, "b": -0.0029271774841966094}