{"w": -0.9452573992814279, "b": 0.0152654984887234}