{"w": 0.33199619621091003, "b": 4.012934260276198e-16}