{"w": 0.33119871643343174, "b": -0.034387997045452756}