{"w": 0.3516966299748369, "b": 9.944053084967513e-17}