{"w1": -2.4635814364961433, "w2": 0.8386131612405981, "b": 0.042169467991630114}