{"w1": -0.7810893786241253, "w2": 0.2180375457468454, "b": -0.003521165081799468}