{"w": -0.42204956942261695, "b": 0.02262457847788335}