{"w1": 0.3426363283838156, "w2": 0.44739018900649596, "b": -9.07658691115383e-17}