{"w": -0.6217463219200134, "b": 3.292076573302483e-17}