{"w1": 1.3758787857891006, "w2": 0.40663484925935167, "b": -0.026290449814845032}