{"w": 0.49725462103001566, "b": -0.0007635280719812287}