{"w": 0.7209816435166645, "b": -4.361985292292344e-17}