{"w": 0.7238809065396826, "b": -0.004620108910854343}