{"w": 0.28044839021318074, "b": 0.005798947321689027}