{"w1": 0.29836633378438837, "w2": 0.37099225733699615, "b": -1.4688160722085614e-18}