{"w1": 0.30210274410319576, "w2": 0.38838713150342113, "b": 0.003924919841723884}