{"w": 0.7752765443745437, "b": -0.010230332188360962}