{"w": 0.047155327431810626, "b": 6.434200698277618e-17}