{"cc": -0.4283992725575464, "alpha": -5.879531488237529e-17, "beta": -0.4283992725575463, "mx": 1.7763568394002505e-17, "my": -6.640521466039218e-17, "sx": 1.0, "sy": 0.9999999999999998}