{"w1": 0.22921478122326241, "w2": 4.725757215260782, "b": -1.057960276092223}