{"w": 0.019583199004145322, "b": -0.0504420462076923}