{"w": 0.0057418267593023625, "b": -0.002125075928760073}