{"w": 0.005642643198302923, "b": -0.002120567599284263}