{"w": 0.005671785921948959, "b": -0.002087787692396507}