{"cc": 0.8102236955930882, "alpha": 1.4198087630631743e-17, "beta": 0.8102236955930882, "mx": -4.218847493575595e-17, "my": -1.9984014443252817e-17, "sx": 1.0, "sy": 1.0}