{"w": 0.7792339152473173, "b": 0.011356806165189526}