{"w1": -0.5330377142421123, "w2": -0.39600333672904753, "b": -1.3897276274485891e-16}