{"w": 0.4910884132674628, "b": 0.008475889583381158}