{"w": 0.4788787215332424, "b": -0.003830344934745669}