{"w1": -0.1237088506907098, "w2": -1.1703363931892035, "b": -0.034819142236084684}