{"w1": 4.25821341283141, "w2": 4.24143762501747, "b": 0.5862139465331755}