{"cc": -0.5898861214391499, "alpha": 1.4407913386428657e-17, "beta": -0.5898861214391499, "mx": 2.4424906541753444e-17, "my": 0.0, "sx": 1.0, "sy": 1.0}