{"w1": -0.4392163889320207, "w2": -0.5792461270660971, "b": 5.2661160748701016e-17}