{"w": -0.25269793784805944, "b": -0.08474020878727336}