{"w": -0.9999999999999989, "b": -1.1490808304870355e-16}