{"w": -0.34286306547691553, "b": -2.881899355408727e-17}