{"w": -0.24339006742506342, "b": -0.11562889370793178}