{"w": 0.3621317686021524, "b": -8.81912128152317e-19}