{"w": -0.4031000798770201, "b": 1.878338992178685e-16}