{"w": -0.35542519229935515, "b": 0.03851228415379047}