{"w1": -0.4233620830005922, "w2": -0.517701098501196, "b": 9.02815203592995e-17}