{"w1": -1.1247590310065891, "w2": -0.9754157807281605, "b": -0.033811722058368146}