{"w": 0.10719668904737273, "b": 0.2117815701633427}