{"w": 0.021251263872893517, "b": 0.017491494517587133}