{"w": 0.031011600347083508, "b": 0.003746043622973063}