{"w": -0.32506753226258744, "b": -0.06268960567398452}