{"w1": 0.21259216475704418, "w2": 0.7343306179351247, "b": -0.022180813687191915}