{"w": 0.484803574983901, "b": -0.07009603454788957}