{"w": 0.5253095283167719, "b": -0.06850786000570881}