{"w": 0.5648562915946383, "b": -0.09994119227187198}