{"w": -0.4121410761592677, "b": -0.00566751760658301}