{"w1": 0.28342338073555357, "w2": -0.3589967334659164, "b": -1.6998118296455783e-17}