{"w": 0.8324461584186794, "b": -0.001381394916386433}