{"w": -0.06366300331502722, "b": 0.5924453802124976}