{"w": 0.37069758229296795, "b": 0.17599689820387066}