{"w": -0.17189996186266535, "b": 2.3069610964393535e-16}