{"w1": -9.582098348514153, "w2": -32.775087648116184, "b": 3.0456249205272674}