{"w1": -0.45607017899463853, "w2": -0.4774388994706933, "b": 1.1986762337218684e-17}