{"w1": 29.066322912158462, "w2": 0.8293861047482732, "b": -10.004574459496647}