{"w": -0.1432575950630711, "b": 0.07887685939509793}