{"w": -0.6275477742684874, "b": -5.941372681036095e-17}