{"w1": 1.9127023492376987, "w2": 1.3225478177972168, "b": -0.39938892945490034}