{"w": -0.1986085922889989, "b": 4.0119013939070525e-17}