{"w": 0.39610098957967543, "b": -0.009828595801686324}