{"w": 0.3768302598786883, "b": -0.00905820926833159}