{"w1": -1.766939146155289, "w2": -1.0043141459713791, "b": 0.21087180545277023}