{"w1": 0.0344158199620978, "w2": -0.5224442005458673, "b": 0.01789990477053363}