{"w1": 0.03536273664289079, "w2": -0.4892306280229933, "b": 0.015253976782151582}