{"w": 0.8735310950354258, "b": -0.003918230047816236}