{"w": 0.17009264204913915, "b": -1.6394404441221535e-16}