{"w1": 1.7932501616768193, "w2": -0.4815140431908488, "b": -0.08760946488639401}