{"w1": -0.6699492747525841, "w2": -0.2043420557219592, "b": -0.0004880342098134982}