{"w1": 0.49756091252481083, "w2": -0.2790635850206117, "b": 5.379364288807812e-19}