{"w": 0.2285046266997949, "b": -0.031074152649385796}