{"cc": 0.8036097315214474, "alpha": -2.0771427717085318e-16, "beta": 0.8036097315214477, "mx": 8.992806499463769e-17, "my": -1.354472090042691e-16, "sx": 0.9999999999999997, "sy": 1.0}