{"w": -0.4058319564016518, "b": -0.0434672051007861}