{"w": 0.9788603469390473, "b": -0.004476192379549134}