{"w": 0.2715440231937539, "b": 0.13842494498877897}