{"w": 0.28061271975415125, "b": 0.14028843938316074}