{"w1": -1.5793075804677472, "w2": 0.08751995379379258, "b": 0.0878216833891901}