{"w": 0.9999999999999997, "b": -2.8033131371785197e-17}