{"w": 0.2826229559851323, "b": -0.02358274436995302}