{"w": -0.30554327361781, "b": 0.00708582233338384}