{"w": -0.3070176111808073, "b": 0.007070422290454806}