{"w1": -0.8065114100435034, "w2": -0.8547139054284197, "b": -0.052474414537435884}