{"w1": -1.275916680232675, "w2": -3.6943349659032947, "b": -0.11445427873228065}