{"w1": -0.8551669712580826, "w2": -1.5027899805551626, "b": -0.11047936160177753}