{"w1": 0.7901048772366784, "w2": -0.05992684118539709, "b": -1.5693266367200264e-16}