{"w1": 2.5830383279659, "w2": -0.1041543890194506, "b": -0.4017902047946573}