{"w": 0.23063200833969882, "b": 7.024827261864852e-17}