{"w": -0.24343903546975332, "b": 0.09694675572115917}