{"w": 0.18367701658966942, "b": -0.26857996496073544}