{"w": -0.6704377973858646, "b": -0.10000000000000006}