{"w": 0.11801485864426944, "b": 0.029040086950403013}