{"w": 0.7700149822123225, "b": -2.4638561716955045e-16}