{"w": 0.8463461365935084, "b": -0.024040637531060345}