{"w": 0.687869418452751, "b": 0.01768230895257545}