{"w": 0.8400923371424296, "b": -0.059036546234031026}