{"w1": 1.752621816485921, "w2": -0.2667420077851967, "b": -0.035721269556999835}