{"w1": 0.7974066317312987, "w2": -0.10143145768683538, "b": 0.008535773323415667}