{"w": 0.022557012734174132, "b": -0.05803235155014157}