{"w": 0.024254519553530637, "b": -0.05806331145021426}