{"w": 0.3923919520682904, "b": -0.0980851473522708}