{"w1": 1.118141353699603, "w2": -0.9247277295707969, "b": -0.08127741649459853}