{"cc": 0.01898062827398873, "alpha": -1.3003638247637465e-16, "beta": 0.01898062827398873, "mx": 3.663735981263017e-17, "my": -1.2934098236883074e-16, "sx": 1.0, "sy": 1.0}