{"w": 0.1321834857548041, "b": -3.1994843066794745e-16}