{"w1": 0.04655755096689799, "w2": 0.7378111606773021, "b": -4.2801773857500733e-17}