{"w": 0.44446187780281615, "b": -2.2207944377358082e-18}