{"w": -0.4131423151477678, "b": -5.837140174579984e-17}