{"w": -0.0389694902792803, "b": -0.0453390800866484}