{"w": -0.2558485505183463, "b": 1.0992949446419368e-16}