{"w1": -1.1987265624962724, "w2": 0.36492350461559725, "b": 0.028058159117606268}