{"w1": -0.9739177470841293, "w2": 0.4079149856474616, "b": -0.05423989566566781}