{"cc": -0.1275407792980696, "alpha": -2.0886129883570492e-16, "beta": -0.12754077929806962, "mx": -2.1871393585115584e-16, "my": -1.809663530139005e-16, "sx": 1.0, "sy": 1.0000000000000002}