{"w": -0.13116621696069683, "b": 0.002380451686943612}