{"w": 0.9560634572070154, "b": -0.006050559505484379}