{"w1": 0.6406444214921163, "w2": 0.1523267541674313, "b": -1.902120246374067e-17}