{"w1": 0.7607797561505639, "w2": 0.1726156981124671, "b": -0.02689316792993292}