{"w": -0.08667506889948919, "b": 1.6364659397917794e-17}