{"w": -0.3280154240266648, "b": 6.996122761902727e-17}