{"w": -0.3268646073155894, "b": 0.037911559705035666}