{"w": 0.4717688388170861, "b": -0.06601705035004615}