{"w": -0.14331224005752183, "b": 1.9951310937561446e-17}