{"w": 0.3066198157419451, "b": -0.04611394313362149}