{"w": 0.9349665039694575, "b": 0.013403283409578977}