{"w": 0.9269156464732278, "b": -0.008044021834410732}