{"w1": 0.5269955730262942, "w2": 1.3145624037184487, "b": -0.017571660910824818}