{"w1": -0.9258054087199291, "w2": -1.64211609078323, "b": 0.08913592717857662}