{"w": 0.4154995342297552, "b": 0.1536910325645985}