{"w": -0.2633059867500347, "b": 3.094645999236201e-17}