{"w": -0.24994302667494536, "b": -0.0024844135973007687}