{"w1": -2.6061656689459975, "w2": 0.24966909160344497, "b": -0.26429975573437686}