{"w1": 0.35122024477787117, "w2": 1.1439978025986803, "b": 0.008972678321416586}