{"w": 0.1099635460656536, "b": 0.017916910720503276}