{"w": 0.9999999999939071, "b": 2.1948985176672697e-11}