{"w1": -1.8013641801002993, "w2": -2.9660685599247154, "b": -0.07302169559322658}