{"w": -0.07409625635966338, "b": 0.007637563389638363}