{"w": -0.10309760313155306, "b": -1.766275937580556e-16}