{"w1": 0.902522217527126, "w2": -0.2636152534096353, "b": -1.5426442185142457e-17}