{"w": -0.527531414300656, "b": 0.05724692653346351}