{"w": -0.29982945074733813, "b": 0.010405875785549105}