{"w": -0.29387220233274697, "b": 0.06712448698584003}