{"w": 0.22710019272380996, "b": -0.049305465126777366}