{"w1": -0.6826105463472288, "w2": -1.6749263837048416, "b": 0.02925040854621079}