{"w1": -0.2988818176591288, "w2": -0.845473305440531, "b": -8.883780695755072e-05}