{"w": 0.2593230675666403, "b": 7.468979272899148e-16}