{"w": -0.08569275394817752, "b": -0.014803796849721714}