{"w": 0.5317434320926582, "b": 4.274796900543139e-17}