{"w1": -0.6735193870201165, "w2": -0.4176086862709181, "b": 7.66450649276184e-18}