{"w1": -0.2844460159071012, "w2": -0.7790722298417104, "b": 7.639522496638125e-17}