{"w1": 0.14094427944744606, "w2": 0.8484095921983984, "b": 0.011143130461780962}