{"w1": -0.2860768540533444, "w2": -0.9355026385919191, "b": 0.013909229710036747}