{"w": 0.1585807162455881, "b": -1.4740641642410127e-16}