{"w": 0.1727116711585613, "b": -1.5302290354264884e-16}