{"w": -0.5832906555066604, "b": 0.006726946394559976}