{"w": -0.5474469360735802, "b": 0.004237781232240285}