{"w1": 1.8545139263240327, "w2": -0.5904176673126512, "b": -0.0528615798761267}