{"w": -0.037472552198625504, "b": 2.776256021930441e-17}