{"w1": 0.7053711230935843, "w2": 1.0074638608620055, "b": -0.1064683591068438}