{"w": -0.45823653008688053, "b": -7.221503940767055e-17}