{"w": 0.7689462479572805, "b": -0.0026384652839355786}