{"w": 0.7733895607942893, "b": 0.02613142946837474}