{"w": -0.19255036181104893, "b": 0.196519974464923}