{"w": -0.02625721202021992, "b": 3.4697508220342234e-16}