{"w": -0.157426853021925, "b": 0.20939433021917467}