{"w": -0.2703470176549645, "b": 1.0825970295367344e-16}