{"w": 0.754719719351832, "b": 0.030429465596338856}