{"w": -0.42904917280664606, "b": 0.04137710413621097}