{"w": -0.4571998917416385, "b": 0.055496481428956204}