{"w1": -0.8650741648319203, "w2": -3.9639506641820166, "b": 0.0738689628240339}