{"w1": -0.1105198950761324, "w2": -0.7238542286125611, "b": -8.908850998496695e-17}