{"w": 0.35616943581808336, "b": 0.0029737732628170757}