{"w1": 0.4397848946820509, "w2": 1.235658609719641, "b": 0.08332891951309776}