{"w": -0.28117892363159797, "b": 0.09848066790149687}