{"w": 0.529057120754746, "b": 0.015480336920082109}