{"w": -0.49577080609823543, "b": -0.036362488102269164}