{"w": -0.5317207114078174, "b": 0.003277329105451114}