{"w1": 4.647258785271812, "w2": -2.021243404902542, "b": -2.1797166291237238}