{"w": 0.999999999999998, "b": -2.0894744268140583e-17}