{"w": 0.25189657472275895, "b": 1.154769488826825e-17}