{"w": 0.21398636435409402, "b": 0.161706389909688}