{"w": -0.07056123244448502, "b": -0.0063310485897218605}