{"w": -0.5185070157797104, "b": 0.07471997284977827}