{"w": -0.5077745481671997, "b": 0.0643189056251288}