{"w1": -0.6577053470661371, "w2": -0.2341053128679013, "b": 7.636196864652804e-18}