{"w": -0.06597537498149567, "b": 2.6545663164457093e-17}