{"w": 0.4187718465947883, "b": -3.8358399537539507e-16}