{"w1": 0.048283781534949326, "w2": -0.6796240569633598, "b": 4.1750290223231635e-17}