{"w1": 0.07646873531169834, "w2": -0.6108489243460204, "b": 3.304594981003785e-17}