{"w1": 0.4317883983930179, "w2": -0.5480027774924023, "b": -2.398532996030644e-17}