{"w": -0.020957627634707696, "b": 0.13012532366218843}