{"w": 0.46579194414906455, "b": 0.05190583066048747}