{"w1": 0.10461736391587817, "w2": 0.49186733187973897, "b": 1.624503255919971e-17}