{"w": 0.03171488557558617, "b": -0.054840317771303396}