{"w": -0.0376200362510455, "b": 1.5337784392000417e-16}