{"w": -0.04870351509583785, "b": -0.09174055391410148}