{"w": 0.8355822247002694, "b": 0.04436515178035905}