{"cc": 0.005648072563993953, "alpha": -2.3063858708916297e-17, "beta": 0.005648072563993953, "mx": -4.4408920985006264e-17, "my": -2.3314683517128286e-17, "sx": 0.9999999999999998, "sy": 0.9999999999999998}