{"w": 0.009251932017090665, "b": -0.0008725266659725152}