{"w": 0.7218771696772415, "b": -6.609236222830897e-18}