{"w1": 2.2051989402273238, "w2": 4.491324933441264, "b": 2.0656663578989205}