{"w": -0.5115458680719873, "b": 0.11449516637720442}