{"w": -0.5255514460026557, "b": 0.04260368159368845}