{"cc": 0.011694964605442917, "alpha": 2.0730684936518082e-17, "beta": 0.011694964605442917, "mx": 3.1086244689504386e-17, "my": 2.1094237467877975e-17, "sx": 1.0, "sy": 1.0}