{"w": 0.17690269785816085, "b": -0.28750575325351135}