{"w": 0.15988658534784933, "b": -0.3068946171199994}