{"w": 0.25937852034811393, "b": 3.735969265202594e-17}