{"w": 0.976364268633988, "b": -0.009212676966931115}