{"w": 0.9757029178535824, "b": 0.006519198004653684}