{"w": 0.5816495074020354, "b": 0.014646069164158006}