{"w": 0.34646469024310667, "b": -2.367354591487662e-17}