{"w": -0.13249717076055506, "b": -2.2347991684499124e-16}