{"w1": -1.281089161097046, "w2": 0.9515261893910132, "b": -0.012266215911166202}