{"w": -0.11090138884999041, "b": -0.006017963895114143}