{"w1": 0.3111723745237459, "w2": 2.032220618082586, "b": 0.07653916199508758}