{"w": 0.9999999999785032, "b": 3.9756227754146865e-11}