{"w": 0.9900990099009902, "b": 4.374938255453588e-18}