{"w": 0.9571974088760934, "b": 0.0012123144142921734}