{"w": 0.5329234856166298, "b": -0.05672146975442851}