{"w": -0.3613592888833315, "b": 0.020970459552933602}