{"w": -0.37329203969591496, "b": 1.7216041749108893e-17}