{"w1": 0.8194216725071481, "w2": -3.3223806567613474, "b": 0.019115965317993727}