{"w": 0.27021336355740766, "b": 0.07888630086638926}