{"w": -0.03923553447374417, "b": -3.619272214995217e-16}