{"w": -0.03888591089922567, "b": -3.6164037115430124e-16}