{"w": 0.003194532049362352, "b": 0.15028823569848193}