{"w": -0.05230169157409066, "b": -0.05012465275640538}