{"w1": -0.4945533736347224, "w2": -0.10932238305397798, "b": -0.005140012735413757}