{"w": 0.8939590934034488, "b": 0.02236200567973967}