{"w1": -0.014659338487418691, "w2": 1.3604836475345952, "b": -0.17926605392512912}