{"w": -0.24422072094324176, "b": 0.15282597988684354}