{"w": 0.16146669382086468, "b": -0.024220764375599016}