{"cc": -0.5941404493742061, "alpha": 2.376623492368529e-16, "beta": -0.5941404493742061, "mx": -1.6431300764452317e-16, "my": 3.352873534367973e-16, "sx": 0.9999999999999999, "sy": 0.9999999999999999}