{"w1": 1.1548218177027962, "w2": -0.21372248663940668, "b": -0.11533233409012938}