{"w": -0.5032568424170143, "b": -0.026253176764509223}