{"w": 0.15892865032480377, "b": 0.006911328789927304}