{"w": -0.2965561944319328, "b": -0.005918602244312402}