{"w1": -0.9294650979565188, "w2": 3.685258946650644, "b": -0.4431606114968946}