{"w": 1.0000000000489413, "b": -1.5262753221740653e-11}