{"w": 0.1412486731786812, "b": 0.000918897220820968}