{"w": 0.0896897492660066, "b": -0.004111016408400201}