{"w": 0.5233181631310203, "b": -5.258233966828772e-17}