{"w1": -1.996407379378743, "w2": 0.3096261628405741, "b": -0.15984712696119463}