{"w": 0.8956221306310839, "b": -1.5591726458473912e-17}