{"w": 0.9741265406708393, "b": 0.013440378204290955}