{"w": -0.09790107044594154, "b": 0.2976883482215026}