{"w": 0.03568900623604269, "b": -2.7596298745785645e-17}