{"w": -0.452746043069128, "b": 0.00993017851807479}