{"w": 0.2641810783447987, "b": -1.6988038645996204e-17}