{"w": 0.24256626284386068, "b": -1.732400036778653e-17}