{"w": 0.5861934348317138, "b": 0.014268284866878415}