{"w": -0.053833525841270005, "b": -0.0626995533624553}