{"w1": 0.22009644358263078, "w2": 0.7068911937045825, "b": -0.010228699518579864}