{"w": -0.2829020468096814, "b": -2.817206344805528e-17}