{"w": -0.43230370786611433, "b": -0.006655179406245895}