{"w": -0.32166431665727185, "b": -0.10227557229783961}