{"w1": 0.9502256795372876, "w2": 2.6716721497595737, "b": 0.49809960861393204}