{"w": -0.9999999999999923, "b": 6.217248937900798e-17}