{"w": -0.4580379943399263, "b": -0.07092624904803994}