{"w1": -1.583299933885206, "w2": -2.943793360969742, "b": -0.10651864074947416}