{"w1": -0.33289332535866, "w2": 0.6295488146716173, "b": 1.4814108468778064e-17}