{"w1": 0.5290685846839809, "w2": 1.095133635432425, "b": 0.018075652269596516}