{"w1": 0.12014785437033072, "w2": -0.7242109640391629, "b": -0.007539171903390768}