{"w": -0.9999999999999997, "b": 8.659739592076219e-17}