{"cc": 0.6949264839333074, "alpha": -2.629738765543437e-17, "beta": 0.6949264839333074, "mx": 1.3877787807814457e-17, "my": -1.6653345369377347e-17, "sx": 1.0, "sy": 1.0}