{"w": -0.03187500369246276, "b": 0.09171632006322698}