{"w1": 0.7486954350576863, "w2": 0.04658176433517181, "b": 5.74768227522359e-17}