{"w1": -0.3825387227695725, "w2": -0.4852184895611356, "b": -2.1011841990464002e-17}