{"w": -0.6234871921670695, "b": 0.041500181684750136}