{"w": -0.04013536987135121, "b": 1.5621450291521445e-16}