{"w": -0.2619237853320002, "b": -0.0008330155905385474}