{"w": -0.44390084795424906, "b": 5.28033587742795e-17}