{"w": -0.1894043399768224, "b": 0.18827146380067128}