{"w": 0.09615529132518834, "b": 0.2903301178895193}