{"w": 0.2762661055768205, "b": -7.418186204755391e-17}