{"w": 0.06829756641346865, "b": -0.021544067522466903}