{"w1": 0.10399209103840777, "w2": 0.6636796275440384, "b": -4.139753295149616e-17}