{"w": 0.7030458127167983, "b": -1.5948906113578455e-18}