{"w": 0.9711628149825501, "b": 3.2228483420901286e-17}