{"w": 0.10728928576880456, "b": -0.0013099967008977122}