{"w": 0.8227244219938051, "b": -0.07832485029851155}