{"w": 0.77714505674547, "b": 0.018298685148802632}