{"w": -0.20491362476958686, "b": -0.1280936080426458}