{"w": -0.3231888464328316, "b": -0.0018718585833542591}