{"w": -0.13676787977882046, "b": 0.251478767548332}