{"w": -0.9999999999999996, "b": -5.911937606128955e-17}