{"w": -0.28664653094210346, "b": -1.615438261338599e-17}