{"w": -0.004914949916363783, "b": -0.04930457635906619}