{"w": 0.37183876849672515, "b": 0.053853148630918356}