{"w": 0.3686553135355274, "b": 0.04865437056295436}