{"w": 0.5488428827552676, "b": 0.004469839357125211}