{"w": 0.9241979299245023, "b": -0.33609484818666335}