{"w": 0.7466895463606626, "b": 1.099737425833735e-16}