{"cc": 0.5692084179801319, "alpha": 1.6841527044329418e-17, "beta": 0.5692084179801318, "mx": 1.3322676295501878e-17, "my": 2.4424906541753444e-17, "sx": 1.0, "sy": 0.9999999999999998}