{"w": -0.4110947481852809, "b": 0.046572476935384036}