{"w1": 0.023781622792641104, "w2": -0.5206071298099317, "b": -0.0006558156993806043}