{"cc": 0.17237325647130297, "alpha": -3.9815974789068877e-17, "beta": 0.17237325647130297, "mx": -2.6645352591003756e-17, "my": -4.4408920985006264e-17, "sx": 1.0, "sy": 1.0}