{"w": -0.09978235408223768, "b": -5.066914392860903e-17}