{"w": -0.10692554302932351, "b": -0.005374132918280511}