{"w": 0.10119787025134078, "b": 0.0070955142440072005}