{"w": 1.0000000000000002, "b": -1.554312234475213e-17}