{"w": 0.7843878699930467, "b": 0.028850117635081725}