{"w": -0.24737901653934316, "b": 0.05782522774315753}