{"cc": -0.5216495858723549, "alpha": 5.813223146922193e-18, "beta": -0.5216495858723549, "mx": 3.7747582837255325e-17, "my": -1.3877787807814457e-17, "sx": 0.9999999999999998, "sy": 0.9999999999999998}