{"w": -0.51011397004739, "b": -0.006522640381979409}