{"w": -0.4915786080109801, "b": -0.05182689745412439}