{"w": -0.4845895377450537, "b": -0.025962918502326127}