{"w": -0.21045551833293, "b": -0.000664653060498856}