{"w": -0.3611876247625747, "b": 0.044311594758964526}