{"w1": -0.33916740032141135, "w2": 1.1392771162930917, "b": 0.06175259352001573}