{"w": -0.03340048346250669, "b": 4.426845674878334e-16}