{"cc": -0.26443758856474614, "alpha": 1.8264617496369207e-18, "beta": -0.26443758856474614, "mx": 6.88338275267597e-17, "my": -1.6375789613221058e-17, "sx": 1.0, "sy": 1.0}