{"w": -0.26417341514959664, "b": 1.8082776823413657e-18}