{"w": -0.48301446534719455, "b": 0.006373325278067841}