{"w": -0.4668701599504385, "b": -0.18312361620884998}