{"w": 0.65544354254815, "b": -0.0023968974132104626}