{"w": 0.679856740231226, "b": 0.05710164626847958}