{"w1": -0.16320255673944806, "w2": -1.4227722325872443, "b": 0.010517068922834882}