{"w1": 3.196808268900185, "w2": -1.1071564428785594, "b": 0.12985542221152327}