{"w1": -1.9255620100130832, "w2": 0.24509501566769115, "b": 0.22464899072339733}