{"w": 0.22877574005205523, "b": 1.3981467920943744e-16}