{"w": 0.8936968492907628, "b": -0.0011643158713253183}