{"w": 0.009427639600038364, "b": -0.007923972320687174}