{"w1": -1.9246639213326169, "w2": 0.522256091052171, "b": 0.3968596765163294}