{"w": 0.3143884933145006, "b": -0.05444660835794923}