{"w1": 0.9021426747545488, "w2": 1.1544311290075877, "b": -0.11183424392388913}