{"cc": 0.1873389316115241, "alpha": -8.631805194627167e-17, "beta": 0.18733893161152412, "mx": 1.1102230246251566e-17, "my": -8.423817199343376e-17, "sx": 1.0, "sy": 1.0000000000000002}