{"w1": -0.38979759371223704, "w2": 0.45878361289821146, "b": 4.468910278279621e-17}