{"w1": -0.9551016433428969, "w2": 1.0601109007857548, "b": 0.19318398198988077}