{"w1": -0.8122647620482322, "w2": 1.0520232779354266, "b": 0.4219226593752037}