{"cc": -0.4117360555569616, "alpha": -3.5134084654014397e-17, "beta": -0.4117360555569616, "mx": -4.218847493575595e-17, "my": -1.7763568394002505e-17, "sx": 1.0, "sy": 1.0}