{"w": -0.33726183143528093, "b": 0.057934497965528076}