{"w": -0.1179805947970656, "b": -0.09572881735080246}