{"cc": -0.4265155555284645, "alpha": -2.46122258255996e-18, "beta": -0.4265155555284644, "mx": -4.4408920985006264e-17, "my": 1.6479873021779667e-17, "sx": 1.0, "sy": 0.9999999999999998}