{"w": -0.3877414141167859, "b": -7.3930480034727e-19}