{"w": -0.4621587475026143, "b": -0.04168681741030489}