{"w": 0.06569336352284799, "b": -0.07302289614034213}