{"w": 0.42261003018456766, "b": 3.934637214763072e-17}