{"w": 0.643602514656283, "b": 4.2557331506061336e-17}