{"cc": 0.2700519294254609, "alpha": -8.109048395145381e-17, "beta": 0.27005192942546097, "mx": 2.0983215165415458e-16, "my": -2.4424906541753444e-17, "sx": 0.9999999999999999, "sy": 1.0}