{"w": 0.24550175402314633, "b": -7.593906782329924e-17}