{"w": -0.7894165339355862, "b": 0.008672778939780095}