{"w": -0.2813281054059793, "b": 0.17414800505755323}