{"w": -0.302993616298208, "b": 0.16307184862376212}