{"w": 0.11011789455574121, "b": 0.07601043859339718}