{"w": 0.11542726504874222, "b": -1.0067173662758921e-16}