{"w": 0.2834381007075872, "b": 3.3045079766350716e-17}