{"w1": -0.48375224499580316, "w2": 2.149048426981218, "b": -0.06917304403290506}