{"w1": -0.5900040454664575, "w2": 0.012011327907428175, "b": -1.1351051766682294e-18}