{"w": -0.3728578229298255, "b": 0.0899952882795565}