{"w": -0.18192107262335244, "b": -0.11984342634302303}