{"w": -0.14514165105557567, "b": -0.1048784607096084}