{"w": -0.0858971555612459, "b": 0.10055951939868958}