{"w": -0.3956942489374188, "b": -0.0634388862378291}