{"w": -0.2962332313294702, "b": -2.202205886574978e-17}