{"w": 0.24677585463248625, "b": 2.9382828172821357e-18}