{"w": 0.1760011903809544, "b": 0.14121788441074934}