{"cc": 0.006613155803660453, "alpha": -4.081970991578988e-17, "beta": 0.006613155803660455, "mx": 1.2878587085651815e-16, "my": -3.9968028886505634e-17, "sx": 0.9999999999999998, "sy": 1.0}