{"w": 0.18290370874742337, "b": 0.2431402779718641}