{"w": 0.369492693136542, "b": -1.2467959162613744e-16}