{"w1": -1.3497582080172352, "w2": -0.48071783015639213, "b": 0.30350128909470653}