{"w": -0.18506394634400072, "b": 0.17182679367788056}