{"w": 0.8521383913776639, "b": 2.799298474994316e-18}