{"w": 0.5877810775502825, "b": 0.02898791367193988}