{"w": 0.6247139517991428, "b": -1.2506903799178896e-16}