{"w": 0.5995310983880455, "b": -0.009393799390067986}