{"w": -0.12115748435961486, "b": -0.1886862180269617}