{"w1": 0.5709331784053747, "w2": 0.3322585296354901, "b": -1.052025384684572e-17}