{"w1": -0.9795262379590896, "w2": 4.106386114629647, "b": -0.40170098969687984}