{"w": 0.27867977443649, "b": -0.09479819851085909}