{"w": 0.31222296404979144, "b": 3.5396355773881696e-17}