{"w": 0.2916673858928757, "b": 0.0012969983065947211}