{"cc": -0.01239890047519963, "alpha": 2.6471779376659885e-18, "beta": -0.012398900475199632, "mx": 3.441691376337985e-17, "my": 2.220446049250313e-18, "sx": 0.9999999999999998, "sy": 0.9999999999999999}