{"w": -0.08747153558793341, "b": -0.09846771636170609}