{"w": -0.10761885227103118, "b": 0.04346352462620451}