{"w": -0.9999999999999966, "b": 5.717648576819545e-17}