{"cc": -0.24237183424238318, "alpha": 1.6029714096020303e-16, "beta": -0.2423718342423832, "mx": 2.353672812205332e-16, "my": 1.0325074129013956e-16, "sx": 0.9999999999999999, "sy": 1.0}