{"w1": -0.03482728132702764, "w2": -0.91093158746651, "b": -0.03863653406520368}