{"w1": 0.016902508584048008, "w2": -0.7723062195251714, "b": -0.02050351692334056}