{"w": -0.3625302687152319, "b": -0.005103047578481916}