{"w": 0.19294559740007994, "b": 0.013967119459783905}