{"w": 0.15006388285102348, "b": 1.156376006022515e-16}