{"w": -0.33249743807256027, "b": 0.005145249521960004}