{"w": 0.6699186821795178, "b": 0.0023711802726527134}