{"w1": 0.13091644474257147, "w2": 2.1607217828086913, "b": 0.08581424180185626}