{"w1": 0.031470289445382126, "w2": 0.7421238886326882, "b": 0.018273136387194203}