{"w": 0.15287776492282767, "b": 4.037937751138565e-17}