{"w": 0.12888079519048826, "b": -0.16382976707417723}