{"w": 0.3380466978829193, "b": -8.399507473944369e-18}