{"w1": 0.07454762601196288, "w2": 0.4333167589873471, "b": 2.1462262261553955e-17}