{"w1": 0.13770764149031253, "w2": 0.4974483510277697, "b": -0.02513815054110309}