{"w": -0.10791171424649575, "b": 9.37295891616166e-18}