{"w1": 0.046664344154718346, "w2": 0.6667932776228045, "b": 1.5478510636032846e-17}