{"cc": 0.5644906521062087, "alpha": 1.452637979570005e-17, "beta": 0.5644906521062086, "mx": -2.0816681711721685e-17, "my": 2.7755575615628915e-18, "sx": 1.0, "sy": 0.9999999999999998}