{"w": 0.5639267253808277, "b": 1.4514640712549062e-17}