{"w": -0.22030813689749595, "b": 0.063250561449532}