{"w": 0.8029355097162905, "b": 0.004099225557366305}