{"w": -0.2565751173109475, "b": 3.647017432939492e-05}