{"w": 0.4169063835811595, "b": 4.158901604011098e-17}