{"w": -0.43642368021077793, "b": -0.0034258317955928874}