{"w": -0.5729030358314208, "b": -1.3554033292033991e-17}