{"w": 0.3404847048648871, "b": 1.4739456723012914e-17}