{"w1": -0.6790028647607615, "w2": -0.014568749934729614, "b": -0.0004513312235471488}