{"w": -0.4599238823059394, "b": 0.09341055905581874}