{"w": -0.45297664236445917, "b": 0.07560712796211054}