{"w1": -2.466611989474605, "w2": -1.2918682125246155, "b": 0.06012995305363608}