{"w1": -0.6448010359859173, "w2": -0.38606090542534155, "b": 0.00671209510951199}