{"w1": -2.5057709493655382, "w2": -1.2907103133683302, "b": 0.1316462541866187}