{"w1": -1.8197761500467666, "w2": -0.5856186528289555, "b": 0.010139984701155347}