{"w": -0.2616698923513728, "b": -8.801584239528104e-18}