{"w": -0.2512852437410513, "b": -0.004142570315510564}