{"w": 1.0000000000000002, "b": 3.1641356201816965e-17}