{"w": 0.23064275361960587, "b": -2.758364873063007e-17}