{"w": 0.25014803262070956, "b": 0.06170500531342868}