{"w": -0.1990260938562707, "b": -0.045679527764457745}