{"w": 0.4231787915417281, "b": 0.14895895373006596}