{"w": 0.9258041770935632, "b": -0.011497268683171469}