{"cc": 0.04196903439786221, "alpha": 9.874647160577283e-18, "beta": 0.04196903439786221, "mx": 8.215650382226158e-17, "my": 1.3322676295501878e-17, "sx": 1.0, "sy": 1.0}