{"w": 0.7192104001069113, "b": 0.007158177287339215}