{"w": 0.01643586141868282, "b": -8.975902314337869e-17}