{"cc": -0.36607603762910546, "alpha": -3.529412936050279e-17, "beta": -0.36607603762910546, "mx": 1.27675647831893e-17, "my": -3.9968028886505634e-17, "sx": 1.0, "sy": 1.0}