{"w": 0.39181934342449104, "b": 0.14466320701249277}