{"w": -0.39462168542918086, "b": -0.006798003289756313}