{"w": -0.29126106558678044, "b": -0.0060152466085048656}