{"w": -0.2604218289903632, "b": 7.63635074700365e-17}