{"w": -0.5789687223030727, "b": 0.1792649857209735}