{"w1": -1.2116478682126135, "w2": 2.4839263345596163, "b": -0.4129068335216865}