{"w1": -0.8934486142822269, "w2": 2.167557376375106, "b": -0.31868336786157914}