{"w1": -0.8072941456280341, "w2": -1.3648689267511405, "b": -0.017564089487588336}