{"cc": 0.5329876735682093, "alpha": -1.3463414602949949e-17, "beta": 0.5329876735682093, "mx": 2.1094237467877975e-17, "my": -2.220446049250313e-18, "sx": 1.0, "sy": 1.0}