{"w": 0.01604017756018373, "b": -0.11182448220413047}