{"w1": -1.619937861968563, "w2": 0.24381392111238498, "b": 0.048601177713135546}