{"w1": -2.4263924851628667, "w2": 0.525763332685085, "b": -0.18815942561959656}