{"w1": -0.5507675646735873, "w2": 0.1379305882764814, "b": 2.84303995812527e-17}