{"w1": -0.6896082778707555, "w2": 0.149589582988589, "b": -0.02435495960502408}