{"w": -0.0837451956274474, "b": -7.388683578781165e-18}