{"w": 0.05924786548656077, "b": 3.4153800385687554e-17}