{"w": 0.07073357375602543, "b": -0.04275665363614548}