{"w": -0.2548411269184284, "b": -0.03781772828856487}