{"cc": -0.3410041371417868, "alpha": -5.2338418602183335e-17, "beta": -0.3410041371417868, "mx": -6.88338275267597e-17, "my": -2.886579864025407e-17, "sx": 1.0, "sy": 1.0}