{"w1": 0.32864224755050875, "w2": 0.5109455385739134, "b": -0.0006368693540893793}