{"w": 0.4834560975663765, "b": 0.07078428304009145}