{"w": 0.5665471227264548, "b": -0.06331551041774178}