{"w": 0.9153261298439556, "b": -0.03930770451460686}