{"w": 0.26484080935429516, "b": -0.04795692403791316}