{"w": -0.32434338883480995, "b": 4.164950939364835e-17}