{"w": 0.9892285030916665, "b": 0.025974031348229176}