{"w1": 1.0438922948171727, "w2": -0.2247882059657093, "b": 0.15344443354594792}