{"w": 0.36330265700288983, "b": 0.09732312688635139}