{"w": 0.49276286796648044, "b": 0.1882947270921472}