{"w": -0.021925683031237438, "b": 0.06658880460380509}