{"w": -0.3141653024303522, "b": -0.07475485870275446}