{"w": 0.3973865431953119, "b": 0.005893195509206556}