{"w": -0.6357186139741992, "b": 3.641918658592659e-16}