{"w1": 0.04919660288353085, "w2": 0.845513379753165, "b": 1.0179709916673806e-16}