{"w1": 0.07478549193221803, "w2": 0.7667178314447453, "b": 9.371734587737119e-17}