{"w1": 0.5584800476928219, "w2": 0.3899775054867863, "b": 0.015539302808077027}