{"w": 0.9999999999999986, "b": -3.21964677141295e-17}