{"w": 0.4666498167917008, "b": -1.5616613413724362e-17}