{"w": -0.24102190290885114, "b": 0.13447038896346514}