{"w": -0.2170998778281518, "b": 0.14693608768404876}