{"w": 0.8721759784668116, "b": -0.002310744726065945}