{"w": 0.02946983334661461, "b": -0.0010787061864524945}