{"w": -0.44892628256179035, "b": -0.028110032362833277}