{"w": -1.0000000000000004, "b": 4.476974346800944e-16}