{"w1": -0.8748870744169199, "w2": -2.1981000300212803, "b": -0.013949296288116003}