{"w": 1.0000000000000002, "b": -1.1352030426792225e-16}