{"w": 0.028050283541044413, "b": -1.3078559953177226e-16}