{"w": 0.6354053952984513, "b": -0.062012548199267714}