{"w": 0.22455313516141762, "b": -0.09739767297574317}