{"w": 0.3013888700504921, "b": 1.180598867894872e-16}