{"w1": -3.839624876700999e-05, "w2": 1.3530292469363945, "b": 0.05958913405811413}