{"w1": -0.07011358707922029, "w2": 1.8999451252411677, "b": 0.23738993610963352}