{"w": -0.9654629640831651, "b": -0.0032148604739789047}