{"w": -0.8983369788136399, "b": 0.00045411560910748315}