{"w": 0.2706280467421212, "b": 7.800954836453233e-18}