{"w": 0.30740615250475917, "b": 0.003094359054547576}