{"w": 0.3108043064088303, "b": -2.8228146721375344e-16}