{"w": 0.2874779896451094, "b": -0.006426198031477557}