{"w": -0.0783776861461716, "b": 8.665762316514497e-18}