{"cc": -0.15586260581855413, "alpha": 2.7778729118576614e-17, "beta": -0.1558626058185541, "mx": -1.4988010832439614e-17, "my": 3.011479954295737e-17, "sx": 1.0, "sy": 0.9999999999999998}