{"w": 0.30690198521007855, "b": 2.2656792375945906e-16}