{"w1": 0.26204116099133284, "w2": -0.6173808313273981, "b": 2.335195464295113e-17}