{"w": -0.08188466678342687, "b": -0.17788328042279103}