{"w1": 2.869505169989858, "w2": 0.18077255112204463, "b": -1.0242476503850022}