{"w": 0.6039108276948404, "b": -8.212201264323052e-17}