{"w": 0.5985294440817182, "b": -8.188303120356536e-17}