{"w": 0.7791192919552501, "b": 1.5547538400505042e-16}