{"w": 0.08763204561269355, "b": 7.324090528579701e-17}