{"w": -0.7091630929618368, "b": -0.005692842229322027}