{"w": -0.6953307154319681, "b": -0.028916871550178982}