{"w": -0.2316256430225735, "b": -1.3699509473052546e-16}