{"w": -1.000000000000001, "b": -1.3433698597964396e-16}