{"cc": 0.10116082508055203, "alpha": -3.365577598792119e-16, "beta": 0.10116082508055203, "mx": -5.329070518200751e-17, "my": -3.419486915845482e-16, "sx": 1.0, "sy": 1.0}