{"w": 0.10015923275302178, "b": -3.3661113544065085e-16}