{"w": 0.17098612419455633, "b": 0.011519623877870727}