{"w1": 0.09040965161542056, "w2": 0.6610971488469629, "b": -0.011468414120863319}