{"w1": -0.8033332234339111, "w2": -0.9909840317633647, "b": -0.0016782716682090335}