{"w": -0.4812969096391615, "b": 6.724878503125091e-17}