{"w": -0.38291134017662526, "b": -0.04891183060154653}