{"w1": 0.9753755485366806, "w2": 7.651542790769457, "b": 0.7821548583650233}