{"w1": -0.20745189397326064, "w2": -0.3754602908219082, "b": -0.0005119831804299979}