{"w": 0.5714374339498013, "b": -0.012979586952975351}