{"w": 0.6340888464858885, "b": 0.008094095622126204}