{"w": 0.019137958722851203, "b": 0.15528732839552603}