{"w": 0.3095141128213081, "b": 0.032683469553500294}