{"w": -0.4004455847442953, "b": 0.004059482122869491}