{"w": -0.4497748228224859, "b": 0.013797900751450543}