{"w": 0.3762752363281895, "b": 0.061790482021451765}