{"w": 0.5807279444665397, "b": -0.2047487863579686}