{"w1": 1.2403207305654775, "w2": -0.7409885286087861, "b": 0.08185709451483647}