{"cc": -0.46504669840193896, "alpha": 9.992007221626408e-18, "beta": -0.4650466984019389, "mx": 0.0, "my": 9.992007221626408e-18, "sx": 0.9999999999999999, "sy": 0.9999999999999998}