{"w": 0.8186254973227904, "b": 3.9925588292404647e-16}