{"w": 0.02631858803372788, "b": 0.07119963736437585}