{"cc": 0.14006284439442962, "alpha": -7.329913957804287e-17, "beta": 0.14006284439442962, "mx": 3.885780586188048e-16, "my": -1.8873791418627663e-17, "sx": 1.0, "sy": 1.0}