{"w": 0.1102840522642945, "b": 0.050811831326824985}