{"w": -0.47834704165773356, "b": 9.761226937759206e-17}