{"w": -0.5155257429618229, "b": 0.15912541763074806}