{"w": -0.0702838610766328, "b": -2.7822675272035146e-17}