{"w": -0.07021364742920362, "b": -2.7817062669857795e-17}