{"w": -0.8547163184302403, "b": -0.004926552749117352}