{"w": 0.810790400036036, "b": 0.009164961840080029}