{"w": -0.5437441610219035, "b": 1.3813714018426113e-16}