{"w": -0.45688449813824533, "b": 0.05724408297969143}