{"w": -0.45705456513775616, "b": 0.05748408971804993}