{"w": 0.14823582679688502, "b": 0.004801198191254876}