{"cc": -0.004134397076319431, "alpha": -5.0002219822865376e-17, "beta": -0.0041343970763194305, "mx": -4.1300296516055825e-16, "my": -4.829470157119431e-17, "sx": 1.0, "sy": 0.9999999999999999}