{"w": -0.20609509722495706, "b": 0.24140556569905228}