{"w": 0.026619464071689383, "b": -0.04166749352773596}