{"w": 0.3491533161043687, "b": 0.38110493634033704}