{"w": 0.25219357242005686, "b": -1.645542197541598e-16}