{"w": 0.32937832016704766, "b": 0.35103684103860505}