{"w1": -0.4012304996308151, "w2": -0.3507373655242778, "b": 3.6539392914272963e-17}