{"w1": -0.41765826100671444, "w2": -0.3843603202544324, "b": 0.0020647178500478158}