{"w": -0.15126995850578961, "b": -0.09034101656262251}