{"w": -0.9999999999999984, "b": -3.3972824553529727e-16}