{"w": -0.24382069775621443, "b": 0.009238682433254375}