{"w": -0.3045813288503862, "b": -5.137774934065906e-16}