{"w": -0.45262865478608943, "b": -0.01954727813521978}