{"w": -0.04518334731522765, "b": -0.043466232428920934}