{"w": 0.10171149947302734, "b": 0.08114855964214115}