{"cc": -0.791138945902796, "alpha": 6.079520489964572e-17, "beta": -0.7911389459027964, "mx": 1.554312234475219e-16, "my": -6.217248937900877e-17, "sx": 0.9999999999999998, "sy": 1.0000000000000002}