{"w1": -50.86836728771503, "w2": 10.781156241797332, "b": 8.602166044120667}