{"w": 0.3238438182261149, "b": -0.0238585535456631}