{"w": 0.5241798822161362, "b": 0.03234050371242836}