{"w": 0.8124566543761211, "b": 0.003073034300607666}