{"w": -0.9888516121191333, "b": 0.004866093613293124}