{"w": 0.014581917223564327, "b": 5.2983110757356704e-17}