{"w": -0.6348077525507025, "b": 0.03407006122988251}