{"w1": 3.0164787083659688, "w2": 3.813589283671426, "b": -0.5412463002243973}