{"w": -0.07937573908218916, "b": -0.09299125775151207}