{"cc": 0.3694333682891957, "alpha": 2.2784292815595482e-17, "beta": 0.36943336828919565, "mx": 4.440892098500626e-18, "my": 2.4424906541753444e-17, "sx": 1.0, "sy": 0.9999999999999998}