{"w": -0.45253200028266266, "b": -3.1593771838244015e-16}