{"w": -0.43397583214085306, "b": -0.0006698429969449887}