{"w1": -0.6672378462517425, "w2": -0.2680997669771301, "b": -0.04741944859742961}