{"cc": 0.7619612538685219, "alpha": 8.670626738086063e-18, "beta": 0.761961253868522, "mx": -5.551115123125783e-18, "my": 4.440892098500626e-18, "sx": 0.9999999999999999, "sy": 1.0}