{"w": -0.5109978383751677, "b": -0.13853964750771086}