{"w": -0.5687476636011425, "b": 1.333654889546208e-16}