{"cc": 0.3885150206070753, "alpha": 5.3755912389520505e-17, "beta": 0.3885150206070752, "mx": -7.549516567451065e-17, "my": 2.4424906541753444e-17, "sx": 1.0, "sy": 0.9999999999999998}