{"w": -0.4038901289356028, "b": -0.005287415326855439}