{"w1": 0.18770879369659252, "w2": 2.933886588911766, "b": 0.13936173582258168}