{"w1": 0.0823300197850155, "w2": 0.6956058666911681, "b": -1.0909712527828403e-17}