{"w1": 0.4965675000952041, "w2": 1.8091769013495913, "b": 0.1245568635577829}