{"w": 0.2626009429972216, "b": 0.006325818710069048}