{"w": 0.5018459088923586, "b": 4.428595875178686e-18}