{"w": 0.4607857890738929, "b": 4.7021112176766556e-18}