{"w": 0.5241432513185633, "b": -0.04215648093044421}