{"w": -0.6046836362365384, "b": -0.0038348737240341078}