{"w": -0.017266822081254678, "b": 6.339262232840928e-17}