{"w": -0.1662321508151388, "b": -0.03484821291906706}