{"w": 0.9009339117368085, "b": -0.020079265644457923}