{"w": 0.5498044510648398, "b": 0.004832533655348158}