{"w": 0.5210601695470766, "b": 2.8056910376143235e-17}