{"w": 0.510788532026481, "b": 0.002454342608254034}