{"w": -0.9141558514763977, "b": -2.201384819206264e-17}