{"cc": 0.37986078692149716, "alpha": -1.470852310671979e-16, "beta": 0.37986078692149716, "mx": 1.3877787807814457e-16, "my": -9.43689570931383e-17, "sx": 0.9999999999999998, "sy": 0.9999999999999997}