{"w": 0.31254982433683115, "b": -0.10275190182282681}