{"w": 0.9999999999999939, "b": 3.341771304121721e-16}