{"w": 0.4874509938187321, "b": -0.03688906638328739}