{"w": -0.46196579576992375, "b": -0.042957879362409884}