{"w": 0.6962529683504846, "b": 0.03231582526691507}