{"w": 0.6962541813610985, "b": 0.03232403915892867}