{"w": 0.7682979001136881, "b": -0.04300638105013953}