{"w": 0.8072148239341705, "b": 0.006118968945625196}