{"w": 0.008187225381305823, "b": 0.002082498030953058}