{"w": -0.15633267189004488, "b": -0.03745979064641929}