{"w": -0.16158063472636325, "b": -0.049620825288409366}