{"w": -0.14210693713764852, "b": -2.4643452984893927e-16}