{"w": -0.1284386315938336, "b": 0.0073964792718880824}