{"w1": 0.06679169931394766, "w2": -0.8027412422528464, "b": 5.3473308597918636e-18}