{"w": 0.28739498467264235, "b": -0.05261255095723749}