{"w": 0.3224708709716703, "b": 5.78039558154164e-17}