{"w": 0.7132881872035352, "b": -7.075152270594789e-17}