{"w": -0.20167751618081364, "b": -0.09401560562796762}