{"w": 0.6549524752466296, "b": -0.04524335043917633}