{"w": 0.10640856523046086, "b": -6.757984125099786e-18}