{"w1": -0.9469023324387273, "w2": -1.6740263290658015, "b": -0.04378813140157566}