{"w1": -0.5161561343257417, "w2": 0.12368142306281968, "b": -4.446529287665777e-17}