{"w": 0.2882579584415037, "b": -0.009583530160303094}