{"w": 0.9999999999999982, "b": 3.720981855970248e-16}