{"w": 0.4034854295007356, "b": 0.03641800954679637}