{"w": 0.026702506443683244, "b": -1.0292165391705769e-16}