{"w": 0.02357216139771126, "b": 0.01404598373554785}