{"w": -0.5464367803834606, "b": 2.2864366831974233e-16}