{"w": 0.4125188711266901, "b": 1.0865700269897513e-17}