{"cc": -0.0017699006826911445, "alpha": 9.061679545221745e-17, "beta": -0.0017699006826911443, "mx": 7.549516567451065e-17, "my": 9.048317650695025e-17, "sx": 0.9999999999999999, "sy": 0.9999999999999998}