{"w1": -0.28566765351900003, "w2": -0.3499858601874191, "b": -0.01110239643036767}