{"w": 0.19644099809359272, "b": 0.15881292825343374}