{"w": -0.6897730958577817, "b": -2.1397279771291128e-16}