{"w": 0.1875425235143411, "b": 0.07442873872209788}