{"w": -0.21291857156134983, "b": 1.4555074609426284e-17}