{"w": -0.20352334518853776, "b": 0.0519477268971356}