{"w": -0.6067695923859322, "b": 0.14692921847070559}