{"w1": 0.7580743400145559, "w2": 0.05199116707696332, "b": -1.335999304616491e-17}