{"w1": 0.1790403179560777, "w2": 0.856871114846679, "b": 0.01797408257869577}