{"w1": -1.0161526452751737, "w2": -0.10201079459149386, "b": -0.02720189551014103}