{"cc": 0.587580358129006, "alpha": -4.409510948904227e-18, "beta": 0.587580358129006, "mx": -1.942890293094024e-18, "my": -5.551115123125783e-18, "sx": 1.0, "sy": 1.0}