{"w": -0.39181372016717997, "b": 0.12329424134241605}