{"w": 0.46888793363448117, "b": 0.04505158815866055}