{"w": 0.49101907657544597, "b": 0.04359209154961761}