{"w": 0.27292848435081896, "b": -2.1196060392862122e-17}