{"cc": -0.9425705384507354, "alpha": -3.401752943409475e-17, "beta": -0.942570538450735, "mx": -2.3869795029440865e-17, "my": -1.1518563880485999e-17, "sx": 1.0000000000000002, "sy": 0.9999999999999999}