{"w": -0.8882843303033386, "b": -0.00045768682422671694}