{"w": 0.9761627501974766, "b": -0.003232344747399455}