{"w": 0.9148037087152471, "b": 0.003674792162587788}