{"w1": 0.06150757471900163, "w2": 0.9415340941255608, "b": -1.33106489941902e-17}