{"w1": -0.013591154044784443, "w2": 2.5667945745377496, "b": -0.5322848541931045}