{"w": 0.47349037937498806, "b": -0.021681976087632893}