{"w": -0.7002292187432542, "b": -0.0011624360485371324}