{"w": -0.6597368014393468, "b": 0.041391045243522946}