{"w": 0.899340517165656, "b": 0.002813879535535979}