{"w": 0.9294477394752914, "b": -0.005573724305792997}