{"w": 0.9242822056256054, "b": -0.005584357734003774}