{"w": 0.9830934561303956, "b": 0.007204014229112307}