{"w": 0.3510184870630178, "b": -0.006068129189726573}