{"w": -0.23645160499148984, "b": -0.11236846719922951}