{"w": -0.6241468176714821, "b": 0.010576473089015919}