{"w": 0.16145014365076857, "b": -0.00027467658127555694}