{"w": -0.6719910676750787, "b": 0.07255521882626936}