{"w": 0.06314413899049655, "b": -1.0283865736548859e-17}