{"w1": -0.5308589734630922, "w2": -0.5655097399957866, "b": -0.03717402930249835}