{"w": 0.05411747411979936, "b": 1.679715250948747e-16}