{"w1": -0.6018843958228959, "w2": 0.030642409153595118, "b": 4.5524255977127225e-18}