{"w1": -0.07324006042501742, "w2": 0.7456045236559091, "b": -1.7339555611958085e-17}