{"w1": -0.09083234689020184, "w2": 0.7698486999030436, "b": -0.006405461627534176}