{"w": 0.08182656814359857, "b": 0.07418426529655875}