{"w": -0.04274326797866773, "b": -0.005392820487169835}