{"w": 0.844678258711805, "b": 0.019901112585783393}