{"w": 0.8718023632369674, "b": -0.009119532368201837}