{"w": 0.2756093951414081, "b": -0.00583154031626967}