{"w1": -2.0530020734451466, "w2": 1.594639248292811, "b": -0.28818150151387917}