{"w": -0.8384130901185389, "b": -0.20943243650968854}