{"w": 0.9670041021912789, "b": -0.020105404427844364}