{"w1": -0.5226948792126851, "w2": -1.6004207149302558, "b": -0.13652751916745176}