{"w": 0.34223460222588176, "b": -1.2347029586343324e-16}