{"w": 0.0020034036988338944, "b": -0.30614263930818064}