{"w": 0.25870686778867197, "b": 0.15746794292977148}