{"w": 1.0000000000000004, "b": -3.093011957666649e-17}