{"w1": -1.1865626863607919, "w2": -1.2657845498729539, "b": -0.058040916710679694}