{"w": -0.0720926786282496, "b": -0.24344530696191213}