{"w": 0.36365325382800817, "b": -0.20719040313792575}