{"cc": 0.7110320469173499, "alpha": -5.462692430031955e-17, "beta": 0.7110320469173499, "mx": 2.80331313717852e-17, "my": -3.469446951953614e-17, "sx": 1.0, "sy": 1.0}