{"w": 0.6463927699248636, "b": -5.281488295661197e-17}