{"w1": -1.2193624767927858, "w2": -2.6095356186082252, "b": 0.03562792910552051}