{"w": 0.9319404870328049, "b": -1.2413228697439075e-17}