{"w": -0.13517297192352362, "b": -5.802730338745703e-17}