{"w": -0.05187284786443481, "b": 7.107510016802169e-17}