{"cc": 0.9832676056298464, "alpha": 1.1357925554481504e-17, "beta": 0.9832676056298466, "mx": -5.10702591327572e-17, "my": -3.8857805861880476e-17, "sx": 0.9999999999999998, "sy": 1.0}