{"w": 0.9605696561392254, "b": 0.01824990964772527}