{"w": -0.11432978528125226, "b": -0.18940761303765632}