{"w": 0.2974715307938075, "b": -2.5500012148129153e-16}