{"w": 0.3427682398636655, "b": 0.026640754791745977}