{"w": -0.26596491955204615, "b": -9.968634347502929e-18}