{"w1": -0.8585654288509568, "w2": -0.8670546054305867, "b": 0.05114073688044231}