{"w1": -1.6786164719587566, "w2": -1.5489236408976723, "b": -0.3486554753264704}