{"w": 0.8872558232418487, "b": -6.900732554850549e-18}