{"w1": 0.5295557260403995, "w2": -0.3652636843869045, "b": 8.286690414870385e-17}