{"w": 0.3602744573502687, "b": -0.026770261731836772}