{"w": 0.35768411579675663, "b": 0.034967314292714866}