{"w": 0.6136940815015968, "b": 0.0014640893269767634}