{"w": 0.3791812689167621, "b": -0.04973952761382984}