{"w": -0.6661912775463311, "b": 2.006634936299306e-17}