{"w": 0.7594369770866629, "b": 6.1690895309052e-18}