{"w": -0.15433927721973148, "b": 0.02570406404527843}