{"w": 0.2006284043082743, "b": 3.711386889637905e-18}