{"w": -0.433276246377961, "b": 0.04910760528281988}