{"w": -0.4563968033746798, "b": 8.998292355757723e-17}