{"w": -0.07066679346645778, "b": -6.932774552726772e-17}