{"w": -0.0630324731883472, "b": 0.23902505564317506}