{"w1": 0.03490683490683471, "w2": 0.5730369244662294, "b": 9.30732013413508e-18}