{"w": 0.859207057453142, "b": 1.0132276729163242e-17}