{"w1": 0.6049562260434137, "w2": -0.3555034248608347, "b": 4.2299757213743096e-17}