{"w1": -1.512107523315863, "w2": 0.4334217944690837, "b": 0.04867407310874505}