{"w1": -0.9470597593656699, "w2": -1.6689354023596707, "b": -0.10025121382610552}