{"w1": -0.518192280017179, "w2": -0.9371627527552434, "b": 0.014183627677324548}