{"w": 0.7150200726068879, "b": -1.9353786936816657e-06}