{"w": 0.7528101836052785, "b": 0.00013348406870096474}