{"cc": -0.6293507753916542, "alpha": -1.3981602269193585e-16, "beta": -0.6293507753916542, "mx": -1.1102230246251565e-16, "my": -6.994405055138486e-17, "sx": 1.0, "sy": 1.0}