{"w": -0.32407088947409646, "b": -0.002717677744901277}