{"w": -0.03618300242429409, "b": -5.180570729436699e-05}