{"w": -0.3499326734597273, "b": 0.001001310765051261}