{"w1": 0.8158815291712878, "w2": 0.14964311831664123, "b": 0.07563970763658558}