{"w": -0.6234382209142606, "b": 0.019447205339536824}