{"cc": 1.0, "alpha": 4.996003610813203e-18, "beta": 1.0, "mx": -2.7200464103316335e-17, "my": -2.2204460492503132e-17, "sx": 1.0, "sy": 1.0}