{"w": 0.9990009990009991, "b": 4.968830320000704e-18}