{"w": 0.9532763231834563, "b": -0.002313947078722521}