{"w": 0.5948645183638667, "b": 0.046987772267347766}