{"w1": 0.8535605399373583, "w2": -0.018630798484792124, "b": 1.7355570538191582e-17}