{"cc": 0.6103760057103452, "alpha": -5.350698994671091e-17, "beta": 0.610376005710345, "mx": -5.551115123125783e-19, "my": -5.384581669432009e-17, "sx": 1.0, "sy": 0.9999999999999997}