{"w": 0.6518463808967703, "b": -0.010122035644135378}