{"w": -0.9268475972924815, "b": -0.002490525874015288}