{"w": -0.9303435339659223, "b": -2.5463093294431726e-17}