{"w": 0.4263250205138913, "b": -0.06916022000687441}