{"w": 0.18557531022205442, "b": -0.2761024572656988}