{"cc": 0.8949547046735948, "alpha": -5.37388174250002e-18, "beta": 0.8949547046735948, "mx": -8.881784197001253e-18, "my": -1.3322676295501878e-17, "sx": 1.0, "sy": 1.0}