{"w": 0.8694454452770978, "b": 0.022113801725223092}