{"w1": 0.7597238904049903, "w2": -0.7584834601981129, "b": -0.32530497921704105}