{"w": 0.39023469572888114, "b": -0.03672869469473713}