{"w": -0.05287504242087571, "b": 0.009923262305250057}