{"w": -0.6521465239784567, "b": 3.766624568998413e-18}