{"w1": 0.9558540741508537, "w2": 0.8086340120151564, "b": 0.15237923126399977}