{"w": 0.715444576029837, "b": -7.239199029158283e-17}