{"w": 0.085547160528969, "b": -0.00933556210718238}