{"cc": 0.36681958308384016, "alpha": -5.919491751395609e-18, "beta": 0.36681958308384016, "mx": -1.1102230246251566e-17, "my": -9.992007221626408e-18, "sx": 1.0, "sy": 1.0}