{"w": -0.36491904290041244, "b": 0.022609773718414328}