{"w": -0.47435425260269687, "b": 0.008727045570038703}