{"cc": -0.9742530860168136, "alpha": -2.996412925545788e-16, "beta": -0.9742530860168137, "mx": -4.773959005888173e-17, "my": -2.5313084961453567e-16, "sx": 0.9999999999999999, "sy": 1.0}