{"w": 0.019449473243719963, "b": 6.068621393216675e-17}