{"w": -0.290742649433217, "b": 2.1246256235311526e-17}