{"w": 0.16806157889557455, "b": 0.15674643968800778}