{"w": -0.8691869555539432, "b": -0.0249454140665452}