{"w1": -0.499262196301456, "w2": 0.6002077086041616, "b": 9.361795111301419e-17}