{"w": 0.024898094334359813, "b": -0.02842263617461258}