{"w": 0.667333906278224, "b": -0.03161572852911439}