{"w": 0.4767612630306757, "b": 3.2739086760130556e-17}