{"w": -0.9483821668885773, "b": 0.003360405963754039}