{"w": -0.9363690245538145, "b": 0.0041018721626302716}