{"w1": 0.107317014761633, "w2": -0.7988024587399261, "b": -6.457025451943003e-17}