{"w1": 0.9514703814597206, "w2": -0.7806485590389526, "b": -0.050499736233772935}