{"cc": -0.2582127959982529, "alpha": -1.5052873010534558e-16, "beta": -0.2582127959982529, "mx": -5.098699240591032e-16, "my": -1.8873791418627663e-17, "sx": 0.9999999999999999, "sy": 0.9999999999999999}