{"w": -0.20970414596661183, "b": -0.1614491305131291}