{"w": -0.33313506617551897, "b": -4.403972712651907e-17}