{"w": -0.19718036739590444, "b": -0.08016570429700043}