{"w": -0.256836136122883, "b": 0.016207492214141042}