{"w": -0.1707635269332307, "b": 0.2702453145692303}