{"w": -0.15631801776875562, "b": 0.27916746622136435}