{"w": -0.13526272517751903, "b": 0.008677803994505892}