{"w1": 0.17969011654688824, "w2": -0.7668735442320762, "b": 0.02293200372441555}