{"w": -0.02116353689601107, "b": -0.0030088875637556012}