{"w": 0.13040204459619717, "b": -2.267749592826193e-16}