{"w": 0.1271399584070271, "b": -0.050221799170796555}