{"w1": -0.5315288448791187, "w2": -0.4461503684588483, "b": 6.323215921317913e-17}