{"w1": -1.3131072006780113, "w2": -0.98858521607844, "b": 0.07122577241935966}