{"w1": 0.7092052958061832, "w2": -0.8424450873977747, "b": -0.03989658760834304}