{"w": 0.2255639443263014, "b": 0.04748353643291889}