{"w": -0.2057466548094151, "b": -0.20232097318777395}