{"w1": -0.5707169321071542, "w2": 0.31697466647866357, "b": -0.053691933067106595}