{"w": 0.002715049541792328, "b": -0.11489987231877088}