{"cc": -0.5841593892490655, "alpha": 6.04580677045751e-18, "beta": -0.5841593892490655, "mx": 3.8857805861880476e-17, "my": -1.6653345369377347e-17, "sx": 1.0, "sy": 1.0}