{"w": -0.46257782659354496, "b": -0.012370070925391368}