{"w": 0.007086907714711254, "b": 0.03635414959777904}