{"w1": -0.4474628587960559, "w2": 1.2968673432438995, "b": -0.2082925286763046}