{"w1": -0.37379546195228763, "w2": -0.8447645600871553, "b": -5.8115661347694e-17}