{"w1": -0.46347691930448864, "w2": -1.0044191447241988, "b": 0.0059895761227212446}