{"w": 0.38294391730135524, "b": 6.519499349759478e-17}