{"w1": -1.1370222282037625, "w2": 0.22099455034867596, "b": -0.017760464083089567}