{"w": -0.3712922951639981, "b": 2.045682896799849e-16}