{"w": -0.40437774720831476, "b": 2.0926836512119728e-16}