{"w": -0.43433206487864473, "b": 0.05147103186419068}