{"w": -0.428570216718262, "b": 0.05153097734838922}