{"w": 0.10973402151166428, "b": -0.025394280940083495}