{"w": 0.11025662744673789, "b": -0.02457320576679841}