{"w": -0.2933387830236807, "b": -9.063108523613293e-18}