{"w1": -0.18376071303130728, "w2": -4.0595790749343665, "b": 1.1412693489062744}