{"w1": 72.62872646093693, "w2": 79.05299601541573, "b": 29.024247534153186}