{"cc": 0.41739382191218616, "alpha": -1.4622102331111307e-16, "beta": 0.41739382191218605, "mx": -6.994405055138486e-17, "my": -1.7541523789077474e-16, "sx": 1.0000000000000002, "sy": 1.0}