{"w1": -0.4697127215486647, "w2": 1.215194513073193, "b": -0.09065628822069861}