{"w": -0.4889930542814552, "b": 0.05717153356125483}