{"w1": -2.1253782556523078, "w2": -0.6343975861050424, "b": 0.07636119702266615}