{"w1": 0.2079942948158684, "w2": 0.7658513069981439, "b": 1.0919041224418577e-16}