{"w1": 0.37193933376656935, "w2": 1.2066271786507354, "b": 0.06145793408804676}