{"w1": -0.3472310002934808, "w2": 0.5756262506984648, "b": -2.2945690433793267e-17}