{"w": -0.10384829112568983, "b": 0.023125139881851497}