{"w": -0.09574025007091228, "b": 0.025706602890786807}