{"w": -0.07345146785449123, "b": 0.04751702233946699}