{"w": 0.7597439281640964, "b": 0.02847682579456464}