{"w": 0.174191025665183, "b": -0.04007652452527536}