{"w1": -1.110317446662752, "w2": 0.22891042037721937, "b": -0.02147013326252337}