{"w1": 0.40313024444698586, "w2": -0.15459664122752165, "b": 1.0176602769067995e-17}