{"w1": 0.9596805721353479, "w2": -0.8405303432526462, "b": 0.0649285644400969}