{"cc": 0.7085834349294956, "alpha": 2.4773933751077967e-17, "beta": 0.7085834349294956, "mx": -8.326672684688674e-18, "my": 1.8873791418627663e-17, "sx": 1.0, "sy": 1.0}