{"w": 0.6713479175287951, "b": 0.0034927243756380467}