{"w1": -0.4160561145895177, "w2": -0.21922446967090123, "b": -0.018074753066954143}