{"w1": -2.0927881973825775, "w2": 0.8475735137738305, "b": 0.015304382410230022}