{"w": -0.21038022678563728, "b": -0.15710142396433924}