{"w": -0.13801065247763114, "b": -8.239530969200272e-17}