{"cc": 0.5504322868340455, "alpha": 5.25212280215123e-17, "beta": 0.5504322868340455, "mx": -1.7763568394002505e-17, "my": 4.274358644806853e-17, "sx": 1.0, "sy": 1.0}