{"w": -0.015686209265146633, "b": -0.26558015605437835}