{"w": 0.010897870580771582, "b": -0.2457382063813056}