{"w": -0.7736960467270682, "b": -0.012481125670891184}