{"w": -0.5181072786211315, "b": 0.03330656932729603}