{"w": -0.20466775271781604, "b": 0.04685756590086143}