{"w": -0.03672009721758199, "b": -2.879208037108495e-17}