{"w": 0.4525631350572873, "b": 0.410719562975833}