{"w": -0.34527593492274755, "b": 0.06498409135059528}