{"w": -0.24778310301982773, "b": 1.696895732554161e-16}