{"w": -0.2785773910166748, "b": 0.018884293854444695}