{"w": 0.26980362463122337, "b": 0.006335609171114268}