{"w": 0.3843083841286453, "b": 0.0758103410122847}