{"w": -0.5136214734022572, "b": -0.021262435291300643}