{"w": -0.46156541094132947, "b": 2.0753336491780432e-16}