{"w1": 0.5063188981963086, "w2": 0.23764981181174363, "b": -4.281274870413235e-17}