{"cc": -0.7849366670740164, "alpha": 1.0524672541013218e-15, "beta": -0.7849366670740164, "mx": 3.1086244689504386e-17, "my": 1.028066520802895e-15, "sx": 1.0, "sy": 1.0}