{"w": 0.46175307198164744, "b": 0.004825226578594922}