{"w": 0.42302760363109093, "b": -1.7409244128327054e-16}