{"w1": -0.40764079720163426, "w2": -0.35576958161757183, "b": -0.008778304878646365}