{"w": 0.5794993350747374, "b": -0.027306354007618702}