{"w1": -0.6924683556141158, "w2": -1.1847109712998678, "b": 0.046300395263484645}