{"w": -0.8782808042981542, "b": -0.026029172773281418}