{"w": 0.5883100872491918, "b": 0.21946378356725693}