{"w": 0.6502438717182839, "b": -0.013154490929244575}