{"w1": 1.8627101509525452, "w2": 2.207321478883016, "b": 0.04315839708224721}