{"w": 0.5823640877323609, "b": 0.1471376743263452}