{"w": 0.02059585764842417, "b": -0.01803538833913132}