{"w": 0.7116709602361885, "b": 1.3263483468134167e-16}