{"w": 0.8031082234959416, "b": -0.00035755007223607855}