{"w1": -0.21551484144367708, "w2": 0.4214006642186279, "b": -0.004363924403941392}