{"w": 0.6819845494899068, "b": 0.01441424047392037}