{"w": 0.6752855915791776, "b": -2.4887488104984567e-16}