{"w": 0.655155138653904, "b": 0.021424444148081076}