{"w": -0.525053989645135, "b": -0.17736231900539057}