{"w": 0.29799348303838624, "b": 0.13352869708064197}