{"w": 0.9999999999999988, "b": 2.997602166487926e-17}