{"w": 0.5088220914762699, "b": 9.018907044153511e-18}