{"w": 0.5591451554684284, "b": 9.801084584546423e-18}