{"w": 0.7719778361452078, "b": 0.011816328384839316}