{"w": 0.3746341453879734, "b": -0.1548249314586844}