{"cc": 0.6035725014504003, "alpha": -4.1790014545501026e-17, "beta": 0.6035725014504002, "mx": 2.831068712794149e-17, "my": -2.4702462297909733e-17, "sx": 1.0, "sy": 0.9999999999999999}