{"w": 0.6610800736827896, "b": 0.04607337043796347}