{"w": -0.33976370491745844, "b": -3.268076840110471e-17}