{"w": -0.36391549565663106, "b": -0.0862606487401589}