{"w": -0.385380629168517, "b": -0.10781523552903885}