{"cc": 0.04302894839843424, "alpha": -2.50707642467441e-18, "beta": 0.04302894839843425, "mx": 6.661338147750939e-18, "my": -2.220446049250313e-18, "sx": 0.9999999999999998, "sy": 1.0}