{"w": 0.051735487927654145, "b": 0.19340425752101398}