{"w1": 0.3493349985898849, "w2": -0.5593976267551477, "b": 0.005914403479300948}