{"w1": 0.20598359820943027, "w2": 0.7092073242073927, "b": -8.829642985728693e-17}