{"w": 0.5130415252976773, "b": -0.0713328844330107}