{"w": 0.5101631752316402, "b": -0.07942648624288033}