{"w": 0.08356539943008835, "b": -0.11281450213874682}