{"w": 0.12538015509656228, "b": 0.015730075348015814}