{"w1": 1.274284812805807, "w2": -0.32261701654033836, "b": 0.01658616610439944}