{"w": 0.15164449752132717, "b": 0.006386817742797216}