{"w": 0.5531243402343353, "b": -5.17641778226292e-17}