{"w1": -0.27941243329786314, "w2": -0.5196340372965025, "b": 8.571380746243559e-17}