{"w": -0.07859748983567282, "b": 1.4396323290473855e-17}