{"w": -0.31055021517200426, "b": 0.21738276808336612}