{"w": -0.22100402752811552, "b": 0.007633781115988039}