{"w": 0.16884200999156554, "b": 0.05425304844252481}