{"w1": 0.18132114669450006, "w2": 1.4448021941088454, "b": 0.01179445112125696}