{"w1": -1.7927857757150427, "w2": 0.23787571100101124, "b": 0.07036863787125085}