{"w1": -4.258693815156953, "w2": 0.5604966821683525, "b": -1.1200623274711226}