{"cc": 0.32194849107626666, "alpha": 8.496127837080771e-17, "beta": 0.3219484910762666, "mx": -2.0872192862952942e-16, "my": 1.7763568394002505e-17, "sx": 1.0000000000000002, "sy": 1.0}