{"w": 0.1339574511990291, "b": -0.23539520904592823}