{"w": 0.14888947013673168, "b": 0.003525026487511157}