{"w": 0.14095992744942967, "b": 5.5252897091465775e-05}