{"w1": -0.4806906680410789, "w2": -0.9396007925919618, "b": -0.011202928909284919}