{"w": 0.36345597347797715, "b": -0.06860094763905686}