{"w": -0.6190634955073082, "b": -2.0619141469830886e-17}