{"w": -0.9777247343300354, "b": 0.006035044478817464}