{"w1": -0.4478893111910648, "w2": -0.8430257891889968, "b": 0.02887031560085761}