{"w": -0.40127881205590366, "b": -0.07610737695337438}