{"w": 0.07355549963882844, "b": 1.3617823707109265e-16}