{"w1": -0.17712107231902946, "w2": -1.0396931946879095, "b": 0.1091636035655321}