{"w": 0.59990635764396, "b": -0.03972436885179553}