{"w": 0.7389397945581091, "b": 0.006340986677525586}