{"w1": -0.7352182725451721, "w2": -0.07139008341989025, "b": 0.023862522351729892}