{"w": 0.6848066092238428, "b": -0.0020838387688077876}