{"w": 0.9037126959857537, "b": 0.007058865798089231}