{"w": 0.9814487967461266, "b": 2.776489384378728e-17}