{"w": -0.18580676915616312, "b": 0.031225902730979027}