{"w1": 32.50644898470697, "w2": -3.480510376229309, "b": 3.8234431951417904}