{"w": 0.16565217025671175, "b": 0.20744825225641003}