{"w": -0.378871140670316, "b": -8.728906855705104e-17}