{"w": 0.40433554299806185, "b": -0.008940091031380958}