{"w": 0.7164203214768645, "b": 0.04087417200770338}