{"w": 0.6848078933364649, "b": 1.6666075500482792e-16}