{"cc": 0.8381095911368298, "alpha": 3.7465282097417737e-17, "beta": 0.8381095911368296, "mx": -3.7747582837255325e-17, "my": 5.828670879282072e-18, "sx": 1.0, "sy": 0.9999999999999998}