{"w": -0.6212594582517008, "b": 0.05267451870111184}