{"w": -0.6108129197333725, "b": 0.04234467273832258}