{"w": -0.5748513329401098, "b": 0.015627787522461963}