{"w": -0.5779800169260989, "b": 0.015633103216752972}