{"w1": -0.5430142595959154, "w2": -1.3817123475639046, "b": -0.016800586256311364}