{"w1": -0.3922513327364248, "w2": -0.76886536942496, "b": -0.052094270744599054}