{"w": 0.815013716105466, "b": -1.4100273137692273e-17}