{"w": 0.7809987901846107, "b": 0.06780367238798017}