{"w": -0.8318305031808838, "b": -0.00454962962762757}