{"w1": -0.7641993259527571, "w2": -0.11968549072678591, "b": 2.5472799342695575e-17}