{"w": -0.7227239377322595, "b": 0.013095696830438904}