{"w1": -0.6372079718441016, "w2": -0.20852318465577555, "b": 3.3146449289376906e-17}