{"w1": 0.0890465898755335, "w2": -1.8346083791876087, "b": -0.17416309930336796}