{"w": 0.46580803428204154, "b": 0.007010362279394666}