{"w1": -0.838428715781409, "w2": 1.9668317467402956, "b": -0.8111095084396603}