{"w": -0.32103432207778326, "b": -0.009686273968895582}