{"w": -0.2505351468000935, "b": -6.070445475160247e-17}