{"cc": -0.5358876844467677, "alpha": -5.524163545991847e-19, "beta": -0.5358876844467677, "mx": 1.5543122344752193e-17, "my": -8.881784197001253e-18, "sx": 1.0, "sy": 1.0}