{"w": -0.2654923404407606, "b": -0.0010470187404616992}