{"w": -0.29088457813691493, "b": -9.06334819700001e-18}