{"w": 0.18911081203822322, "b": 0.07536097166054648}