{"w": 0.1463955337699713, "b": 8.998760493639047e-19}