{"cc": -0.06291941077262422, "alpha": -2.494537101390155e-16, "beta": -0.06291941077262424, "mx": 1.6431300764452317e-16, "my": -2.597921877622866e-16, "sx": 0.9999999999999999, "sy": 1.0}