{"w1": -0.7892596840532297, "w2": -0.2203390427500967, "b": 0.019693285508444285}