{"w": -0.37340759837654014, "b": -0.13013871619481232}