{"w": 0.6045951729063671, "b": -0.04034285455759274}