{"w": 0.32046009513367757, "b": 0.004532173300211287}