{"w": -0.2656928903993525, "b": 0.006860098962601088}