{"w1": -0.5218226945535693, "w2": -0.42821825630756033, "b": -8.257215184278174e-17}