{"w": 0.5193112021133551, "b": 0.01682004459121154}