{"w": -0.03195676219967236, "b": 0.2140384397814159}