{"w": -0.030043660517658638, "b": 0.1727280704847713}