{"w": -0.02981758889122717, "b": 0.17264022509271074}