{"w": 0.9251310436979393, "b": -4.666428408962078e-18}