{"w": 0.9334489052296889, "b": -4.888060762278695e-18}