{"w": 0.4263278601399701, "b": 0.0037666259379214237}