{"w": -0.5701551587338024, "b": 4.754422869521643e-17}