{"cc": 0.8719092698962868, "alpha": 2.5099110261811216e-17, "beta": 0.8719092698962868, "mx": -4.5657921887709563e-17, "my": -1.4710455076283325e-17, "sx": 1.0, "sy": 1.0}