{"w": -0.7695405158224883, "b": 0.004648958701257316}