{"w": -0.7731892934097692, "b": -5.951754910628477e-18}