{"w1": -0.8489685282947257, "w2": 0.4250262183720407, "b": 0.009372345621939272}