{"w": 0.42461400435331703, "b": 0.004059593407400058}