{"w": -0.01580063880687524, "b": 0.0866895900964491}