{"w": -0.24985007651224092, "b": -1.6154044615610504e-16}