{"w1": 1.7390015334695956, "w2": -0.758387378953085, "b": 0.35101890559743437}