{"w": 0.8372710204794084, "b": 2.5845473154534963e-17}