{"w": 0.8561659110684167, "b": 0.019794615663402633}