{"w": 0.5901493849741826, "b": -0.03156933336042397}