{"w": 0.6260972891486656, "b": 2.1113729238718294e-17}