{"cc": -0.303117646387607, "alpha": 2.1180769537931994e-17, "beta": -0.3031176463876071, "mx": 2.7755575615628914e-17, "my": 1.27675647831893e-17, "sx": 1.0, "sy": 1.0000000000000002}