{"w": 0.6768761538152372, "b": -0.04481710918499763}