{"w": 0.6599020496547533, "b": -0.007700464107944876}