{"w": -0.058731251146501386, "b": -0.013241440828645173}