{"w": 0.6895613454901778, "b": -0.005431666703783115}