{"w1": 1.6667383626755192, "w2": -0.5448297622466857, "b": 0.14517479584763285}