{"w1": 0.8568626339114094, "w2": -0.19761452164716378, "b": 0.038283477406648225}