{"w1": -0.4584592343084476, "w2": 1.5855108477344617, "b": 0.0206071763265498}