{"cc": 0.1966901571864514, "alpha": -3.588225167758951e-16, "beta": 0.19669015718645133, "mx": -6.661338147750939e-17, "my": -3.7192471324942745e-16, "sx": 1.0, "sy": 0.9999999999999998}