{"w1": -0.1626999002767321, "w2": -0.8852486106172394, "b": 6.880880806410065e-17}