{"w1": -0.2936948598810143, "w2": -1.2551037222439425, "b": -0.012366912945216073}