{"w1": -0.34619293228421627, "w2": -0.40399848594322146, "b": 0.00339610308296788}