{"w": -0.18883385539395317, "b": 0.02519647353293817}