{"w1": -1.6053827844110198, "w2": -0.14158211274192123, "b": 0.02123754747333864}