{"w": 0.4844319360659856, "b": -0.07191275085660988}