{"w": -0.2574922458818458, "b": -0.0007304568811454905}