{"cc": -0.2621934628042354, "alpha": -2.6601525762388077e-17, "beta": -0.2621934628042354, "mx": 1.0602629885170245e-16, "my": -5.440092820663267e-17, "sx": 0.9999999999999999, "sy": 0.9999999999999999}