{"w1": 0.16291588346565172, "w2": 0.288878880688778, "b": 0.0016043061401024156}