{"w1": 2.3608607052593844, "w2": 0.6737621053457643, "b": -0.7580066620692523}