{"w": 0.9396550165536182, "b": 0.005837843922935731}