{"w": 0.5337758848986425, "b": 0.12111354745227364}