{"w": 0.29575915242908374, "b": 0.06943442551439727}