{"w": 0.12395163460671255, "b": 0.07147088063458623}