{"w": 0.01480149175456169, "b": 0.12167004263128212}