{"w": 0.11926855448594466, "b": 6.805933857819441e-17}