{"w": 0.0600440981499603, "b": -0.019341713703213314}