{"w": -0.44704884499719083, "b": -0.0003293395533894086}