{"w": 0.503632380657076, "b": 0.014449812257245023}