{"w": 0.9285309326406914, "b": -1.2695456660926508e-18}