{"w": 0.8441190296733557, "b": -2.7690022777208208e-18}