{"w": 0.9999999999999996, "b": -1.3600232051658159e-16}