{"w": 1.0000000000000004, "b": -2.1649348980190553e-17}