{"w": 0.6123551586345143, "b": -2.0788604523668294e-17}