{"w1": 18.569791647590932, "w2": 8.107613190361464, "b": 0.27639765127580584}