{"w1": 1.5421213688626176, "w2": 0.6889240797333251, "b": -0.003988771600288418}