{"w1": 1.5686503359578021, "w2": 0.7625944201283038, "b": 0.002420228442127249}