{"w": -0.9999999999999997, "b": -4.9717174821495273e-17}