{"w": 0.295124117995536, "b": -0.03830956259174241}