{"w": 0.33048560853465364, "b": 0.0029671685385032395}