{"w": 0.3138183538477626, "b": 0.002982474976932912}