{"w": 0.3972215289168053, "b": -0.04604185910111325}