{"w": -0.10411548829631871, "b": -0.2550885759526843}