{"w": -0.11804818580362567, "b": -0.2537715005285965}