{"w": 0.1889923601534785, "b": 0.13642342669842664}