{"w": 0.2996918984062496, "b": 0.10093497815736693}