{"w1": -0.24327938841206084, "w2": -5.231002879732712, "b": -1.1066891074476917}