{"w": 0.2724027520308303, "b": 4.545130612164787e-16}