{"w": -0.4978388583299229, "b": 0.002939508635369784}