{"w": -0.036634964885440824, "b": -0.003725983271287976}