{"w": -0.4972421447934898, "b": 0.07281002943898385}