{"w": -0.03105098455347808, "b": 0.03842507509097548}