{"w": 0.16904531082712088, "b": 0.010020774941760006}