{"w": 0.37899014391251157, "b": 0.0276517039598803}