{"w": -0.3705377598851939, "b": -0.056465349911020285}