{"w": 0.07341900295492262, "b": 0.15710155330650327}