{"w1": -1.3810471714239894, "w2": -0.6075633881859791, "b": 0.09990860390053725}