{"w": 0.7731942835094219, "b": 7.76015447766811e-18}