{"w": 0.7559655631013602, "b": 0.031416191808814484}