{"w1": 0.2757447510537816, "w2": 0.616059273538447, "b": 2.302235432050035e-17}