{"w": -0.29024662515992417, "b": 3.709787755834021e-17}