{"w": 0.16402359750070367, "b": -2.0938544259544402e-17}