{"w": 0.4744139856457477, "b": -0.005316872045208004}