{"w": 0.4809021866835262, "b": 1.9559957801973975e-17}