{"w": 0.5127577236755995, "b": 0.0510910419092241}