{"w": 0.7081410495634519, "b": -0.007674858044199325}