{"w": 0.7435763692608316, "b": -0.00668187513781637}