{"w": 0.7913477783655639, "b": -0.032478237668861126}