{"w": 0.0364018938980418, "b": -0.09668002139536049}