{"w": 0.17104548200476669, "b": 3.928439380993836e-16}