{"cc": 0.02590598437885809, "alpha": 2.0084679414418276e-17, "beta": 0.02590598437885809, "mx": -3.885780586188048e-18, "my": 1.9984014443252817e-17, "sx": 1.0, "sy": 1.0}