{"w": -0.07510228716165317, "b": 2.3864539174378914e-16}