{"w": -0.057628930103734946, "b": -0.0013643900357900862}