{"w": 0.2405435765389635, "b": 0.2467409059285915}