{"w": -0.2794885307957841, "b": -0.1582679110289128}