{"cc": 0.5759705518236787, "alpha": -9.102491095048432e-18, "beta": 0.5759705518236786, "mx": -2.997602166487923e-17, "my": -2.6367796834847467e-17, "sx": 1.0, "sy": 0.9999999999999999}