{"w1": -0.595594979336047, "w2": -0.39897010128351784, "b": 7.903638470959928e-17}