{"w": -0.10851568638750944, "b": -0.12336162805355114}