{"w": 0.5366250318669515, "b": -0.022850054107824976}