{"w": 0.5336014687074873, "b": -0.022620565034344037}