{"w": 0.49857933996481846, "b": 0.02876597932050535}