{"w": -0.34136243099743735, "b": 1.8889085014242018e-16}