{"w": 0.03155065538695349, "b": -0.16502913689886045}