{"w": -0.1632846000391777, "b": 0.06186540400607527}