{"w": -0.22319186352495302, "b": -0.006077064577407282}