{"w1": -1.060049301365607, "w2": -1.5645260386821098, "b": 0.06151329347022336}