{"w1": -0.5921302028230492, "w2": -0.885608844978138, "b": 0.00664649758148303}