{"w": 0.027072042644818273, "b": -1.03299914963437e-18}