{"w": 0.02646587086515078, "b": 0.0022009373145371186}