{"w1": 0.004357115698144228, "w2": 1.3068305263092812, "b": -0.15807453035000063}