{"w": -0.20632694673019006, "b": 1.2690487321312833e-18}