{"w": 0.40449952757825275, "b": 0.08160423478270505}