{"w": 0.39050605631700214, "b": 0.08236114923118155}