{"w": -0.11494858757560038, "b": 0.0006760316393319993}