{"w": -0.1295782249245074, "b": -0.0065592937667976366}