{"w": -0.5969159992067601, "b": -0.014438471832025335}