{"w1": -0.6543244692708919, "w2": -0.7093186600665862, "b": -0.010610761410266645}