{"w": 0.38855345576572087, "b": 0.016346540310251588}