{"w": 0.43341027526221065, "b": 0.0037829204423404095}