{"w": 0.980008388562841, "b": -2.8133358778796584e-17}