{"w1": -0.5115207420192245, "w2": 0.4051096855145711, "b": 2.0448626199738888e-17}