{"cc": 0.4966468020618421, "alpha": -2.4320668210155522e-17, "beta": 0.496646802061842, "mx": 3.1086244689504386e-17, "my": -8.881784197001253e-18, "sx": 1.0, "sy": 0.9999999999999998}