{"w": 0.49664680206184175, "b": -2.4320668210155516e-17}