{"w": 0.4877230384368558, "b": -0.020435650944118887}