{"w": 0.16648788621228025, "b": 0.04333724908704695}