{"w": 0.41203782958788, "b": -1.038244766900666e-18}