{"w": 0.9771140784797522, "b": -1.270423850577178e-19}