{"w": 0.9751417453174553, "b": -0.003347455868574281}