{"cc": 0.19079007371565496, "alpha": 1.0662516700788238e-16, "beta": 0.19079007371565496, "mx": 1.1324274851176597e-16, "my": 1.2823075934420558e-16, "sx": 1.0, "sy": 1.0}