{"w1": 0.29182845248893946, "w2": 0.6629285093924678, "b": -5.599801739678444e-18}