{"w": 0.5136376044712003, "b": 0.13744677694773286}