{"w1": -1.0639819415568565, "w2": -0.23158695481985161, "b": -0.028120862061529167}