{"w": -0.5903367752683293, "b": 0.030006100428476862}