{"w": -0.603550494042126, "b": 0.07923535178359299}