{"w": 0.44900650492156796, "b": -0.08915988747074229}