{"w": 0.26557566156480905, "b": 0.022658486882658178}