{"w": 0.31931331292999937, "b": -1.7931293192596777e-17}