{"w": 0.3173816873718983, "b": -4.870907484053142e-05}