{"w": -0.019389959432407084, "b": 0.005535826004237698}