{"w1": -0.538501672789188, "w2": -0.4664568115786819, "b": -4.970752813938973e-17}