{"w": 0.152160678934289, "b": -9.364254774878037e-18}