{"w": 0.7355469651512799, "b": -4.4739387208412216e-17}