{"w": 0.18245528567012503, "b": 0.025147634479768394}