{"w": 0.3341454665511908, "b": 0.06747101616367049}