{"w1": -0.3610455578243457, "w2": -0.460676458471356, "b": 5.500128411301318e-18}