{"w": 0.6209885234992555, "b": -1.7105522643389194e-16}