{"w": 0.6824049708783027, "b": -1.7194164383551362e-16}