{"w": 0.9460158589023521, "b": -0.0006511644662622329}