{"w": 0.8293820356426919, "b": 3.588484132501916e-17}