{"w": 0.7784665199898353, "b": 0.06185266309288789}