{"w1": 0.7542023238488096, "w2": -0.2295877221471119, "b": 4.499923695672781e-17}