{"w": -0.03547164755001797, "b": -0.07228202099990244}