{"w": -0.010904898063325882, "b": -0.1236143873179483}