{"w": 0.701645932709709, "b": 2.3444324633249918e-17}