{"w": -0.6926009404026249, "b": -0.0018457577797211834}