{"cc": -0.20271876197625524, "alpha": -2.293267007230611e-16, "beta": -0.20271876197625524, "mx": -3.508304757815495e-16, "my": -1.582067810090848e-16, "sx": 1.0, "sy": 1.0}