{"w": -0.05840728765921081, "b": 0.034068441783464486}