{"w1": -0.39261592091485065, "w2": -0.5774545239487004, "b": -2.0104881715322336e-17}