{"w": 0.48008707816331125, "b": 0.018182733255166287}