{"w": -0.20223650097511875, "b": 3.626979476717634e-18}