{"w": -0.16864719111112136, "b": -0.006432749208830066}