{"w": 0.3919241406556014, "b": -1.0499984480804529e-16}