{"w1": -0.9014857841824775, "w2": -0.8628060372805696, "b": 0.01048583630529551}