{"w1": -0.07356737616004194, "w2": 2.631008987128232, "b": -0.03909837180833664}