{"w": 0.2268113889105316, "b": 0.016596023042636448}