{"w1": 0.9270500734761661, "w2": 0.41500015146684616, "b": -0.02513506371431317}