{"w1": 1.2054342117888555, "w2": 0.49506881764905797, "b": 0.059337341318161936}