{"w": -0.05322577823553191, "b": -0.029163505571843662}