{"w": 0.5674944715806804, "b": -0.11878562661997209}