{"w1": 0.43085364716805236, "w2": 1.1313672290887544, "b": -0.003763781196422372}