{"w1": -0.05314987224183046, "w2": 0.5518140911745313, "b": -3.4358548035051342e-18}