{"w": -0.0503413129417338, "b": 0.054550907747053234}