{"w": 0.36431803463972406, "b": -0.0668301259720193}