{"w1": 0.4183217926639639, "w2": -4.426170780822679, "b": 1.0114507997421578}