{"w1": -0.5726125742291223, "w2": -0.7188196837906142, "b": -0.023651156230038304}