{"w1": 0.20786977118834468, "w2": -0.7674333087718398, "b": -1.0662627081513854e-16}