{"w1": 1.2175884675698332, "w2": -2.8462275817421756, "b": 0.10108107201197258}