{"w": 0.13139406821433403, "b": 0.0790432536113223}