{"w1": -1.2007267785066231, "w2": 0.42355553839315924, "b": 0.003730035369346258}