{"w": 0.7447986587537412, "b": -1.1148427436735799e-17}