{"w1": -0.3269937625824709, "w2": -0.38862488070217116, "b": 1.5268190063297271e-06}