{"w": -0.48935094557882464, "b": 1.8885614244036538e-16}