{"w": 0.13584677413923835, "b": -0.01535210751483026}