{"w": -0.6346467526637954, "b": 0.04313273307950949}