{"w": -0.6167148280299247, "b": -1.8134712132631954e-17}