{"w": -0.3236198139316436, "b": -2.1353057617235555e-17}