{"w": -0.08916861976543271, "b": -1.4813157921551648e-18}