{"w": 0.5658313073404828, "b": 0.08498756204942105}