{"w": -0.4672074531018401, "b": 3.284526025618118e-16}