{"w": -0.01631668099678099, "b": 0.08933215341672583}