{"w1": -1.249151049216474, "w2": -0.2512966627993778, "b": 0.07805792254000296}