{"cc": 0.6414111089797635, "alpha": 1.1886574369558287e-16, "beta": 0.6414111089797635, "mx": -3.341771304121721e-16, "my": -9.547918011776346e-17, "sx": 0.9999999999999999, "sy": 0.9999999999999999}