{"w1": 0.4844345800612179, "w2": -1.343573494912991, "b": -0.018476554512924768}