{"w1": 0.35758647714003455, "w2": -0.6955475254059545, "b": 0.03409110603885997}