{"w": 0.4304320563218733, "b": 0.03129881429481524}