{"w1": 1.1832729699687643, "w2": -0.3120932321009109, "b": -0.042791292482954865}