{"w1": -0.5799695447334903, "w2": -0.40899931680104623, "b": -1.3286649574673365e-16}