{"w1": -0.4326759378140247, "w2": 0.3119298763903477, "b": -0.007857749907412614}