{"w": -0.6832868467357162, "b": -0.040069239121315714}