{"w": 0.34669993025635704, "b": -2.1565421384836768e-17}