{"w": 0.4115073523906593, "b": -0.14527829726232844}