{"w": 0.05752084983983032, "b": -0.012645243446913248}