{"w": -0.34468810607360156, "b": 0.1482073933595246}