{"w": -0.22897701992306818, "b": 0.22789178485692851}