{"w": -0.4040973356433915, "b": -0.11970398950417525}