{"w": -0.4478649699074725, "b": 1.3206748250690032e-16}