{"cc": 0.7704013175045025, "alpha": -1.2402379884784783e-17, "beta": 0.7704013175045027, "mx": -2.4702462297909733e-17, "my": -3.1433189384699746e-17, "sx": 0.9999999999999998, "sy": 1.0}