{"w": -0.9999999999999988, "b": -2.4813484600372247e-16}