{"w": -0.3332353550129055, "b": 0.09474355539425189}