{"w": -0.3100125865704845, "b": 0.08968434470513656}