{"w": -0.45910339290357843, "b": -0.031245135094759943}