{"w": 0.17607660058916413, "b": -0.14957803633589672}