{"w1": -1.710681538484919, "w2": -0.5516920026177448, "b": -0.13480860585832818}