{"w1": -0.1655412846517097, "w2": 0.7290312895124383, "b": 1.1476288996626625e-17}