{"w1": 1.0704674341499059, "w2": -0.49922678535596365, "b": 0.022944152203923127}