{"w": 0.09091258371979617, "b": -0.023851617700508258}