{"w": 0.08550194712263699, "b": 1.269842626421004e-17}