{"w": 0.08323278888001164, "b": -0.08292004791899509}