{"w": 0.09284838006771848, "b": 0.005217599154635419}