{"w": 0.7628701196161307, "b": 0.022568189822613917}