{"w": 0.24035835929647162, "b": -0.004574688623907891}