{"w": -0.28286843348907537, "b": -0.11365280873065821}