{"w1": 50.65223557728667, "w2": 0.07582577145570793, "b": -17.282135653559337}