{"w1": -0.5720990303140661, "w2": 0.421231068795206, "b": -4.281934039922061e-18}