{"w": 0.647780513561978, "b": -0.03109450231110605}