{"w": 0.6012017425676844, "b": -0.013858475830110583}