{"w1": -1.3642472126419039, "w2": -0.2888219853520278, "b": 0.01239655759571145}