{"w": -0.08427067860259281, "b": 0.06474864536706859}