{"w": 0.9837996032298854, "b": 0.014108301860082382}