{"w1": 0.03022708523860285, "w2": -0.6598612514418088, "b": -4.787508102738535e-18}