{"w": 0.2201902348142361, "b": 0.024944257174886176}