{"w": 0.12250920977747648, "b": 0.24276519340682404}