{"w1": -0.25707139508057947, "w2": 3.1956042562888367, "b": -0.08755390278353545}