{"w1": -1.0345123970342962, "w2": 2.1308727960677936, "b": 0.34488085762714543}