{"w": -0.4404818301701443, "b": 0.057282606403648975}