{"w": -0.0960509976474876, "b": 0.011523953485803307}