{"w": -0.14965335117439527, "b": 0.04385536762291159}