{"w1": -0.9048640236555486, "w2": -2.3442499755552157, "b": -0.176570047559783}