{"w1": -0.31754814591628144, "w2": -1.6820294543924355, "b": -0.14352193385378992}