{"w": -0.17805868749238946, "b": -0.15539492568338928}