{"w": 0.7180817419759534, "b": -0.06518736518383171}