{"w": 0.7866494746398258, "b": -4.2217546447526207e-17}