{"w1": -3.655403619680188, "w2": 1.3641098345743576, "b": -0.05604523001898527}