{"cc": 0.8357088071051552, "alpha": -3.02375407002503e-17, "beta": 0.8357088071051549, "mx": 3.219646771412954e-17, "my": -3.3306690738754695e-18, "sx": 1.0, "sy": 0.9999999999999998}