{"w": 0.8067089542709797, "b": -0.04521998516721337}