{"w": 0.772213218979927, "b": -0.00021324741857679276}