{"w": -0.45548620146027596, "b": -0.0061439659036296446}