{"w": -0.9703119883265742, "b": 6.621995439343042e-17}