{"w1": 1.4226747960463229, "w2": 0.21472683543483154, "b": -0.08199016983134244}