{"w": -0.01936645580266459, "b": 3.6605745022965214e-16}