{"w": -0.6895556110493758, "b": -0.01306544081591991}