{"w": -0.3270565960353489, "b": 7.300656623574161e-19}