{"w": -0.3274647933942936, "b": 0.05984848970595847}