{"w": -0.31211472359338516, "b": -0.0029660331699168704}