{"w": 0.11995197851656603, "b": 0.2067254558111613}