{"w": -0.4419157646107026, "b": 4.1093525179905004e-17}