{"w": 0.4219040030261935, "b": -0.036177693333350934}