{"cc": -0.9133907679697149, "alpha": -9.267258424920707e-17, "beta": -0.9133907679697146, "mx": 8.937295348232511e-17, "my": -1.7430501486614958e-16, "sx": 1.0000000000000002, "sy": 1.0}