{"w1": 0.06707195765904014, "w2": -1.7571844062067077, "b": -0.02149856606640155}