{"w1": -1.3334541264166107, "w2": -0.7956188846078147, "b": 0.10879686840790018}