{"w1": 0.34763844800085864, "w2": 0.6387497595876254, "b": 5.97259264887893e-17}