{"w": 0.3176490957065785, "b": -0.00036567603759166123}