{"w": -0.0706947844591142, "b": -2.2855166993205018e-17}