{"w": -0.20119482216038242, "b": -0.14110818791576285}