{"w": 0.17845312646538633, "b": -0.1463215485480762}