{"w1": 0.4625987580741521, "w2": 0.47326376110170776, "b": 8.127125342544395e-18}