{"w1": 0.861336052562819, "w2": 0.9548381143575374, "b": 0.08917518302750575}