{"w1": 0.7471291278705523, "w2": 0.8312318243560695, "b": 0.24765796205107304}