{"w1": -0.5201553945044779, "w2": 0.008454164847884773, "b": -3.878540787832785e-05}