{"w": 0.8100401834694742, "b": 0.007703804207342919}