{"w1": 2.184731971831387, "w2": -1.5394994740296404, "b": 0.04390448960267721}