{"w1": 0.5960046672957315, "w2": -0.3435993172963538, "b": -1.5204650681100195e-17}