{"w1": 0.5408279431511185, "w2": -0.3101417729833081, "b": -1.3701902493805863e-17}