{"w1": 0.2312263675407529, "w2": -0.012773673935518462, "b": 1.059672662812039e-08}