{"w1": -2.9550560084709403, "w2": -3.2923128021575967, "b": 0.3070944684967993}