{"w": -0.4356526208558449, "b": 2.7193693799218915e-16}