{"w": 0.10006499890423902, "b": 7.093349887776768e-05}