{"w": 0.024821463977230285, "b": 0.2124324925256188}