{"w": -0.8420340808795359, "b": 3.843232041620403e-16}