{"w": -0.12754209659705787, "b": -0.17793516692768196}