{"w": 0.07467343036394458, "b": 0.061559883945574954}