{"w": -0.5643137161117634, "b": -2.830328280900536e-17}