{"w": -0.9757191468284206, "b": 2.169333036065766e-16}