{"w": -0.9714309900181959, "b": -0.0035425669576063263}