{"w1": 0.307410277967385, "w2": 0.6624766188535353, "b": 0.00654263863911602}