{"w1": -0.09524965592490045, "w2": 0.42082654618428644, "b": -9.655431684671423e-07}