{"w": 0.6056724537426377, "b": 0.004423505804413236}