{"cc": -0.45342579354947643, "alpha": 8.925885163603786e-17, "beta": -0.4534257935494763, "mx": -3.3306690738754695e-17, "my": 1.0436096431476471e-16, "sx": 1.0, "sy": 0.9999999999999998}