{"w": -0.4569918035273813, "b": -0.016264290946304688}