{"w": 0.7850516738708393, "b": -0.008289246788568442}