{"w": 0.83940201395122, "b": -0.025729208314693264}