{"w": 0.7394444593625792, "b": 0.002006283097189572}