{"w": -0.018357563740097844, "b": -0.25846867809377017}