{"w": 1.0000000000000007, "b": -2.980948821118545e-16}