{"w": -0.13362755944494506, "b": 0.026084284246374195}