{"w": -0.33285849713637694, "b": -3.8077591948809274e-17}