{"w": -0.01618955323608037, "b": -0.10607750938892496}