{"w": -0.15057717695245013, "b": 0.08959320451766954}