{"w": -0.17579962061728432, "b": 0.09506343192744031}