{"w": 0.329067414365571, "b": 0.014864268366369608}