{"w": 0.8942303952476652, "b": 1.4870582981938067e-17}