{"w": -0.12430434716998329, "b": -3.299422088833953e-16}