{"w1": 0.049855570592838884, "w2": 0.7386915058209992, "b": 2.4464078299246222e-17}