{"w": -0.41473665549133987, "b": 0.03280531036772959}