{"w": -0.43828399973255183, "b": 0.10078473321877793}