{"w1": -0.2820222808206391, "w2": 1.5934109298251264, "b": 0.044385920687224203}