{"w": -0.16092357266339544, "b": 0.09754656538951062}