{"w": -0.16619552083900857, "b": -0.017748496327691772}