{"w": 0.33338416132188664, "b": -0.09598010552857467}