{"w1": -1.5199336444253508, "w2": 1.5071387354834829, "b": -0.053940214516586066}