{"w": -0.43297048140291533, "b": -2.917952891239299e-17}