{"w": -0.4187135903990911, "b": -0.016245533661718527}