{"w": 0.23237618777409685, "b": 3.26472105074586e-17}