{"w1": -0.5181996726418154, "w2": -0.6289989588833325, "b": -0.06878925332437878}