{"w1": 0.524259121592077, "w2": -0.3807664143329841, "b": 6.78107279871209e-17}