{"w1": 1.4068883441282287, "w2": -0.9221839386668294, "b": -0.4198919041886844}