{"w1": -0.3283154599435826, "w2": 0.021826048024832387, "b": 9.293706931848998e-17}