{"w": -0.36063737961542364, "b": -0.1555436159356913}