{"w": 0.4027923095297988, "b": 4.8834312651847574e-17}