{"w": -0.5687225048386771, "b": -4.314717976203436e-16}