{"w1": 0.8438325435191344, "w2": 0.060797542799780294, "b": -3.2507792180587853e-17}