{"w": -0.9677255820486135, "b": 0.035130543257498426}