{"w1": -0.36172667372201633, "w2": 0.34982748873435426, "b": -6.600461131930536e-17}