{"w1": -0.38877043494216007, "w2": 0.3979271918045463, "b": 0.012964472057787078}