{"w": 0.037785427408730664, "b": 3.610638909871746e-18}