{"w": -0.49299817533367957, "b": -2.1524971588847555e-17}