{"w": -0.4481801593942542, "b": -2.072884369742408e-17}