{"w1": 0.5805173974051779, "w2": -0.485560934900458, "b": 1.0849431254038627e-16}