{"w": 0.27106958509369783, "b": 1.3966405294398225e-16}