{"w1": -0.95414636072135, "w2": -2.105341756708002, "b": -0.046784173766621064}