{"w": -0.9775497920824529, "b": -0.0030224342440040375}