{"w": 0.07536935651373933, "b": -0.012157879359015114}