{"w": -0.3261366492582279, "b": -0.001264093399456179}