{"w": 0.1707071891404917, "b": 0.08428787022921769}