{"w1": -1.5979532724326146, "w2": -1.4230588547081073, "b": 0.025819235912289698}