{"w1": -0.7796430280339376, "w2": -0.7883063469834879, "b": -0.0693969179155284}