{"w": 0.14632340958519102, "b": 0.25482878547354804}