{"cc": 0.5014615954579138, "alpha": -2.775314157023382e-16, "beta": 0.5014615954579138, "mx": -1.6653345369377347e-17, "my": -2.8588242884097783e-16, "sx": 1.0, "sy": 1.0}