{"w": 0.5453476353017751, "b": -0.006039932290965477}