{"w": 0.4652847600743772, "b": -0.0027196492327027817}