{"w": -0.5723998096772694, "b": -0.01544875034443326}