{"w": -0.2854369983463828, "b": -0.0368997985559339}