{"w": 0.10526502416750105, "b": -0.029367727176592653}