{"w": 0.16259016172503535, "b": 0.0048551817888208}