{"w1": 0.7479380742728374, "w2": -2.5767041950299006, "b": -0.06402841560871118}