{"w": -0.45748043370026237, "b": -0.008202114386507035}