{"cc": -0.06942513477987339, "alpha": 4.6890354636942564e-17, "beta": -0.06942513477987339, "mx": -1.40165656858926e-16, "my": 5.662137425588298e-17, "sx": 0.9999999999999999, "sy": 0.9999999999999998}