{"w": 0.040807749847956966, "b": 0.2182871274267998}