{"w": -0.08320404033585084, "b": -0.033982282884779086}