{"w": -0.4814124931333268, "b": -0.027226393368282763}