{"w": 0.664952778021737, "b": -0.009675698316006098}