{"w": 0.6767597377848827, "b": 0.002085076495798867}