{"w": -0.033411371073065944, "b": -6.949632249112628e-17}