{"w": -0.4522734193900081, "b": -0.0025286578026287396}