{"w": -0.36295233332131127, "b": 0.06701080319549158}