{"w1": -0.38731537105533975, "w2": 2.1659638881673287, "b": 0.029737464913879838}