{"w1": -0.1271387394636929, "w2": 0.6855871959587706, "b": -0.011701805984011382}