{"w": -0.29947062335910596, "b": -0.0007670761780235943}