{"w": 0.3343379305523585, "b": 0.01454454524833404}