{"w": 0.3357030742251857, "b": 0.0399230107919113}