{"w": -0.8045267501080041, "b": -1.3079386685110005e-16}