{"w": -0.5821450703881568, "b": 0.13522954502902557}