{"w": -0.10570776459887277, "b": 0.008349722032803042}