{"w1": -1.0459223039112826, "w2": 0.39943572917828646, "b": -0.0078698188161292}