{"cc": -0.10727428815141192, "alpha": 1.664108827990218e-17, "beta": -0.10727428815141193, "mx": -9.325873406851315e-17, "my": 2.6645352591003756e-17, "sx": 0.9999999999999999, "sy": 1.0}