{"w": 0.8237320778988256, "b": -0.017738882340030147}