{"w1": -0.08744193005630474, "w2": 0.2515242455849032, "b": -0.0055883212450925646}