{"w": -0.15222409172170975, "b": -3.1880060681845756e-17}