{"w": -0.1520720197020077, "b": -3.188580103300669e-17}