{"w": 0.6756692529009337, "b": 0.0064205906926390055}