{"cc": -0.4002347718143805, "alpha": 1.1291165317295973e-18, "beta": -0.4002347718143806, "mx": -3.7747582837255325e-17, "my": 1.6237011735142913e-17, "sx": 0.9999999999999998, "sy": 1.0}