{"w": -0.5431834963471136, "b": -2.0312090776479114e-17}