{"w": 0.7300877473062211, "b": -0.04833740214768323}