{"w": -0.4990882103189976, "b": -2.918872499091603e-17}