{"w1": -1.7006466997602843, "w2": 0.5207910091467071, "b": -0.0875022358808634}