{"w": 0.27228221642455674, "b": 1.3721481315244367e-16}