{"w": 0.9757138934132877, "b": -4.282610632587889e-17}