{"w": 0.01830053730227267, "b": 0.13589453886356126}