{"w1": 3.184378696095878, "w2": -0.8827329004677077, "b": 0.5930238237165689}