{"w": 0.010017432863954378, "b": 0.001708981768954387}