{"w": 0.34667967503806507, "b": 0.021999807576089256}