{"w": 0.8243450521194954, "b": 0.003517264107217963}