{"cc": 0.004275806224301765, "alpha": -9.237577374396884e-17, "beta": 0.004275806224301764, "mx": -2.0650148258027913e-16, "my": -9.325873406851315e-17, "sx": 1.0, "sy": 0.9999999999999998}