{"w": 0.0042334715092096605, "b": -9.238451592539998e-17}