{"w1": -0.45963081743126855, "w2": 0.3011031354244094, "b": 2.5691741131713147e-17}