{"w1": 0.0062880632633666314, "w2": -0.6556835041355941, "b": 6.0717587892339e-17}