{"cc": -0.24400615642791124, "alpha": -3.117351183903066e-17, "beta": -0.24400615642791124, "mx": 2.5188184871183237e-16, "my": -9.26342336171615e-17, "sx": 1.0000000000000002, "sy": 1.0000000000000002}