{"w": -0.16939475763173792, "b": 0.141260351580552}