{"w": -0.24376239403387748, "b": -3.12349111614863e-17}