{"w": 0.22567394092520973, "b": -0.022750984615868563}