{"w1": -0.5367573982482382, "w2": 0.12439086325734368, "b": 2.5269828058411168e-17}