{"w1": -0.7646380763576344, "w2": 0.14794980503549468, "b": 0.05250683625941323}