{"w1": -0.8487990534954083, "w2": 0.155603348945668, "b": 0.06248061956747658}