{"w": 0.6246061287146829, "b": 0.011923627405194362}