{"w1": 1.3602772772146794, "w2": -0.6309461940702089, "b": -0.03168062474167749}