{"w1": 0.6108612588275992, "w2": -0.34742448544722354, "b": 0.010451097856493327}