{"w": 0.7506992023574645, "b": 3.897424644529986e-18}