{"w": 0.41249086372205407, "b": 0.03949978820304541}