{"w": -1.0000000000000009, "b": 2.4702462297909777e-17}