{"w": 0.24976200543363927, "b": -0.08354631198221751}