{"w": -0.20578619871825213, "b": 0.06504184356482591}