{"w": -0.20443528413790413, "b": 0.06661836555227657}