{"cc": 0.4655732688495494, "alpha": -5.3712943914088087e-17, "beta": 0.4655732688495495, "mx": 1.9984014443252817e-17, "my": -4.4408920985006264e-17, "sx": 0.9999999999999998, "sy": 1.0}