{"w": 0.7555441684596674, "b": -0.10321120010851471}