{"w": 0.7331891434221249, "b": 0.018635402850355705}