{"w": -0.31206712544915455, "b": 0.03702871080840349}