{"w": -0.3535485764193577, "b": 0.11502636031203033}