{"w1": 0.20784373445700727, "w2": -2.6411170504969967, "b": 0.26779904057039566}