{"w": -0.20533763844631514, "b": -0.0008857164496667626}