{"w": -0.7225080577763048, "b": 0.006920184908201372}