{"w1": -0.30096607140476256, "w2": 0.7511636236123371, "b": 1.0426156783520319e-16}