{"w": -0.6374862862668579, "b": -0.13396982047421002}