{"w1": -0.8975596515450275, "w2": -0.6722293985924328, "b": 0.03612820958141501}