{"w": 0.41624488083605105, "b": 4.557413345119672e-17}