{"w": 0.438727118521238, "b": -0.009001846943683613}