{"w": -0.32871045903969864, "b": 0.028000031615244003}