{"w": -0.4117568795055606, "b": -9.619959295348182e-17}