{"w": -0.38427747105522453, "b": 0.0006139476328706887}