{"w": -0.15525766104240757, "b": -0.03248276276436526}