{"w": 0.8586677051624926, "b": -0.03834022366954995}