{"w": 0.513885857722296, "b": -2.7585752927561442e-17}