{"w": 0.07352537912551765, "b": 0.0030490681509456885}