{"w": 0.9747901707281421, "b": 3.757965163982841e-17}