{"w": 0.9062343797246297, "b": -0.010922535916471026}