{"w1": -1.4461896253583648, "w2": 0.8761187153736902, "b": -0.12455747822899943}