{"w": -0.1796508339088902, "b": -0.005333225332410523}