{"w": -0.13749679029931977, "b": 0.03819761237781936}