{"w": -0.5390087656059499, "b": -0.01416129529801942}