{"w": 0.9284071449463709, "b": 0.00937657742713658}