{"w": -0.09030900642573089, "b": -0.21949738321754925}