{"w": -0.14937848801474382, "b": -6.354063788819678e-17}