{"w": 0.555037284506003, "b": -0.0029302965116156953}