{"w": 0.1934618551708276, "b": 0.019146755998573264}