{"w": 0.20642193479777618, "b": 1.3417402247131183e-16}