{"cc": 0.11973014155507651, "alpha": -1.6566568211621222e-16, "beta": 0.11973014155507654, "mx": 6.661338147750939e-18, "my": -1.6486811915683576e-16, "sx": 0.9999999999999998, "sy": 1.0}