{"w": 1.000000000000004, "b": -1.9817480989559043e-16}