{"w": 0.257164118756523, "b": -0.07980925588750612}