{"w": 0.2769420391008682, "b": 2.79858814580273e-16}