{"w": 0.27021237952243743, "b": 0.004308689877829373}