{"w1": 0.9776821325569547, "w2": 2.5822311008709193, "b": -0.07697950401522108}