{"w": 0.8248354808922479, "b": -0.023079760155388693}