{"w": 0.4040906431205807, "b": 0.1376127525971095}