{"w": 0.3351929741191803, "b": -0.020532173882438266}