{"w": 0.10476022095961442, "b": 0.0037116099166721156}