{"w": 0.0705286844192909, "b": -0.0028101681660058584}