{"w1": -2.287059669813651, "w2": -0.6834524829024532, "b": -0.07100889049109704}