{"w1": 0.9337451079045387, "w2": -0.6142493759443258, "b": 0.09340099686073018}