{"w1": 1.7496990365061345, "w2": -2.7572315781405794, "b": 0.4848720967303928}