{"w": -0.268598360284541, "b": 0.24596568237441407}