{"w": -0.2916667185092533, "b": 0.22802914352302966}