{"w": -0.12954643043243394, "b": -0.022337253118037144}