{"w": -0.9675162724934105, "b": -0.0013610038710914543}