{"w": -0.16488006233088362, "b": 0.012924293340466984}