{"w": -0.16541563187398284, "b": 0.01252397068324794}