{"w": 0.2818025159081868, "b": -0.02612433432409169}