{"w": 0.25114714327182586, "b": 6.707883387549277e-17}