{"w": 0.24282628428979888, "b": 0.004992312700773549}