{"w": 0.29320329608314566, "b": 1.1349602573687647e-16}