{"w": -0.7729793714614583, "b": 0.024664195324691114}