{"w": 0.2921304515897208, "b": -0.07967506409778088}