{"w": 0.2733146204335459, "b": 1.525402807301342e-17}