{"w": 0.2721563819847385, "b": -0.07533382670028917}