{"w": -0.005081723457748478, "b": 0.40165294107242855}