{"w": 7.011044933959783e-05, "b": 0.39605185148968347}