{"w": -0.09542149639105126, "b": -3.483211845305428e-17}