{"w": -0.1256642755679549, "b": -0.03583999229395406}