{"w": -0.13770862715596305, "b": 6.363565971578528e-17}