{"w": -0.13704415960450905, "b": -0.00023430898699296904}