{"cc": -0.9306694936304647, "alpha": 1.0101590028006633e-17, "beta": -0.9306694936304645, "mx": 1.4432899320127036e-17, "my": -3.3306690738754695e-18, "sx": 1.0, "sy": 0.9999999999999998}