{"w": -0.20223156637192596, "b": -3.491708937736412e-18}