{"w": 0.07802178883651288, "b": -0.011034740906351558}