{"w1": -1.213999158102728, "w2": -0.3241178320416019, "b": 0.0923523097503346}