{"w": 0.8349126922664908, "b": 0.053833654402875686}