{"w": -0.33717679956621394, "b": 0.0676847660887949}