{"cc": 0.691128299542991, "alpha": -1.3037518681090037e-17, "beta": 0.691128299542991, "mx": -1.1657341758564143e-17, "my": -2.1094237467877975e-17, "sx": 0.9999999999999999, "sy": 0.9999999999999999}