{"w": -0.6112040704592796, "b": 1.6858960689959978e-16}