{"cc": 0.9742457509250865, "alpha": 1.969685923338733e-17, "beta": 0.9742457509250865, "mx": -2.1926904736346843e-17, "my": -1.6653345369377347e-18, "sx": 1.0, "sy": 1.0}