{"w": 1.0001093017170044, "b": -0.022245818363867187}