{"w": 0.9732724784466396, "b": 1.9675518380469917e-17}