{"w": 0.7541638637549077, "b": 0.05754007668505646}