{"w": 1.0000000000000002, "b": -2.704086954352648e-16}