{"w": 0.30128616025256644, "b": -0.02040506328223686}