{"w1": 2.4442516798890166, "w2": 0.8291596045635063, "b": 0.03020224635639497}