{"w": -0.10180328287837345, "b": -2.866550347243022e-17}