{"w": 0.5337995090692468, "b": -0.06433026832993854}