{"w": -0.4008169006579457, "b": 0.43292799581466873}