{"w": -0.6741135203805014, "b": -0.0020924356316819734}