{"w1": 0.20155280973725423, "w2": -0.5244718638660433, "b": -4.0417910776679025e-17}