{"w1": 0.5066962371013525, "w2": -0.8934943328454134, "b": -0.12014612014128119}