{"w1": 0.1137360710397921, "w2": 0.3796018929662496, "b": -3.5420442835637386e-18}