{"w": -0.025205067496444244, "b": -0.3695374337939489}