{"w": -0.2929343275259069, "b": 1.3568254317222506e-16}