{"w": -1.0000000000000036, "b": 1.2351231148954827e-17}