{"w": -0.045141011356120066, "b": -0.010842562350945537}