{"w": -0.4162830001626409, "b": 0.11202818443561256}