{"w": -0.04844081877727442, "b": 0.0523190949244496}