{"cc": 0.2541123031908461, "alpha": 1.9484634053914277e-17, "beta": 0.2541123031908461, "mx": -8.104628079763643e-17, "my": -1.1102230246251566e-18, "sx": 0.9999999999999999, "sy": 0.9999999999999998}