{"w": 0.10099048592471892, "b": -8.33316692168322e-17}