{"w": 0.09166587139650512, "b": 0.00012015054095366063}