{"w": 0.2886524087379858, "b": 0.0017047425172818256}