{"w": 0.7349699918469766, "b": 7.255274150182984e-17}