{"w": -0.09374458237022039, "b": 0.021624303578842565}