{"w": 0.7090081378441269, "b": 0.03448724166901197}