{"w": 0.7778685414611259, "b": -0.002784162522824032}