{"w": -0.09415088652804958, "b": -0.04380259455859414}