{"w1": 0.4739191419364306, "w2": -0.7094650234685946, "b": -0.008747791204569786}