{"w": -0.8556660759812315, "b": 0.021994962796636854}