{"cc": -0.1027982260874837, "alpha": -4.950352027816026e-17, "beta": -0.1027982260874837, "mx": 4.440892098500626e-18, "my": -4.9960036108132046e-17, "sx": 1.0, "sy": 1.0}