{"w": -0.04381669373692631, "b": 0.07668875874933583}