{"w": -0.6857415406044175, "b": 0.031235693580567693}