{"w": -0.6891636882935007, "b": -0.0010958043599271494}