{"cc": -0.19986807451598415, "alpha": -1.0792744586429478e-16, "beta": -0.19986807451598423, "mx": 1.0436096431476471e-16, "my": -1.2878587085651815e-16, "sx": 0.9999999999999999, "sy": 1.0000000000000002}