{"w": 1.0000000000000042, "b": -1.0214051826551462e-16}