{"w": 0.09244279036368352, "b": -5.780651821219126e-17}