{"w": 0.9039084217126496, "b": 0.0005665422822524347}