{"w": 0.9012727213166654, "b": 0.018358434991455563}