{"w": -0.013653640513957696, "b": 1.4958844894747273e-16}