{"w": -0.01036437352435741, "b": -0.003590220904774059}