{"w1": 0.174620840479006, "w2": -0.6547821400059924, "b": 0.0013651342836774228}