{"w": 0.06936324243820342, "b": -0.005217092806712675}