{"w": 0.6398415321003375, "b": -0.0034906341988581516}