{"w1": -0.15455149965780607, "w2": 0.826666955717101, "b": -9.403485272030648e-17}