{"w": -0.2317425186684157, "b": 3.8961558762335405e-17}