{"w1": -0.05596234451314882, "w2": -0.7384641544155581, "b": -0.01513100047528007}