{"w": -0.5019980344834906, "b": 2.0096174959790342e-16}