{"w": -0.5084215551952954, "b": 0.11301059157975823}