{"w": -0.25274903256418474, "b": 0.08407217505062098}