{"w1": -1.9358044260079437, "w2": -0.7202066636279738, "b": 0.012562476733332523}