{"w1": 1.4344948118524408, "w2": -0.1353520573209809, "b": 0.07796081851417803}