{"w1": 0.4534126121330706, "w2": -0.06516821333331824, "b": -0.0018421931152773387}