{"w": 0.24925167121147163, "b": -0.006759570000665107}