{"w": -0.6928794550843869, "b": -6.232940119281942e-17}