{"w": -0.05232979463333281, "b": -0.12427977410016658}