{"w1": -0.07324038269185608, "w2": 0.52131070401085, "b": -7.529876032505207e-18}