{"w1": -0.06768084708050148, "w2": 1.605312906253274, "b": -0.00612893858350036}