{"w": 0.24455106457800574, "b": 0.0087668996182172}