{"w": 0.5635035024015939, "b": 8.333883006473022e-17}