{"w1": 0.7843968482835422, "w2": 0.0037177513387361073, "b": 4.113245486983502e-17}