{"w1": -0.2043402907470469, "w2": 0.611283360905176, "b": -2.745507848840466e-18}