{"w": 0.1255275258797089, "b": 0.05618541353875735}