{"w": -0.0645275582751229, "b": -0.005967342461692639}