{"w": -0.06038633258378356, "b": -0.07857305790444423}