{"w": 0.2444254374093956, "b": 1.786944957184131e-16}