{"w": -0.5900722285439441, "b": 0.07158792993287168}