{"w": 0.9742169927678475, "b": 0.02349308788578869}