{"w": 0.9461017905291358, "b": 0.009181312943803517}