{"w": 0.9454804362816872, "b": -0.007655556036201203}