{"w1": 0.23320379105733033, "w2": 2.03838289537753, "b": 0.04819402916502491}