{"w": 0.01936135218254049, "b": 0.024447523052633403}