{"w": -0.013405814981704612, "b": -0.14702670500389695}