{"w": -0.9999999999999997, "b": -1.4377388168895776e-16}