{"w": -0.4960402174165251, "b": -0.1151267409244734}