{"w": 0.49688750511181323, "b": 0.04050421303444357}