{"w": -1.0000000000001144, "b": -1.0991207943789392e-16}