{"w": 0.9694945388015841, "b": 0.005982553488570799}