{"w1": -0.5421623904938236, "w2": -0.4445966898917591, "b": -2.591725306354582e-16}