{"w1": -1.3929523459088753, "w2": -0.9416295738597074, "b": -0.03771609692369515}