{"w1": 0.41075612721715143, "w2": 4.140096287431202, "b": 0.5068011626859072}