{"w": -0.2649465363795043, "b": 0.05310681308449157}