{"w1": -0.31542079136177154, "w2": 1.0219660157088073, "b": 0.01406888556232181}