{"w1": -0.8291758128448058, "w2": -1.2671718131254526, "b": -0.04791261976199958}