{"w1": -0.6135787834248506, "w2": -0.7183118556846844, "b": -0.0038953352060450185}