{"w": -0.0023224330819060306, "b": 5.765424472008764e-17}