{"w": -0.008396248377337276, "b": -0.020369157112205254}