{"w1": 0.23370019107587506, "w2": -0.38297673695568424, "b": -2.1664216624305923e-17}