{"w": -0.13302976997229898, "b": 0.029684727386311623}