{"w": 0.9999999999999999, "b": -3.9745984281580605e-16}