{"w": 0.3247525006042039, "b": 0.007438199507945609}