{"w": 0.19057319893007252, "b": -0.18549105867296778}