{"w": 0.2585594120266976, "b": 5.39834590292779e-18}