{"w1": 0.672325975447215, "w2": -1.3912893463679272, "b": -0.03313676413918181}