{"w": 0.7267900896867093, "b": -5.065502120900539e-17}