{"w": -0.876003887959335, "b": 0.04003615289002527}