{"w": 0.9839525905338513, "b": -0.006495009434966276}