{"w": -0.0066789392968715266, "b": -5.575128685086331e-16}