{"cc": 0.13075755651750276, "alpha": 8.035794111255788e-17, "beta": 0.13075755651750276, "mx": -7.327471962526034e-17, "my": 7.077671781985372e-17, "sx": 1.0, "sy": 1.0}