{"w": 0.07383292912977464, "b": 0.06669614223243525}