{"w": 0.12946292724505226, "b": 8.02630775156004e-17}