{"cc": 0.6873292735984828, "alpha": 1.4010879354436332e-17, "beta": 0.687329273598483, "mx": -3.3306690738754695e-17, "my": -8.881784197001253e-18, "sx": 0.9999999999999998, "sy": 1.0}