{"w": 0.5201550922452266, "b": 0.06095387475377244}