{"w": 0.5207663217802689, "b": 0.06090995650638111}