{"w": 0.5166388243741853, "b": 0.05217201426748433}