{"w": 0.40250325216195815, "b": -4.6626340015518785e-17}