{"cc": 0.1453019277474048, "alpha": 4.337823214055166e-17, "beta": 0.14530192774740483, "mx": 1.9047263766225341e-16, "my": 7.105427357601002e-17, "sx": 0.9999999999999998, "sy": 1.0}