{"w": 0.6813836887448746, "b": 0.037982735445698704}