{"w": 0.41869123655675083, "b": -0.044331691905238786}