{"w": -0.18883509109946295, "b": -9.723178903788733e-17}