{"w": 0.0552241565730863, "b": 0.06220714580447309}