{"w1": -0.2518657611369682, "w2": -0.35738220184653946, "b": -0.006264851322288011}