{"w": 0.13735050092707743, "b": -0.002670721229691685}