{"w1": 0.11045970357771998, "w2": 1.1056206993942848, "b": 0.03308948633335462}