{"w": -0.3450890715004911, "b": 2.1534960454661452e-19}