{"w": -0.017833857237497475, "b": -0.04767215446004714}