{"w": -0.6643175549645403, "b": 0.11246477629809865}