{"w": 0.1394927619759802, "b": 0.06416663265448103}