{"w": 0.0863395139693065, "b": 0.05749349475281518}