{"w": 0.27630553852487794, "b": -2.5746487508923672e-17}