{"w": -0.04663726009637237, "b": 0.19418080508042634}