{"w": 0.237750417456379, "b": -3.4406160803000265e-17}