{"w": 0.2667675659039943, "b": -0.003925132903064149}