{"w": -0.4696407436320231, "b": 1.4520973612177073e-17}