{"w": -0.46410905324267665, "b": 0.007302398080655848}