{"w": 0.9984943752536906, "b": -0.01350420672302368}