{"w": -0.038590190509749635, "b": 0.23604926892496988}