{"w1": -0.21685748319167772, "w2": -0.7215257326125722, "b": 3.068083045673012e-17}