{"w1": -1.9460612149043721, "w2": -3.958935252121782, "b": -0.44632258431698274}