{"w": -0.10431192461715162, "b": 3.0401420457109194e-17}