{"w": 0.5170154900764364, "b": 0.12241923308740396}