{"w1": 0.541327188781404, "w2": -1.2042234737845157, "b": -0.14864608315226338}