{"w1": 0.48377397156359764, "w2": -0.5844982338646603, "b": -0.041750492119033616}