{"w": 0.1262601083359489, "b": 0.012742738410079292}