{"w": 0.13306858162178015, "b": 0.02589163010294493}