{"w": 0.1537808614180639, "b": -0.002454941569753885}