{"w1": 0.5177795878517074, "w2": -0.5738440019837934, "b": 7.631956342397613e-17}