{"w1": 0.6109303801787281, "w2": -0.6920764049784546, "b": 0.018797089688469135}