{"w": -0.22692700230958945, "b": -1.9197626250818364e-16}