{"w": -0.1743313304334624, "b": -0.24271838097106851}