{"w": -0.23572032406880744, "b": 2.2736260841726677e-17}