{"w": -0.11600479029618957, "b": -5.1127206259836925e-18}