{"w": 0.9999999999999993, "b": 6.550315845288423e-17}