{"cc": 0.7212999084425857, "alpha": -4.34077204383112e-17, "beta": 0.7212999084425856, "mx": 1.5543122344752193e-17, "my": -3.219646771412954e-17, "sx": 1.0, "sy": 0.9999999999999998}