{"w": -0.2703952731650369, "b": 0.026179712347962018}