{"w1": 0.6312928232826547, "w2": 0.13497104405787327, "b": -0.002498003368494435}