{"w1": -0.848598667425561, "w2": 0.017383319492624543, "b": 1.0311009801844164e-16}