{"w1": -0.9826741858997629, "w2": -0.063759394240191, "b": 1.2647943647651006e-16}