{"w": 0.8018291388079967, "b": 0.0009116279325223945}