{"cc": 0.02778334037094355, "alpha": 1.0577519786351139e-16, "beta": 0.027783340370943543, "mx": 7.882583474838611e-16, "my": 1.27675647831893e-16, "sx": 1.0, "sy": 0.9999999999999998}