{"w": 0.08788192298510834, "b": 0.12712839981605284}