{"w": 0.02303510754117863, "b": -0.006343980233178937}