{"w": -0.5000277237773161, "b": -0.061371949450873764}