{"w": 0.135955852251769, "b": 0.017723592591950943}