{"w1": 1.6279988764548898, "w2": 0.5258525628917543, "b": -0.2857918311962113}