{"w": 0.01296945136758359, "b": -0.01276605413599749}