{"w": 0.1443734603171537, "b": -0.12314805891391578}