{"w": 0.16738763699366377, "b": -0.11980127293745202}