{"w1": 36.37388413549817, "w2": 9.56424435951206, "b": -0.8418865451879886}