{"w": -0.18841426906603542, "b": 0.00017984464377805492}