{"w": 0.17943986081965455, "b": -0.012562711833514916}