{"w": 0.33685718754890964, "b": -0.13038346988651214}