{"w": 0.008813544375728016, "b": -0.15897164981173198}