{"w1": 0.5462214189697585, "w2": 0.3052536506492987, "b": 6.094666810001131e-17}