{"w1": 1.6123542150584003, "w2": 0.4401154062175679, "b": -0.22817646458175106}