{"w": 0.2686151323882043, "b": 0.0041511941636102195}