{"w": -0.7251270713618703, "b": -0.02607794626313198}