{"w": -0.7763380310514589, "b": -1.2845832578911088e-16}