{"w": -0.32865343116668827, "b": -0.012615693471505257}