{"w": -0.42327638006842233, "b": 0.015321592567623112}