{"w": -0.3970616387488319, "b": -0.0018150011617053124}