{"w1": 0.789661806822262, "w2": 0.17012640113274452, "b": 0.06893561628458236}