{"w1": -3.391297061923482, "w2": 0.3672290588692344, "b": 0.9154693580282709}