{"w": 0.5834804577748509, "b": 1.1102230246251566e-17}