{"w1": -0.1546763782245599, "w2": 0.7046581470269403, "b": 6.750886523195658e-17}