{"w": 0.5035361948170258, "b": -0.08504801610605926}