{"w": 0.9167575455249056, "b": -0.02702421914839572}