{"w1": 0.14674428896557953, "w2": 0.406254879046313, "b": 4.835350876158819e-18}