{"w1": 0.15926171630219219, "w2": 2.215015943782528, "b": 0.15731443908503928}