{"cc": -0.4649952096426855, "alpha": -3.075312860654815e-16, "beta": -0.46499520964268537, "mx": -5.372091660404976e-16, "my": -5.773159728050814e-17, "sx": 1.0, "sy": 0.9999999999999998}