{"w": -0.4486840519522218, "b": 0.00025303228159911895}