{"w": 0.4425780714869575, "b": 5.292380772097653e-17}