{"w": 0.3230963195619333, "b": -0.0471746930444419}