{"w": 0.4726310695927294, "b": -0.058348375812544206}