{"w": -0.7418434462183501, "b": -4.688113421273846e-18}