{"w": -0.7411023438744756, "b": -4.6601385991575625e-18}