{"w": 0.2922583996383229, "b": 0.01603862662364961}