{"w": 0.48279102833762494, "b": -8.690726231304346e-18}