{"w": 0.9315133420502911, "b": 0.0035073375614601554}