{"w": -0.2696422059198028, "b": -0.06112272718556078}