{"w1": -1.1927126506953762, "w2": -1.9827102544377153, "b": 0.9379505221820008}