{"w": 0.3654900243263317, "b": 1.0082558199851594e-17}