{"w": 0.2707469678167933, "b": 6.998321435518785e-17}