{"w": 0.27715623554899, "b": -0.1591994847446219}