{"w": -0.09687691151508872, "b": -0.08139557732411576}