{"w": -0.04507157023312847, "b": 0.0039051810495502395}