{"w": -0.2985238183333621, "b": -0.0021060968011938842}