{"w": 0.7329896335584836, "b": -0.0029633544298759106}