{"w": -0.3941141261122406, "b": 0.11825272724915992}