{"w": 0.14763647312238856, "b": -0.006619328642999451}