{"w1": -0.36148008302420825, "w2": -0.5358434643402258, "b": 9.922647344391696e-17}