{"w1": -1.5513533309512226, "w2": -2.662430832901514, "b": 0.5100687348368922}