{"w1": 0.5223152070842226, "w2": 0.3592162941762901, "b": 0.006905104480397439}