{"w": -0.40805993002093033, "b": -1.2960527348484493e-17}