{"w": -0.3843537797806511, "b": 0.05835454101861398}