{"w": 0.7836301073444218, "b": -1.9157552006785044e-16}