{"w": 0.9698125515762939, "b": -2.5908026984520733e-17}