{"w1": 0.401740156107467, "w2": 0.5733827193749965, "b": -5.961224370416308e-17}