{"w": 0.4460133827896419, "b": 5.251429195882961e-18}