{"w": 0.8055363716641378, "b": 0.049345875026909986}