{"w": -0.5530998509727975, "b": -0.06339771188576915}