{"w": 0.47541680961899224, "b": 0.05596116576147537}