{"w": 0.48715382371284366, "b": 0.05465292904100711}