{"w": -0.3143961821344393, "b": 5.926318994990448e-16}