{"w": -0.3167931677615136, "b": -0.016827000812515484}