{"w": 0.06307688071208334, "b": -0.005050297313294021}