{"w1": -0.8240241343229384, "w2": 0.18021488044488468, "b": -2.505906886071162e-17}