{"w1": -0.20975092186178615, "w2": 0.7255617970057143, "b": -0.018478379012478653}