{"w": -0.08251191309949982, "b": 0.07568900315524096}