{"w": 0.884243292504939, "b": -0.008868530027277749}