{"w": 0.07705428087619276, "b": 0.09376767121186609}