{"w": -0.18630429337919902, "b": -2.0391539877879362e-17}