{"w": 0.44326434003855436, "b": 0.002580408173346752}