{"w": 0.3413157569018604, "b": -0.12270282365044465}