{"w1": 0.9753208508052835, "w2": -0.3594343195801655, "b": 0.19690858167504094}