{"w1": 0.6617042106052389, "w2": 0.004507683409775385, "b": -2.3458410664278663e-17}