{"w1": 0.8725600449231093, "w2": -1.3382543860320175, "b": 0.011517991357040534}