{"w1": 0.3451364539095312, "w2": -0.5988598280303196, "b": -0.0017214936042072512}