{"w": 0.7325017716864544, "b": 6.022132945527578e-17}