{"w1": -0.1668400609172487, "w2": -1.2256987913862443, "b": 0.09580179443016153}