{"w1": -0.17350202564301578, "w2": -0.7632598473706528, "b": 0.015539642373982282}