{"w1": 0.4990273137493659, "w2": 0.5353184183810463, "b": 0.028547739022701777}