{"w": -0.5601276571559533, "b": -7.843239048772814e-17}