{"w1": 2.041606943365082, "w2": -0.5201866963612679, "b": -0.7214233810426922}