{"w1": 0.6107733392174431, "w2": -0.3622811309141028, "b": -4.8580383810876776e-17}