{"w": -0.573046020497108, "b": -1.0015930821079994e-17}