{"w": -0.38086340266212004, "b": 1.0060680704150115e-18}