{"w1": -0.7481009532776123, "w2": -0.8967699689039956, "b": -0.006317035938660523}