{"w": 0.900195615816876, "b": -6.928356334339056e-17}