{"w1": -0.597247072401812, "w2": 2.955190626325577, "b": 0.05152093840552443}