{"w1": -0.344232346661012, "w2": 1.0260866898267624, "b": 0.008091013999184977}