{"w": -0.2391076253546865, "b": -5.937274588719773e-17}