{"w": -0.16054993846894045, "b": -0.2402623504251496}