{"w1": -1.3951515782121455, "w2": 1.4165785757420661, "b": -0.013598876996639626}