{"w": 0.999999999999969, "b": 2.2204460492502993e-17}