{"w1": -0.38420419273385187, "w2": -0.590357923832536, "b": -1.8952220191043343e-16}