{"w": -0.16488648648539017, "b": -0.032555589028148646}