{"w1": 0.5923638970379574, "w2": 0.2928685351772245, "b": 2.7547981017183175e-17}