{"w1": -0.06771927123752773, "w2": 0.36957439673588116, "b": 1.4390863656288388e-06}