{"w": -0.2891667585879692, "b": -1.2396934330014432e-16}