{"w1": 1.164621779120236, "w2": 1.788131139289721, "b": 0.13350815846258915}