{"w1": 0.9431158066629106, "w2": 0.048631257746286294, "b": 0.02244907495800935}