{"w1": 0.38624581582888523, "w2": 2.6539791261685375, "b": 0.004217770307827672}