{"w1": 0.17262112988405653, "w2": 0.5357527071873812, "b": -8.082048313193432e-17}