{"w": -0.18917110954380204, "b": -7.513300580858685e-17}