{"w": -0.17147466321962268, "b": 0.09027367710413814}