{"w": -0.8880317575964981, "b": -0.017481429338006522}