{"w": 0.444834006838241, "b": -0.004417943487292882}