{"w": 0.3605660023290349, "b": 0.005860609726885108}