{"w": -0.18127365104336263, "b": -1.1088754884778977e-16}