{"w1": 0.03037400280817794, "w2": -0.5835114053286546, "b": -0.018232082890133894}