{"w": -0.38318892846481817, "b": -1.0594453483065678e-17}