{"w": -0.3644305804532352, "b": -0.0046046202323184425}