{"w": 0.5299755541456722, "b": -0.07209688629409523}