{"w": -0.43385680208276634, "b": 2.229432443517807e-16}