{"w": -0.4131078896262878, "b": 0.0778184552191095}