{"w": -0.9326461607530708, "b": -0.006835292393124936}