{"w": -0.8593857457888361, "b": 4.9448566731976714e-18}