{"w": 0.2878120664779633, "b": 0.027275397372916642}