{"w": 0.3308611107525504, "b": 0.15617800439784613}