{"w": -0.10486186655829396, "b": 0.023547279830123287}