{"w1": 0.23363401865871383, "w2": 0.6804876768655699, "b": 1.7749049432546824e-17}