{"w": 0.6951477635376302, "b": -0.10071526679575038}