{"w1": 0.1812914302993592, "w2": -0.5979946129550125, "b": -2.839335538510358e-17}