{"w": -0.3912442865018238, "b": 0.004979201513247869}