{"w1": 51.90546528105957, "w2": 32.68229743582633, "b": 23.79100637532914}