{"w1": 3.8913594489520156, "w2": 2.3057718665989726, "b": 1.7789506676654103}