{"w": -0.6080793715267292, "b": 3.659782136921397e-17}