{"w": 0.435058189122382, "b": -3.5523213154423414e-16}