{"w": 0.43560974689631393, "b": 0.002610225951960081}