{"w": 0.4340772895720136, "b": 0.0024006016362795608}