{"w1": 8.241288490704633, "w2": -0.5725661885024552, "b": -2.7982634672333555}