{"w": 0.42690556983583333, "b": 0.12093642446781235}