{"w": 0.43184293769103993, "b": 0.11720982207204039}