{"w": 0.6410175317345973, "b": -0.0009611205208759355}