{"w": -0.6548712795194217, "b": 0.04167684849566418}