{"w1": -1.8402565905284727, "w2": -0.06957893613649889, "b": 0.17586863122942348}