{"w": 0.533759177679089, "b": 0.008553943139513326}