{"w1": 0.6309753521642656, "w2": -0.9629018795483362, "b": 0.08910377154119835}