{"w": 0.14541249865497421, "b": 0.21352158160702078}