{"w1": -2.1134353253560416, "w2": -2.1485771525952715, "b": -0.3163849393914974}