{"w": 0.7760849002298659, "b": 0.012469174979187963}