{"w": 0.5122911061070922, "b": 5.99924424175963e-17}