{"w1": -0.0498952711026281, "w2": -0.7503523868709779, "b": -0.010402379276905405}