{"w1": -0.023591167816890787, "w2": -0.6771201418171442, "b": -0.0038034820309365454}