{"w1": 0.13074164700423802, "w2": -1.9899505763724412, "b": -0.0654954000976088}