{"w1": -0.03056432421764518, "w2": 0.43414348250279533, "b": -2.358719585934171e-18}