{"w": -0.42610211029996375, "b": -0.04213920081036508}