{"w": -0.2697580342614184, "b": 0.03610551665316941}