{"w1": -1.4278346745098698, "w2": -1.6318182338195746, "b": -0.7223799647241779}