{"w": -0.5254236285410859, "b": -0.009692961694275876}