{"w1": 0.9550130783734505, "w2": 0.33187300980016043, "b": 0.009676152960601035}