{"w": -0.3936752687258585, "b": -1.9284346878097912e-16}