{"w1": 0.21457578999219154, "w2": 0.5592709163369884, "b": -9.097039500056602e-18}