{"w1": -0.5489860158345561, "w2": -0.23096888919423023, "b": -4.306544668245032e-17}