{"w": 0.05956094559155964, "b": -0.029065878815832537}