{"w": -0.22520845975948864, "b": -0.0072855878896760234}