{"w": -0.5574454735148815, "b": 0.010302505777211323}