{"w1": 0.5528502382921859, "w2": 0.451677548343186, "b": -0.06785485553716167}