{"w": 0.36102291689205457, "b": 0.05766826849236478}