{"w1": 0.2363258145385584, "w2": -0.5207970183201486, "b": -3.1361361945228214e-17}