{"w": 0.5766555544693175, "b": 0.025225401523041133}