{"w": 0.37493109108785094, "b": -0.11839545510363873}