{"w": 0.40380146777323295, "b": 1.2586951009246633e-16}