{"w": 0.25538629584167116, "b": -0.15618908961850994}