{"w": 0.8921079907603287, "b": 0.03479997180223744}