{"w": 0.944365229521899, "b": -0.013578479678148892}