{"w": 0.2088605459342559, "b": 9.155809280959248e-18}