{"w": -0.17502422369285234, "b": 0.018766872751576732}