{"w": 0.5395925277371167, "b": -0.002596843400250605}