{"w": 0.8552513237241545, "b": 0.009955385290354866}