{"cc": 0.3839626595495147, "alpha": -4.617323119604715e-17, "beta": 0.3839626595495148, "mx": -4.440892098500626e-18, "my": -4.787836793695988e-17, "sx": 0.9999999999999998, "sy": 1.0}