{"w": 0.0738883239204895, "b": -0.06647211393663963}