{"w": -0.20851851122809192, "b": 0.0006993403129263824}