{"w": 0.31512804745240697, "b": -0.08602863726434763}