{"w": 0.2562533198154637, "b": 0.0014066317537390436}