{"w": -0.3475102692323851, "b": 0.012655418591868466}