{"w": 0.2739114453395351, "b": 3.993964863732649e-17}