{"w1": -1.591539239446281, "w2": -1.7114533804375645, "b": -0.06668381730439785}