{"w1": 0.17049441854622926, "w2": -0.8906918102854167, "b": -6.246168657454019e-17}