{"w1": -1.067713215857302, "w2": -0.2263009093115885, "b": -0.0005687849457189573}