{"w": -0.6570470775349576, "b": 5.904437407857122e-17}