{"w": -0.6319503412028645, "b": 0.006520601486639357}