{"cc": 0.10850907081076067, "alpha": -3.1042480902013516e-17, "beta": 0.10850907081076068, "mx": 4.052314039881821e-17, "my": -2.6645352591003756e-17, "sx": 0.9999999999999999, "sy": 1.0}