{"w": 0.12996473268943504, "b": -0.023920413916846957}