{"w": -0.1358875042999557, "b": 0.005597395958698415}