{"w": 0.17966640690760322, "b": -0.1313697435590045}