{"w": 0.18896516710114228, "b": -0.14651352534427084}