{"w1": -1.2200113839445696, "w2": 0.13953492993001848, "b": -0.05947663408129242}