{"w1": -2.7668456231521867, "w2": -0.2586188362171479, "b": 0.32282365699253507}