{"w1": -0.9319701248853125, "w2": 0.7730301871008991, "b": 0.03432895939933088}