{"w": -0.2863228985874223, "b": -0.06020137106453249}