{"w": -0.2835314727051007, "b": -0.0811311358306761}