{"w": -0.2313628149100346, "b": 0.014412269231945139}