{"w": -0.3808715038683413, "b": 0.016657571816638225}