{"cc": 0.9199577347026221, "alpha": 8.152084953287117e-17, "beta": 0.9199577347026219, "mx": -6.689093723366569e-17, "my": 1.9984014443252817e-17, "sx": 1.0, "sy": 0.9999999999999998}