{"w": 0.7708240853131881, "b": -0.10744184721898864}