{"w": -0.7635121466077434, "b": 9.932001236522298e-18}