{"w": -0.5553529890183507, "b": 0.019626867293624277}