{"w": -0.36946993294377306, "b": -0.0023234270244007495}