{"w": -0.005863052886543244, "b": -0.07424664923731268}