{"w": 0.0016649829846709487, "b": -0.07826123050988748}