{"w": -0.7313946258243577, "b": 0.004491744935045349}