{"w": 0.12211859239032781, "b": -0.05726046114549942}