{"w": -0.19644886151580784, "b": 5.2083179749895996e-17}