{"w": -0.3657829271142394, "b": -2.7352694621731676e-17}