{"w": -0.3328624636739577, "b": -2.888775499442639e-17}