{"w": -0.3969123020740066, "b": 5.684474409669373e-17}