{"w1": -0.42618574276343907, "w2": -0.5571002756105125, "b": -2.283526082770415e-16}