{"w": -0.2972979449236992, "b": -1.5198002695605622e-17}