{"w": 0.1660945301851867, "b": -0.002616107525947571}