{"w": -0.9999999999999993, "b": 2.009503674571532e-16}