{"w": 0.6207357168647195, "b": -0.008780963160088926}