{"w1": 0.16466137536604752, "w2": -0.665031550715074, "b": -0.03207997300366077}