{"w1": 0.16393592588986877, "w2": -0.6699470078895454, "b": -0.03259171322628587}