{"w": -0.4795167230675821, "b": 1.678979140339821e-17}