{"w": -0.45170145931219463, "b": 0.04959001783955981}