{"w1": 5.110795568819667, "w2": -3.2827455003701327, "b": -0.402168263963204}