{"w": 0.7954591000737251, "b": 2.1876546242914048e-17}