{"w1": 0.1869779756730466, "w2": 0.6650318855680108, "b": 6.901915236233893e-18}