{"w": -0.2998454328319001, "b": 0.11006839948791255}