{"w1": 0.22995616050897993, "w2": -1.1991770369730022, "b": 0.06869297684897759}