{"w1": -3.047846646899129, "w2": -1.9297453976205192, "b": 0.4081886877377585}