{"w1": -0.5905347485116065, "w2": -0.3052143197490354, "b": 8.471399130767094e-20}