{"w1": -0.27615854430055553, "w2": -0.6401961618665237, "b": 9.503249466966263e-17}