{"w": 0.5177621504660851, "b": 0.046753875433538386}