{"w": 0.10065225369951271, "b": 0.018317622918216543}