{"w": 0.791231588918676, "b": -4.77529103034018e-16}