{"w": 0.7627775591785195, "b": 0.029692432509621804}