{"w": 0.8654192210550052, "b": -0.010417583492030875}