{"w": -0.035698791262780534, "b": -0.3751881143671128}