{"w": 0.2680290613691229, "b": -2.8848782318122005e-17}