{"w": 0.22298305905180482, "b": -0.03766329534267396}