{"w": 0.06752068684378125, "b": -0.16808997626702687}