{"w1": -0.537093385225923, "w2": -1.1077821081403847, "b": -0.011660987863562611}