{"w1": -0.5921467538376065, "w2": -1.0926446008331425, "b": 0.014344712833845273}