{"w": 0.05519808912104484, "b": -0.039332166794042785}