{"w": 0.05511762980963796, "b": -0.03924652653448418}