{"w": -0.3320591994695863, "b": -0.08482361848395152}