{"w": -0.2794206449207987, "b": 2.6554230060958827e-16}