{"w": 0.5743514262533116, "b": -0.01943607903323152}