{"w1": 2.7131210261340826, "w2": 0.5482874558093225, "b": 0.18275517735498542}