{"w": 0.555234775196665, "b": -0.0941834751453764}