{"w": 0.6911047111742742, "b": 0.030344441857824644}