{"w": 0.23935945933676872, "b": 0.06448756985322367}