{"w": -0.4459801950884004, "b": -3.2076519651732307e-17}