{"w": -0.32902344719874627, "b": -0.09177104457497463}