{"w1": 0.2770482067396912, "w2": -0.6442743323194767, "b": 7.857463600007368e-17}