{"w1": 0.27531956044907246, "w2": -0.6387655145411546, "b": 7.791700568779242e-17}