{"w": 0.3025676274852518, "b": 9.9619745851368e-19}