{"w": -0.45524094936870657, "b": -0.0158113612499582}