{"w": 0.0024294750643431232, "b": -0.0200696425259434}