{"w": -0.07235303556195177, "b": 2.2009873639178044e-17}