{"w": -0.07528652387239093, "b": 0.11486146683421027}