{"w": -0.06467239182970068, "b": -0.028725799528352927}