{"w": 0.11098820488489411, "b": -0.026946956199329512}