{"w": -0.6591138148230741, "b": -0.06096587973888252}