{"w": -0.6009032083290381, "b": 0.0017030170716367012}