{"w": -0.08125033108419077, "b": 0.011997797800948473}