{"cc": 0.9125020871909617, "alpha": 3.311240634394022e-17, "beta": 0.9125020871909616, "mx": -2.220446049250313e-18, "my": 3.1086244689504386e-17, "sx": 0.9999999999999999, "sy": 0.9999999999999998}