{"w": -0.4418015324441742, "b": -0.04346374784619402}