{"w1": -1.5361750364009497, "w2": -1.7748618680661086, "b": 0.041643085714739646}