{"w": 0.6804580655032988, "b": 1.4618196256579544e-16}