{"w": 0.7722665449349951, "b": -0.008347417014266188}