{"cc": 0.9080740632851433, "alpha": -1.4009143426764505e-17, "beta": 0.9080740632851433, "mx": 1.9706458687096528e-17, "my": 3.885780586188048e-18, "sx": 0.9999999999999999, "sy": 0.9999999999999999}