{"w": 0.9071668963887548, "b": -1.3991266379798523e-17}