{"w": 0.23217440044550194, "b": 0.019599354389939254}