{"cc": 0.9805878719637622, "alpha": 1.1479570054889102e-16, "beta": 0.9805878719637621, "mx": -1.4876988529977099e-16, "my": -3.1086244689504386e-17, "sx": 1.0, "sy": 0.9999999999999999}