{"w": 1.0000000000000002, "b": 2.411959520998152e-16}