{"w1": 1.542958797365844, "w2": 0.7080237452550174, "b": 0.08036812556013952}