{"cc": -0.2957172078624921, "alpha": 1.7732626352848915e-18, "beta": -0.29571720786249217, "mx": 2.6645352591003756e-17, "my": -6.106226635438361e-18, "sx": 0.9999999999999999, "sy": 1.0}