{"w": -0.26883382532953826, "b": 1.0569454288555025e-18}