{"w": -0.1313208073048089, "b": 0.20317836132826114}