{"w": -0.4377809779211644, "b": 6.16331994726877e-17}