{"w1": -0.28248621069545293, "w2": 0.582213824407379, "b": 7.671413822723983e-18}