{"w": -0.1038317130619124, "b": 0.0003184791928084463}