{"w": 0.30792130062989775, "b": 1.5197955995007095e-17}