{"w": 0.07495644254207985, "b": 1.5898122905073249e-16}