{"w": 0.06904829084222343, "b": -0.011607015240292808}