{"w": -0.27403396407882086, "b": -0.030618449379201447}