{"w": -0.28701976507180077, "b": -0.023862228013268247}