{"w": -0.3650905728987198, "b": 0.011989752017321139}