{"w": -0.382677606092963, "b": -0.006225883016676401}