{"w1": 0.6975134087742539, "w2": -0.5755629677951376, "b": -0.17607909258845333}