{"cc": 0.7947026120252585, "alpha": 3.106271956110466e-16, "beta": 0.7947026120252584, "mx": -4.4408920985006264e-17, "my": 2.753353101070388e-16, "sx": 1.0, "sy": 0.9999999999999999}