{"w": 0.7939087033219365, "b": 3.1059193898217146e-16}