{"w": 0.6486204534929798, "b": 0.021243928988112223}