{"w1": -3.960033128191061, "w2": -5.621059497965308, "b": 1.3589944024223033}