{"w1": -1.5927449180763615, "w2": -1.339841636141672, "b": 0.17124328911835962}