{"w1": 0.15028769197835967, "w2": -0.3622171524833539, "b": -2.5197425224424717e-18}