{"cc": -0.18888911361007826, "alpha": -2.7878953688727234e-18, "beta": -0.18888911361007824, "mx": -8.881784197001253e-18, "my": -1.1102230246251566e-18, "sx": 0.9999999999999999, "sy": 0.9999999999999998}