{"w": 0.09716222382345913, "b": 0.16492380433596296}