{"w": 0.034675774592016144, "b": -4.876164723737083e-16}