{"w": 0.25719500077910123, "b": 7.983412254480311e-17}