{"w": 0.6223628175779743, "b": -0.12932262727348068}