{"w": 0.10958959714882119, "b": -1.0003416215403959e-16}