{"w1": -2.167474886102524, "w2": 1.52151719632359, "b": -0.30598273897936584}