{"w": 0.32751901434379643, "b": -7.246170143624932e-17}