{"w": 0.10417779107857277, "b": -1.0824526283156474e-17}