{"w": -0.6060302375122067, "b": 0.004861689038223412}