{"cc": -0.2657951911960566, "alpha": 1.3818104073771007e-16, "beta": -0.26579519119605655, "mx": 1.1157741397482822e-16, "my": 1.0852430065710906e-16, "sx": 1.0, "sy": 0.9999999999999998}