{"w": -0.2580976309465209, "b": 0.021001781968178434}