{"w": -0.2764992950497376, "b": 0.04087448016681427}