{"w": 0.1341978515082872, "b": -7.824460265057544e-18}