{"w": 0.3155362715564394, "b": 0.05224593605648342}