{"w": 0.442367553743267, "b": -0.011164005522519489}