{"w": 0.5893730497540597, "b": -0.000794404851238141}