{"w1": -0.8654704326708751, "w2": -0.9527027079027975, "b": 0.025872947464829363}