{"w": 0.12205930552808639, "b": 1.8452492315758202e-17}