{"w": 0.11107396803055858, "b": 1.998921031826042e-17}