{"w1": -0.6931948964117619, "w2": -0.007391147107725898, "b": 1.991936025960242e-17}