{"w1": -1.0411558695848637, "w2": -0.15592351126055112, "b": -0.07963954327930087}