{"w": 0.24527112901574688, "b": 0.0382167440543254}