{"cc": -0.034825043092435115, "alpha": 2.0289718262501381e-16, "beta": -0.034825043092435115, "mx": 2.631228568361621e-16, "my": 1.9373391779708983e-16, "sx": 1.0, "sy": 1.0}