{"w1": -0.3246795056104207, "w2": 0.6745038474851228, "b": -4.895586945289919e-17}