{"w1": -0.5587716628813896, "w2": 0.9367554216374646, "b": 0.1830110068579227}