{"w1": 1.1922963119401027, "w2": -0.5139816562911786, "b": 0.016688293133291603}