{"w1": 1.2674608409377102, "w2": -0.5581018344325687, "b": 0.021478064789421235}