{"w": 0.9202571791948366, "b": -9.221062259321386e-17}