{"w": -0.05157830208874244, "b": 1.9948969096878102e-17}