{"w": 0.46509532857304636, "b": -0.008144745458713805}