{"w1": -0.8562576459752199, "w2": -0.9574499263483172, "b": 0.07728915511061833}