{"cc": 0.5267660908783247, "alpha": -1.4614922791608171e-18, "beta": 0.5267660908783246, "mx": -3.094746681142624e-17, "my": -1.7763568394002505e-17, "sx": 1.0, "sy": 0.9999999999999999}