{"w": 0.5262398510272974, "b": -1.477778069485329e-18}