{"w": -0.5179633099637874, "b": -0.10451805219245566}