{"w": -0.060482212692485625, "b": 0.03582547837469032}