{"w": -0.9999999999999954, "b": -1.438849039914196e-15}