{"cc": -0.639027291527183, "alpha": -1.120459995557878e-16, "beta": -0.6390272915271831, "mx": -4.3298697960381107e-17, "my": -8.43769498715119e-17, "sx": 0.9999999999999999, "sy": 1.0}