{"w": 0.796440621691441, "b": 1.6923185016740678e-17}