{"w": 0.7376576076183673, "b": -0.05443242287687554}