{"w": -0.564951205599539, "b": 1.4771881732983896e-16}