{"w": -0.60983375149014, "b": 6.859348234757363e-17}