{"w": -0.5764320357705677, "b": -0.008427491363997258}