{"w1": -1.4220059547006314, "w2": 0.6616139978569949, "b": 0.12488906786027096}