{"w": 0.9999999999999916, "b": -2.7200464103315558e-17}