{"w": -0.019975986514354647, "b": -0.2796031136447135}