{"w1": 0.35805103233105423, "w2": -0.6497600681187534, "b": -0.012776012463465658}