{"w": -0.003996977178371761, "b": 1.0026620003146581e-16}