{"w": -0.6471996207143573, "b": -0.010604526647539988}