{"w1": -0.6198604955511542, "w2": -0.5524752542782705, "b": 0.01568281663488921}