{"w1": -0.11401138968667601, "w2": 0.5958514506166082, "b": 3.1644517474914705e-18}