{"w": 0.5992168718216127, "b": 1.5259045736584313e-17}