{"w": 0.5713357056572603, "b": 0.0027821521192390895}