{"w": -0.25744572473998856, "b": 0.04929156444592225}