{"w": -0.20103775434323706, "b": 0.10000000000000003}