{"w1": 1.0143918767949496, "w2": 2.6144179427700087, "b": -0.029089295937900612}