{"w": -0.9128609888759688, "b": -0.00432173376807899}