{"w": 0.08672154724657084, "b": -0.004182660244516972}