{"w": -0.5879467108226152, "b": -0.012373827595882458}