{"w": 0.032138563940650317, "b": 6.135738347602271e-18}