{"w": 0.28722788947739075, "b": -2.2535110572951128e-17}