{"w1": -0.5316764177409917, "w2": 2.2275073555261216, "b": -0.05157758384039743}