{"w1": -0.1736876011162391, "w2": 0.7510585064623427, "b": -0.013215783436300307}