{"w": -0.3674857076650164, "b": -0.0030507982194272927}