{"w": 0.27724305787623005, "b": -0.14110986994996186}