{"w": 0.28268543329988327, "b": -0.14856653943538534}