{"w": 0.29560521211032814, "b": 0.015436209647941885}