{"w1": -0.5358975865318548, "w2": -0.08455053433928873, "b": 7.843614697663395e-18}