{"w": 0.5720023615564997, "b": 0.007630379068958094}