{"w": 0.5857052001479212, "b": -9.563647209634956e-18}