{"w": 0.5829583202597874, "b": -0.0043829901744122796}