{"w": -0.5076974871753367, "b": -0.002896734444355297}