{"w": 0.47927681756794577, "b": -1.1656262299231585e-16}