{"w1": -3.1051020797920312, "w2": 1.1887207184820399, "b": 0.1463621044209144}