{"w1": -1.0293183526040564, "w2": 0.40688521163534663, "b": 0.05650404621142816}