{"w": 0.8363615124034935, "b": -0.1687944443907178}