{"w": 0.789736776548738, "b": 0.01566088676266831}