{"w": 0.4463008349226709, "b": -0.019375316604245425}