{"w": 0.20410734089203778, "b": 0.002657317975486014}