{"w": 0.349679586343195, "b": -6.865947658676264e-18}