{"w": -0.08832317979805485, "b": 3.4037821270920114e-18}