{"w": -0.2948385867653045, "b": -0.0347491874213434}