{"w": 0.40034549047865364, "b": 2.7940767844288064e-15}