{"w1": -0.9443379975234625, "w2": 0.2729941921062234, "b": 0.002919611669678305}