{"w1": -0.2464253433484657, "w2": -0.35484660925797046, "b": 2.216055429296673e-17}