{"w": -0.3020387149031317, "b": 1.1192767375295696e-17}