{"w": -0.15851471939568018, "b": -0.02269618525749951}