{"w": -0.1680040035538035, "b": -0.026597028284737232}