{"w": -0.256212952210765, "b": -0.052800748015224525}