{"w": -0.19716927052130334, "b": -6.641014760490039e-18}