{"w": 0.1306841954589868, "b": 0.19592852412580697}