{"w": 0.06992824547935587, "b": 8.41283989759636e-17}