{"w": -0.5961099932405431, "b": 2.538397243891822e-17}