{"w": -0.7517715584815764, "b": -0.011896903979703666}