{"w": 0.682819476509141, "b": -0.02802234471039261}