{"cc": -0.013713261982072886, "alpha": -2.46298481325761e-17, "beta": -0.013713261982072882, "mx": 2.55351295663786e-17, "my": -2.4980018054066023e-17, "sx": 1.0, "sy": 0.9999999999999998}