{"w": -0.1472199746713206, "b": -0.08423000319376993}