{"w": -0.20653452649008278, "b": 0.011301789271283696}