{"w": -0.20561375317494773, "b": 0.011250547089346974}