{"w": -0.11548862555002905, "b": -0.019056604222515695}