{"w1": -0.1907046902032494, "w2": 0.66372777593915, "b": -0.0053720740727259166}