{"w": 0.0551511974609471, "b": -0.17475541840356723}