{"w": 0.8602686854400646, "b": -2.091302071393416e-17}