{"w": 0.8080845670533706, "b": 0.010822897196835442}