{"w": 0.012678305818856095, "b": -0.023443561255970136}