{"w": 0.367508167175182, "b": 0.011911059621825936}