{"w": 0.9785342657417253, "b": -0.003437164521434069}