{"w": 0.9785383867848283, "b": -0.0034426152785148652}