{"w1": -0.5166084395798907, "w2": 0.4517247481129757, "b": -0.016320925122064178}