{"w": -0.2790362697326396, "b": -0.01069925086870658}