{"w1": -0.4850119977682125, "w2": -0.46426938733649653, "b": 2.4967501315166025e-16}