{"w": 0.24522100135464805, "b": 3.437695495280356e-16}