{"w": -0.3745107725493217, "b": 0.07197570429756384}