{"w": 0.23151152093075889, "b": 0.11994865842100418}