{"w1": -0.01918517999505908, "w2": -1.0083200927104154, "b": -0.04483594324654101}