{"w": -0.8661718817987984, "b": 0.025099827401351076}