{"w": -0.8221736390285631, "b": 2.3143503363994732e-17}