{"w1": -6.348010853018081, "w2": 2.549105574584438, "b": 0.35055175661591237}