{"w": -0.07588566254956142, "b": -0.399645557688469}