{"w": 0.1157755590533976, "b": -0.009023358980456314}