{"w": -0.19810645133646884, "b": 8.653675713381482e-17}