{"w": 0.06539925384960321, "b": 0.16161269777919643}