{"w": 0.11206530880135995, "b": -0.02743125988709043}