{"w": 0.773648221409716, "b": -1.9773976044048815e-17}