{"w": 0.6962344599851253, "b": 0.00012952054472688268}