{"w": 0.7792599364006456, "b": 0.002014249602677015}