{"w": -0.6069724538800544, "b": -0.011188630281039981}