{"w1": -11.86150881116571, "w2": -25.421445288529725, "b": 1.530819872200061}