{"w": -0.15130918125738868, "b": -1.467411799689931e-17}