{"w": -0.164792177607057, "b": -1.4299889672190842e-17}