{"w": -0.4508303884282046, "b": 0.09468403740013485}