{"w": -0.6594558156950826, "b": 4.69834300702467e-17}