{"w": -0.20416644424032165, "b": 5.967911621924278e-17}