{"w1": -1.1708441141341954, "w2": -1.2228869924470473, "b": 0.07192064831704675}