{"w1": -0.3029550492846366, "w2": -0.5282845944277592, "b": 2.158729612457444e-17}