{"w1": -0.42408641368215455, "w2": -1.2947821649009674, "b": -0.0317490236461217}