{"w": 0.14998039466514904, "b": -0.03983940129283061}