{"w": 0.7916085053422202, "b": 0.014875588889661721}