{"w": 0.7926407786641227, "b": -0.027347197745113586}