{"w1": 0.6077866187364248, "w2": -0.16678620429405486, "b": -9.019956118676812e-18}