{"w1": 0.46693568314892236, "w2": -6.161377365459228, "b": -1.2042732889905108}