{"w1": 0.4331583396284925, "w2": -3.9342110870130247, "b": -0.6630213175062153}