{"w1": -0.22666600627124148, "w2": -0.5148692183629215, "b": -0.014993716448079461}