{"w": -0.006503798308185408, "b": -0.15051217131913397}