{"w": 0.44523056914522224, "b": 0.17027862690980705}