{"w1": -0.19381361621960091, "w2": -1.0976508265764153, "b": -0.10643629210095668}