{"w": -0.005853868620151136, "b": -0.03894066676555221}