{"w": -0.07438617510469425, "b": -0.21896155105384776}