{"w": 0.2782776559502576, "b": 0.040661477878637955}