{"w": -0.0370449352617912, "b": 8.01880352752912e-18}