{"w": -0.04100408286938753, "b": 0.001987365969273902}