{"w1": -1.0940643542729167, "w2": -0.5987899568932958, "b": -0.06809018216823434}