{"w1": -1.05814119642422, "w2": -0.6607851420371469, "b": -0.1407297144721271}