{"cc": 0.2580771366295157, "alpha": -1.8838790443744703e-17, "beta": 0.2580771366295156, "mx": 6.439293542825907e-17, "my": -2.220446049250313e-18, "sx": 1.0000000000000002, "sy": 0.9999999999999999}