{"w": -0.5614808341107013, "b": -7.552843490902827e-18}