{"w1": 0.19336407563254573, "w2": -0.5718316517258768, "b": -3.118289845012664e-17}