{"w": 0.38827739581054466, "b": 0.037924157893155806}