{"w": 0.51874086614168, "b": -0.009302561807051217}