{"w": 0.23129780871859829, "b": -0.05878192513134188}