{"w1": -0.3719917601349966, "w2": -0.6292295312246237, "b": -2.6829925854427304e-16}