{"w": -0.13030264971462588, "b": -0.05271678284386311}