{"w1": -0.6863781052467087, "w2": -0.7651986455775703, "b": 0.0526345732548082}