{"w": 0.8351236649466257, "b": -3.1062392680958886e-17}