{"cc": -0.5944964462851937, "alpha": 7.587169907358223e-18, "beta": -0.5944964462851938, "mx": -3.2057689836051396e-17, "my": 2.6645352591003756e-17, "sx": 0.9999999999999998, "sy": 1.0}