{"w": -0.06664795336906462, "b": -0.00036103766365636704}