{"w1": -0.758884634294067, "w2": -0.6578591152803105, "b": -0.03052921963715754}