{"w": 0.1286253511265368, "b": 2.1228637605652657e-16}