{"w": -0.018791634838844603, "b": 0.002983334180289222}