{"w1": -0.27350006180690806, "w2": -1.1795351139878758, "b": 0.14367806566203942}