{"w1": 0.6068489633375591, "w2": 1.5833571217231885, "b": -0.07928954202270289}