{"w": -0.48494422746973537, "b": -4.523849225611306e-17}