{"w": -0.5179545409950636, "b": -0.016515209129067517}