{"w1": -1.0836854504289144, "w2": -0.1292380330406305, "b": -0.18379274142877156}