{"w1": -1.672692238932655, "w2": -1.1236300243849955, "b": -0.3021739191077251}