{"w": -0.4250076916359305, "b": 8.271281085495716e-18}