{"w": 0.2566610270029521, "b": 0.01083238896315386}