{"w": 0.3082353191614006, "b": -0.016261862466191032}