{"w": 0.08560652811457813, "b": -0.02659086720107198}