{"w": 0.4333836484321937, "b": -0.004247208167494312}