{"w": 0.3070701062901431, "b": 0.09422958608070697}