{"w": 0.31192857476240277, "b": -0.008198217860466482}