{"w": -0.29890283040821247, "b": -0.04199831455070628}