{"w": 0.270149905141362, "b": 1.0260524139995659e-16}