{"w": 0.1805765323584248, "b": -0.020585265123264293}