{"w": -0.672700181552136, "b": 0.043081669636258556}