{"cc": 0.689590785203205, "alpha": -2.259658895951515e-18, "beta": 0.689590785203205, "mx": -1.4432899320127036e-17, "my": -1.2212453270876722e-17, "sx": 0.9999999999999999, "sy": 0.9999999999999999}