{"w": 0.653508271889721, "b": 0.061712389858456555}