{"w": 0.594779054252508, "b": -0.0953262364453467}