{"cc": -0.29072485777163337, "alpha": 2.628180406119237e-17, "beta": -0.29072485777163337, "mx": 4.218847493575595e-17, "my": 1.40165656858926e-17, "sx": 1.0, "sy": 1.0}