{"w1": -1.1617846577264679, "w2": 0.5920161264327557, "b": -0.0016947347375212418}