{"w": -0.545914977500834, "b": 0.17175675590103778}