{"w": -0.6307785165471621, "b": 1.7929224118630768e-16}