{"cc": 0.8350419587181893, "alpha": -5.583190473648866e-17, "beta": 0.8350419587181893, "mx": -2.886579864025407e-17, "my": -7.993605777301127e-17, "sx": 1.0, "sy": 1.0}