{"w": 0.6858894390695537, "b": -0.19410212646447603}