{"cc": -0.43407965340618815, "alpha": 1.1418451364936572e-16, "beta": -0.43407965340618804, "mx": 1.709743457922741e-16, "my": 3.9968028886505634e-17, "sx": 1.0, "sy": 0.9999999999999998}