{"w1": 0.5203609168673392, "w2": -0.46064523283054565, "b": -1.3448595536430083e-17}