{"w": 0.057835305952186035, "b": 0.027390835702972183}