{"w": -0.23125683440825992, "b": -0.007788087852980628}