{"w": 0.8790183177453132, "b": 2.778445365766514e-17}