{"w1": -2.906723277333294, "w2": -0.574330188821967, "b": 0.009309992759429595}