{"w1": 2.6996890675565686, "w2": 0.08400703983039146, "b": 0.2638699242525461}