{"w": 0.5749894287210304, "b": -5.385074601479102e-18}