{"w": 0.37743652724070176, "b": 0.023188675913964604}