{"w": -0.7318933129321478, "b": -3.870037272373717e-16}