{"w": -0.7289571119721487, "b": 0.019848987429766575}