{"w": -0.05292381149665052, "b": 4.13469899552103e-17}