{"w1": 1.2678644266958103, "w2": 0.4159170437422124, "b": 0.028344752740957095}