{"w": 0.8023381630664018, "b": 0.0007464490354881824}