{"w": 0.7628500353126093, "b": 5.1805399616799486e-05}