{"w": 0.7910703605909218, "b": -7.849076514304185e-17}