{"w": 0.3664672893051196, "b": 0.11384441542711943}