{"w": 0.29790460164130644, "b": 0.06469267424480887}