{"w": 0.09298410612888432, "b": -0.014025833730052083}