{"w1": -0.15129912810623822, "w2": 1.1323159797388698, "b": 0.06668127540809202}