{"w": 0.4140517180451593, "b": -0.002650939052409558}