{"w": 0.6690249692362074, "b": 0.0063690764217837655}