{"w": 0.6899387751989514, "b": -0.0038184162057792875}