{"w1": 0.7785567658753941, "w2": 2.561553623998902, "b": -0.12950187012060163}