{"w": 0.5267269707193839, "b": 1.1297614745556672e-17}