{"w1": -0.4263031799736031, "w2": 0.00930048232017109, "b": 0.005013569833075535}