{"w1": 0.21783508871989407, "w2": -0.6346988846868132, "b": 0.0003502011958453309}