{"w": 0.7766212690468882, "b": -3.602446908236297e-18}