{"w": 0.6617699968248849, "b": -0.025321492302823767}