{"w": -0.10218101026915871, "b": -0.16033789444571034}