{"w1": 2.298012399810741, "w2": -0.4955596790034318, "b": -0.18443427952377484}