{"w": -0.8065377264769313, "b": 0.14471388407772756}