{"w": 0.4845409655367794, "b": 0.0907567068651585}