{"w": 0.48461560235674833, "b": 7.96969361982419e-17}