{"w": -0.414646921494296, "b": 1.03172342112833e-17}