{"w": 0.28477085236817345, "b": 0.03281624778565448}