{"w": 0.390505580437379, "b": 0.10108449141407534}