{"w1": 0.217877272709119, "w2": -0.5893947575452169, "b": 0.028711224269562186}