{"cc": 0.019969606153918365, "alpha": -6.846029974027119e-17, "beta": 0.019969606153918365, "mx": -1.298960938811433e-16, "my": -7.105427357601002e-17, "sx": 1.0, "sy": 1.0}