{"w": -0.008839850625443854, "b": 0.18727666836682083}