{"cc": -0.35707617095793553, "alpha": 1.8916637343172094e-16, "beta": -0.35707617095793553, "mx": 1.1546319456101628e-16, "my": 1.479372180313021e-16, "sx": 1.0, "sy": 1.0}