{"cc": 0.06288643352839074, "alpha": 7.647261720466756e-17, "beta": 0.06288643352839074, "mx": -1.5543122344752193e-17, "my": 7.549516567451065e-17, "sx": 1.0, "sy": 1.0}