{"w": -0.5751546869031021, "b": -0.0007035884008148867}