{"w": -0.2769494741439742, "b": -1.1288466186249066e-16}