{"w": 0.6785387004810332, "b": 0.0024766413483128715}