{"w": 0.4442162235499235, "b": 0.01604241044623378}