{"w": 0.9094488182100864, "b": -0.04055659199595041}