{"w1": -0.6350337089185188, "w2": -0.1169091101137349, "b": 1.6071170149907066e-17}