{"w": -0.36726143922959675, "b": -0.06411730504655133}