{"w": -0.15032284855987124, "b": 0.01753487943822299}