{"w1": 0.3400230876567806, "w2": -1.113555119327705, "b": 0.1050632429754225}