{"w": -0.4347715737233068, "b": 0.06447431384756998}