{"w": 0.8042730908464447, "b": -0.009480272481151372}