{"w1": 1.3356461422128056, "w2": 1.0286684290316546, "b": -0.04154998647173769}