{"w": 0.0024429854694372655, "b": 0.00021342655855656115}