{"w": -0.41872361712965606, "b": 0.134931680273027}