{"w1": 1.1331745217055964, "w2": 1.8779635612172425, "b": 0.066216532953046}