{"cc": 0.5002908499000724, "alpha": -2.4714894265756892e-17, "beta": 0.5002908499000724, "mx": 4.274358644806853e-17, "my": -3.3306690738754695e-18, "sx": 1.0, "sy": 1.0}