{"w": -0.028340862984630073, "b": -0.00247217371661166}