{"w1": -0.6403759290506871, "w2": -1.0703772050937777, "b": -0.010436655327900451}