{"cc": -0.11741913263364731, "alpha": -3.1647659181477697e-16, "beta": -0.11741913263364732, "mx": -9.992007221626408e-18, "my": -3.1530333899354444e-16, "sx": 0.9999999999999999, "sy": 1.0}