{"w1": 1.1159370459297613, "w2": -0.3140334041924841, "b": 0.01668322288539895}