{"w": -0.1724070847242698, "b": -0.1539446887418229}