{"w": 0.4818864699713316, "b": 0.007562381444031095}