{"cc": 0.17418003656461079, "alpha": 1.4246338336156226e-17, "beta": 0.17418003656461079, "mx": -2.4424906541753444e-17, "my": 9.992007221626408e-18, "sx": 1.0, "sy": 1.0}