{"w": 0.1299639631104328, "b": 0.015573003554636564}