{"w": 0.1675313787155748, "b": -0.0003399201122742889}