{"w": 0.43015385104226217, "b": -0.045314379122615184}