{"w": 0.3069576557386601, "b": 0.02045808540527639}