{"cc": -0.2368391513596464, "alpha": 9.100987509934227e-18, "beta": -0.2368391513596464, "mx": -2.7200464103316335e-17, "my": 1.5543122344752193e-17, "sx": 1.0, "sy": 1.0}