{"w": -0.1845074839978007, "b": 0.09486788655803773}