{"w": -0.18625731454922045, "b": 0.09484312869758184}