{"w": -0.23449420926697664, "b": 9.164771023150246e-18}