{"w": 0.06526530951439266, "b": -1.596535359416343e-15}