{"w": 0.019269234415822605, "b": -0.18982815559433575}