{"w": 0.054569279660779964, "b": 0.012086840751486819}