{"w": -0.17033667771987032, "b": -0.09573883514159373}