{"w1": -0.6958963143241637, "w2": -0.19163186151272973, "b": -3.099272145945321e-17}