{"w1": -3.2590713375379052, "w2": -1.0130573149347881, "b": -0.41615045631382624}