{"w": 0.9661237886621722, "b": -3.7324830454395475e-17}