{"w1": 1.2843576881890335, "w2": -0.6874428645239665, "b": -0.06845023997177237}