{"w1": -0.6289050078698896, "w2": -0.23892145095661116, "b": -4.6410553106047584e-17}