{"w": 0.9734758997812509, "b": -0.011482900569422916}