{"cc": 0.2547374523084318, "alpha": 1.732239404907485e-16, "beta": 0.2547374523084319, "mx": 1.1102230246251565e-16, "my": 2.015054789694659e-16, "sx": 0.9999999999999999, "sy": 1.0000000000000002}