{"w": 0.29923187585673283, "b": -0.18155294577214764}