{"w": 0.23157950209857436, "b": 1.7579498944335922e-16}