{"w": 0.2766683618164251, "b": -0.1781685601788445}