{"w": 0.2503466121679618, "b": 0.03734707805624568}