{"w": -0.16232263626705937, "b": 0.19860243877362413}