{"w1": -20.02015168040304, "w2": -4.2457443689140035, "b": -3.1741365941663724}