{"w1": 0.32597768078101774, "w2": 0.44942091715297566, "b": 0.013189077239011745}