{"w1": -0.8361086507127916, "w2": 0.011271056654460923, "b": -0.11300949099085679}