{"w": -0.24802994116899765, "b": -0.04660993766459309}