{"w": -0.7023275490608011, "b": 0.025298893079021317}