{"w": -0.6066188041683854, "b": 2.067711549854723e-16}