{"w": -0.6409643555665704, "b": -0.025423702610981883}