{"w": 0.04358012768141199, "b": -0.004780946445320762}