{"w": -0.9999999999999991, "b": 6.372680161348391e-16}