{"w": -0.3625980684663849, "b": -0.1300715065995608}