{"w1": 2.0325440681372915, "w2": 1.9334883288492775, "b": -0.791161230007003}