{"w1": 2.4535187471488547, "w2": 2.7408919803288168, "b": -1.1713862744654944}