{"w1": -0.3980661255876141, "w2": 0.4593407946529974, "b": 1.8409602480563423e-17}