{"w": 0.636831784097838, "b": -3.8863523094208286e-17}