{"w": -0.6332856771705017, "b": 0.01620147928950868}