{"w": -0.7500709571596752, "b": -0.0071344412793116}