{"w": -0.7077792938194865, "b": -0.007525730394015776}