{"w": 0.52978972097704, "b": -0.03861191429160002}