{"w": 0.3445801837766583, "b": 0.004105676820423742}