{"w": 0.8576053350624264, "b": -0.024092671181175588}