{"w": 0.13957099441838325, "b": -0.016581895005985753}