{"cc": -0.07177394971068277, "alpha": 1.3790050330936256e-17, "beta": -0.07177394971068275, "mx": -2.4424906541753444e-17, "my": 1.5543122344752193e-17, "sx": 1.0, "sy": 0.9999999999999998}