{"w1": 1.724231593174244, "w2": 3.630700916755717, "b": 0.08195237837297469}