{"w": 0.9914343079152947, "b": 0.0142781243440262}