{"w": 1.0000000000000002, "b": -3.0253577421035524e-17}