{"w": 0.08319351193876504, "b": 0.035440046869657134}