{"w": 0.10146382533183294, "b": 6.62647603568362e-17}