{"w": 0.3319917722834189, "b": 0.09369539637920477}