{"w": 0.13733284763485132, "b": 0.0066581366248983954}