{"w1": 0.9258606688362226, "w2": 1.1201669739380564, "b": -0.06740571369033496}