{"w1": 0.4732698797322124, "w2": 0.6010258140655491, "b": 0.005579846432146755}