{"cc": 0.5259222904197984, "alpha": -2.7707868265251575e-16, "beta": 0.5259222904197983, "mx": 2.4424906541753444e-17, "my": -2.6423307986078724e-16, "sx": 1.0000000000000002, "sy": 1.0}