{"w": 0.4869450104422265, "b": 0.06790482078820227}