{"w": 0.6967554303002521, "b": -0.05778846466115142}