{"w": -0.22346778860165567, "b": -8.905951442980133e-17}