{"w1": -0.17791577490200472, "w2": -1.1183204928336583, "b": 0.00223024374237403}