{"cc": 1.0, "alpha": 7.105427357601002e-17, "beta": 0.9999999999999999, "mx": 1.1102230246251566e-17, "my": 8.215650382226158e-17, "sx": 1.0, "sy": 0.9999999999999999}