{"w": 1.0000000000099507, "b": -6.01031953525482e-13}