{"w": -0.3077811266372009, "b": 0.28693683776649204}