{"w": -0.32055539678474737, "b": -3.001924812331776e-18}