{"w": 0.10393914277374171, "b": 0.005685569183950384}