{"w1": 5.684607248500229, "w2": 177.3602319589182, "b": 34.53968720267083}