{"w1": 0.22988880128895928, "w2": -0.35153991214907565, "b": 0.001956761516333661}