{"w1": 0.7692042812414228, "w2": -0.12161941352332266, "b": 2.271941430727215e-16}