{"w1": 0.7052316974123479, "w2": -0.10709747275766628, "b": 2.0805026042281887e-16}