{"cc": 0.791652844665685, "alpha": -9.267204042278979e-20, "beta": 0.7916528446656852, "mx": -1.1102230246251566e-17, "my": -8.881784197001253e-18, "sx": 0.9999999999999998, "sy": 1.0}