{"cc": 0.48308992265900624, "alpha": 4.9584556963888775e-17, "beta": 0.48308992265900635, "mx": -2.2204460492503132e-17, "my": 3.8857805861880476e-17, "sx": 1.0, "sy": 1.0000000000000002}