{"w": -0.35384481843275295, "b": 1.9644077291182947e-16}