{"w": -0.3534913271056472, "b": 1.9633991217976745e-16}