{"w": 0.24570540331746255, "b": -1.8873791418627663e-17}