{"w": 0.253491190621798, "b": 0.0006263091971139426}