{"w": 0.26727316529859946, "b": 0.0013015515174778641}