{"w": -0.47084584174746563, "b": -0.2141489390320871}