{"w": -0.47252440677006813, "b": -0.20706369098614374}