{"w1": -1.337700948645984, "w2": -0.908908872146202, "b": -0.2819937991460859}