{"w": -0.33304512431063865, "b": 0.07744690797555435}