{"w1": 1.1987357681322217, "w2": -0.628118270895636, "b": -0.0323605257288557}