{"w": 0.6710148642746453, "b": -0.2080553716371739}