{"w": 0.9297855007374776, "b": -0.004404719005408723}