{"w": -0.43677265847591706, "b": 0.025016695331205985}