{"w1": 0.031067540121446476, "w2": -1.4807442938968305, "b": 0.011417489465690343}