{"w": -0.20759636742175472, "b": -0.1002684575505362}