{"w": -0.01166548746702102, "b": 4.427940805721264e-17}