{"w": -0.011549987591109931, "b": 4.428069036342841e-17}