{"w": 0.49434697155559026, "b": -2.882022117889292e-16}