{"w": 0.15664956892713985, "b": -8.03648125046851e-17}