{"w": -0.7660489934262533, "b": -0.02902693595760738}