{"cc": 0.5935961831492644, "alpha": -5.04495156436093e-17, "beta": 0.5935961831492647, "mx": -2.4424906541753444e-17, "my": -6.494804694057165e-17, "sx": 0.9999999999999999, "sy": 1.0000000000000002}