{"w1": 1.7678529574576276, "w2": -0.26246753020025165, "b": -0.00569858694483549}