{"w": 0.7378094932695283, "b": -0.00390075210487998}