{"w": -0.3371402983798894, "b": -0.028569723654559016}