{"w": -0.3449673392510918, "b": -5.375119391221888e-17}