{"w": -0.20452104494494686, "b": 0.07535916624144114}