{"w": -0.2113161657669628, "b": -9.354332599019059e-17}