{"w": -0.12495794144176711, "b": -0.18725952784501315}