{"w1": -0.5820257419095739, "w2": 0.5042477117735319, "b": 0.013049393040354362}