{"w1": 1.445609653170913, "w2": -0.40587194302992274, "b": 0.22304750890236674}