{"w": 0.7428413802149165, "b": -0.018709655665766878}