{"w": -0.34058302409821783, "b": 0.005130864299371516}