{"w1": 0.05212502415217375, "w2": -0.49470479301104364, "b": 2.0409486046209056e-17}