{"cc": 0.28706118501896416, "alpha": 2.945646064811022e-17, "beta": 0.28706118501896416, "mx": 1.7763568394002505e-17, "my": 3.4555691641458e-17, "sx": 1.0, "sy": 1.0}