{"w": -0.13228894227445237, "b": -5.037455788947491e-17}