{"w": -0.3918872586601066, "b": 1.1288170912238109e-16}