{"w": 0.4499350693159621, "b": -0.0912090814542478}