{"w": 0.07572785694634498, "b": -0.020891981626688753}