{"w": 0.24521866049980923, "b": 0.0033349674566903135}