{"w": -0.019109555623210626, "b": 1.5492204260008405e-16}