{"w": -0.02990926010110176, "b": 0.01502679694406895}