{"w1": -1.0497017557110917, "w2": 0.38563962336911156, "b": 0.040887346837054334}