{"w": -0.4238570030516653, "b": -3.2607887440272456e-17}