{"w": -0.4982308308427187, "b": -0.037595409327085924}