{"w": 0.09970983347656655, "b": 0.2672263524318644}