{"w": -0.5378821061922663, "b": -0.04406721711821565}