{"w": -1.0000000000000002, "b": -1.421085471520202e-16}