{"w": -0.5028845308649874, "b": 2.2360346687826104e-17}