{"w": -0.3169046183468105, "b": 0.03469270127528171}