{"w": 0.19288119349800673, "b": -4.4002052815132794e-16}