{"w": 0.19788809617040673, "b": 0.012610897313364596}