{"cc": 0.10669090054520526, "alpha": 9.186946075513051e-17, "beta": 0.10669090054520527, "mx": -9.103828801926283e-17, "my": 8.215650382226158e-17, "sx": 0.9999999999999999, "sy": 1.0}