{"w1": -1.2542942047153554, "w2": -1.2524411658648966, "b": 0.003700595109695847}