{"w1": -16.509382590620636, "w2": -9.23026479898901, "b": 0.8535644322893282}