{"w": 0.16759480011983133, "b": 0.015326700041357432}