{"w1": 0.6370770702838371, "w2": 1.5537581335035515, "b": 0.07835602159635181}