{"w1": 0.1695045751335055, "w2": 0.6820072513401569, "b": 0.011028807012770394}