{"w1": -0.9093633901929296, "w2": 0.623899299127944, "b": -0.13047420381997604}