{"w1": 0.6049395322276923, "w2": -0.9229570610866659, "b": 0.19331639116353172}