{"w": -0.11713937504811489, "b": -0.01701786098259179}