{"w": -0.2281548840695288, "b": -0.16657171109339042}