{"w1": 0.7675087537311028, "w2": -0.9983479034755807, "b": -0.0021454273515205523}