{"w": -0.9999999999999999, "b": -7.838174553853605e-16}