{"w": -0.34570541347298733, "b": -0.0069768840935462775}