{"w": 0.40744177582614144, "b": -0.00723601991489218}