{"w1": 0.6931361859843502, "w2": -0.42479884480350383, "b": 0.022621736055998515}