{"w1": -0.22237301494081216, "w2": -1.2215688056795908, "b": 0.07008490531441189}