{"w": 0.15974418910243146, "b": -0.0006323124577850135}