{"w": -1.0000000000000047, "b": 8.465450562766835e-17}