{"w": -0.14911090758372067, "b": -0.24626158164954748}