{"w": -0.19846392692221293, "b": -0.032480619641511214}