{"w": -0.9999999999999996, "b": -3.8802294710649207e-16}