{"w": -0.41979356001843154, "b": -1.344583220310398e-17}