{"w": -0.3195890068084223, "b": -0.0620211006656121}