{"w": 0.09951846682455308, "b": -0.002037943652444101}