{"w": -0.6068577292763576, "b": 0.030062007138585763}