{"w": 0.6625699720816894, "b": -0.045038348591283986}