{"w": 0.23108469557991393, "b": -0.218268787753045}