{"w": -0.2441011461773423, "b": 0.23182144840039787}