{"w": -0.19240718282371636, "b": -0.05808647294447844}