{"w": -0.8119565172698608, "b": 1.359781850349622e-17}