{"w1": 0.9398705092111175, "w2": -0.3106671096885337, "b": -6.994297558206412e-18}