{"w1": 0.8056611515512954, "w2": -0.20933985717063486, "b": -6.8177180832473766e-18}