{"w": -0.11633601589243767, "b": 0.13853552346377807}