{"w": -0.7376015228089379, "b": 0.004019982276385853}