{"w": -0.7344749558439823, "b": 8.465983234508106e-17}