{"w": -0.7352452931909348, "b": -0.000851887229881278}