{"w": -0.608373784666694, "b": -0.059257146816204025}