{"w": -0.6271650976333606, "b": -1.8006461636340393e-16}