{"w": -0.6281153954693853, "b": -0.1362477886410744}