{"w": -0.6244003554606071, "b": 0.010024366994406262}