{"w": 0.30560630419424684, "b": 3.583632086492312e-17}