{"w": 0.2031981646898213, "b": -5.1176779415012684e-17}