{"w": 0.2019667961884763, "b": -0.04794462831870919}