{"w1": -0.2604449513080721, "w2": -0.688050497146712, "b": -6.365792268917162e-17}