{"w1": -0.31577550977902663, "w2": -0.5841698880844362, "b": -4.1646947580445617e-17}