{"w": 0.9190023721586565, "b": 9.154843681589067e-17}