{"w": -0.3299427589948539, "b": 0.077837464336736}