{"w": -0.4177320640949423, "b": -0.009211567412241214}