{"w": -0.44244579457298977, "b": -0.01008448298354487}