{"w": 0.5000115451635628, "b": -0.026733561506293864}