{"w": 0.3616757694492551, "b": -0.2278972408428163}