{"w": -0.5861843410118925, "b": 0.004030404593034297}