{"w": -0.44998360592442843, "b": -2.3119875757034125e-17}