{"w": -0.27140828573121256, "b": 0.16512580215923706}