{"w": 0.6675345513297481, "b": 0.010865823800351615}