{"w1": -0.8140064075498369, "w2": 1.392537434515542, "b": 0.0279194183351186}