{"w": -0.023802724016262426, "b": 2.5816665125875426e-16}