{"w": 0.14596228130030295, "b": -0.0672911909670855}