{"w": 0.9432202736631188, "b": 5.403680971592703e-17}