{"w": 0.9422779956674512, "b": 5.3993918028145125e-17}