{"w": 0.7600132842253536, "b": 0.005890409810485534}