{"w1": 0.15701251614513403, "w2": -1.1751897841370997, "b": 0.05769923411936426}