{"cc": 0.7318392186727086, "alpha": 4.987793559790837e-17, "beta": 0.7318392186727085, "mx": -7.042977312465837e-17, "my": -1.6653345369377347e-18, "sx": 1.0, "sy": 0.9999999999999998}