{"w": 0.7253064127602586, "b": -0.038603639056556616}