{"w1": -0.1967111252962437, "w2": -1.0470512646820742, "b": 0.06102811608874735}