{"w": 0.987228701990183, "b": 0.001504242077535644}