{"w": -0.46670959384336097, "b": -0.012522092054117001}