{"w": -0.041865557360833416, "b": -3.273833044475926e-17}