{"w": -0.42605536532623584, "b": -2.3228274390646095e-16}