{"w": 0.38456131979192865, "b": -0.14962830168284139}