{"w": 0.39043496850465875, "b": -0.15267371103618674}