{"w": -0.7265681579336787, "b": 0.10745120394872439}