{"w": -0.15668261311751472, "b": 0.05412406663014442}