{"w1": 0.9383771900857778, "w2": -0.6467088218362025, "b": -0.010082806023718104}