{"w1": 1.254595226537022, "w2": 1.3514093896631998, "b": 0.03433857752147088}