{"w": 0.20254443319842702, "b": 0.007433840541051548}