{"w1": 2.4975214570093094, "w2": 0.23700291693248, "b": 0.9058995537585358}