{"w": -0.11999415410906367, "b": 0.01675986391563026}