{"w": -0.05964856067932467, "b": 0.10402723412846303}