{"w": 0.06992897401425635, "b": 0.0015833754738680413}