{"w": 0.07329208531852122, "b": 0.0016611259391860257}