{"w": -0.5282834263370748, "b": 3.695245517077537e-17}