{"w1": 0.20327082319444095, "w2": -0.22819445934535282, "b": -1.3998031627460738e-17}