{"w1": -0.811599300316575, "w2": 0.016230808490686935, "b": 4.408199384230759e-17}