{"w1": -0.7321165746235272, "w2": 0.038134598424247025, "b": 3.835967903439436e-17}