{"w1": -0.9557330680773977, "w2": 0.31879951733661016, "b": 0.023139671969524506}