{"w": -0.174390105561157, "b": 0.05700096471020804}