{"w": -0.12830652042376905, "b": 0.1110051859358717}