{"w": 0.07479117630989925, "b": -0.004903364142651279}