{"w": 0.08209947955033849, "b": 0.08936806922959575}