{"w1": -0.5948595030295929, "w2": 0.012146078462673906, "b": -9.87551807178501e-17}