{"w": 0.5397266160613641, "b": 0.06381576308445544}