{"w": 0.478650056120598, "b": -1.841194860940441e-18}