{"w1": 0.5728186772682803, "w2": 0.15522192831005083, "b": 2.6263227449584003e-17}