{"w": 0.7308947239248661, "b": 5.04720008936315e-16}