{"w": 0.7236581424998675, "b": 5.049771039544785e-16}