{"w1": -0.4903680583816283, "w2": 0.1926940578482371, "b": 0.0012294261546071106}