{"cc": 0.22223123629556005, "alpha": -1.4062990104509444e-17, "beta": 0.22223123629556002, "mx": 1.8318679906315084e-17, "my": -9.992007221626408e-18, "sx": 1.0, "sy": 0.9999999999999999}