{"w": 0.2104859618824332, "b": 0.02947714784498232}