{"w1": -0.4255614799758494, "w2": 1.6489372076848352, "b": -0.00026021774115335774}