{"w": -0.642207577224003, "b": 0.008155081356739093}