{"w": -0.03829552587134321, "b": -0.09488615480220909}