{"w": -0.3437010491147465, "b": -2.782125255947263e-18}