{"w": 0.9720695590782651, "b": 0.006829784130405938}