{"w": -0.2120494535466738, "b": 0.00611232139122397}