{"w": -0.2012959266778153, "b": 0.005837311299713161}