{"w1": 1.2809106070063514, "w2": 0.7055838216320595, "b": -0.08761172999132415}