{"w1": -1.1341916935950143, "w2": -0.40729603151683247, "b": 0.028996819035696446}