{"w": 0.6483835154647762, "b": -0.0019941716158026327}