{"w": 0.7171155067783894, "b": 0.00941270545970834}