{"w": 0.3251438246712025, "b": -0.1418596591011363}