{"w": 0.25069511669473277, "b": 3.3275821356382955e-17}