{"w": 0.24535332603136276, "b": -0.12061075386451217}