{"w": 0.097231341818413, "b": 0.0523245366369223}