{"w1": -0.45074421744690896, "w2": -0.528352433862715, "b": -8.756382357516263e-17}