{"w": 0.3606383964397306, "b": -0.05919577643651597}