{"cc": -0.24039998762645748, "alpha": -8.284040065593501e-18, "beta": -0.24039998762645745, "mx": -4.440892098500626e-18, "my": -7.216449660063518e-18, "sx": 1.0, "sy": 0.9999999999999999}