{"w": -0.17594986781655397, "b": 0.12382739985973545}