{"w": -0.23801978972916582, "b": -8.27346986355855e-18}