{"w": -0.14266588124824264, "b": -0.11282201063991432}