{"cc": 0.5972184197661345, "alpha": -2.264754969373594e-17, "beta": 0.5972184197661344, "mx": 6.022959908591474e-17, "my": 1.3322676295501878e-17, "sx": 1.0, "sy": 0.9999999999999998}