{"w": 0.8572876131432954, "b": -0.14672505155499185}