{"w1": -2.1861376537214094, "w2": 1.025473163517723, "b": 0.01437333496925203}