{"w": -0.540988563078885, "b": -0.008171410524201575}