{"w": 0.034790315140270714, "b": 0.023282422749461313}