{"cc": 0.015464809835629572, "alpha": 1.9388680868544783e-17, "beta": 0.015464809835629572, "mx": 1.8207657603852566e-16, "my": 2.2204460492503132e-17, "sx": 1.0, "sy": 1.0}