{"w": 0.032356045065133114, "b": 0.02485415699639909}