{"w": -0.010170119376035873, "b": 0.20523884271651344}