{"w": -0.15430213460018152, "b": -3.2285613717975114e-18}