{"w": -0.13168372791806504, "b": -0.3130869827142451}