{"w": 0.6296557269436648, "b": -9.846305807659714e-17}