{"w": 0.41040638841731747, "b": -0.15868023075839507}