{"w": 0.2742053484465888, "b": -9.884513880968499e-18}