{"w": 0.27176193445053004, "b": -9.895364818876962e-18}