{"w": -0.6307285571377689, "b": -2.797703318212607e-17}