{"w": -0.6778799805857267, "b": 0.004874798300981975}