{"w": -0.6557158723172102, "b": 0.0010459548192789862}