{"w1": -0.3560349571801154, "w2": -0.5444743449712516, "b": 1.0928254086282637e-16}