{"w1": -0.35810991441454615, "w2": -0.5488336920834795, "b": 1.100642958601987e-16}