{"w": 0.4871629587484435, "b": 0.15757341956812232}