{"w": 0.5645859287214292, "b": -0.04902849237130222}