{"w1": -0.8019854484457479, "w2": -0.599809682470373, "b": 0.005283641757658431}