{"w1": 0.5601080616087296, "w2": -0.2836944918806292, "b": 5.136427878494234e-18}