{"w1": 1.6799170635175606, "w2": -0.8122594668317672, "b": -0.06191496593343562}