{"w1": 0.6844193732057255, "w2": -0.38312153299786517, "b": -0.010115307712906897}