{"w": -0.49413569089745646, "b": -0.004806015727979888}