{"cc": -0.19221444074445215, "alpha": -1.9657437818332459e-16, "beta": -0.1922144407444521, "mx": -2.19824158875781e-16, "my": -1.5432100042289675e-16, "sx": 1.0, "sy": 0.9999999999999998}