{"w": 0.03423394775219605, "b": 1.580423299046632e-17}