{"cc": 0.9814794614957479, "alpha": -2.3761829768208483e-17, "beta": 0.9814794614957479, "mx": 1.3322676295501878e-17, "my": -1.0685896612017132e-17, "sx": 1.0, "sy": 1.0}