{"w": 0.11032382617752123, "b": 0.08105460376109253}