{"w1": -0.009438805507364735, "w2": -0.7940008811162144, "b": -3.901733657305002e-17}