{"w": 0.18675017275190534, "b": -0.005673360146510133}