{"w1": 1.7913892397953841, "w2": -2.4775696350671828, "b": 0.41433775724465377}