{"w": 0.3172683466519319, "b": -3.2236547652515395e-18}