{"w": -0.5737016320216358, "b": -0.00012608255687449402}