{"w": 0.6131970739171315, "b": -0.06122388863657063}