{"w": -0.22263220486649427, "b": -0.024583942842324236}