{"w": -0.2299729062329132, "b": -0.017795457588701998}