{"cc": 0.04629142818987376, "alpha": -2.4494031187728008e-15, "beta": 0.04629142818987376, "mx": -9.059419880941278e-16, "my": -2.4913404672588514e-15, "sx": 1.0, "sy": 1.0}