{"cc": -0.5104370190384333, "alpha": 6.7529529062667314e-18, "beta": -0.5104370190384332, "mx": -4.4408920985006264e-17, "my": 2.942091015256665e-17, "sx": 1.0, "sy": 0.9999999999999999}