{"w": -0.5104370190384334, "b": 6.752952906266722e-18}