{"w": 0.5214130536770303, "b": 0.10026610578614549}