{"w": 0.8508256831718676, "b": -0.0309166211803479}