{"w1": 1.1959502916179157, "w2": -0.41216306463856645, "b": -0.04832427248396467}