{"w1": 0.7554313304201364, "w2": -0.08448141188781588, "b": 0.02935303363762265}