{"w1": 2.085825148961503, "w2": 0.7225416987780926, "b": -0.009098047602849683}