{"w": 0.3156101951203272, "b": 3.838556659517584e-17}