{"w": 0.3851265467750525, "b": -2.787502762669275e-17}