{"w": 0.31884522706817225, "b": 0.010308110621127742}