{"w1": -0.7468269684023076, "w2": 1.1580681867684772, "b": -0.09086566131075982}