{"w1": -0.3455616096409589, "w2": -1.0664567717158089, "b": -1.3681800710904787e-16}