{"w": 0.889517016066673, "b": -9.581236914109886e-17}