{"w": 0.6827352535627199, "b": 0.33700103689428296}