{"w": -0.04868447533673595, "b": 0.11621480464729424}