{"w": -0.045433160259176854, "b": -2.376786848544191e-17}