{"w": -0.014489682471048175, "b": -0.03790446435843839}