{"w": -0.02504033717896703, "b": 0.07180680840712994}