{"w": 0.18247593336667098, "b": 0.1581760249894991}