{"w": 0.20772399517588705, "b": -0.04671631666178655}