{"w": 0.5330833728313671, "b": 0.024208380391582122}