{"w1": 0.6882038241360153, "w2": 0.02161145192618805, "b": -0.032051588721334005}