{"w": 0.5509159234769893, "b": -0.0809250228700399}