{"w": 0.6106818115931426, "b": -0.1334028067991158}