{"w": 0.34240982022289307, "b": -3.551428798990182e-17}