{"w": 0.470990210093229, "b": 0.0027544158560541057}