{"cc": 0.5527999473726883, "alpha": -4.8560266100691904e-17, "beta": 0.5527999473726883, "mx": 1.5543122344752193e-17, "my": -3.9968028886505634e-17, "sx": 0.9999999999999998, "sy": 0.9999999999999999}