{"w1": 3.5783439727063606, "w2": -0.24596045797911645, "b": 0.01334881505888604}