{"w1": 0.7037853140667778, "w2": 0.04992278731475481, "b": -1.6978994147909834e-17}