{"w": 0.6624573237498073, "b": 1.847443782294734e-16}