{"w": 0.556319372016607, "b": -0.14289046468831146}