{"w1": -0.3808845330237629, "w2": -0.18264648269211206, "b": 1.0658220044081642e-18}