{"w": -0.18415494336309277, "b": -5.5247278030686065e-17}