{"w": -0.15300261429650375, "b": 0.10993251942856498}