{"w": 0.1461219830694055, "b": -0.13988124893221346}