{"w1": -0.6546080192001278, "w2": -2.2791950746795324, "b": -0.6390562507864032}