{"w1": 0.4787847301536703, "w2": -0.21650681884180875, "b": -0.00522799700830947}