{"w1": 0.20397676292465314, "w2": -0.10949389761931072, "b": -9.726755370587092e-07}