{"w": -0.5586436302660535, "b": 7.917573525236946e-17}