{"w": -0.4737790894251725, "b": 8.64812250674038e-18}