{"w": -0.4622186110037683, "b": 0.004639143953813161}