{"w1": 0.0025249875017007138, "w2": -0.7232222600020259, "b": -0.010461169163811818}