{"w": 0.03883995239269489, "b": -3.859330343243475e-18}