{"w": 0.6005644460326576, "b": -0.07597989096355365}