{"w": 0.08527671278882863, "b": -0.2410547292740943}