{"w1": -0.7794239753488172, "w2": -1.8164247500697859, "b": 0.043844760531226296}