{"w1": -0.4007068640944477, "w2": -0.6737410946187206, "b": -0.05798475460788695}