{"w1": -0.813377046692458, "w2": -1.6906307200462627, "b": -0.0010990396107258132}