{"w1": -0.49772781097401186, "w2": -1.3514937086183934, "b": -0.027075703110142853}