{"w": 0.47440751348034554, "b": -1.9514143034314827e-16}