{"w": 0.2935234691139707, "b": 1.6778979338934268e-16}