{"w": 0.2932302388750956, "b": 1.6778132906431208e-16}