{"w": 0.9046892220025358, "b": 0.003232957685944874}