{"w1": 0.489466629699915, "w2": 1.0650863656423297, "b": 0.06467676452691792}