{"w": 0.9886827310901817, "b": 0.006988762076776921}