{"w": 1.0035509185989022, "b": 0.009177366701816903}