{"w": 0.9924333493936819, "b": 0.008059385789407124}