{"w": 0.9040970448659398, "b": -0.0054904477806693355}