{"w": 0.980909793525855, "b": -1.6879943886717043e-17}