{"w": -0.687213820457449, "b": -1.249127991950228e-17}