{"w": 0.5531065863668386, "b": 1.4560263503744687e-16}