{"w1": -0.1279533230281965, "w2": 1.5442986636038714, "b": -0.047749363239865186}