{"w": 0.2714528599137719, "b": -0.009917530102598342}