{"w": 0.2730698442683957, "b": -0.010154118681067137}