{"w": 0.20016151086124156, "b": 0.06801445672381498}