{"w": -1.0000000000000007, "b": 4.163336342344339e-17}