{"w": -0.31140077451872566, "b": 1.6787155190221652e-17}