{"w": 0.45108997365260145, "b": -0.1278478946785077}