{"w1": -2.0933257584013933, "w2": -3.164018556958418, "b": -0.6947889571267618}