{"cc": 0.8361189581325534, "alpha": 4.9261055797878374e-17, "beta": 0.8361189581325535, "mx": 1.0130785099704553e-17, "my": 5.773159728050814e-17, "sx": 0.9999999999999997, "sy": 0.9999999999999998}