{"w": 0.7727000250331304, "b": 0.016530438958234445}