{"w": 0.8005374026232053, "b": 0.00025241554396800495}