{"w": 0.9710319466413327, "b": 0.012226272133898501}