{"cc": 0.474844906635435, "alpha": 3.018318030627727e-17, "beta": 0.4748449066354348, "mx": -1.407207683712386e-16, "my": -3.663735981263017e-17, "sx": 1.0000000000000002, "sy": 0.9999999999999999}