{"w": -0.3664807295000065, "b": 0.0199108838972168}