{"w": 0.9753694232248429, "b": -0.005388391862056214}