{"w": 0.14397087634965666, "b": -0.039380978331098056}