{"w1": -0.5218670861512194, "w2": 0.4243319838512291, "b": 5.659650423837058e-17}