{"w": 0.6193364165256845, "b": 0.05261425275443707}