{"w": -0.07684947188769851, "b": -3.0619109065474485e-17}