{"w": 0.7067011601587364, "b": -0.012888842486817107}