{"w1": 2.5169917937676485, "w2": 2.3866780832366756, "b": -0.5572358745651729}