{"w": -0.6179109336061613, "b": 0.011100067004165671}