{"w": 0.4214904031606805, "b": 0.0557857432501949}