{"w1": 0.6196137267965308, "w2": 0.3076356082264593, "b": -5.3358023609312794e-17}