{"w1": 4.26921938483712, "w2": 2.799876409522086, "b": -0.897855173196717}