{"w": -0.23687336651977098, "b": -3.7515725850387357e-17}