{"w": -0.25458456855498013, "b": -0.005703236329931468}