{"w": -0.10370481656491122, "b": -0.2357501435287205}