{"w": 0.009756497695632948, "b": 3.785581065213381e-17}