{"w": 0.009746750944688225, "b": 3.785792076026006e-17}