{"w": 0.2044346757273587, "b": 0.21498618221280746}