{"w": 0.5307371058921603, "b": -0.030954272801811806}