{"w": 0.5758295061467793, "b": 0.008843421644450756}