{"w": 0.9040334386266053, "b": 0.0037559396005657675}