{"w": -0.022253431206988795, "b": -0.43774520982972775}