{"w1": -2.0837768714173275, "w2": -2.3174018133797882, "b": -0.16300584017850084}