{"w": 0.9562555162998116, "b": -0.0021335724298347904}