{"w": 1.0000000000000007, "b": -4.3035019992032637e-16}