{"w1": 3.967131632103227, "w2": 1.790939782577967, "b": -1.0000342390906878}