{"w1": 0.6184557347346841, "w2": 0.3158764646931302, "b": -5.753961572988664e-17}