{"w1": 0.613070618945093, "w2": 0.315610512317666, "b": -5.737235753947537e-17}