{"w": 0.4876666597972318, "b": 0.018078512731466857}