{"w1": 0.8509448192839415, "w2": 2.416415585177194, "b": -0.3537717647531164}