{"w": -0.6285128556232924, "b": -0.0023995189099209266}