{"w": -0.35965483348062366, "b": -1.611942335186439e-16}