{"w": -0.39188318125379384, "b": -2.903985932033815e-17}