{"w": 0.9286098912917137, "b": -1.0389945968328106e-17}