{"w": 0.7252857482668068, "b": 0.042455683446815586}