{"w": 0.47104904134009684, "b": 0.07120507093687489}