{"w": -0.25965515363517266, "b": -0.004374739796850255}