{"w1": 1.5414853173309324, "w2": 0.3285036460541993, "b": -0.2023207759221547}