{"w": 1.0000000000000124, "b": 2.8366198279173136e-16}