{"cc": 0.4207382244219934, "alpha": -2.3477415655106262e-17, "beta": 0.42073822442199343, "mx": 3.9968028886505634e-17, "my": -6.661338147750939e-18, "sx": 0.9999999999999998, "sy": 0.9999999999999999}