{"w": 0.5877863102669773, "b": 1.9266183896253483e-16}