{"w": 0.9999999999999999, "b": -3.184952301893418e-17}