{"w": -0.6035781205236829, "b": 0.025034072872213792}