{"w": -0.6091083513553445, "b": 0.022812743476539797}