{"w": -0.8472432100516794, "b": 0.03907779759950572}