{"w": -0.04024095272741488, "b": 0.008047246076259508}