{"w": -0.1466993366814906, "b": -0.015000496299836675}