{"w": -0.0957565663272877, "b": 0.0003254738163226134}