{"w": -1.0000000000000009, "b": -2.3314683517128302e-17}