{"w": -0.11857126637277339, "b": 0.005845356559981968}