{"w1": 0.3838776904230752, "w2": 0.4610989047933102, "b": -9.214607173157568e-18}