{"w": -0.4033020425612124, "b": -0.013263579166380275}