{"w1": -0.2850592576364783, "w2": -1.4626992777967731, "b": -0.09908226810968213}