{"w1": -0.15153415127813324, "w2": 0.7628553055318473, "b": 1.0859245134286405e-17}