{"w": 0.6421564719417019, "b": -0.02083293577116554}