{"w": 0.9291788158230806, "b": -0.0032916214267768584}