{"w": 0.9322621727604399, "b": 0.005070380520895319}