{"w1": 2.821350573862731, "w2": 2.548315123969152, "b": -0.33681041404123013}