{"w": 0.6608690240891132, "b": 0.03179429692997793}