{"w1": 0.39897756486088953, "w2": 0.5833563028947929, "b": -4.089466855988008e-17}