{"w1": 1.9383675912367033, "w2": 1.430431522327264, "b": 0.4585931739868859}