{"cc": -0.8780642605629856, "alpha": 1.4210854715202004e-16, "beta": -0.8780642605629856, "mx": 0.0, "my": 1.4210854715202004e-16, "sx": 1.0, "sy": 1.0}