{"w": -0.8693705550128571, "b": 1.4210854715202004e-16}