{"cc": 0.2952348003876862, "alpha": 5.751997990744712e-18, "beta": 0.2952348003876862, "mx": -4.440892098500626e-18, "my": 4.440892098500626e-18, "sx": 1.0, "sy": 1.0}