{"w": 0.24109737252929678, "b": 0.00834318875028033}