{"w": 0.2466092020857702, "b": 0.04203281193500577}