{"w": 0.3090320279056856, "b": -0.0070664921767703386}