{"w": 0.5130732907392435, "b": -8.881784197001253e-18}