{"w": 0.7853771124519724, "b": -2.6579231866577525e-17}