{"w": -0.9540497085357843, "b": 0.02846094092996354}