{"w": -0.9485722107498531, "b": 0.026184719341105223}