{"w1": -0.23273208876698145, "w2": 2.388342470617679, "b": -0.16194274818004292}