{"w1": -0.12388556375348606, "w2": 0.5827257057265981, "b": -4.447422430844445e-17}