{"w1": -0.09743027641859146, "w2": 0.6546044578267083, "b": -4.3913132956065164e-17}