{"w1": -0.8605907614710855, "w2": -0.1430413758767343, "b": -2.2327014455429275e-16}