{"w1": -0.502957539915666, "w2": -0.10837165343852433, "b": 7.219002291848864e-19}