{"w1": -0.7303673888082055, "w2": -0.1799424938889415, "b": -0.004279383558323389}