{"w1": -4.543849942215254, "w2": 0.29042397733094166, "b": -0.4944349068099575}