{"cc": -0.2820437756616262, "alpha": 9.792653084668436e-18, "beta": -0.2820437756616262, "mx": 1.1102230246251566e-17, "my": 6.661338147750939e-18, "sx": 0.9999999999999998, "sy": 0.9999999999999999}