{"w": -0.22762931947349846, "b": 0.019322602299282777}