{"w": -0.2287204035335519, "b": 0.019501597841894612}