{"w": -0.42127995607599467, "b": 1.42066266738254e-16}