{"w": -0.41831611754451603, "b": -0.060369784431996205}