{"w": -0.35844935272101036, "b": 0.06034949121683355}