{"w": 0.10092485162725545, "b": 0.003537343971186462}