{"cc": 0.6308867969082972, "alpha": 2.6271305885939654e-16, "beta": 0.6308867969082972, "mx": -1.1102230246251566e-18, "my": 2.6201263381153693e-16, "sx": 1.0, "sy": 1.0}