{"w": 0.6212237352023076, "b": 0.0044771805439850765}