{"w": 0.5641559597693597, "b": -0.06194723583311309}