{"w": 0.6149237777802443, "b": 2.729391052690842e-17}