{"w": -0.12226406793131289, "b": -0.0011708110024735846}