{"w": 0.1770921017468149, "b": -0.13027153741433628}