{"w": 1.0000000000000027, "b": 2.298161660974079e-16}