{"w1": -0.9842030147170188, "w2": -1.0909854198082845, "b": -0.0717425594580932}