{"cc": 0.5498155972779311, "alpha": 1.817580746528005e-17, "beta": 0.5498155972779311, "mx": -2.2204460492503132e-17, "my": 5.967448757360216e-18, "sx": 1.0, "sy": 1.0}