{"w": 0.5837466069790997, "b": -0.01611978775330883}