{"w": -0.09150373653553563, "b": -0.08073588576457741}