{"w": -0.1283991688865046, "b": 0.006633268852798655}