{"w1": -0.9825695967579032, "w2": -4.413905052242312, "b": -0.9196297484182944}