{"w": -0.5322735090813251, "b": 8.386755707025357e-17}