{"w": 0.015152527083068463, "b": 0.08832239092776514}