{"w": 0.885699979038921, "b": 7.325275173386547e-07}