{"w": 0.24695358090368644, "b": 0.127720818168934}