{"w": 0.4979863508328206, "b": 0.06034294279039843}