{"w1": -1.3609879779243192, "w2": 0.819404835260719, "b": 0.050018339946681076}