{"w": -0.7062971871639384, "b": 0.06450290582154944}