{"w": -0.6809720188360735, "b": 0.062433902678295045}