{"w1": -0.34737562632499636, "w2": -0.3713225973623727, "b": -5.000183723095325e-17}