{"w1": -0.23915242336567832, "w2": -0.7606514126628149, "b": -0.030766165356713386}