{"w": -0.02558767107930174, "b": 0.0013451112829481948}