{"w": -0.7489820345540689, "b": -0.002157273330383791}