{"w": 0.1087191869066553, "b": -0.005935490864634655}