{"w1": 0.06656783966727724, "w2": -0.6549077892394255, "b": 0.036547411172886235}