{"w1": -0.04919524662332385, "w2": 0.6647504284162329, "b": -0.011813067025344078}