{"w": -0.6792133754306376, "b": 0.018373033992476077}