{"w": -0.281617583808016, "b": 9.855066688917302e-17}