{"w": 0.5753704543010298, "b": -1.8159549616723655e-17}