{"w": 0.5449615455700905, "b": -0.03409223411611534}