{"w": -0.6038475756758441, "b": 0.01388851107718525}