{"w": -0.5612664087200276, "b": -0.010826285177050985}