{"w": 0.04404634630832288, "b": -0.04608342952542829}