{"w": 0.17257110353727922, "b": 1.2655228907723772e-17}