{"w1": -0.5949896805447951, "w2": 2.6804828732316577, "b": 0.4934039013926277}