{"w": -0.3810877040301344, "b": -7.304854146423139e-17}