{"w": -0.28078006620944945, "b": -0.019230089662403853}