{"w": 0.6543418711901724, "b": -0.04255371327040339}