{"w": -0.30534517617351, "b": -0.024180355517999463}