{"w": 0.3937598647082141, "b": 0.11300779266261185}