{"w1": -0.2621902103838454, "w2": -0.8104417074860616, "b": -9.593249462724389e-18}