{"w1": -1.6257925649518028, "w2": -0.12973844369039156, "b": -0.14835681889834237}