{"w": -0.13067762627979718, "b": 0.10720318374753307}