{"w": -1.000000000000001, "b": -1.3322676295501885e-16}