{"w": -0.15935791307775038, "b": -4.9680962728415636e-17}