{"cc": 0.9690265324336764, "alpha": -2.255668600943249e-16, "beta": 0.9690265324336764, "mx": 6.550315845288423e-17, "my": -1.6209256159527285e-16, "sx": 1.0, "sy": 1.0}