{"w": -0.1253962961450646, "b": -0.2400702845874889}