{"w": -0.5051260465664106, "b": 8.932477476930844e-16}