{"w": -0.4991276067890885, "b": 1.7350594594817137e-05}