{"w1": -0.8820405185934433, "w2": -2.119318061593138, "b": -0.04577787267703515}