{"w": -0.04513106881668438, "b": 0.04892455130582841}