{"w1": 0.679100545306217, "w2": -35.651747626160514, "b": -4.191636271348625}