{"w1": 1.2018007617879893, "w2": 2.6266745589203526, "b": 0.002731211689923706}