{"w1": 0.2878023676641903, "w2": 0.5469676672750085, "b": -8.651016080534384e-18}