{"w1": 0.44084491204953036, "w2": -0.24684235186371925, "b": -2.5900081717542202e-17}