{"w1": 1.7549005215998639, "w2": -0.4391420908989047, "b": -0.12224375324186416}