{"w": 0.5564531696850438, "b": 2.175686942330836e-17}