{"w1": -0.48987543798206135, "w2": 0.3716024061530251, "b": 3.4587926160245294e-17}