{"w": 0.17011183133616126, "b": -0.23824441493223192}