{"w": 0.14779789110767919, "b": 0.042464236225289914}