{"w": -0.7190352735295414, "b": -0.008994884301770865}