{"w": 0.11338752367963531, "b": -4.838568529449069e-17}