{"w": 0.11440699192450715, "b": -4.84264314307506e-17}