{"w": -1.0000000000000007, "b": -2.389581588158052e-17}