{"w": 0.5231936742698352, "b": -0.042284190602988395}