{"w": -0.18237166436885563, "b": -0.010250442067709045}