{"w1": -0.5237809978594499, "w2": 0.26503877041157203, "b": 2.236531589453545e-17}