{"w": -0.22272941954703357, "b": -0.001992746540430911}