{"w": 0.5476457749162135, "b": 0.056179468450744285}