{"w": 0.7769600811187076, "b": 0.020798340697498977}