{"w": -0.21263469800279206, "b": -0.01690584495619316}