{"w": 0.4978625367084853, "b": 0.11869245990354889}