{"w": 0.5052058378141301, "b": 0.0013921931194818922}