{"w": 0.23394872926417343, "b": 0.22937418975033164}