{"w": 0.048761225829304894, "b": 0.00936184242171908}