{"cc": -0.2823470565210139, "alpha": 1.0172293088060025e-16, "beta": -0.28234705652101394, "mx": -6.439293542825907e-17, "my": 1.1990408665951691e-16, "sx": 1.0, "sy": 1.0000000000000002}