{"w": -0.28234705652101405, "b": 1.0172293088060025e-16}