{"w1": 1.5227136447893117, "w2": -2.897663474371651, "b": 0.5313195351800741}