{"w1": 0.5942480539229622, "w2": -0.6805504402759072, "b": 0.04996962668924241}