{"w1": 0.7311717570387988, "w2": -0.9372982462016588, "b": 0.12477773417254201}