{"w": 0.802075481829686, "b": -4.3408568138986367e-17}