{"w1": -0.6737153348620609, "w2": 1.4544170336493802, "b": 0.06879177846127549}