{"w": -0.2625054008673909, "b": 0.14001048627353718}