{"w": -0.2924944049442263, "b": 0.14098562982362894}