{"w": -0.35909301839411956, "b": -1.3471665370915528e-17}