{"w": -0.3552233441033263, "b": 0.010662268246815878}