{"w": -0.6118021216123676, "b": -0.009358706944298027}