{"w": -0.5778967817930551, "b": -0.010480976078830336}