{"w": -0.6441476104572551, "b": 0.008681606259418361}