{"w": 0.05437559029917718, "b": 0.2026319095059745}