{"cc": 0.12298243977938396, "alpha": -2.4756023873016452e-18, "beta": 0.12298243977938399, "mx": 1.1102230246251566e-17, "my": -1.1102230246251566e-18, "sx": 0.9999999999999998, "sy": 1.0}