{"w": -0.14355708749098103, "b": 0.07370974486988668}