{"w": -0.0880981517289051, "b": -0.00023172860890358082}