{"w": 0.19037144020863034, "b": 7.26504242341543e-17}