{"w": -0.8406687712482246, "b": -0.035297109997593716}