{"w1": -0.5425512677209914, "w2": -0.4420907623285081, "b": -8.245621663145212e-17}