{"w": -0.9999999999999996, "b": -9.10382880192628e-17}