{"w": -0.22121735331760337, "b": 0.0002625109847790956}