{"w": 0.42437999119076264, "b": 0.05904835069019068}