{"w": 0.11203613450287764, "b": -0.18610607608163598}