{"w": 0.0783494386706642, "b": -0.0062192149298212}