{"w": -0.13370968826003002, "b": 3.1752378504279476e-16}