{"cc": 0.8588952898846367, "alpha": 3.187630514075547e-18, "beta": 0.8588952898846364, "mx": -8.881784197001253e-18, "my": -4.440892098500626e-18, "sx": 1.0, "sy": 0.9999999999999997}