{"w": 0.7261034724708999, "b": -0.006278078060714556}