{"w": 0.8738423695445832, "b": 0.00046604610540335284}