{"w": -0.10138371213997031, "b": 0.006993644208618838}