{"w": -0.7847637246568102, "b": 0.038525242572991385}