{"w": -0.7702195386494055, "b": 0.04090251740911526}