{"w": 0.10056193449346748, "b": -0.15879119820000942}