{"w": 0.10613707543773652, "b": -0.1743355443849643}