{"w": 0.04429428985586293, "b": -0.011208503632234846}