{"w": 0.42712606195144004, "b": -0.0013704893088517418}