{"w": -0.04800674915043634, "b": 0.004298731356321561}