{"w": 0.9627477558968852, "b": -2.072201277577786e-16}