{"w": 0.9591117043702809, "b": -0.008410950018622819}