{"w": -0.09943383147196694, "b": -0.0259846326170613}