{"w1": 0.1626869200332343, "w2": -0.5478344327362484, "b": 6.261301148249194e-17}