{"w1": -0.4248873242863572, "w2": 0.04359811064804275, "b": -1.1863307993742467e-06}