{"w": 0.5258743409156601, "b": -0.10650561526843597}