{"w1": -0.5210105366934736, "w2": -2.0691692823426515, "b": -0.05597078884771164}