{"w1": -0.16550077123096932, "w2": -0.6810349250161013, "b": -2.787007627473262e-17}