{"w": 0.9823817862324226, "b": 0.006047438669295189}