{"w": 0.4782270338497391, "b": 0.08437168545550805}