{"w": 0.8770257343337836, "b": 0.00030623067334078005}