{"w": 0.036955714668051115, "b": 0.04374125838663657}