{"w": -0.2695084852444601, "b": -0.1016844821170002}