{"w": -0.2267666705171351, "b": -0.0573732029781005}