{"w": 0.929277810200892, "b": -2.776013354314895e-16}