{"w": 0.8707157707437725, "b": 0.006550472343834787}