{"w": 0.029590556287124807, "b": -5.155562246134288e-17}