{"w1": 0.3034176003767119, "w2": -0.6158430598991811, "b": 1.6165664562633454e-17}