{"w1": 2.016080217425245, "w2": -3.6264330171061125, "b": 0.659413431711869}