{"cc": -0.43323998426879196, "alpha": 1.517201269139208e-17, "beta": -0.43323998426879196, "mx": 6.064593272014918e-17, "my": -1.1102230246251566e-17, "sx": 1.0, "sy": 1.0}