{"w": -0.47017111542968504, "b": -0.11014000517519795}