{"w": -0.5140266992464306, "b": -0.09026825504358274}