{"w": 0.6802821149391659, "b": 0.0063613365231706175}