{"w": -0.10875103984593455, "b": 0.26021902093307864}