{"w": 0.11520340401843443, "b": 0.30321794574117455}