{"w1": -0.9712610213605233, "w2": 0.2547703354874336, "b": 4.201864217125159e-17}