{"w1": 0.019245832069165754, "w2": 0.31713126716975365, "b": 3.383282027688182e-17}