{"w": -0.6389361393905707, "b": 2.6401574044623248e-17}