{"w": 0.9900990099009899, "b": -3.865994433273936e-17}