{"w": 0.9999999999999991, "b": 1.4988010832439604e-16}