{"w1": 0.2213946390184295, "w2": -0.9885707558037892, "b": 0.021495767537989763}