{"w": 0.3004135891782433, "b": 0.000356187373062207}