{"w1": -0.49299182195927194, "w2": -0.3868181214034028, "b": 1.1123762439689155e-17}