{"w": -0.38962992563056675, "b": -0.01960897380234941}