{"w": 0.18979578977782807, "b": 1.221199703494001e-16}