{"w1": 0.4633736836187816, "w2": -0.5647056672306311, "b": -1.9627228965608368e-16}