{"w": -1.000000000000001, "b": -4.440892098500692e-18}