{"w1": -0.5856753637499756, "w2": -0.41842344065735027, "b": -0.03309389282270518}