{"w1": -0.5818464947400442, "w2": -0.4175846749652666, "b": -0.03239540345162048}