{"w": 0.00547023457679714, "b": 1.6619979088126367e-15}