{"w": -0.33305808545758187, "b": 0.06949794490001655}