{"w": -0.11029341987232646, "b": 0.17659417913477232}