{"w1": 0.4064983030673268, "w2": 2.5770854859862253, "b": 0.40438879543230755}