{"w1": -0.019534627730026646, "w2": 0.41056404193498663, "b": -5.01130121260962e-07}