{"w": 0.21591686037987837, "b": 3.547681011859322e-17}