{"w1": -0.7483958071306807, "w2": -0.7799272456195918, "b": 0.2461069969517059}