{"w": -0.12125805850145371, "b": 0.0036141871279111314}