{"cc": 0.986486673274193, "alpha": 1.1927394193257181e-17, "beta": 0.986486673274193, "mx": 9.714451465470119e-18, "my": 2.151057110211241e-17, "sx": 1.0, "sy": 1.0}