{"w": 0.979179932956733, "b": -0.00236800313014701}