{"w": 0.17876318019797977, "b": 0.22080986240301229}