{"w": 0.07336697892768072, "b": 0.004500572596093576}