{"w": 0.05267551486201916, "b": -0.06518733877043337}