{"w": -0.21734824847597198, "b": -4.0216015763143115e-17}