{"w": -0.2210395738086298, "b": 0.00441799059989088}