{"cc": 0.5724436866583495, "alpha": 3.9968028886505634e-17, "beta": 0.5724436866583494, "mx": 0.0, "my": 3.9968028886505634e-17, "sx": 1.0, "sy": 0.9999999999999998}