{"w1": 0.4726769235332017, "w2": -0.5421704829490936, "b": 1.1376747951206294e-16}