{"w": 0.9620715149893383, "b": 1.5879994963536088e-17}