{"w": -0.03702946605871099, "b": 0.04343214166058704}