{"w1": -0.7544024358823126, "w2": 0.12129232834407264, "b": 1.0277952202947714e-16}