{"w1": -1.218139679545344, "w2": 0.3772722878393579, "b": -0.04751002250739115}