{"w1": 0.12925857069671484, "w2": -0.14374849379272692, "b": -0.0003422517747719971}