{"w": -0.1851731453663596, "b": -3.583641428697189e-17}