{"w": 0.7289587618739969, "b": 0.00013189322013329495}