{"w": 0.07746085215644577, "b": -0.0008628253048507239}