{"w1": 1.791377559470466, "w2": 3.441544553368535, "b": -0.0840209812230072}