{"w": -0.4752548837991004, "b": 0.17822430744530338}