{"w": 0.4615689625136916, "b": 1.3644642906717085e-18}