{"w1": -0.39698603476387634, "w2": -0.16111118346077818, "b": 2.137311704892315e-17}