{"cc": 0.4939867452643192, "alpha": -2.6338858687142286e-17, "beta": 0.4939867452643192, "mx": 6.827871601444713e-17, "my": 7.389922007661198e-18, "sx": 1.0, "sy": 1.0}