{"w": -0.0028999188079977564, "b": -1.7019895665718796e-16}