{"cc": 0.024522398782914616, "alpha": -6.475145404130089e-17, "beta": 0.024522398782914616, "mx": -5.329070518200751e-17, "my": -6.605826996519681e-17, "sx": 1.0, "sy": 1.0}