{"w": -0.7473563214436791, "b": 0.013392216669083613}