{"cc": 0.7112316964543101, "alpha": -6.59898970770506e-18, "beta": 0.7112316964543102, "mx": -5.551115123125783e-18, "my": -1.0547118733938987e-17, "sx": 0.9999999999999999, "sy": 1.0}