{"w": 0.4289735920607009, "b": -9.209706563436472e-18}