{"w": -0.11696579749595559, "b": 0.12436625310962035}