{"w": 0.09303685251674632, "b": 0.031811782981360004}