{"cc": -0.30884711929154113, "alpha": -1.1923675649509108e-16, "beta": -0.3088471192915411, "mx": -8.770761894538737e-17, "my": -9.214851104388799e-17, "sx": 1.0, "sy": 0.9999999999999998}