{"w": -0.41524511459231006, "b": -0.1779269602984113}