{"w": -0.3658218035679147, "b": 0.015525594400711228}