{"w": 0.6648421982822258, "b": -0.10895243175222522}