{"w1": 0.4899542386084342, "w2": 1.0194444612949736, "b": -1.589686605329682e-17}