{"w1": 0.2984346088138533, "w2": 1.2735073903281737, "b": -0.026041123537872277}