{"w1": 1.0715789912228206, "w2": 2.556661894720772, "b": 0.02367549626277976}