{"w": 0.3352023311644684, "b": 0.05434200859929413}