{"w": 0.567977383612099, "b": -9.431902414054537e-18}