{"w": 0.5039066277526264, "b": 0.07112691607289384}