{"w1": -0.06290837414683349, "w2": -0.8177927516361241, "b": 1.7421005481339806e-17}