{"w1": 0.8898731171896946, "w2": 1.2515621830505053, "b": -0.060090512864752116}