{"w": -0.9999999999999999, "b": 2.1205259770340487e-16}