{"w": -0.3579303730356865, "b": -0.19117042101157974}