{"w1": 1.4529593730846944, "w2": 0.005872063339469661, "b": -0.17688190692182681}