{"w": -0.24561130634338993, "b": 0.03626017745010699}