{"w1": -0.22388282092474834, "w2": 1.235743129577932, "b": 0.04525828407014649}