{"w1": -0.21808154780883657, "w2": 2.2760193043463706, "b": -0.653435763508745}