{"w": -0.15102860248494188, "b": -6.413961163425565e-17}