{"w": 0.7080438187812785, "b": 4.385766658135354e-17}