{"w": 0.6863546299868045, "b": 0.008693288869042326}