{"w": 0.07053531415867853, "b": -0.04550227935256637}