{"w1": -0.5061367112791054, "w2": -0.2476720441281876, "b": -6.550677703608391e-17}