{"w1": -0.40860556944292664, "w2": -0.35394392998307533, "b": -0.004268771944805798}