{"w": 0.15163805992109927, "b": -0.12529781039994103}