{"w": 0.03882316149788827, "b": 0.06039744536052485}