{"w": 0.17264418139498827, "b": -0.01420823330731081}