{"w1": -19.81492347096741, "w2": -16.00759573887413, "b": -11.355481317289657}