{"w": -0.9757693829683887, "b": -0.004640614244720606}