{"w": 0.5626877024949982, "b": 0.07848186452871042}