{"w1": 62.10274082450261, "w2": -392.5825289237806, "b": -12.734965958061396}