{"w": -0.2751880613467801, "b": -2.5512586992025437e-16}