{"w": -0.22790443122159695, "b": -6.729297086889516e-18}