{"w": -0.3502483980871069, "b": -0.0054767304949177404}