{"w1": -0.06021306566462658, "w2": -1.4160445353578426, "b": 0.0403057363543352}