{"w": 0.34410253691020576, "b": -1.215756835099705e-16}