{"w": -0.2602202289446455, "b": 0.24586296338246455}