{"w": -0.27852573772831585, "b": 0.2573670557681198}