{"w": -0.24494109860474536, "b": -0.030056864951499118}