{"w": -0.41084397669811423, "b": -7.318489459117491e-17}