{"w1": 0.45866558811281666, "w2": 0.05606964663757796, "b": 2.489992507185422e-19}