{"w1": 1.125647015859525, "w2": 0.0868302700568049, "b": 0.06445613457654528}