{"w": -0.45454852722675554, "b": -0.11647494063715548}