{"w": -0.46226833621671737, "b": -0.12086848217363788}