{"cc": 0.43363611915700656, "alpha": 2.0700105308443322e-17, "beta": 0.43363611915700656, "mx": -1.2212453270876722e-17, "my": 1.5404344466674048e-17, "sx": 1.0, "sy": 1.0}