{"w": 0.4332029162407658, "b": 2.0694814838071923e-17}