{"w": 0.43482854690687056, "b": 0.00021795148276057118}