{"w": 0.03775168480167007, "b": 2.2277109021403048e-17}