{"w": -0.06497976516708784, "b": -0.0006902234227411}