{"w": -0.7359756901529427, "b": 0.022369383283042114}