{"w": -0.6193607978763792, "b": -0.0024173052875758887}