{"w": 0.13201960691088782, "b": -0.016559045378418943}