{"w1": 0.10358839758886679, "w2": 0.6099580211339307, "b": 0.004039961359186626}