{"w": -0.547125609159438, "b": -0.016009747045398832}