{"w": -0.5673065610994632, "b": -8.134270032759906e-18}