{"w": 0.7473202067948181, "b": 0.00737247714260887}