{"w": 0.7611494970324663, "b": 0.04349273390097341}