{"w": 0.9473832289622488, "b": -0.0023986077929368547}