{"w1": 0.5378521171008033, "w2": -0.03707140462158934, "b": -3.0576695271100875e-17}