{"w": 0.5701206668687384, "b": -0.006572072301200262}