{"w": 0.46785522833016585, "b": 0.003814588772389094}