{"w": -0.0132514418089188, "b": 1.5204745061220125e-17}