{"w": 0.25240670118968306, "b": 0.006448677698897096}