{"w": 0.309274055321908, "b": -0.020070332550732053}