{"w1": -0.6593625298238558, "w2": -0.41787333816948136, "b": 0.019732462393462206}