{"w": 0.403233323128672, "b": -7.520281487530767e-19}