{"w1": -2.40259489111699, "w2": -0.0235784608869486, "b": -0.34574890350733145}