{"w": -0.16069469916392873, "b": 7.505371851533082e-18}