{"w": -0.29933535751091533, "b": 0.011709172700687406}