{"w": 0.8536334933616797, "b": -3.29680551896963e-17}