{"w1": 0.6085391306325753, "w2": -0.27540094255887404, "b": -0.011291102753438741}