{"w": -0.9591113483715182, "b": 0.0020034625111563786}