{"w": -0.18052262813329922, "b": 2.4577890612333018e-18}