{"w": 0.8553396534280361, "b": -0.0031490273786073703}