{"w": 0.8468605249857508, "b": 0.004182739158135766}