{"w": 0.505957992971992, "b": 0.031101829213214978}