{"w": 0.5449726776486479, "b": 0.033797028203579146}