{"w": 0.8463331245712167, "b": -0.013580748429893753}