{"w": 0.21994634842758504, "b": -0.006982539646936412}