{"w": 0.01916132945148511, "b": 1.2112019363601793e-17}