{"w": 0.021372874668422675, "b": -0.023685106641862075}