{"w1": -1.3431045113431825, "w2": -1.4651136314099613, "b": 0.006516718918000347}