{"w": 0.09395978544893913, "b": 0.1330280480622741}