{"w1": -0.9667081547868923, "w2": -0.5716692914551365, "b": 0.09593600917167543}