{"w": -0.431441576358982, "b": -1.8175648178542622e-17}