{"cc": -0.5617872316669751, "alpha": -2.371593219475809e-16, "beta": -0.5617872316669752, "mx": -4.063416270128073e-16, "my": -8.881784197001253e-18, "sx": 0.9999999999999999, "sy": 1.0}