{"w": 0.4524823237446232, "b": -0.03525073594060611}