{"cc": 0.07025817246651572, "alpha": 3.798158955947656e-17, "beta": 0.07025817246651571, "mx": -3.3306690738754695e-18, "my": 3.7747582837255325e-17, "sx": 1.0, "sy": 0.9999999999999998}