{"w": 0.07282189416041679, "b": -0.007587249591354841}