{"w1": -0.5317687761024859, "w2": 0.283689120468243, "b": 4.2896257142710715e-17}