{"w1": -1.2104267856758013, "w2": 0.5937388922046197, "b": -0.05824158705081806}