{"w": -1.0000000000000036, "b": 1.7902346272080637e-16}