{"w": -0.17063590673650275, "b": 2.0365430397051135e-16}