{"w": -0.03352181902860078, "b": -0.007560840651744477}