{"w": -0.03179655585122334, "b": -0.007115315300235298}