{"w": -0.4862247043215591, "b": -0.07820164690513687}