{"cc": -0.7613910114509073, "alpha": -2.1584249737385721e-16, "beta": -0.761391011450907, "mx": 2.76445533131664e-16, "my": -4.263256414560601e-16, "sx": 1.0, "sy": 0.9999999999999998}