{"w": -0.382534152545305, "b": -0.23617592747014818}