{"w": -0.21518010677595054, "b": 0.1506864725745656}