{"w1": -1.1690197695959434, "w2": 0.9139820640895054, "b": -0.043808344742656144}