{"w1": -0.5851445462829596, "w2": 0.47999337320786595, "b": 0.028655344907995376}