{"w": -0.1772194026460234, "b": -7.052742799769617e-17}