{"w": 0.05704478357566535, "b": 8.17599050490526e-17}