{"w": -0.026666662882325432, "b": 0.22424258056466886}