{"w": 0.06710345174031007, "b": -0.06304729120358192}