{"w": -0.17199774923401462, "b": 7.565777549851547e-17}