{"w": -0.17936394025651262, "b": -0.010233494842603592}