{"w": -0.3379028953510126, "b": 0.11158173167931318}