{"w": -0.3781233573580209, "b": 0.123734967864713}