{"w": -0.1047904857243148, "b": 0.2404222534328769}