{"w": -0.23825037194147727, "b": -0.2200918872294777}