{"w1": 0.6893365725957098, "w2": -0.008228084472769934, "b": 1.8432572796062034e-17}