{"w": -0.5438622909975233, "b": 4.0612772834813825e-16}