{"w": 0.013085021679672708, "b": 3.638920058352596e-18}