{"w1": -0.9211243560921909, "w2": 0.2794387670747807, "b": 6.965544043675798e-17}