{"w1": -2.669405896035245, "w2": 0.8874997931414651, "b": -0.07041461741412114}