{"w1": 1.3368339242228395, "w2": 0.49738361426239996, "b": -0.03807522913415894}