{"w": 0.6414015983656984, "b": -8.046378664711839e-17}