{"w": -0.27457737782673225, "b": -0.0418563683860832}