{"w": 0.11264741388246653, "b": -7.904133673227414e-17}