{"w": -0.40598369467912976, "b": -0.46838915957176885}