{"w": -0.5704771059779111, "b": -5.329070518200751e-17}