{"w": 0.9687305005470923, "b": 0.015887033028397224}