{"w1": -0.11218839058743559, "w2": -1.0955804322968918, "b": -0.01423225517815816}