{"w": 0.9446223358632213, "b": 0.0014778834344374935}