{"w": -0.03544201384838886, "b": -0.22357230935414}