{"w": -0.024596675040453, "b": -0.23996021736171091}