{"w": 0.1401351514741228, "b": 2.0429604135886713e-17}