{"w": -0.35674440585805905, "b": 0.007383805778790149}