{"w": -0.599181470384715, "b": 0.08561732019720047}