{"w1": -2.3333945392523248, "w2": 1.712303806752085, "b": 0.5342039111970391}