{"w1": -0.3105270815985461, "w2": 0.548356335397144, "b": -4.846627097907815e-17}