{"w": -0.03338387756201138, "b": -0.10960944205629275}