{"w1": -0.47686480273840254, "w2": -0.492728332647154, "b": -3.103740526691105e-16}