{"w": 0.44141108183315864, "b": -1.9984014443252817e-17}