{"cc": 0.9779625573058195, "alpha": 3.977229707624214e-17, "beta": 0.9779625573058193, "mx": -8.881784197001253e-18, "my": 3.1086244689504386e-17, "sx": 1.0, "sy": 0.9999999999999998}