{"w1": -1.1835969213195836, "w2": 0.1224917003125266, "b": -0.03095292094594507}