{"w1": -0.45504570071493455, "w2": -0.0864467800857168, "b": -0.00011963374052664788}