{"cc": 0.7419803554998173, "alpha": 4.989161474563935e-16, "beta": 0.7419803554998173, "mx": -1.609823385706477e-17, "my": 4.869715741762093e-16, "sx": 1.0, "sy": 1.0}