{"w": 0.6790125464744977, "b": -0.01979030689051672}