{"w": 0.4737356781130863, "b": -0.028730402398287922}