{"w": 0.5069724942396174, "b": -0.028940459659572516}