{"w": 0.45363908131499314, "b": 0.01225291991855124}