{"w": -0.07244488893544324, "b": 0.008113385158071187}