{"w": -0.9999999999999939, "b": -7.882583474838591e-17}