{"w": -0.06954581829382127, "b": -4.8868496727606306e-17}