{"w": -0.07788631754807714, "b": 0.000986517116899411}