{"w": -0.03793091608032691, "b": -0.23662489455738578}