{"w": 0.35738557052489517, "b": 0.016130671321999634}