{"w": 0.31564709956688586, "b": -0.017413399354058244}