{"w": 0.46230362257809826, "b": 0.07694472735940898}