{"w": -0.37372720831778605, "b": -0.0553539965710335}