{"w1": 1.5583320913761947, "w2": 6.778081622620655, "b": -0.9479628368916403}