{"w1": -1.091729906458893, "w2": -1.0841988863565775, "b": 0.05743961156176647}