{"w": -0.837284328970612, "b": -1.800546893801058e-16}