{"w": 0.2909450327689685, "b": 2.490833000746353e-17}