{"w1": 0.21482790015980757, "w2": 0.4583440277011937, "b": 0.0003727031943840846}