{"w": 0.39826151766081325, "b": 0.0038923512418835276}