{"w1": 0.04441708742433132, "w2": -0.6703795519193579, "b": 5.272941719395298e-18}