{"w1": 0.09469363108763801, "w2": -1.4067844822346613, "b": -0.05105200688467295}