{"w": 0.06452179443277253, "b": 1.0479096079098203e-16}