{"w": 0.0638829647849233, "b": 1.0476471878577938e-16}