{"w": -0.5226021126235512, "b": 4.494135894016455e-18}