{"cc": 0.20869256241198042, "alpha": -8.997631840930154e-18, "beta": 0.20869256241198042, "mx": 5.551115123125783e-19, "my": -8.881784197001253e-18, "sx": 1.0, "sy": 1.0}