{"w": 0.1306249867873097, "b": 0.045130977231765956}