{"w": -0.059218531602500214, "b": -0.1754965122979302}