{"w": -0.20211492605208672, "b": 0.030442042713637707}