{"w": 0.7057673923333575, "b": -1.3139918138153422e-16}