{"cc": 0.9658482378856876, "alpha": 2.6103029380688463e-16, "beta": 0.9658482378856877, "mx": -3.8635761256955447e-16, "my": -1.121325254871408e-16, "sx": 0.9999999999999999, "sy": 1.0}