{"w": 0.7461837995437738, "b": 0.0449170296317834}