{"w": -0.004809728161303532, "b": 5.294848330908479e-17}