{"w": -0.9999999999999666, "b": -2.475797344913998e-16}