{"w": 0.10616328243583821, "b": -0.17599805361516027}