{"w": -0.18885424775162094, "b": -2.458473365832014e-17}