{"w": -0.3336576136025168, "b": 2.2552917286067863e-16}