{"w": -0.330354072873779, "b": 2.2537513084752574e-16}