{"w1": 1.3417526982269596, "w2": -0.3253953519878313, "b": 0.001667779574476785}