{"w": 0.4355833070588585, "b": -8.25674401647274e-05}