{"cc": 0.4939250473640025, "alpha": -8.537954499884229e-18, "beta": 0.49392504736400256, "mx": -1.1934897514720433e-17, "my": -1.4432899320127036e-17, "sx": 0.9999999999999998, "sy": 0.9999999999999999}