{"w1": -0.5814573635029275, "w2": 0.07541989874296827, "b": 1.145199233621934e-18}