{"w": -0.19193704257345331, "b": 0.04788464432220958}