{"w": 0.35754063994674906, "b": 0.11770305547628536}