{"w1": 0.368184473474231, "w2": -0.07204273954578937, "b": 3.8428160210198226e-17}