{"w1": 0.36845682963127935, "w2": -0.0721308202869548, "b": -1.5911733317663934e-05}