{"w": 0.22086115292037606, "b": -0.08760990987982822}