{"w": -0.22175920446371294, "b": 0.047684287152149764}