{"w": -0.2956956277147996, "b": 2.3266895384952407e-17}