{"w": 0.4716328313572359, "b": -1.0122911628761898e-17}