{"w": 0.7745102425269352, "b": -0.0639010299978003}