{"w": 0.19836627357748154, "b": -0.02472662718288113}