{"w": 0.2541388676653438, "b": -0.016110222142508554}