{"w": -0.5567338540419663, "b": -2.0625660320569407e-17}