{"w1": 0.05398671657827647, "w2": 0.7414134212083171, "b": 0.016224875992198032}