{"w1": -0.6654779087922692, "w2": -0.08469140150055933, "b": 1.1740264497653677e-17}