{"w1": -0.6347203613265567, "w2": -0.13626819802008439, "b": -0.008498216975220824}