{"w": -0.969624266005171, "b": -8.024533721534141e-16}