{"w1": -0.5736975498971505, "w2": 0.2850512769799184, "b": 4.6886942265709523e-17}