{"w": 0.4232746115869537, "b": 0.05676846388508283}