{"w": 0.36661451192709305, "b": 0.07494374108092669}