{"w": 0.15877349082166106, "b": 0.012885135553991464}