{"w": 0.16572633920686047, "b": -0.01618587373287766}