{"w1": 1.4353591863857984, "w2": 0.9139506195993397, "b": 0.07290483832803564}