{"w": -0.1540677250174851, "b": -0.13035058227721374}