{"w": -0.3376226637842703, "b": -0.032031440890110084}