{"w1": 0.7421665287636992, "w2": -0.06348058237740974, "b": -0.005732168041634814}