{"w": 1.0000000000000027, "b": -1.7763568394002474e-17}