{"w": 1.0000000000000007, "b": 2.954581024283698e-16}