{"w1": -1.5810503790692785, "w2": -1.3613185925165947, "b": 0.11157837697818385}