{"w1": -0.7700933662934423, "w2": -0.6155832751185871, "b": -0.06327513003158518}