{"w1": 0.7730975649495472, "w2": 0.17349018914086803, "b": -0.003777011077767841}