{"w": 0.46741101244082106, "b": -0.011545360728960438}