{"w": 0.4830618077848611, "b": -0.17051840020475328}