{"w": 0.999999999999998, "b": -1.665334536937732e-16}