{"w": 0.3242173346405761, "b": -7.350003882792437e-17}