{"w": -0.37659115862751624, "b": 8.989980033953208e-17}