{"w": 0.8560735471160873, "b": 3.6116437385670737e-17}