{"w": 0.8845997839313291, "b": -0.003067088976638417}