{"w": 0.292328281438712, "b": 0.15799554788468254}