{"w": 0.41558231968495646, "b": -0.002963913309734549}