{"w": -0.1367748651969403, "b": -0.014029310944098452}