{"w": 0.5888186119257822, "b": 0.08780166924772655}