{"w": 0.2633915779043757, "b": 1.3868851318250977e-16}