{"w": -0.49683835765082346, "b": -0.03882239383521441}