{"w1": -1.391487852176211, "w2": 0.871535144804346, "b": -0.07324455517159012}