{"w": 0.4041382008211065, "b": -0.002901264613165518}