{"w": 0.4133830654142969, "b": -0.0218539534759841}