{"cc": 0.3256887663511806, "alpha": -3.7498093456585143e-17, "beta": 0.3256887663511805, "mx": 8.104628079763643e-17, "my": -1.1102230246251566e-17, "sx": 1.0000000000000002, "sy": 0.9999999999999999}