{"w1": -0.9153227953068289, "w2": 0.45082283246987587, "b": -0.13992959061612276}