{"w": 0.6271671740328792, "b": 0.07328555201596261}