{"w1": 0.7859775698940733, "w2": 1.0005367791929007, "b": 0.14571995196889467}