{"w1": 1.1163069554750489, "w2": -0.25967949609791435, "b": 0.004178014226262329}