{"w": -0.018941677839344185, "b": -1.490713286268074e-16}