{"w": 0.70005563320258, "b": -1.020872306637309e-16}