{"w": 0.5269012401800265, "b": 2.3792545536949677e-17}