{"w": -0.8001960393099676, "b": -5.993680801486243e-17}