{"w": -0.7274509448272436, "b": -6.559023753249011e-17}