{"w": 0.4007324553485846, "b": 0.08746165213219415}