{"w": -0.4076313842322495, "b": 0.0009127620304769761}