{"w": -0.321751495153265, "b": -0.00020073223663226615}