{"w1": -0.9935543054762496, "w2": -0.28171989867288544, "b": 0.03267972070957042}