{"w1": -0.6433092428138905, "w2": -0.17013831592241335, "b": -0.02322480584988313}