{"w": -0.38189220037953586, "b": 0.0035543608808726868}