{"w1": -2.447102753442468, "w2": -0.13602464591143604, "b": -0.026416076474096134}