{"w": 0.7890338915581842, "b": 0.0209595846061409}