{"w": 0.9623515277916179, "b": -0.0027458039870184706}