{"w": 0.9651481094605762, "b": -0.0027629221498754537}