{"w": 0.9999999999999999, "b": 1.4356571487184054e-16}