{"w": -0.6848974083748218, "b": 0.011325977902519793}