{"w1": -3.030959230804201, "w2": -0.4424112805855764, "b": 0.027364297149109082}