{"w1": -0.9116684736738041, "w2": -0.4349663548804175, "b": 0.03012882391284421}