{"cc": 0.15134552856275457, "alpha": 6.676276515657548e-18, "beta": 0.15134552856275454, "mx": -1.1102230246251566e-17, "my": 4.996003610813204e-18, "sx": 1.0, "sy": 0.9999999999999999}