{"w1": 0.8781356077245719, "w2": -0.1636321439824594, "b": 1.9774306015060274e-17}