{"w": -0.6409601601453522, "b": 5.992355027104696e-17}