{"w": 0.121281069834243, "b": -0.07796438230047902}