{"w": 0.02375265092861634, "b": -0.1909467850816997}