{"w": 0.98491691804567, "b": -1.6490913196157695e-16}