{"w": 0.9805174822228535, "b": 0.0004980643008757438}