{"w": 0.08638615981045818, "b": 0.18882424657364963}