{"w": 0.28033969425227234, "b": -0.006667970819786936}