{"w": 0.2786704916011095, "b": -0.006798605840802807}