{"w": 0.14913068205096297, "b": -0.0005398580260411803}