{"w": 0.6846973853111545, "b": -0.0016308612221816576}