{"w": -0.018982407276468848, "b": 0.014096380018818468}