{"w": 0.004425953352415403, "b": 0.05328088099266749}