{"cc": 0.06718470004658542, "alpha": -3.311235197228131e-17, "beta": 0.06718470004658542, "mx": 1.7763568394002505e-17, "my": -3.191891195797325e-17, "sx": 1.0, "sy": 1.0}