{"w": 0.549402581722432, "b": 0.09138202921260492}