{"w": 0.6547509953032664, "b": -4.6477148144664e-17}