{"w": 0.46908815027741857, "b": 0.016080760783785016}