{"w": 0.661330870085654, "b": -0.002081313007288365}