{"w": -0.3782795764352504, "b": 0.004552832839688464}