{"w": -0.681179260878931, "b": 0.0012196812421633695}