{"w1": 0.42564936013779936, "w2": 0.5687974191062536, "b": -1.262352018135818e-17}