{"w1": -0.9452383172136574, "w2": 0.2538634164599681, "b": -0.0022395991222124824}