{"cc": 0.7653149641222983, "alpha": -5.527588900188924e-16, "beta": 0.7653149641222983, "mx": 4.263256414560601e-16, "my": -2.2648549702353194e-16, "sx": 1.0, "sy": 1.0}