{"w": 0.5542537049797303, "b": 0.002337472828762552}