{"w": -0.007035196919971543, "b": -0.0020170020941894283}