{"w": -0.11328575511064114, "b": -0.007627345293932806}