{"w": -0.3495519939854661, "b": -4.2634149484730026e-16}