{"w": 0.8904116393588453, "b": 0.01042878996232689}