{"w": 0.8918882607545532, "b": 5.371147490299095e-18}