{"w1": 0.14756394316045177, "w2": 1.1893861066640592, "b": -0.033794379422077234}