{"w1": -0.11735517206657516, "w2": 0.4313670647337503, "b": 0.005606958107271038}