{"w1": 0.8461114080470636, "w2": -0.20297456903517458, "b": 0.03493871954165189}