{"w1": 2.0878360171091157, "w2": 0.7669165055935835, "b": 0.05623429534303367}