{"w1": 1.7389926620825367, "w2": 0.6458582114755738, "b": 0.08113017142246506}