{"w1": -0.12970365526960412, "w2": -1.257808957915959, "b": 0.01014584616171487}