{"w1": -0.3050088502305998, "w2": -1.546408947460279, "b": -0.40198150806257577}