{"w": 0.7466553340008922, "b": -0.018104141861580596}