{"w1": -0.38860416256827823, "w2": -0.39036873929141075, "b": 0.0034889326163386088}