{"w": -0.47648460505170925, "b": -0.0057525402569383035}