{"w": -0.04983875588234348, "b": -0.005012052643920151}