{"w": -0.06850598917157612, "b": 0.0023275099442253214}