{"w": -0.24126960059488325, "b": -0.05537171277058398}