{"w1": 0.3761155160077692, "w2": 0.44473640160773187, "b": 1.2579252531464923e-17}