{"w1": 0.3784069935679304, "w2": 0.44796010756498184, "b": 1.264533108844581e-17}