{"w": 0.17452904062376046, "b": 1.6552529897963516e-17}