{"w": 0.13503511004607294, "b": -0.0025312446012558595}