{"w1": -0.8937209732087777, "w2": 0.03766528457168418, "b": -3.118681957232988e-17}