{"w": 0.16065845979759208, "b": 0.19533711629832198}