{"w1": -26.071139112642996, "w2": -35.51909753794852, "b": -3.972071229621885}