{"w1": -0.4534244586913186, "w2": -0.4806630760493297, "b": 2.327010762073902e-17}