{"w1": -0.9930381992595805, "w2": -1.2337347338422002, "b": -0.015043923788635822}