{"w1": -2.1056108627385, "w2": -2.53054723173161, "b": -0.21453248380185402}