{"w1": -0.08364883645379388, "w2": 1.2457150497857576, "b": 0.0016810759313991876}