{"w": 0.03458652137026474, "b": -2.605793621858093e-16}