{"w": 0.02486632900697129, "b": -0.003260047926492933}