{"w": 0.6497044302257862, "b": -1.0437409024951333e-17}