{"cc": 0.19466907497275798, "alpha": -7.014405112122976e-17, "beta": 0.19466907497275798, "mx": 6.661338147750939e-17, "my": -5.717648576819556e-17, "sx": 1.0, "sy": 1.0}