{"w": 0.19665028334010115, "b": 0.029216283333656994}