{"w1": 0.6118415893258146, "w2": -0.3797715190217925, "b": -0.0385064711119918}