{"w": 0.07009700536726485, "b": -0.131722981992913}