{"w": 0.07508808907907194, "b": 0.006853385934625184}