{"w": -0.136222298591349, "b": -0.0005668927602809903}