{"w": -0.1355703375534113, "b": -0.0005403902109208276}