{"w": -0.6699212310226471, "b": -2.728070912581303e-16}