{"w": -0.4434674943595187, "b": 4.7674297855327914e-17}