{"w1": -0.39014229329171535, "w2": 0.521038035830898, "b": 9.181420329420334e-18}