{"w1": -0.3626971010741163, "w2": 0.5965639997479943, "b": 1.0279153916000996e-17}