{"w": 0.9490574150221602, "b": 0.004470376423685661}