{"w": -0.3272153728513357, "b": 1.3020174740773205e-16}