{"w": 0.47638214155901376, "b": 5.779297669579248e-17}