{"w1": -0.728831794689223, "w2": -0.23616130427039958, "b": 1.6647303594405967e-17}