{"w": 0.8805433244919724, "b": 6.29762182081926e-18}