{"w": 0.8331064081864793, "b": -0.0037038569765381504}