{"cc": 0.12444682233246862, "alpha": 5.533918906796133e-18, "beta": 0.1244468223324686, "mx": -3.1086244689504386e-17, "my": 1.6653345369377347e-18, "sx": 1.0, "sy": 0.9999999999999999}