{"w1": 0.5544226274015729, "w2": 0.0061087483122647755, "b": 1.3721445794156594e-17}