{"w1": 0.749899731774645, "w2": -0.13347867441664657, "b": 0.027295464468662295}