{"w1": -0.07865550475512299, "w2": -0.6198027984694227, "b": 2.2564733480274086e-17}