{"cc": 0.5916095216226392, "alpha": 5.3461560475180774e-18, "beta": 0.5916095216226394, "mx": -4.579669976578771e-18, "my": 2.636779683484747e-18, "sx": 0.9999999999999999, "sy": 1.0}