{"w1": -0.45590195082661444, "w2": 0.4778051889820939, "b": -0.0022105806863288793}