{"w": 0.23099119985769173, "b": -0.005982685817723651}