{"w": -0.49079380264464567, "b": -3.733883022427739e-17}