{"w1": -0.5535806897194504, "w2": -0.4661877451050124, "b": 2.943949586362162e-17}