{"w1": -0.7260433483827399, "w2": -0.6704341447401359, "b": 0.00657814351890652}