{"w1": -0.5361822912013174, "w2": -0.7240094726118359, "b": 0.020093955831307825}