{"w": -0.6328420925697376, "b": -0.008766786753477732}