{"w": -0.9365955236279256, "b": -0.3171610307350754}