{"w": 0.9519167969611608, "b": -0.0028581691603859066}