{"w": -0.288955790909053, "b": 0.10002808861250972}