{"w": -0.060071100012185685, "b": -0.1105279121812463}