{"w": 0.17900251233580733, "b": -0.0810438405686391}