{"w1": 0.5731061111804198, "w2": -0.025427644623495536, "b": 3.003837558335679e-17}