{"w1": 1.4042315872751021, "w2": -0.2348218727192555, "b": 0.0661952668765881}