{"w1": 0.7319168350908394, "w2": 0.0012423956601353028, "b": 0.02113609805102153}