{"w1": 2.2746465617486056, "w2": -1.3293960267643388, "b": -0.08783116620162044}