{"w": 0.10394995827556819, "b": -0.009590427777532542}