{"w1": -0.2949404411360525, "w2": 0.35262964385993095, "b": -0.014095354135709448}