{"w": -0.11247522484932748, "b": 0.20482496932357752}