{"w": 0.2445869049578036, "b": -0.06273047377502498}