{"w": 0.6330127361880753, "b": -0.02365353842416361}