{"w1": 0.6130583029904072, "w2": 0.9662952772129695, "b": -0.08638042511487823}