{"cc": 0.1386489794805971, "alpha": 7.80623411179124e-18, "beta": 0.13864897948059715, "mx": -4.829470157119431e-17, "my": 1.1102230246251566e-18, "sx": 0.9999999999999999, "sy": 1.0000000000000002}