{"w": 0.144785990536651, "b": 0.05298212127097287}