{"w": 0.6139508329449447, "b": 0.030242932610541808}