{"w1": -0.8183434939578854, "w2": -1.182647098714939, "b": -0.13916004020781136}