{"w": -0.3605416664298161, "b": 0.19922125937364632}