{"cc": 0.2575948326292541, "alpha": 1.5249052102288754e-17, "beta": 0.25759483262925403, "mx": -1.609823385706477e-17, "my": 1.1102230246251566e-17, "sx": 1.0000000000000002, "sy": 1.0}