{"w": -0.6448534275053137, "b": 0.04598628383391411}