{"w1": -0.7715875482562737, "w2": 0.25644627406631026, "b": 5.685128457848501e-17}