{"w": 0.5546006584615235, "b": 0.0903019019207159}