{"w": 0.09005565030625168, "b": 0.11984541243832972}