{"w": 0.13662263612188638, "b": 0.05969803981745571}