{"w": 0.870771226880156, "b": -3.876728995706536e-17}