{"w": 0.39643676710429193, "b": 0.011370292112243547}