{"w": 0.5720973940586643, "b": 6.325672342371774e-17}