{"w": -0.6738452543951089, "b": -9.998716216168849e-17}