{"w": 0.7353298752309229, "b": 1.639072696115485e-17}