{"cc": 0.20180906365258583, "alpha": 9.72622386226266e-18, "beta": 0.20180906365258588, "mx": -3.7192471324942746e-17, "my": 2.220446049250313e-18, "sx": 0.9999999999999998, "sy": 1.0}