{"w": 0.3675167815826961, "b": -0.11456494774238507}