{"w1": 0.924009950948687, "w2": -0.3162424132000355, "b": -1.54919811196836e-17}