{"w": -0.9999999999999991, "b": -4.175045725807175e-17}