{"w": -0.5726650566552456, "b": -0.1560347891777774}