{"w": 0.31071664619883144, "b": 2.772389688841115e-17}