{"w": 0.2827521480409365, "b": 2.7227147612779428e-17}