{"w": 0.31747743740491136, "b": 0.12287581893294472}