{"w": 0.3075284171016412, "b": -0.011870094458843315}