{"w": 0.4613751881301589, "b": -0.0012328267495992156}