{"w1": 0.27543105621407504, "w2": 0.611940122654043, "b": -2.40230695789992e-17}