{"w": -0.7647965554391973, "b": -0.009181851590930148}