{"w": -0.20757457268951676, "b": -1.2444519776038005e-17}