{"w1": 1.3718212366176084, "w2": 1.4297165635276068, "b": -0.05312540753724088}