{"w1": 0.869969722385153, "w2": 0.9557535424277748, "b": -0.11139331204999893}