{"w1": -1.4314379054192121, "w2": 2.050602219493161, "b": -0.08628053197667188}