{"cc": 0.21685623447142993, "alpha": -3.2713892035673224e-16, "beta": 0.21685623447142996, "mx": 2.0816681711721685e-16, "my": -2.8199664825478977e-16, "sx": 0.9999999999999999, "sy": 1.0}