{"w": 0.14344029790267815, "b": -0.23698995032372577}