{"w": 0.2352266473859339, "b": 0.21412147697595302}