{"w1": -1.6312439096421016, "w2": 0.5727306076469688, "b": 0.1683133684321267}