{"w": 0.18701057674464142, "b": 0.020522528268658167}