{"w": 0.8317030910319175, "b": -0.03652872574451013}