{"w": -0.9999999999999989, "b": 3.3806291099835986e-16}