{"w": -0.3723158032032684, "b": 0.05982130899272886}