{"w": -0.3107542426318857, "b": 0.05404660213891761}