{"w": 0.9113963192186866, "b": -0.010435299131084808}