{"w": -0.692348502999777, "b": -2.4682462062434583e-16}