{"w1": -9.648113286123488, "w2": -5.938959243598236, "b": 0.1383710754102289}