{"w": -0.9702019373904196, "b": 0.012552664129120528}