{"w1": -0.49645411736516065, "w2": 1.1418076379617468, "b": 0.0009725224990362463}