{"w": -0.6788707057756238, "b": -0.04676309326286752}