{"w": -0.7007917393196524, "b": -0.053439048116086324}