{"w": -0.49482616690912784, "b": 0.09645834914002886}