{"w": -0.28938372678946206, "b": 0.0456143756569609}