{"w": -0.7789473169290038, "b": 0.02035799875838023}