{"w": -0.8337818477252159, "b": -0.0007379604347672183}