{"w": 0.2166839783604368, "b": 0.1498719984021553}