{"w": 0.017627888251896765, "b": 0.050442306162502844}