{"w1": 0.3362518904023134, "w2": 3.080366361881939, "b": 0.0008026316447967846}