{"w1": 0.06524757322226533, "w2": 0.9631981945567877, "b": 0.0023756441006322314}