{"w": 0.2355361679207313, "b": 0.16166471987714504}