{"w": 0.24817219834766374, "b": 0.1505014950205227}