{"w": 0.10297468885111725, "b": -3.2167886496500506e-17}