{"w": 0.12231720120314843, "b": 0.03396515097332168}