{"w": 0.033189169266435226, "b": -0.003292998214677169}