{"w1": -0.5996656237500994, "w2": -0.38684470676798055, "b": 9.90225787305077e-17}