{"w": -0.17515775242739495, "b": 2.08446124277144e-16}