{"w": -0.29604075021338033, "b": -6.006859232812315e-17}