{"cc": 0.5916995682178154, "alpha": 6.329017438725054e-17, "beta": 0.5916995682178154, "mx": 5.440092820663267e-17, "my": 9.547918011776346e-17, "sx": 1.0, "sy": 1.0}