{"w": 0.5530925428280704, "b": -0.013129979986989948}