{"w1": -0.300817999455669, "w2": -5.68629172948819, "b": -1.4947073092351844}