{"w": 0.8473831411315046, "b": -0.004788632569729945}