{"w": -0.9999999999999989, "b": 1.7624790515924333e-17}