{"w": -0.25671107221968814, "b": -0.003691279947502679}