{"cc": 0.5121782398985251, "alpha": -1.6842633242063868e-17, "beta": 0.5121782398985252, "mx": 1.5543122344752193e-17, "my": -8.881784197001253e-18, "sx": 0.9999999999999998, "sy": 1.0}