{"w": -0.26640073883689736, "b": 0.11268375627567494}