{"w": -0.1396087977260219, "b": 1.812038691314797e-17}