{"w1": 0.8026896715555493, "w2": 0.3201391026687162, "b": 5.699813084978636e-17}