{"w1": -0.13616203723550546, "w2": -2.013428253944903, "b": -0.3121658535957035}