{"w": 0.5057202835087926, "b": -0.006450368684382062}