{"w": 0.9711287734553176, "b": -0.002277218301581675}