{"w": 0.5813840891880974, "b": 9.011092409807845e-18}