{"w": 1.0000000000000484, "b": -7.105427357601056e-17}