{"w1": -0.4879192784313566, "w2": -0.5122543589917775, "b": -1.2356420054450442e-17}