{"w": 0.5665407541925656, "b": -0.016020648022557645}