{"w": 0.3961577870306244, "b": -0.1816651956749709}