{"w": 0.45891406152023145, "b": 0.03265269447343499}