{"w1": -0.3735036239331872, "w2": 0.28587121186896824, "b": 3.651956498314694e-17}