{"w1": -0.3797145329694961, "w2": 0.2888805960740242, "b": 0.002614687660183218}