{"w": 0.05655144960540176, "b": -0.047286045057317885}