{"w": -0.5535321943418716, "b": -0.004724003894813186}