{"w": 0.8484022658221171, "b": 0.03664793095820291}