{"w": -0.45225986444139316, "b": -7.920986172602376e-17}