{"w": -0.7024158386900502, "b": 3.760384740133008e-16}