{"w": 0.542106510702607, "b": -0.0023677205307715797}