{"w": 0.045469520235798734, "b": -0.01675711330804777}