{"w": 0.9663465985568783, "b": 0.008726313569190213}