{"w1": -0.6008659515479007, "w2": -1.80563720334086, "b": 0.11398550619776401}