{"w": 0.27086320675752845, "b": 0.023576960337886702}