{"w": 0.19147714360546308, "b": 0.0016663224123927016}