{"w": 0.857833088327679, "b": 1.8939299473277083e-17}