{"w": -0.5144283366703657, "b": 2.119564238960095e-17}