{"w": -0.44433573411032856, "b": 2.546747571210814e-16}