{"w": -0.4201604255513434, "b": -0.01834852489346586}