{"w": -0.2270131471463639, "b": -0.01443756003217001}