{"w1": -0.9678734832402067, "w2": 0.6441763497993569, "b": -0.05518666478432978}