{"w": -0.2936303470330967, "b": -0.035123175590185275}