{"cc": -0.18918890712051695, "alpha": 3.6062324301507797e-17, "beta": -0.1891889071205169, "mx": -6.661338147750939e-18, "my": 3.7322575585641006e-17, "sx": 1.0, "sy": 0.9999999999999998}