{"w": -0.14890935618722717, "b": 0.09968702000411911}