{"w1": 0.3410957846462068, "w2": 0.4841096186637974, "b": 5.752202339766228e-17}