{"w": 0.22955746620575732, "b": 0.0007577030117139909}