{"w": 0.21044144481219718, "b": 0.000937495062083998}