{"w": 0.115824964624909, "b": 0.0748515006069979}