{"w1": -0.3336578064865625, "w2": -0.59184014592245, "b": 3.206515040020425e-17}