{"w": -0.7101080592158943, "b": -0.06981110460844331}