{"w": -0.6360394396264443, "b": 0.020178623009045923}