{"cc": -0.6225126848324809, "alpha": 1.527108953773286e-17, "beta": -0.6225126848324808, "mx": -2.220446049250313e-18, "my": 1.6653345369377347e-17, "sx": 1.0, "sy": 0.9999999999999999}