{"w": -0.646287280449063, "b": 0.0032985000258367488}