{"w1": 0.603398871698532, "w2": 0.18032668551726574, "b": -1.2605028634010157e-17}