{"w1": 0.17128582318665928, "w2": 1.4563539039240259, "b": 0.0434578119049668}