{"w": 0.27564467819086963, "b": -0.006298974375347016}