{"w": 0.9253356611744084, "b": 0.052340170319653115}