{"cc": 0.6842678774480901, "alpha": 5.8430243867842344e-18, "beta": 0.6842678774480901, "mx": 4.440892098500626e-18, "my": 8.881784197001253e-18, "sx": 1.0, "sy": 1.0}