{"w": -0.26322411080978747, "b": 0.1457719080730147}