{"w": 0.027824354707188904, "b": 1.0367018752309614e-16}