{"w": 0.8378053655897271, "b": -4.896897195977684e-17}