{"w": -0.056470192304435445, "b": 7.543794328531579e-17}