{"w": -0.5909237595202487, "b": 1.8646171068938862e-17}