{"w": 0.1112424463601091, "b": -1.6834759085057712e-16}