{"w1": -1.1937668792694254, "w2": -1.2626045038988287, "b": 0.055750678918579565}