{"w": 0.6451834712003844, "b": -0.038380035100249496}