{"w": 0.2997943075794408, "b": -1.8958095079118578e-17}