{"w1": 3.8067569499481086, "w2": -0.4953757663957265, "b": -0.06785520635760177}