{"w": 0.1891976195772899, "b": 0.009336009211565386}