{"w": 0.6873314093773574, "b": 0.012668923940470232}