{"w": 0.914089609313053, "b": -1.3088422412001235e-16}