{"w": 0.9223081972089743, "b": -1.3068348587874929e-16}