{"w": -0.2982332200379473, "b": -0.014855572004167731}