{"w": 0.3203790868019844, "b": 0.00942084246635794}