{"w": 0.06486380354843435, "b": 0.18445581752603626}