{"w": 0.0025841213999815865, "b": -0.019849836950457583}