{"w": 0.0023548618334015693, "b": -0.018857594958563956}