{"w1": -0.02409871565103283, "w2": -0.6623005664615487, "b": -0.004484442648009844}