{"w": -0.4292377412192265, "b": 0.005567552393818773}