{"w": -0.06409160356885209, "b": -0.06969689298059878}