{"w1": -0.9010170286826998, "w2": 0.33566423257333666, "b": 0.0024878792760731332}