{"w": 0.681060357888824, "b": -2.508432110002177e-17}