{"w": -0.45236743394597206, "b": -4.458074271585555e-16}