{"w": -0.44788854846135867, "b": -4.458123997203452e-16}