{"w": 0.32303589487721746, "b": 4.283716399269026e-17}