{"w": 0.9404108960316117, "b": 0.0007266540671307589}