{"w1": -0.4615566373896887, "w2": -0.2636726088280022, "b": 7.839385750767926e-17}