{"w": -0.12601232651552752, "b": -0.0148272341273743}