{"w": -0.9999999999999758, "b": 2.04675686121815e-17}