{"w": -0.1566441904821994, "b": -7.765585085040926e-17}