{"w": -0.052151264895424335, "b": -8.638840658662609e-05}