{"w1": 1.5231587221421108, "w2": -1.1946184116413257, "b": 0.14185415583718794}