{"w": -0.22842469228251353, "b": 0.013280300138408288}