{"w1": 0.2642151809851618, "w2": 0.16731877566996212, "b": 3.441281747837943e-17}