{"w1": -0.805500200069241, "w2": -0.8770549706417985, "b": 0.014361751445660001}