{"w1": -0.903514208361761, "w2": -1.586356574700303, "b": -0.024733341995251}