{"w": 0.42780179458226403, "b": 5.0078327271613783e-17}