{"w": 0.43011762935761405, "b": -0.15745213711142889}