{"w": -0.6304502665026814, "b": -2.789684094862205e-16}