{"w1": -1.8602669906290303, "w2": 0.39017999210207005, "b": 0.013247196933299073}