{"w1": 0.34237243198997064, "w2": -0.4953404875828488, "b": -1.2478790672682045e-16}