{"w1": 0.335729640589085, "w2": -0.4547117537256944, "b": -1.1640915493826148e-16}