{"w": 0.14740885906077034, "b": 0.009012069929025366}