{"w": 0.7109284513831201, "b": -0.0334207721320572}