{"w": 0.4412887996561907, "b": 0.08387066608591304}