{"w1": 0.04232359955159543, "w2": -0.7513812407581484, "b": 8.623329395020794e-18}