{"w": 0.7348471741743697, "b": 0.02184984007593442}