{"w": 0.3154089605066318, "b": -0.031092136657839387}