{"w": 0.1525040116784319, "b": 0.07805633244482878}