{"w": 0.3791333040378649, "b": 0.031507876391460354}