{"w": 0.923948046936136, "b": 0.021928593353846115}