{"w1": 0.018678761690696398, "w2": -0.47074198598649747, "b": -3.1440665855200924e-17}