{"w1": 0.26092391229712547, "w2": -1.7223047433169212, "b": -0.0219482193378579}