{"w": -0.23236268671955243, "b": 0.07398028766805062}