{"w": -0.2145492804691752, "b": 0.020743341781473634}