{"w1": -4.339347429567023, "w2": 16.683354514599774, "b": 3.485988560836168}