{"w1": -0.8415841802539454, "w2": 2.6561048285685023, "b": 0.24241866153371325}