{"w": -0.05069669038017311, "b": -0.12419509303059866}