{"w": -0.9999999999999986, "b": -3.9412917374192975e-17}