{"cc": -0.0021344160358958836, "alpha": -2.2270811471664193e-17, "beta": -0.002134416035895884, "mx": -3.1086244689504386e-17, "my": -2.2204460492503132e-17, "sx": 0.9999999999999999, "sy": 1.0}