{"w": -0.25559086969279576, "b": 0.030205562232794244}