{"w": -0.3727694246976477, "b": 8.889856978888346e-18}