{"w": -0.24318304835451832, "b": 0.07315908115301444}