{"w1": -2.7265471807072634, "w2": 0.07222749644996795, "b": 0.44582594917355534}