{"w": 0.6489715816682181, "b": -0.06598705240942929}