{"w1": 0.4684648741698131, "w2": 0.5642279087644283, "b": 5.898326745250237e-17}