{"w1": 0.5718945920408454, "w2": 0.6657279188769659, "b": 0.002224529144502385}