{"w": 0.9651186746494897, "b": 3.4675163676266304e-17}