{"w1": 1.5290206041167191, "w2": -1.3685167634282882, "b": -0.39474901196257495}