{"w": -0.5266606265645548, "b": 0.056059877561731475}