{"w": -0.32399651564994203, "b": 0.06355608457623783}