{"w": 0.41197148718832693, "b": 3.826361267692185e-17}