{"cc": -0.08729687275505046, "alpha": -5.1298201249173724e-17, "beta": -0.08729687275505045, "mx": -2.4424906541753446e-16, "my": -2.997602166487923e-17, "sx": 1.0, "sy": 0.9999999999999999}