{"w": -0.33655941711618553, "b": -0.2224879837620016}