{"w": -0.47015987288667793, "b": 2.468297973283264e-16}