{"w": -0.45955680277296934, "b": -0.042347609719247226}