{"w": -0.48673586381920353, "b": 0.009182952810899115}