{"w": -0.42127772647322737, "b": 3.5229474912400463e-17}