{"w1": 32.728213899566015, "w2": -12.258007695075051, "b": 0.9554519265257703}