{"w": 0.23387816005872267, "b": 3.7589116237484837e-16}