{"w": -0.35059271165821654, "b": 0.007732875584266947}