{"w": 0.09219130578756868, "b": -1.3615528040212258e-16}