{"w1": 1.1137367580027064, "w2": 1.5735595348019427, "b": -0.03470634806935261}