{"w": -0.4965353108874035, "b": -0.021930847457453103}