{"w": -0.4578078193254831, "b": -0.021788919162413923}