{"w": 0.15934614352581086, "b": -6.666325409525909e-17}