{"w": 0.2937763102395488, "b": 0.06480243615198772}