{"w": 0.16319982018049936, "b": -0.000503366996857775}