{"w1": 0.5500757055492677, "w2": -0.21290987693840638, "b": 2.594573854693717e-17}