{"w": 0.47765472755279037, "b": 0.09474477037552576}