{"w": -1.0099218420902827, "b": -0.0024607242370615475}