{"w": 0.6859836043490846, "b": -0.00895484105984612}