{"cc": -0.5155691923936759, "alpha": 2.2066178285540905e-17, "beta": -0.515569192393676, "mx": -8.881784197001253e-18, "my": 2.6645352591003756e-17, "sx": 0.9999999999999998, "sy": 1.0}