{"cc": 0.12997109262964182, "alpha": -2.6035853204445277e-17, "beta": 0.12997109262964188, "mx": -3.8857805861880476e-17, "my": -3.1086244689504386e-17, "sx": 0.9999999999999997, "sy": 1.0}