{"cc": -0.5812574485952495, "alpha": 1.138670008750592e-17, "beta": -0.5812574485952495, "mx": -3.3306690738754695e-18, "my": 1.3322676295501878e-17, "sx": 1.0, "sy": 1.0}