{"w": 0.5491683992445191, "b": -0.02006615721840218}