{"w": 0.5779117126808191, "b": -0.07855094733831892}