{"w": 0.3074597619426742, "b": 0.20659956727965598}