{"w": 0.8275288869054226, "b": -2.900130300726709e-16}