{"w": 0.15921472689545438, "b": 0.01906176374152608}