{"w": 0.9403166111336806, "b": 0.024107342660938613}