{"w1": 1.1671762718557006, "w2": -0.3668488892264832, "b": 0.070936865680523}