{"w": -0.0978944300131649, "b": 0.06544871949425371}