{"w": -0.02556160765586421, "b": 0.18476775658711442}