{"w": -0.022714483928993903, "b": -0.015280043553743386}