{"w1": -0.06434477462528557, "w2": -0.7884937294100488, "b": 3.668764692559796e-17}