{"w": 0.24805391415619144, "b": -3.435157992782002e-16}