{"w": 0.2341764020160667, "b": 0.15162448883432358}