{"w1": -0.368975893130878, "w2": 0.35735965878709414, "b": -2.6711143832539747e-17}