{"w1": 0.3695793636880493, "w2": -0.4497568069749963, "b": -1.5882822695132364e-18}