{"w": -0.4123040006411622, "b": -2.2046098344335572e-17}