{"w": 0.6853603305288593, "b": 0.00011997473244942936}