{"w": -0.02934113543706825, "b": 0.07617601340693053}