{"w1": -0.8132352177351426, "w2": -0.7840794496791361, "b": -0.028885166476711077}