{"w": -0.06634984363823336, "b": 2.0758532478833692e-16}