{"w": 0.05194475897221363, "b": -0.09883530654341743}