{"w": -0.09500412844362935, "b": 0.01805947181459125}