{"w": -0.48339151939587727, "b": 0.004498262773869272}