{"cc": -0.10992562350246501, "alpha": 1.5355759029849975e-18, "beta": -0.10992562350246501, "mx": -4.662936703425657e-17, "my": 6.661338147750939e-18, "sx": 0.9999999999999999, "sy": 0.9999999999999999}