{"w": -0.007265494796113544, "b": 0.02042974664734634}