{"w": 0.23467818755482783, "b": 0.19849258857446767}