{"w": -0.34980243013913714, "b": 3.16347758035619e-17}