{"w": -0.26604840149404524, "b": -0.11097357720894022}