{"w": -0.40372400299932987, "b": 0.004369233570180137}