{"w": 0.09241872301734476, "b": -3.311991626193234e-17}