{"w": 0.10155903628279643, "b": -3.321124633808866e-17}