{"w": 0.8176727181712242, "b": 0.0118833243237944}