{"w": 0.26920797678893355, "b": 5.350474606932677e-16}