{"w": 0.5927151759593847, "b": -0.05349804061213897}