{"w": 0.5705800210806415, "b": -0.1308954576782826}