{"w": 0.7025631824706142, "b": 0.004196288715608468}