{"w1": -0.08380578696426952, "w2": -0.681394888315919, "b": 5.4170961542818836e-18}