{"w": 0.29227823498810973, "b": 0.00789944588010114}