{"w": 0.9999999999999992, "b": -8.826273045769984e-17}