{"w": 0.2529055882708338, "b": -7.566609145614619e-19}