{"w": 0.2456247031783761, "b": -0.0042025713287821955}