{"w1": -2.2042154990225997, "w2": 0.7949348288886672, "b": -0.09913348065376906}