{"w": 0.4933318127370283, "b": 0.03868525651472475}