{"cc": 0.29459471440052165, "alpha": -2.3806791150032178e-17, "beta": 0.29459471440052165, "mx": 7.327471962526034e-17, "my": -2.220446049250313e-18, "sx": 1.0, "sy": 1.0}