{"w1": -0.07360439089440443, "w2": 1.442543764176034, "b": 0.0710688472304814}