{"w": 0.3946156432004046, "b": -0.02543719560749058}