{"cc": -0.48544376822099267, "alpha": 2.861268042426598e-17, "beta": -0.4854437682209926, "mx": 2.6922908347160045e-17, "my": 1.5543122344752193e-17, "sx": 1.0, "sy": 0.9999999999999999}