{"w": -0.6757807425382372, "b": -1.3700845562548235e-16}