{"w": -0.5113370219955534, "b": -0.14123770093947358}