{"w": 0.009753339722524054, "b": -0.5930390706040884}