{"w": 0.5314503711092584, "b": 0.028895330722881567}