{"cc": 0.4544532896706315, "alpha": -1.7156764315959335e-16, "beta": 0.4544532896706314, "mx": 1.3322676295501878e-16, "my": -1.1102230246251565e-16, "sx": 1.0, "sy": 0.9999999999999999}