{"w": 0.6033272215738057, "b": 0.19290966176189328}