{"w": 0.950068044754786, "b": -0.01917453041794174}