{"w": -0.14436614049858354, "b": -3.905326627747656e-17}