{"w1": -0.4327960826525366, "w2": -0.4438582520859851, "b": 6.651790968910973e-18}