{"w1": -0.5282712623166173, "w2": -0.5564603211909009, "b": -0.050074998779250104}