{"w": -0.5217901554978891, "b": 0.005156643394827665}