{"w": -0.5474659385642969, "b": 1.1087951489631092e-17}