{"w": -0.1296493837752276, "b": 0.040269518869215655}