{"w": -0.05647038118988559, "b": 0.16445515574593858}