{"w1": 0.4585817969601979, "w2": -0.3353110247882067, "b": -9.461562549982945e-17}