{"w1": 1.0998951960048162, "w2": -0.9375894189330919, "b": -0.08772320358154889}