{"w1": -0.41138896468516073, "w2": -0.5369263332099005, "b": 3.235910522586671e-16}