{"w": 0.539537648946791, "b": -0.12065324849927617}