{"w": 0.5947783093182409, "b": 0.013805874410846734}