{"w": 0.26140352821287915, "b": 0.11124340873574264}