{"cc": 0.7496506638622389, "alpha": 3.174209448154809e-17, "beta": 0.7496506638622388, "mx": -9.575673587391974e-18, "my": 2.456368441983159e-17, "sx": 1.0, "sy": 0.9999999999999998}