{"w": 0.6104426677725578, "b": -0.05425911504833114}