{"w": 0.559358373843541, "b": -0.05489924671085467}