{"w1": 0.4190693479660883, "w2": -1.9875238313040509, "b": -0.01541710490431385}