{"w": -0.0002764871318480224, "b": -1.1035619409837083e-17}