{"w": 0.42825443431318044, "b": -0.005985412998416817}