{"w": 0.09269594669677426, "b": -8.200536708440556e-17}