{"cc": -0.36449784256675266, "alpha": -3.266285719375472e-17, "beta": -0.3644978425667526, "mx": 4.4408920985006264e-17, "my": -4.884981308350689e-17, "sx": 1.0, "sy": 0.9999999999999999}