{"w1": -1.8351969732558358, "w2": -0.3818964057868471, "b": 0.02388604663579462}