{"w": 0.6990028730463496, "b": 1.8816493052174552e-05}