{"w": 0.6192860547902654, "b": 0.08517712137031626}