{"w": 0.34089068381252735, "b": 0.11385937911546579}