{"w": 0.26329278753181723, "b": 1.4783535799690925e-16}