{"w": 0.28854288730838534, "b": 0.18649700505904884}