{"w1": 0.4625605349348716, "w2": 0.8167370781996054, "b": 0.007354485059628923}