{"w1": 0.5135877802864247, "w2": 0.024726782979011312, "b": 4.5985465208933077e-17}