{"w1": 0.5609906572334881, "w2": 0.03470777606675002, "b": 4.95460211201612e-17}