{"w1": 0.39950738861573054, "w2": 0.9844731692487821, "b": 0.03155181783792578}