{"w": -0.4827250332443726, "b": 0.023697655504891828}