{"w1": 2.3108913100746755, "w2": 0.24416590669427973, "b": -0.0003890972720812699}