{"w1": 0.6791480865719748, "w2": 0.08158007899438409, "b": -1.508011685684651e-17}