{"w1": 1.0958901532236056, "w2": 0.21492401768123445, "b": -0.013525123905730945}