{"w": 0.31480229935135623, "b": -0.04733940007772073}