{"w": 0.30376339602749336, "b": 1.4797003028349272e-17}