{"w": 0.30878086750465394, "b": -0.004094927007141028}