{"w": -0.076766285472575, "b": -0.016545345553200703}