{"w1": 0.759723859877983, "w2": -0.14691762415348192, "b": 2.7750557583685296e-18}