{"w1": 0.7651454650508049, "w2": -0.1277248595867521, "b": -0.006570901020984347}