{"w": -0.31138544965919807, "b": 0.021652275034352086}