{"w": 0.021806624675005604, "b": -0.20660642757611958}