{"cc": 0.4224487588230329, "alpha": -1.0162501897184896e-17, "beta": 0.422448758823033, "mx": 1.7486012637846216e-17, "my": -2.7755575615628915e-18, "sx": 1.0, "sy": 1.0000000000000002}