{"w": 0.5758741864944839, "b": -0.00029784217942803296}