{"w": 0.1590217923122501, "b": 0.03135913140414947}