{"w": 0.21995083220597159, "b": 0.021686541832256902}