{"w": -0.4309936904435977, "b": -0.12861899334510396}