{"w": -0.48023366683266516, "b": 0.008583661179431892}