{"w": -0.5627817156704892, "b": 0.00233337395190976}