{"w": -0.36012082968383735, "b": 0.003294666972811342}