{"w": -0.3791804200641837, "b": 0.002660043318680725}