{"w": -0.4575277220765078, "b": -0.09997954113566405}