{"w": 0.12509434440355188, "b": -0.1482055549548141}