{"w": -0.9999999999999966, "b": 3.0864200084579276e-16}