{"w": -0.18471634619953642, "b": -0.056225561911305545}