{"w": -0.3964833017031118, "b": 0.05767667711095406}