{"w": 0.015008053405221012, "b": 5.674435680862528e-17}