{"w": 0.015142990948324893, "b": 5.673548052066629e-17}