{"cc": 0.11787612546055862, "alpha": -1.2291839215186324e-16, "beta": 0.11787612546055856, "mx": 4.4408920985006264e-17, "my": -1.176836406102666e-16, "sx": 1.0000000000000002, "sy": 0.9999999999999998}