{"w": 0.5341190335454478, "b": -0.024033268299380423}