{"w": 0.595675840762688, "b": -7.785890093023649e-18}