{"w": -0.2686257148580493, "b": 4.967029805747578e-17}