{"w": -0.3009992085229429, "b": -0.0016739734246157406}