{"cc": -0.3265197962427135, "alpha": -9.02015654430115e-17, "beta": -0.3265197962427135, "mx": 1.4876988529977099e-16, "my": -1.3877787807814457e-16, "sx": 1.0, "sy": 1.0}