{"w1": 4.83721476033808, "w2": 0.9774797960821052, "b": 0.2828776352514263}