{"w": -0.29730153539707005, "b": -2.628549669954652e-17}