{"w1": 2.191961036074782, "w2": 0.5388402765072752, "b": -0.06546023861075545}