{"w": -0.7060248809304865, "b": 1.4897764072775676e-17}