{"cc": 0.18345978550430064, "alpha": -5.804394200670124e-17, "beta": 0.18345978550430064, "mx": 1.2878587085651815e-16, "my": -3.441691376337985e-17, "sx": 1.0, "sy": 1.0}