{"w": -0.16921842491132233, "b": -0.08753697823826788}