{"w": -0.5600554564064458, "b": 0.06437770526320906}