{"w": 0.08311839808844015, "b": 0.10373949258516965}