{"w": 0.9843184998267148, "b": 0.007492809225166895}