{"w": 0.41821872832873797, "b": 0.0943277265154609}