{"w": 0.4292269324008295, "b": 0.09505336475569061}