{"w": 0.6325670419221527, "b": -0.021040703368385833}