{"w": 0.26278557161839194, "b": 1.269477511295223e-16}