{"w": 0.9704567755007423, "b": -0.013491210470381427}