{"w": -0.016578841676594142, "b": -1.8554864448684194e-16}