{"w": -0.5270757530819302, "b": 2.0716280531885286e-16}