{"w": -0.3594686381082081, "b": -0.1982155772384212}