{"w": -0.17339961609498764, "b": -0.02553427111007933}