{"w1": -0.48328676076629223, "w2": -0.9265182860465154, "b": 0.04040989683851246}