{"w1": -1.738145691242135, "w2": 2.6465303380277097, "b": -0.22510056641259435}