{"w1": -0.6714333325287062, "w2": 1.1521672054050327, "b": -0.04963964490285509}