{"w": -0.23821110803963488, "b": 0.004315518768988159}