{"w": -0.23279724776000607, "b": -0.019589285732015793}