{"w": 0.19059203947367806, "b": 3.110912108326614e-16}