{"w": 0.5146945548037972, "b": 0.0022929739409251605}