{"w": 0.5097423908291919, "b": 0.013412771977165769}