{"w": -0.14292327350466144, "b": -0.08088667547090356}