{"w": -0.12605869537980613, "b": -0.08761193616966992}