{"w": 0.19669974290119263, "b": -0.20936192321290473}