{"w": -0.8945003436703202, "b": 0.008748752037936411}