{"w": -0.6633010097519574, "b": 0.007589315964142005}