{"w": 0.39427687228290736, "b": -0.0852415227433384}