{"w": -0.7013401936617116, "b": 0.07702419384469872}