{"w": 0.15557515604167704, "b": -0.05812969981159504}