{"w": 0.8861284537338254, "b": 0.007369102364770878}