{"w1": -0.9686661876897056, "w2": 0.06861358818199084, "b": 8.830668277828682e-17}