{"w": -0.7357948117148784, "b": 4.640997271282868e-16}