{"w": -0.8085657271592069, "b": 4.9879986787058e-16}