{"w": -0.1977219997677831, "b": 3.658677804647199e-17}