{"cc": 0.10336580190790909, "alpha": -4.8999284714486405e-18, "beta": 0.1033658019079091, "mx": 4.440892098500626e-18, "my": -4.440892098500626e-18, "sx": 0.9999999999999998, "sy": 0.9999999999999999}