{"w": 0.0951371383011091, "b": -0.059529745388025246}