{"w": 0.09396891082537188, "b": -4.85819789208973e-18}