{"w": 0.10326253936854052, "b": -4.899469893653487e-18}