{"w": 0.5141248973922619, "b": -0.022516843164261904}