{"w": 0.5388703736094619, "b": -2.403102542023943e-17}