{"w1": -2.622616556188349, "w2": 0.7826418554122234, "b": -0.221532743860152}