{"w": -0.2995986725057598, "b": 0.02094848081767786}