{"w": -0.5757025914281025, "b": 1.740292159998082e-16}