{"w": -0.597387436612637, "b": -0.201353416041303}