{"w1": 0.24332059410905116, "w2": 0.33395230317832897, "b": 6.8523704848643065e-18}