{"w1": -0.2372531702036226, "w2": 2.0105474520320366, "b": 0.05421022292300767}