{"w": -0.7359971920063382, "b": 5.5421647539460223e-17}