{"w1": -0.42011657109113243, "w2": -0.566624979048121, "b": -6.412307413644477e-17}