{"cc": -0.30107804308950936, "alpha": -1.73577503238896e-16, "beta": -0.30107804308950936, "mx": -2.5202062658991054e-16, "my": -9.769962616701378e-17, "sx": 0.9999999999999999, "sy": 0.9999999999999999}