{"w": -0.14874703695294297, "b": -0.1785395485676668}