{"w": 0.1719648285455914, "b": 0.14036427842439403}