{"w": 0.5857172409680174, "b": -0.008599175063178635}