{"w1": 0.031697991083983065, "w2": -0.8016916938588347, "b": -8.984855518551788e-18}