{"w": 0.9793240352537553, "b": 0.005629196658336099}