{"w": 0.9736753097610045, "b": -4.791607425134122e-18}