{"w": -0.2129904060193651, "b": 0.05121038617241293}