{"w": -0.4168002513339176, "b": -2.9048759488198465e-17}