{"w": -0.412673516172196, "b": -2.911290183770149e-17}