{"w": -0.3192534126920507, "b": -8.432594403980038e-18}