{"w": -0.3628996997932115, "b": -0.0831335534157112}