{"w1": -0.025627199666054305, "w2": -1.4000381661431287, "b": 0.014176074279133359}