{"w": 0.3307351734994394, "b": -0.014261567074507105}