{"w": -0.062468545707346244, "b": 0.0887665143562705}