{"w": 0.3842200372342258, "b": 0.037178792078126965}