{"w": 0.5331521104178216, "b": 0.025422495645955445}