{"w": 0.6781217900006312, "b": -0.024379385630479256}