{"w": 0.4402188195451986, "b": 0.0679703718005581}