{"cc": 0.37499357248719345, "alpha": 6.244326596109161e-18, "beta": 0.37499357248719345, "mx": -1.0547118733938987e-16, "my": -3.3306690738754695e-17, "sx": 0.9999999999999998, "sy": 0.9999999999999999}