{"w1": 0.5721690279647081, "w2": -2.1718271979399595, "b": 0.12016272913092069}