{"w": 0.04084705685815616, "b": -0.0044670639890307924}