{"w": -0.3063385602012983, "b": 6.076649489575559e-18}