{"w": -0.3312804479834413, "b": -0.004137547717422527}