{"w": 0.6808792807510281, "b": 0.0012951974346581407}