{"w": -0.30214590980571693, "b": 2.8935937896769893e-16}