{"cc": -0.4257082785385432, "alpha": -7.135480689241838e-19, "beta": -0.42570827853854315, "mx": -2.7755575615628914e-17, "my": 1.1102230246251566e-17, "sx": 1.0, "sy": 0.9999999999999999}