{"w": -0.18682941284366258, "b": -7.637977048796605e-16}