{"w": -1.0000000000000007, "b": -3.6359804056473854e-17}