{"w": 0.3248969964028584, "b": -0.018561647263409947}