{"w1": -0.6204295054281843, "w2": -0.5254387982881852, "b": -0.0005519149181006048}