{"w": 0.588210568845052, "b": 1.5478144514812637e-17}