{"w": -0.3865976974811138, "b": -1.9129030449266247e-16}