{"w": 0.7446901428906098, "b": 0.013101445302278858}