{"w1": -0.49820067298149373, "w2": 0.5114752605616233, "b": -4.7410515391360054e-17}