{"w1": -1.4840021072028102, "w2": 1.7639647181247282, "b": 0.10142414957788812}