{"w": 0.03871065801128865, "b": 0.05615197422313034}