{"w1": 0.7276455729007862, "w2": 2.802106711834845, "b": -0.07755584076546233}