{"w1": -0.604150301073547, "w2": -0.3095910471618789, "b": -0.029322662037315678}