{"w": -0.05124928904138648, "b": 0.0902742319367954}