{"w": -0.02436710158942923, "b": 0.06398327260276077}