{"w": -0.033054758573370105, "b": 0.07518263299550143}