{"w": 0.21285360620549187, "b": 0.21419520478479492}