{"w": 0.5265780220013737, "b": -0.0523419445216382}