{"w": -0.04947094518674751, "b": 2.209461292771054e-17}