{"w": -0.1639634045974883, "b": 0.017777330796622717}