{"w": -0.03619284767953297, "b": -0.006296156959450048}