{"w": 0.9801640997065615, "b": 1.6829523555136904e-17}