{"w": -0.279529555163214, "b": -0.07732811676586049}