{"w": -0.07867230831411551, "b": 2.0482830811242794e-17}