{"w": -0.5408938878093732, "b": 0.03575189285107148}