{"w": 0.11556485009032769, "b": 0.08593870974190643}