{"w1": 0.5670628280680059, "w2": 0.33138677242616177, "b": -0.012953032109988757}