{"w": 0.6891263473072169, "b": -0.007134570276853401}