{"w1": -1.8021224832355482, "w2": -1.029866442863603, "b": -0.036888919413725574}