{"w1": -0.5356680854463487, "w2": 0.4373445927221674, "b": 0.036908303315952934}