{"w": -0.30967205735784503, "b": 0.005368441519210534}