{"w1": -0.786207245057533, "w2": 0.01807881225794907, "b": 6.866281957481912e-17}