{"w1": -0.8563121833598828, "w2": 0.020867841680845527, "b": 7.476627128616228e-17}