{"w": 0.8720760368302073, "b": 6.170827290125547e-17}