{"w": 0.9419115572153238, "b": 0.002627159606886421}