{"w": 0.11347847095154984, "b": -0.2858741559756505}