{"w": 0.10982979963048682, "b": -0.2912102726563481}