{"w": 0.26640837408774226, "b": 1.6557959160309803e-17}