{"w": 0.19541878762725998, "b": 0.03188928155285742}