{"w": -0.09300692412073801, "b": -0.042115453030618824}