{"w": 0.9616374389379617, "b": -0.005508421305332915}