{"w": 0.22992453826191847, "b": -0.004500305312473848}