{"w": 0.1570893873511077, "b": 0.0020534807686318894}