{"w": 0.2215132192433462, "b": -0.013212404916506992}