{"w": 0.3482777355867807, "b": -0.017655056442484197}