{"w1": -0.7008067065549897, "w2": -2.0974473342980167, "b": -0.4189115311728366}