{"w": 0.6002213760934545, "b": 3.785516426401307e-17}