{"w": 0.545655796448595, "b": 3.870328374424544e-17}