{"w": 0.2538365170819438, "b": 0.05170554180099861}