{"w1": -0.5201942993612575, "w2": -0.32646848138055967, "b": 7.265241120410245e-17}