{"w": -0.09309670417397353, "b": 0.025971580186878625}