{"w": 0.45233100292003403, "b": -0.0036022583530132997}