{"w": -0.35206860302558757, "b": -6.98521861230722e-17}