{"w": 0.9999999999999997, "b": -2.6090241078691186e-17}