{"w": 0.15603035152300498, "b": -0.04300051939772638}