{"w": 0.14025332434286147, "b": -1.3804681836100083e-16}