{"w": 0.1287780523511728, "b": -1.3797037769392677e-16}