{"w1": 0.8563265184434125, "w2": -0.3912386764307343, "b": 1.5473060633144963e-17}