{"w1": 1.961024751289302, "w2": -0.8881963265701319, "b": -0.020453596019582458}