{"w": -0.4280280025526339, "b": 8.983142642146623e-18}