{"w": -0.07009516051007933, "b": -0.03561870002001648}