{"w": -0.010313732765280175, "b": 0.009095108995371701}