{"w1": -0.44185523879406174, "w2": -0.5494744372987183, "b": 1.031355748487935e-16}