{"w1": 22.844183121984056, "w2": -12.121618295431055, "b": -9.908102368722542}