{"w1": -1.200310819520219, "w2": -4.206119883175414, "b": 0.1867407925584867}