{"w": -0.057179069862231625, "b": 6.462426720219073e-17}