{"w": -0.06321882013722784, "b": -0.003184157045499375}