{"w": -0.06296482678378855, "b": -0.003182664486834734}