{"w": -0.07043461636268908, "b": -1.7411676796328266e-17}