{"w": 0.11434663870933602, "b": 2.9675914853790195e-16}