{"w": 1.0000000000000007, "b": 3.616551502716448e-16}