{"w": 0.6596569976219684, "b": 1.5155065665874798e-16}