{"w": 0.9606446864584678, "b": 2.98986230704129e-17}