{"w": 0.9661854574771501, "b": -0.0007332372983602509}