{"w": 0.06142352213315273, "b": 5.841606836533114e-17}