{"w": -0.03077628102536622, "b": 0.1302551179774218}