{"w1": -0.6655684410323157, "w2": -2.5346385159386924, "b": -0.7057463415862386}