{"w": 0.6835466302973041, "b": 0.028415710476037224}