{"w": 0.7040630158156617, "b": 8.332588558206247e-17}