{"w": 0.294443147158594, "b": 0.14317381546256605}