{"w": 0.01034838366972603, "b": 0.025203699822817116}