{"w": 0.011658507375437844, "b": 0.06591709935080248}