{"w": -0.29772441709079117, "b": 0.008272448650073925}