{"cc": 0.05297515874494233, "alpha": 5.73126500398663e-17, "beta": 0.05297515874494232, "mx": 2.886579864025407e-17, "my": 5.88418203051333e-17, "sx": 1.0, "sy": 0.9999999999999998}