{"w": 0.738704870152234, "b": 0.01404387566159691}