{"w": -0.37217108695453943, "b": 0.0651355063738979}