{"w": 0.028386752422788642, "b": -0.057527404903090745}