{"w1": -0.6709950844824343, "w2": -0.5516471137127792, "b": 0.11212767193723346}