{"w1": 0.0523748746023736, "w2": -0.47441678274821836, "b": -7.34110763159113e-18}