{"w": -0.26301370080176395, "b": -0.005762658347604432}