{"w": 0.9257734241474336, "b": -0.009571073154403356}