{"w": 0.16968680078458637, "b": 0.017566272033475255}