{"w": -0.5841222607713704, "b": 0.01521495256499123}