{"w": 0.04036114294307435, "b": 0.225064956425991}