{"w": -0.05870226119084701, "b": 0.07021402120912418}