{"w": -0.24959177917704128, "b": -6.489379387573303e-17}