{"w": -0.2718326307868767, "b": -6.028867889168177e-17}