{"w": -0.2957290180131993, "b": 0.026729502712361214}