{"w": -0.3832549023876002, "b": 0.0004858574854277515}