{"w": 0.26943829507823036, "b": 8.542481112241766e-18}