{"w1": -1.4379730719129464, "w2": 0.5240212166523793, "b": 0.04611626723738205}