{"w1": -0.7171594175393639, "w2": 0.2853002531306711, "b": -0.022194272952493786}