{"w": 0.27600133864409027, "b": 0.15726623563035175}