{"w": 0.15366277031669487, "b": 0.23413617551952723}