{"w": 0.9999999999999909, "b": -1.504352198367088e-16}