{"w1": 0.7427706177017229, "w2": -0.5237936722518745, "b": -0.004609384092408726}