{"w": -0.3517892172708484, "b": -0.009234083015574795}