{"w1": -0.184115845095186, "w2": -0.580770254292201, "b": 3.293675607731194e-17}