{"w1": -0.6133827212018321, "w2": -1.1498354771807724, "b": -0.012272812292472957}