{"w": -0.2502576509571362, "b": 7.409222624240795e-17}