{"w": -0.4984041486834993, "b": 0.016433497204715677}