{"w": 0.16903761427721956, "b": -0.1130827103180267}