{"w": 0.18002407833800962, "b": 0.026568453591970947}