{"w1": 0.3282049455657809, "w2": 0.9276450055487214, "b": -0.013608410106521003}