{"w1": 1.1553659925729156, "w2": 3.5179986556972356, "b": 1.5860681947323616}