{"w": 0.3467795101806389, "b": 2.7871961111013465e-17}