{"w": 0.7326444913179323, "b": 8.178260563939074e-18}