{"w1": -0.908121847408651, "w2": -0.8445207363332645, "b": 0.0982870389492134}