{"w1": -0.4946775567710026, "w2": -0.11370728206230883, "b": 1.7415829353212075e-17}