{"w": 0.20473005011211862, "b": -8.105529825656402e-17}