{"w": 0.021614143792517894, "b": 0.03630348410265487}