{"w1": 0.3223063062372541, "w2": -2.825045078962592, "b": -0.07924571058153888}