{"w1": 0.13998485185192225, "w2": -1.106272213849629, "b": -0.0677040076076056}