{"w1": 0.13081883823983811, "w2": -0.7486937542945186, "b": 2.1111113756008438e-17}