{"w1": 0.24268763695453252, "w2": -1.0901295957778179, "b": 0.22908149529668237}