{"w": 0.8856002075083711, "b": 0.027142427790995766}