{"w1": -0.20917624812958222, "w2": -0.5631409170956372, "b": -0.024400177097747427}