{"w": -0.04358725530455865, "b": -8.471290770542768e-17}