{"w1": 0.06348616834436567, "w2": 0.6189412755128506, "b": -1.903008505724955e-18}