{"cc": -0.05113824729563009, "alpha": 1.5625171371445292e-17, "beta": -0.05113824729563009, "mx": 2.3314683517128286e-17, "my": 1.4432899320127036e-17, "sx": 1.0, "sy": 1.0}