{"w1": -0.6565742049677706, "w2": -0.22953058629263365, "b": -2.4524551229141695e-16}