{"w1": -1.5173650544807793, "w2": -0.044643410705992356, "b": -0.10088336415708088}