{"w": 0.7622635196866281, "b": 7.222200132912186e-18}