{"w": -0.9375787693638844, "b": 0.0002933456788440421}