{"w": -0.9608311452671173, "b": 3.484196482302449e-18}