{"w": 0.7599116518143068, "b": -6.231679988142706e-17}