{"w": 0.3573065966837795, "b": -0.10251592580965857}