{"w": -0.5600842260023037, "b": -7.693921130902467e-16}