{"w": -0.5447462662561362, "b": 0.02948655330026928}