{"w": -0.5595247013010026, "b": -7.691206499111238e-16}