{"w": -0.5603560285809153, "b": -0.003026398844726271}