{"w": 1.0000000000000002, "b": -1.4918621893400543e-17}