{"w": 0.8276145424213956, "b": -0.03904371841015228}