{"w1": 0.11353540909026241, "w2": -0.48022062967659845, "b": 9.692588261581657e-18}