{"w": 0.48943356682501316, "b": 3.7419112110082386e-17}