{"w": 0.4380003503405814, "b": 0.03507195278550547}