{"w": -0.2682951050959037, "b": 0.01922341929757887}