{"w": 0.6165683555519407, "b": -0.0066809189021100855}