{"w": 0.5063964258901138, "b": 6.568779639464558e-17}