{"w": 0.6310706738222269, "b": -0.20653845277569516}