{"w": 0.9429460643759702, "b": -0.005876191605615849}