{"w1": -12.618573842566189, "w2": 16.166327950503145, "b": 5.148266777587057}