{"w1": -1.3236363020099753, "w2": 0.07033185866084185, "b": 0.045086011430552894}