{"w": 0.1392564176210731, "b": 6.71001138861774e-17}