{"w": -0.9797558930646744, "b": 3.0479406901424936e-17}