{"w": -0.35317451830088836, "b": 0.22902318171916186}