{"w": -0.39359130212265797, "b": 3.14876433957067e-17}