{"w1": -2.2731592813828585, "w2": 0.3205091632214301, "b": -0.11607450399367997}