{"w1": -1.016532523524429, "w2": -0.2136035957914389, "b": 0.0015228728605963826}