{"w": 0.4363553298459204, "b": 0.038192774174971564}