{"w1": 0.2755673260627678, "w2": 0.7122957368006629, "b": 0.015730432476421977}