{"w": 0.09333623225562944, "b": 0.01887946937933045}