{"w": 1.000000000000006, "b": 3.3306690738756944e-18}