{"w1": 1.5649572090170922, "w2": -0.849920465453508, "b": 0.062322916866482045}