{"w1": 2.1699246597516275, "w2": -1.9132327230421657, "b": 0.05402957439382969}