{"w": 0.015474536212678806, "b": 0.08960570971593805}