{"w": -0.015124959058554769, "b": 1.7005424982424006e-16}