{"w": -0.030012632393264706, "b": -0.014527471744935594}