{"w1": -0.7461820708849191, "w2": -0.48920070666181253, "b": -2.6942868922398964e-17}