{"w": 0.012234574807009069, "b": -0.08553740439725943}