{"w": 0.4245312618425118, "b": 0.04173554168473499}