{"cc": -0.09435547377537845, "alpha": 5.869497589594037e-17, "beta": -0.09435547377537844, "mx": -1.3322676295501878e-17, "my": 5.995204332975846e-17, "sx": 1.0, "sy": 0.9999999999999999}