{"w": 0.34111770683043574, "b": 0.007947954287380286}