{"w": 0.18100303955831903, "b": 0.07279422639646733}