{"w": -0.007412695540750575, "b": -0.05579206477669436}