{"w": -0.24359920027993268, "b": 0.028320385969170934}