{"w": 0.32713187963953577, "b": -6.637669529135517e-18}