{"w": 0.28877379641706935, "b": -0.0052263497242129395}