{"w1": 0.9239349964041311, "w2": -0.7960304840795269, "b": 0.04164586649975883}