{"w1": 0.758715718451783, "w2": -0.6912422351968172, "b": 0.20069901683588812}