{"w": -0.28407463636434666, "b": 0.08027857322053034}