{"w": -0.1524987860197147, "b": 0.010675598735460506}