{"w1": 0.7978247981630132, "w2": -0.36666525835819236, "b": -0.1044687036591815}