{"w1": 0.4583066423191974, "w2": -0.28840618862822204, "b": -4.493342498186056e-17}