{"w": 0.5602964062376807, "b": 0.05908181542075672}