{"w": 0.6555956449529363, "b": -0.004744942294326933}