{"w": 0.21244654456382892, "b": 0.22905464868371608}