{"w": 0.20657765002996603, "b": -0.011473438677101443}