{"w": 1.0000000000000022, "b": -3.4694469519536216e-16}