{"w1": -0.17409844323536044, "w2": 1.4875520760286625, "b": 0.05672446425925205}