{"w": -0.09296787355527686, "b": -0.030400931412493053}