{"w": -0.3906115624420706, "b": -1.9775549252411445e-17}