{"w": -0.47963026786137314, "b": 0.35963488932597254}