{"w": -0.36462197173842636, "b": 0.004608858060904139}