{"cc": 0.6043320929973575, "alpha": 3.671780047939566e-16, "beta": 0.6043320929973575, "mx": -1.0880185641326534e-16, "my": 3.0142555118573e-16, "sx": 1.0, "sy": 1.0}