{"w": 0.5222808689431441, "b": 0.025536704860593618}