{"w": -0.14549839093931766, "b": -0.0015212713833806669}