{"w": -0.1455020970911081, "b": -0.0015189268596417123}