{"w": -0.22549259934017502, "b": -0.11856980704349096}