{"w1": 0.02654762463687911, "w2": 0.7153722124547648, "b": 0.019662320157033703}