{"w": 0.8425619611920834, "b": -0.005837549688323208}