{"w": 0.8021483414637204, "b": -0.0012251681901238097}