{"cc": 0.03895393011652569, "alpha": -1.49021234472296e-17, "beta": 0.0389539301165257, "mx": -8.770761894538737e-17, "my": -1.8318679906315084e-17, "sx": 0.9999999999999998, "sy": 1.0}