{"w1": 0.17875410775977546, "w2": 0.8348661680683557, "b": 0.008564678048880064}