{"w": 0.6053434935973445, "b": 0.08670973214141224}