{"w": -0.12419921917460149, "b": -1.657142089146677e-16}