{"w": -0.1352664763287739, "b": -1.6744669335806106e-16}