{"w1": -0.5898653325293686, "w2": 0.20105458236054408, "b": -3.3628832967606335e-17}