{"w": -0.17297150902606312, "b": -0.004786217703049142}