{"w": -0.3732094063621868, "b": -0.18460582427268302}