{"w1": 0.33008673321370674, "w2": 2.3627415951086355, "b": -0.1857343794350803}