{"w": 0.20619254818286376, "b": 4.3959637852282147e-16}