{"w1": 1.3942319837806714, "w2": 1.4443820569203736, "b": 0.029907199481109866}