{"w1": -0.38113692113392844, "w2": -0.5196301496716413, "b": -1.7075900207199885e-17}