{"w1": -0.5873855501824147, "w2": -0.834539139229098, "b": 0.0034750620452147405}