{"w1": -0.3017351658411194, "w2": -0.6095650055925723, "b": -9.178484296023102e-18}