{"w": -0.7529290933281858, "b": 0.027932857849454904}