{"w": 0.16681895332143593, "b": -0.21556081276298622}