{"w": 0.3736462511355117, "b": -4.125510592583603e-17}