{"w": 0.695201372847672, "b": -0.04420297921545795}