{"w": 0.6720552160702229, "b": 4.005010349170166e-18}