{"w": -0.5579350655590968, "b": 0.002683236866278543}