{"w": -0.047977658469737006, "b": -0.24175975298950683}