{"w": 0.08831443142194996, "b": 0.016620484248308517}