{"w": 0.048137312614279115, "b": 0.09714931406116445}