{"w": 0.7827860825660721, "b": 0.03822346945862688}