{"w": 0.7919910864270486, "b": 0.08691929704865053}