{"w": -0.31945809689307314, "b": -0.008858905074659132}