{"w": 0.37852870223531804, "b": 0.09038942543949399}