{"w": 0.7503978139492953, "b": 0.04392090845021445}