{"w": 0.36158304492286886, "b": -2.0960391242821445e-16}