{"w1": -1.2620098099490455, "w2": -0.4298646003613834, "b": -0.09483521701244978}