{"w1": -1.0798119825552193, "w2": -0.35526660585993125, "b": -0.0617807579860061}