{"w": 0.2306857625480979, "b": 1.113488128016666e-16}