{"w": -0.9999999999999988, "b": 6.217248937900882e-17}