{"w": -0.0581180662183679, "b": 0.027422961933879275}