{"w": 0.5016510390843072, "b": -0.038718119840297556}