{"w": 0.018555546781333674, "b": -0.00010803456763286423}