{"w": 0.5572331273381862, "b": 0.0177046996066011}