{"w": -0.2725013327776875, "b": 0.0560917059957914}