{"w1": 0.11575502498585112, "w2": 1.0957115266757063, "b": -0.05008222528691712}