{"w1": -0.04051395421500241, "w2": 1.9330633996402309, "b": -0.07328916127043641}