{"w1": 0.034220954859063575, "w2": 0.8550145868220426, "b": -0.09503845660281901}