{"w1": 0.6698654957661418, "w2": -0.8292986848476924, "b": -0.20901956842946984}