{"w": -0.4186460032142087, "b": -0.008526243559619595}