{"w": 0.4241492927089932, "b": -0.04782701383308823}