{"w": 0.44547621930789066, "b": -0.0032015478347575794}