{"w": 0.6678878339501971, "b": 0.0010939710506018023}