{"w": -0.3570370405066393, "b": -0.053309226788591624}