{"cc": 0.08109400063323645, "alpha": 2.970539367227525e-18, "beta": 0.08109400063323645, "mx": 4.440892098500626e-18, "my": 3.3306690738754695e-18, "sx": 1.0, "sy": 1.0}