{"w": 0.21326136208847046, "b": -1.2892969829620208e-18}