{"w": -0.15035220094377266, "b": 3.4440779996354027e-17}