{"w": 0.9146269828470304, "b": 0.0237538343050165}