{"w": -0.7149168695609293, "b": -1.9108098678129194e-16}