{"w1": -0.13791329775779226, "w2": 0.3596156539437937, "b": 2.533150505172928e-17}