{"w": -0.3478974719917587, "b": 0.06855702264045826}