{"w1": -0.4627689920049393, "w2": -0.28969278626019423, "b": 5.050226947820109e-18}