{"w": 0.05410075751546819, "b": -0.2122329824658366}