{"w": 0.21267836704119616, "b": -5.992035897840322e-17}