{"w": 0.2707301249761354, "b": 0.16580366305485977}