{"w": 0.18940887557218697, "b": -0.02570162735943657}