{"w1": 0.705409986775235, "w2": 1.7972800295062465, "b": 0.1348862186194524}