{"cc": -0.9421503625429739, "alpha": 4.6711974067345604e-17, "beta": -0.9421503625429739, "mx": 1.7763568394002505e-17, "my": 2.997602166487923e-17, "sx": 1.0, "sy": 1.0}