{"w1": -0.49974699164635955, "w2": -0.2539127594483974, "b": -0.007817199274661636}