{"w": 0.5804293238865554, "b": 0.0033926832250626726}