{"w": 0.5679501023729283, "b": -5.020144336630824e-16}