{"cc": 0.8040877619375421, "alpha": -1.2059257867263822e-16, "beta": 0.8040877619375421, "mx": -4.884981308350689e-17, "my": -1.5987211554602254e-16, "sx": 1.0, "sy": 1.0}