{"w": 0.7748486800972412, "b": 0.015660198737338267}