{"w": 0.7436750375921105, "b": 0.02526037555567262}