{"w": 0.22032411605957852, "b": 0.015352547156119337}