{"w": 0.2714511790309746, "b": -4.8929491220333765e-18}