{"w": 0.29829799893513687, "b": -4.937658058426726e-18}