{"w": 0.04695751246334812, "b": 0.030308974499065555}