{"w1": 0.19699952271920299, "w2": 0.5807966995090775, "b": -9.21857304853069e-17}