{"w1": 0.2711456441408209, "w2": 1.9300961107358492, "b": 0.09910225930042679}