{"w1": 0.22693191151100808, "w2": 2.1420256595519676, "b": 0.14592229192647738}