{"w": 0.6648083533571157, "b": -0.08799923376157384}