{"w1": -0.06770071143312706, "w2": -0.6673269342883884, "b": -5.1185254920415087e-17}