{"w1": 0.37436046074719836, "w2": 1.2813085057351736, "b": -0.03441673164828358}