{"w1": 0.6949857257439453, "w2": 2.5742220882716915, "b": -0.513780073683022}