{"w": -0.06491227620100767, "b": -0.0018882085213945549}