{"w": 0.01888462096631882, "b": -0.034751269313773925}