{"w1": 0.919655267467387, "w2": -0.2177210487131618, "b": -0.02860242279835284}