{"w": 0.8715687862485069, "b": -0.01930563187536341}