{"w": 0.8314508788391725, "b": 0.006383218325958436}