{"w1": 0.8456802505372133, "w2": -0.7859000797771152, "b": 0.1276268393058126}