{"w": -0.8013207375242789, "b": 0.33592813172558256}