{"w": 0.7101315302557916, "b": 0.10731190925119971}