{"w": 0.38302798274204497, "b": -2.7765857119615376e-17}