{"w": -0.07671781190620644, "b": -0.10156726293508452}