{"w": -0.020211465411036744, "b": 2.5077411097033994e-17}