{"w": -0.011334230018204779, "b": 0.014139290358990947}