{"w1": 0.9658172571771922, "w2": 0.11819347834541694, "b": -2.8666413195077014e-17}