{"w": 0.5084943786618662, "b": 1.8472252326115883e-17}