{"w": 0.4235091307944798, "b": 0.0455760174924403}