{"w1": -0.8286518363454763, "w2": 0.424185803809303, "b": 1.1189213288355427e-17}