{"w1": 0.4133169143166329, "w2": 0.8354449384049226, "b": 0.028173268301137765}