{"w1": 0.34493183671637095, "w2": 0.722438277672007, "b": 0.01632867638432579}