{"w": 0.7084715176295352, "b": -0.011916844372925004}