{"w": -0.48898572034445836, "b": -0.27996935420209673}