{"w": -0.5406502883736397, "b": -0.3160202997604073}