{"w": -1.000000000000005, "b": 1.0547118733939069e-17}