{"w": -0.02681278655838101, "b": 0.003572826609182858}