{"cc": 0.4507079778073989, "alpha": 2.161034410747595e-17, "beta": 0.4507079778073989, "mx": -2.3314683517128286e-17, "my": 1.1102230246251566e-17, "sx": 0.9999999999999998, "sy": 0.9999999999999998}