{"w": 0.42310642626210165, "b": 0.0020371161236099724}