{"w": 0.09201480535103329, "b": 9.8279103073861e-18}