{"w": 0.10675202533783253, "b": -0.008882713904049565}