{"w": 0.08358622676321126, "b": -0.027505461116444065}