{"w": 0.48936056780942283, "b": -0.003835811052630648}