{"w1": 0.14410372104035193, "w2": 1.0021883739081692, "b": -0.05197095761756102}