{"w1": -1.4211049414720813, "w2": -1.1692982795659181, "b": 0.04015824731941835}