{"w": -0.1478464960309261, "b": 0.031084230367485803}