{"w": -0.4385077059397836, "b": 0.13578608625138244}