{"w": -0.06794716627670726, "b": 2.6347881840083076e-05}