{"w": 0.9833747989918793, "b": 6.272345763972493e-18}