{"cc": -0.13971182434577578, "alpha": 5.31422466037674e-18, "beta": -0.13971182434577575, "mx": -2.55351295663786e-17, "my": 8.881784197001253e-18, "sx": 1.0, "sy": 0.9999999999999999}