{"w": -0.13957225209368213, "b": 5.317788655917822e-18}