{"cc": -0.2044273736809483, "alpha": 2.9644986015610956e-17, "beta": -0.2044273736809483, "mx": 2.55351295663786e-17, "my": 2.4424906541753444e-17, "sx": 1.0, "sy": 1.0}