{"w": -1.0000000000000007, "b": 4.9960036108132064e-17}