{"w": -0.11950341206967076, "b": -0.0714551075946038}