{"w": -0.21315876779467618, "b": 0.00674251433633237}