{"w": -0.13245664002463636, "b": -0.0032000961788488276}