{"w": -0.5134734239034651, "b": -0.024555832150075847}