{"w1": 0.30643386992691185, "w2": 1.129552131821038, "b": 0.008769544005686608}