{"w": -0.3220742097279521, "b": -0.07214467461285512}