{"w": -0.3026760336959085, "b": -0.038657107826658266}