{"w": -0.02135451107535175, "b": -0.020700860291045696}