{"w": -0.7457047632672584, "b": -0.003977479643313242}