{"w": -0.3499234989597407, "b": -0.04056795145247504}