{"w": -0.06590926254911944, "b": 7.82579946356993e-18}