{"w": -0.0605166865223733, "b": 8.179030225519109e-18}