{"w": -0.06650185332128934, "b": 7.786982896322768e-18}