{"w1": 0.579121710558222, "w2": -1.2014220863904472, "b": -0.009832978379249254}