{"w": 0.9292402750246517, "b": 3.082977553734846e-17}