{"w1": 0.7992492082120142, "w2": -0.7209571363305788, "b": -0.06631741401454797}