{"w1": -0.9915991514239755, "w2": -0.6960161003174407, "b": -0.21592081668268293}