{"w1": -0.07709896948186176, "w2": 0.830377038249736, "b": 0.017604463595469782}