{"w": 0.2245687208525109, "b": -0.22216209624457972}