{"w": 0.18947197809052277, "b": -0.24260049770961017}