{"w": -0.5835773006319306, "b": -5.49739163543477e-17}