{"w": 0.3421943660341212, "b": -0.08388140966605147}