{"w1": 0.4975099646089508, "w2": 0.5750847990795832, "b": 1.0204879716743982e-16}