{"w1": 0.6669707047268493, "w2": 1.2076652440066522, "b": -0.05099288044077919}