{"w1": -0.5194702672327894, "w2": 0.6050708066813125, "b": -4.813072073314308e-17}