{"w1": -2.10893774135835, "w2": 2.627776916601932, "b": -0.508181406137278}