{"w": 0.12513608710208612, "b": 0.22505962214630335}