{"w": -0.3114816938924289, "b": 0.08178587726814335}