{"w": -0.9999999999999997, "b": -5.55111512312578e-18}