{"w1": -0.09254034368338632, "w2": -0.6495026461472405, "b": 2.6922592819189e-18}