{"w": 0.8859734229981845, "b": -0.009672665945249109}