{"w": 0.17238046298327794, "b": -0.14060079450256968}