{"cc": -0.944608142256596, "alpha": 5.254011079477272e-16, "beta": -0.9446081422565958, "mx": 1.1546319456101628e-16, "my": 4.163336342344337e-16, "sx": 1.0, "sy": 0.9999999999999999}