{"w": -0.9999999999999999, "b": 5.3179682879545e-16}