{"cc": 0.03339983108199612, "alpha": -2.063293651925472e-17, "beta": 0.03339983108199611, "mx": 1.9428902930940238e-17, "my": -1.9984014443252817e-17, "sx": 1.0000000000000002, "sy": 0.9999999999999999}