{"w1": -0.5497515097415426, "w2": 2.183112008140091, "b": 0.034036293014091085}