{"w1": -0.6384487333969607, "w2": -0.9713843710416682, "b": 0.05783781483303593}