{"w": 0.2795088583835914, "b": -0.04004786275525128}