{"w1": 0.5682972442561657, "w2": 1.5778897347043723, "b": -0.08530126755610629}