{"w": 0.5964563779663613, "b": -1.1823443011839065e-17}