{"cc": -0.36394451073477674, "alpha": 7.072924187334478e-18, "beta": -0.36394451073477674, "mx": 2.55351295663786e-17, "my": -2.220446049250313e-18, "sx": 1.0, "sy": 1.0}