{"w": -0.34048553845747626, "b": -0.031118702289718112}