{"w1": -1.1981670795152315, "w2": -0.6187482014896972, "b": -0.1568531732637474}