{"w": 0.09868544202810758, "b": 0.06455020473842976}