{"w1": 1.9782888631160847, "w2": -0.7653499677120195, "b": 0.08272762939405236}