{"w1": 0.617473363857687, "w2": -0.2607579572163336, "b": 7.175572070603084e-18}