{"w1": 1.1977453416867192, "w2": -0.2660017800782733, "b": 0.06854482741567326}