{"cc": 0.6434957929367247, "alpha": -9.26765675973621e-18, "beta": 0.6434957929367245, "mx": -1.6653345369377347e-17, "my": -1.9984014443252817e-17, "sx": 1.0, "sy": 0.9999999999999998}