{"w": 0.10259807447726227, "b": -0.21309932716356747}