{"w": 0.19878990849761907, "b": 0.059474261075215196}