{"w1": -0.6451714012080054, "w2": -0.7398073725352229, "b": -0.03133633930839558}