{"w1": -1.5696325951411558, "w2": -4.990878171082731, "b": -0.22905316993004515}