{"w1": -1.1031665055273248, "w2": -1.2263524519626452, "b": 0.23109129573828502}