{"w": 0.6743899616721407, "b": -0.07647524395346136}