{"w": -0.7635734631714728, "b": -0.01891142892657894}