{"w": 0.041597122572992626, "b": -0.21340032553013305}