{"w": -0.028293167067817804, "b": 0.0633830921663881}