{"w": -0.09415451641050486, "b": 0.10981022993122587}