{"w": -0.0936403420321785, "b": 0.09088690325905992}