{"w": -0.0667869252418008, "b": -0.018059304353660502}