{"w": 0.09056158408845508, "b": 0.13420156424601443}