{"w": -0.3742213866925746, "b": 1.5164146738904168e-16}