{"w": -0.45951155609742456, "b": -0.014348206776335614}