{"w1": -0.49617052769906633, "w2": -0.48118147996943855, "b": -1.9798355935524896e-16}