{"w1": 3.4417202494628287, "w2": -0.9983384431643297, "b": -0.007484732107348807}