{"w1": 1.8731415761959052, "w2": -0.4639109318156028, "b": 0.040114567016075936}