{"w": -0.4755028064240593, "b": 3.859310231771987e-16}