{"w": -0.48606263285041434, "b": -0.0008098530771870199}