{"w1": -2.537905194935359, "w2": 0.4221173928409817, "b": -0.6900870880691984}