{"w1": 0.8642976998587251, "w2": -0.552371627661643, "b": 0.008320308642198251}