{"w": -0.1669918772686285, "b": -0.0005625343218118584}