{"w": 0.8200841039247528, "b": -0.06238355644836331}