{"w": 0.8263642221254442, "b": -0.07149176857128636}