{"w": 0.9007287174725007, "b": 0.02659109367904015}