{"w1": 1.6836624082177696, "w2": -0.8797462576748097, "b": 0.09347666645802517}