{"w": -0.2964425433146634, "b": 0.04440905128054254}