{"w": -0.1756097170394572, "b": -0.009538669951103139}