{"w": -0.1866037648518995, "b": -0.010067598859201235}