{"w": -0.31800528597065814, "b": -2.7900110010051813e-17}