{"w": 0.16496732036427852, "b": -1.0758569052193967e-17}