{"w1": -2.1618239320680295, "w2": 0.38330295101936485, "b": 0.2014869936673154}