{"w1": 0.48450300931498713, "w2": -0.33002191042042545, "b": 6.035457966286864e-17}