{"w": 0.35376082339737314, "b": 0.042240171183030216}