{"w": 0.32371022301191293, "b": -0.0022560343826181447}