{"w": -0.22645302165003034, "b": 0.148704322708478}