{"w": 0.1627735765008368, "b": 1.46393840110315e-16}