{"w": 0.30294759496003376, "b": 0.15550175032096258}