{"w": -0.6675667031216178, "b": 0.00792359835007199}