{"cc": -0.018047560612681063, "alpha": -1.681363990802148e-17, "beta": -0.018047560612681063, "mx": -8.881784197001253e-18, "my": -1.6653345369377347e-17, "sx": 1.0, "sy": 1.0}