{"w": -0.01305452800292594, "b": 0.025403944367452122}