{"w": 0.0383717495365042, "b": -0.00800931064087008}