{"w": 0.3558971143131243, "b": 0.03386320886707022}