{"w1": -0.6328304845710032, "w2": -1.1159067883556653, "b": -0.013324314792353222}