{"w1": -0.8891136242670341, "w2": -1.9712065622372004, "b": -0.013555700925404812}