{"w": -0.2774747582413569, "b": -0.003713829445162858}