{"w": -0.6855233599182157, "b": -2.282311930561597e-16}