{"w": 0.2486527350192181, "b": 0.19929864004238199}