{"w": 0.25629646352901625, "b": 0.21948563402382995}