{"w1": 0.2585062191534128, "w2": -0.5881322606419436, "b": -6.557056224531307e-18}