{"w1": 0.5041933041538476, "w2": -1.1157029978981483, "b": 0.11027709241492245}