{"w": -0.40690496120141223, "b": 0.057112354715795996}