{"w": 0.06793077568797838, "b": 0.1501094737440599}