{"w1": 7.487271543959681, "w2": -13.3173681460969, "b": -0.2454430852852963}