{"w": 0.8825434247190425, "b": -1.0237861015877859e-17}