{"w": -0.4029026904897304, "b": -0.4266090649327453}