{"w": 0.09388769310410765, "b": 0.019601399022321667}