{"w": 0.7916820273779404, "b": 1.3704430573470259e-17}