{"w": 0.7460807753410608, "b": 0.11258874567832973}