{"w": 0.28315292391057023, "b": 0.18679873329136343}