{"w": 0.2771228676812164, "b": 0.19526068496622298}