{"w1": 1.174574956361038, "w2": -0.11695177566482702, "b": -0.05625281620101913}