{"w": -0.3560663832295916, "b": 0.0028388996561531286}