{"w1": 0.8529111289558456, "w2": 0.2130179020750617, "b": -8.427695208115911e-17}