{"w": 0.3352053240062637, "b": 0.044797874961996935}