{"w": 0.3184735199379781, "b": -0.006344770895680495}