{"w1": -0.629774611488731, "w2": -0.14834236765348718, "b": 2.172135993886899e-17}