{"w": -0.7328662478865889, "b": 0.0034106576952904755}