{"w1": -0.14916566999928024, "w2": 0.04984693497651538, "b": 2.5915230087182214e-17}