{"w": 0.7947120456423169, "b": 0.02227809306019446}