{"w": 0.5660403020603039, "b": -0.02199332040000064}