{"w": 0.6192503759664761, "b": -0.007321586749820974}