{"w": -0.08601097740698803, "b": 0.07649197569581659}