{"w": 0.23705293929474003, "b": 0.07548036176639561}