{"w": 0.2356433353439282, "b": 2.7463157870350676e-17}