{"w": 0.13945630750562493, "b": -0.061628242965495045}