{"w": -0.4317422106456628, "b": 1.0898448119683638e-16}