{"w": 0.623925908294746, "b": 0.09062479587282006}