{"w": 0.6471814467067852, "b": 3.976752236229978e-18}