{"w": 0.028523321508054526, "b": -1.0073599905450958e-16}