{"w": -0.5389933347830913, "b": 1.553113977054326e-17}