{"w": -0.5341904238790837, "b": 1.4096750459683958e-17}