{"w1": -0.05493703879737161, "w2": -0.6195108039998797, "b": 0.014242139644646903}