{"w": 0.09547180462996452, "b": 0.06196616979824764}