{"w": 0.09250520348491639, "b": -0.012928200102873953}