{"w": 0.024869632232777116, "b": 0.0234977813464234}