{"w1": 1.8955568000714818, "w2": -1.2313834034640503, "b": 0.3403715452736108}