{"w": 0.7298755685492008, "b": 0.04570853029831087}