{"w": -0.7463465454010954, "b": -6.023655210800127e-17}