{"cc": 0.6798218643131639, "alpha": -3.505931513723097e-18, "beta": 0.6798218643131637, "mx": 1.3322676295501878e-17, "my": 5.551115123125783e-18, "sx": 1.0000000000000002, "sy": 0.9999999999999999}