{"w": -0.6299977567623404, "b": 0.027949575331840264}