{"w": -0.11794749133738934, "b": -3.446099136972868e-17}