{"w": -0.32855641359750754, "b": -0.33638607973700463}