{"w": -0.09566228166666657, "b": 0.020165583311110548}