{"w1": 2.988413735585123, "w2": 0.8789908553445224, "b": 1.2875540363738767}