{"w": -0.4652005029396162, "b": 0.03715445273215927}