{"w1": -0.13257883220383676, "w2": 0.647377949785487, "b": 1.3518132564510268e-17}