{"w1": -0.38234950406967916, "w2": 1.374604724550701, "b": 0.0017379750392843042}