{"w1": -0.16004755239532814, "w2": 0.8715781181843146, "b": 0.027053593584902988}