{"w1": 0.6653374533109225, "w2": -0.6689966564729709, "b": -0.20765594100497706}