{"w": -0.39524647710277977, "b": -2.4595153766897465e-16}