{"w1": 0.7543113254995387, "w2": -0.11042367772720683, "b": -1.0793917706607484e-16}