{"w": 0.9900990099009902, "b": -1.5147399286469962e-17}