{"w": 0.9990009990009989, "b": -1.550319424396647e-17}