{"w1": -3.0149159095734275, "w2": 1.7927044370497667, "b": 0.1508074365969332}