{"w": -0.9118339046115158, "b": 0.003202871363957497}