{"w": 0.06719708518638563, "b": -1.4952081824541832e-16}