{"w1": 0.022634531372273753, "w2": -0.9561001047673082, "b": -0.051607112793003236}