{"w": -0.5148121531962034, "b": -2.6119119198277353e-17}