{"w": -0.8322807779179596, "b": -2.8371856581940053e-06}