{"w": 0.35548327081944353, "b": 0.04567753774244083}