{"w1": 0.594201955267679, "w2": 1.034979649431698, "b": 0.09990966230976686}