{"w1": 0.3948432234980202, "w2": 0.6457954344218405, "b": 0.014677531366757233}