{"w": -0.533835360636248, "b": -0.36388230548625683}