{"w": -0.2628474139967281, "b": -2.5592183545682836e-17}