{"w": 0.35215449733586, "b": 1.9994737435511248e-16}