{"w": 0.34901648696356036, "b": 2.0011460114072077e-16}