{"w": -0.16043951377174065, "b": -0.4961951627492135}