{"w": 0.05194743213955122, "b": -0.10726646016958065}