{"w": 0.1694182889055208, "b": 6.204855049553084e-17}