{"w1": 0.08155004536710166, "w2": 0.6435701991650478, "b": 1.0275081345800243e-16}