{"w1": -1.6902967888419869, "w2": -4.768790184195296, "b": 0.16941584734102552}