{"w1": -0.40010032388240213, "w2": 0.24724521911486466, "b": -6.383429712144154e-18}