{"w": 0.9990009990009991, "b": 5.587161325223996e-18}