{"w": 0.19904163803457947, "b": 0.00712111908251109}