{"w": 0.38034920273619877, "b": 0.04629449999935738}