{"w": 0.005591779091011936, "b": 0.01017087123476893}