{"w": -0.008278009941766933, "b": 0.04249821746614017}