{"w1": 1.0029854359108423, "w2": 0.371337268508282, "b": -0.0064814955932109355}