{"w1": 0.5575670497922464, "w2": 0.26688861020809485, "b": -0.01582910401229715}