{"w": -0.13524647555338426, "b": 4.1041507083031104e-18}