{"w": -0.044121487844018405, "b": 0.07683828865721472}