{"w": -0.746210749374808, "b": 2.261825992666402e-16}