{"w": 0.29147760258972366, "b": 0.017946432913982686}