{"w": 0.0837063738940452, "b": -0.041534835083352144}