{"w": 0.1576161465124294, "b": -0.0759929698605718}