{"w": 0.04275596762849868, "b": -1.595387430773843e-16}