{"w": 0.8293854095729783, "b": -0.0374173524939567}