{"w": 0.43872626693164146, "b": 0.18037451361394313}