{"w": 0.29301676304257795, "b": 7.750783317077376e-18}