{"w": 0.715273996107153, "b": -4.0399950224882945e-18}