{"w": -0.011812353333122362, "b": -0.02299458493573181}