{"w": 0.05755450611775588, "b": -0.10012003351637996}