{"w": 0.6232835645134306, "b": 5.627340171024702e-19}