{"w": 0.06874908888140703, "b": 1.5035241032812956e-16}