{"w1": 0.5604823140763918, "w2": 0.2057235247493904, "b": 4.702989060396999e-18}