{"w": -0.07845812854695021, "b": -0.05081620322209471}