{"w": -0.03529977530034818, "b": 0.0032214784144300613}