{"cc": -0.3044007293816166, "alpha": 1.687694914519444e-16, "beta": -0.3044007293816166, "mx": 6.661338147750939e-17, "my": 1.4849232954361468e-16, "sx": 0.9999999999999998, "sy": 0.9999999999999998}