{"w": 0.30795054784438286, "b": 0.11790558501243154}