{"w": 0.27711272356619915, "b": -0.0037632672705058758}