{"w": 0.2996700838487836, "b": 0.15001060883765216}