{"w": 0.7561118268167976, "b": -0.005369954460737474}