{"w": -0.4232935787437577, "b": -0.10703515346146741}