{"w": -0.35986684960686377, "b": -2.1850963044209454e-17}