{"cc": -0.43437516566260426, "alpha": 1.2739810678953173e-17, "beta": -0.4343751656626043, "mx": 8.881784197001253e-18, "my": 8.881784197001253e-18, "sx": 0.9999999999999999, "sy": 1.0}