{"w1": 1.5179136404282905, "w2": -1.7608332629140901, "b": 0.030729053441018127}