{"w1": -0.44411421364278286, "w2": -0.36279786008065606, "b": 3.582107119810794e-17}