{"w": 0.6749908326883143, "b": -0.005547275149019419}