{"w1": -0.49324366356712945, "w2": 1.5595604143112904, "b": -0.0006862940360370245}