{"w1": 3.771032271447313, "w2": -1.0636336736660654, "b": 0.0065854666485787505}