{"w1": 0.7609547047973731, "w2": -0.10194334424911497, "b": 5.041158582150847e-18}