{"w1": 1.9461089794133495, "w2": -0.3975722041720926, "b": -0.02294550835749738}