{"w": 0.3609668845331033, "b": -0.06076073278025284}