{"w": 0.7404864606861353, "b": -0.017092120987069685}