{"w": 0.011317694303348488, "b": -0.17738874863448656}