{"w": 0.1108919864364117, "b": 0.006476544249846536}