{"w": -0.15193435138580352, "b": -1.727592928774593e-16}