{"w1": -0.16183374230061257, "w2": -0.7555508617550085, "b": -5.143078949096425e-17}