{"w": 0.1390668771054284, "b": 0.03401383815303488}