{"w1": 39.26447179229172, "w2": -7.24111104570567, "b": 4.409872373202077}