{"w1": 0.6179234227074337, "w2": 1.071639421689652, "b": 0.08049817643164639}