{"cc": 0.3389348145924399, "alpha": 5.5075728328001846e-17, "beta": 0.33893481459243996, "mx": -5.440092820663267e-17, "my": 3.663735981263017e-17, "sx": 0.9999999999999998, "sy": 1.0}