{"w": 0.45759843612296186, "b": -0.042527060142173556}