{"w": 0.02155950911335313, "b": -0.03781200410680646}