{"w": 0.11055246174579245, "b": 0.00761736319356111}