{"w": -0.6672279667736661, "b": -0.02527521465791916}