{"w1": 1.4562637231783377, "w2": -0.20632621473054275, "b": -0.05762824546565576}