{"w": 0.9383511887823494, "b": 0.0038653846975313213}