{"w": 1.0000000000000007, "b": 7.66053886991358e-17}