{"w": 0.14159910000214987, "b": -2.6704014333034048e-17}