{"w": -0.5392504352805443, "b": 0.008615961267477374}