{"w": -0.34648380271532964, "b": -0.02840129832540085}