{"w": -0.34724722924962925, "b": -0.02879714236495516}