{"w1": 0.5872516982195769, "w2": 0.05902106887416108, "b": 3.625629104563078e-19}