{"w": 0.006720833023367622, "b": -0.18025797220937836}