{"w1": 2.425394910543866, "w2": -1.5060638137078968, "b": -0.3234404103463662}