{"w1": 0.6750198284433901, "w2": -0.5015678558302672, "b": -0.01869254858903695}