{"w": 0.8198658563966013, "b": -0.012652223886193248}