{"w": -0.5188587498185367, "b": -2.0110718666084633e-18}