{"w": -0.5009595010856768, "b": 0.16238256709037655}