{"w": -0.033273880874173635, "b": 0.029912048420594303}