{"w": -0.7458522860196581, "b": 0.003979522204902226}