{"w": 0.8448852359382992, "b": 0.004716000796495726}