{"w": -0.008501627240557743, "b": 0.016798749816869497}