{"w": -0.15565217954119132, "b": -2.820063029304123e-17}