{"w": -0.0796816770788605, "b": -0.004327699305082769}