{"w": 0.6584423586083711, "b": -1.6575457145209387e-17}