{"w": 0.43220622452190305, "b": -0.033897086447141664}