{"w": 0.45781918009493805, "b": -0.02198700152765143}