{"w": -0.5261449380017513, "b": -2.701909586739331e-17}