{"w": -0.5730291403979471, "b": -2.8684757339119465e-17}