{"w": -0.578181250551375, "b": -2.886779706128717e-17}