{"w1": -1.0669080135925397, "w2": 0.4726878241281329, "b": -0.11420702596289943}