{"w": 0.9652772238665351, "b": 2.0215314596506483e-17}