{"w": -0.012368282682265624, "b": 6.629552307240646e-17}