{"w": -0.5969434177800461, "b": 0.010307910670551161}