{"w1": -0.9875129802274281, "w2": 1.2739673530519053, "b": -0.1633119943322467}