{"w": -0.003756130405355133, "b": -0.006422489151548097}