{"w1": -0.7885410833334217, "w2": 0.07798980847210772, "b": 1.1506127947332718e-17}