{"w": 0.02594066318993207, "b": 2.1356128035056065e-17}