{"w": -0.06359564402343366, "b": -0.08027072781491765}