{"cc": -0.14544127938481644, "alpha": 7.7880324205998e-17, "beta": -0.14544127938481646, "mx": -2.431388423929093e-16, "my": 1.1324274851176597e-16, "sx": 0.9999999999999998, "sy": 1.0}