{"w": -0.16787988081933775, "b": 0.08249863931739441}