{"w1": 0.5624391915081761, "w2": 0.35131909228933533, "b": 1.8897305975196474e-17}