{"w1": 0.10255042558356166, "w2": -0.10738714876671622, "b": -7.699070309064027e-07}