{"w": -0.9999999999999986, "b": 1.3433698597964394e-16}