{"w": -0.4065439328584638, "b": -0.07226762406035529}