{"w1": 0.10752543194084839, "w2": 2.254538341172732, "b": -0.28368446827439237}