{"w1": 0.10584374114675167, "w2": 1.74612733652878, "b": -0.4908309669468621}