{"w": 0.34512080052933813, "b": 0.007370708956171729}