{"w1": -1.4231248681761843, "w2": -3.733694259941994, "b": 0.0010500923511701143}