{"w": 0.6251545640966034, "b": 0.09361864767557371}