{"w": 0.754218250750408, "b": 0.04840163176237677}