{"w": 0.5110259938597578, "b": 0.0323741737394579}