{"w": 0.5201330203805302, "b": 2.0073423014379667e-17}