{"w": -0.2196914649391628, "b": -7.549525564812044e-16}