{"w": 0.25556700526464243, "b": -1.638056249879565e-16}