{"w": -0.563759721655443, "b": 1.7785945545786373e-17}