{"w": -0.9162412204209773, "b": -0.00013684318394753666}