{"w": 0.8936866381894362, "b": 0.00879231035052871}