{"cc": -0.4139531571195172, "alpha": -2.0025318815432894e-17, "beta": -0.4139531571195172, "mx": -1.8873791418627663e-17, "my": -1.2212453270876722e-17, "sx": 1.0, "sy": 1.0}