{"w": -1.0000000000000009, "b": 4.218847493575596e-17}