{"w1": -1.4517529836184975, "w2": 0.8543585625169179, "b": -0.08621800417266097}