{"w": -0.4771421034012519, "b": -0.0017294913089229954}