{"w": -0.23968286520406135, "b": 0.1282191485428984}