{"w": -0.20384203848157081, "b": 3.914406307759291e-17}