{"w1": 0.10549642427630106, "w2": -0.09987794318002474, "b": 2.2680709871759654e-17}