{"w": 0.9148934598167866, "b": 0.012515071688729515}