{"w": 0.5756941677713218, "b": 0.0016683914375863803}