{"cc": 0.9851376618625485, "alpha": 9.8600031416267e-18, "beta": 0.9851376618625483, "mx": -8.881784197001253e-18, "my": 1.1102230246251566e-18, "sx": 1.0, "sy": 0.9999999999999998}