{"w1": -0.7583286327955927, "w2": -0.8566828253821598, "b": -0.10394019423250725}