{"w": -0.09660679740001843, "b": 0.02998015918085528}