{"w1": 0.07755646659803889, "w2": 0.8717687119689237, "b": -5.721041202128578e-18}