{"w": -0.6478441950001885, "b": -3.748029436535045e-17}