{"w": -0.7066616656564525, "b": 0.0008851610298462667}