{"w1": 0.018026269902326322, "w2": 0.46585563534418284, "b": -1.5944823430666222e-17}