{"w": -0.656336247748962, "b": 0.14667533311001735}