{"w": 0.25443850439387355, "b": -2.884608772116216e-17}