{"w": 0.31330325483339544, "b": -0.05963327439457433}