{"w": -0.7991857816376552, "b": 1.5737070196739553e-16}