{"w": -0.8584320829958854, "b": -0.0053468911240801675}