{"w": -0.7285056671214022, "b": -0.00980430484240738}