{"w": -0.053282229745899724, "b": 7.433100201715965e-17}