{"w": 0.4847218341158372, "b": 0.002394112979667282}