{"w": 0.4984710805824216, "b": -5.202082454514311e-16}