{"w1": -89.7007977342501, "w2": 161.59265097196075, "b": -69.79113050506928}