{"w1": -1.277311488258704, "w2": 2.063466556455128, "b": -0.7413538364001626}