{"w": 0.16544313541922118, "b": 0.15386591326901766}