{"w": 0.780430122250892, "b": -2.1608807913352435e-16}