{"w": 0.04712549055685284, "b": -0.03844190039636849}