{"w": 0.02123914128530759, "b": 0.0009716213517085744}