{"w1": 0.7240322163672109, "w2": -0.07287097218181773, "b": -1.9263121403701908e-17}