{"w": 0.11132126254802632, "b": 0.20980941203832126}