{"w1": 0.3682568503626219, "w2": 0.31917886422230934, "b": -3.3678910316860614e-05}