{"cc": 0.7399466052798945, "alpha": -1.820410080099329e-17, "beta": 0.7399466052798945, "mx": 6.661338147750939e-17, "my": 3.1086244689504386e-17, "sx": 1.0, "sy": 1.0}