{"w": 0.7341551802250734, "b": 0.025188951952528404}