{"w": 0.6726787320726314, "b": -1.372316030185714e-17}