{"w": 0.7140802437432616, "b": -0.007924342039372305}