{"w1": 0.026215544881074793, "w2": 0.8060975157697201, "b": -3.958293808088622e-18}