{"w1": 0.07254782217552316, "w2": 1.050202305426215, "b": -0.010867822089991815}