{"cc": 0.29305999977374314, "alpha": 1.0988054913915852e-17, "beta": 0.2930599997737432, "mx": 1.5543122344752193e-17, "my": 1.5543122344752193e-17, "sx": 0.9999999999999999, "sy": 1.0}