{"w": 0.292767232541202, "b": 1.0992605430829774e-17}