{"w1": -0.477042932114921, "w2": -0.49252709927501037, "b": 4.6287600716441326e-17}