{"w1": -0.04639972420187777, "w2": -0.5806869431213918, "b": -1.0264172897427475e-17}