{"w": 0.029028726466133813, "b": -0.18389608422579826}