{"w": 0.6698098763860011, "b": -1.3955880296928957e-18}