{"w": 0.4666399529512095, "b": -0.003230740316754868}