{"w1": -1.4997520360726384, "w2": -0.23063970120102778, "b": 0.09975993607313499}