{"w": -0.25413110490124874, "b": -0.04989182915691705}