{"w": -0.16160678315861965, "b": 3.624481507439823e-17}