{"w": 0.03336730882470215, "b": -0.05475752811634893}