{"w": 0.033706841941790265, "b": -0.05474991549938437}