{"w1": -0.12431518969195131, "w2": -0.6536978954472134, "b": -9.332400850003175e-18}