{"w": 0.416836442570619, "b": -2.2751397491382804e-16}