{"w": 0.05959693915760041, "b": -1.2096274096431616e-16}