{"w": -0.08781400648779178, "b": -0.04581833648137027}