{"w1": -2.937253905324591, "w2": -2.1252525649955287, "b": -0.26468721348309654}