{"w1": -0.6333899761674259, "w2": 0.09625799428488002, "b": 3.523282193706273e-17}