{"w": 0.5706989922635737, "b": 0.010514003460165311}