{"w": 0.6519987033224866, "b": 0.004099917956694239}