{"w": -0.05766568645407704, "b": -0.21313978170329195}