{"w1": -0.41496912377783735, "w2": 0.47339740932613683, "b": -2.540902849725855e-17}