{"w": 0.2136606142820627, "b": -0.07163575183734408}