{"w": 0.4709219757111014, "b": -0.007357950966186265}