{"w": 0.4766902830293595, "b": -0.00647098962304235}