{"w": 0.6464903116739424, "b": 2.4569119312400998e-05}