{"w": -0.15559137417021673, "b": 7.186679369693555e-17}