{"w": -0.4506019250617751, "b": 0.11252197748959203}