{"w": 0.5583975632014876, "b": -0.08702204235138211}