{"w": 0.05285567393787016, "b": -0.12544464690345236}