{"w1": -1.0667120331917088, "w2": -0.33545628628577456, "b": -0.1697482274989223}