{"w1": -0.6461685737615536, "w2": -0.5079773656551808, "b": -1.2510870076668002e-16}