{"cc": 0.22302357447395083, "alpha": 1.529551643733701e-17, "beta": 0.22302357447395083, "mx": 1.1102230246251566e-18, "my": 1.5543122344752193e-17, "sx": 1.0, "sy": 1.0}