{"w": -0.8963197943201525, "b": -0.004032524736396214}