{"w": 0.45007999119860265, "b": -0.007080916617856814}