{"w": 0.45318122853376863, "b": -0.07077796612438049}