{"w": -0.7428690766136807, "b": 0.00787222950792803}