{"w": -0.3981038310802622, "b": -1.9419434751327028e-16}