{"w": -0.9999999999999996, "b": -1.443289932012701e-17}