{"w": -0.507408096012941, "b": 0.09999999999999995}