{"w1": 0.6833218184169084, "w2": 0.7453863123900594, "b": 0.4571753698837362}