{"w": -0.010545211772595948, "b": 0.02087437820017529}