{"w1": -0.0755381952921421, "w2": 1.0142664490320834, "b": -0.012388236581246912}