{"w": 0.2730184102109448, "b": -0.010089365576382563}