{"w1": -0.3705674310155684, "w2": -0.09251659742426675, "b": 2.552426266180272e-17}