{"cc": 0.11504562417116071, "alpha": 4.048837399301079e-17, "beta": 0.11504562417116074, "mx": 2.753353101070388e-16, "my": 7.216449660063518e-17, "sx": 0.9999999999999998, "sy": 1.0}