{"w": 0.1139065585853077, "b": 4.08019989693239e-17}