{"w": 0.4721666214570943, "b": 4.8911615598929775e-17}