{"w1": 4.516643808464522, "w2": -0.1631142712375069, "b": -0.0767549877009603}