{"cc": -0.2047623381560107, "alpha": -3.685144827023137e-17, "beta": -0.2047623381560107, "mx": 5.995204332975846e-17, "my": -4.912736883966318e-17, "sx": 1.0, "sy": 1.0}