{"w": 0.1532506229637267, "b": 0.2692606124677632}