{"w": -0.3542932625829941, "b": 0.008094031222752492}