{"w1": 0.7919955681789977, "w2": 1.2406970737939862, "b": 0.038463377855431885}