{"w": -0.07354480800828243, "b": 2.4458961807781908e-17}