{"w": -0.17344716670648821, "b": -0.040402834426510145}