{"w": -0.022839540283926846, "b": 0.012731748771513804}