{"cc": 0.16851311089458115, "alpha": 2.341657790801566e-16, "beta": 0.16851311089458113, "mx": -1.509903313490213e-16, "my": 2.0872192862952942e-16, "sx": 1.0, "sy": 0.9999999999999999}