{"w": 0.03139118486826114, "b": 1.4600185157939875e-16}