{"w": 0.2563019238470656, "b": 5.169048760590193e-17}