{"w": 0.47535333295247073, "b": -5.84430430086555e-17}