{"w1": 0.761758863293861, "w2": 0.16012859182363356, "b": 7.344322551291092e-17}