{"w": 0.7456096015685352, "b": 0.005208948301063263}