{"w": -0.27001941254110956, "b": -0.1149613438356712}