{"w": -0.33721976546004756, "b": 0.028227152170677172}