{"w1": 2.215065251961489, "w2": -0.774213480271284, "b": 0.02292535468864615}