{"w": -0.23111974474493477, "b": -0.007990001988471688}