{"w": -0.2006760623722793, "b": 1.8187010707842384e-18}