{"w": -0.18570168498035342, "b": 0.0018834758050091875}