{"w": 0.7174044810176143, "b": 0.014040298613208579}