{"w": -0.5734096519318841, "b": -2.3050004155588966e-15}