{"w": -0.5586777979995741, "b": -0.11413579133408064}