{"w1": -3.6858858064457216, "w2": -0.2991185638861318, "b": -0.10119566015859736}