{"w": -0.39417511246026204, "b": -0.0188006537856545}