{"w": 0.4717544007278971, "b": -0.005919056277912484}