{"w": -0.3289621800401087, "b": 8.910901927183077e-18}