{"w": -0.3582756416278412, "b": 8.715635047266083e-18}