{"w": -0.22675586967852382, "b": 0.1020625978216848}