{"cc": -0.5782942986420396, "alpha": -1.3656596818697368e-17, "beta": -0.5782942986420396, "mx": -2.55351295663786e-17, "my": 1.1102230246251566e-18, "sx": 1.0, "sy": 1.0}