{"w": 0.576310363935217, "b": 0.04065800647968587}