{"w": 0.8393613650396811, "b": 6.384958240519029e-18}