{"w": 0.15027142939212668, "b": 0.23928022268027216}