{"w": 0.10047936449978173, "b": -0.013874161869881836}