{"w": -0.08244968548684249, "b": 1.3392290417549186e-17}