{"w1": -0.8403517070890768, "w2": -0.8363955256045094, "b": -0.047686475637576595}