{"w1": -0.3799438630378612, "w2": -0.5960473137497866, "b": -8.056347866744333e-17}