{"w1": 3.548478358774138, "w2": -0.7097542035021375, "b": 0.017995146822290444}