{"w1": 0.513978662432708, "w2": 0.35614440466845315, "b": 0.011507249364735395}