{"w": 1.0000000000000009, "b": -1.0602629885170242e-16}