{"w": 0.29511504633635666, "b": -1.2832981475187503e-16}