{"w": -0.4172979204647064, "b": 0.03856632858077032}