{"cc": -0.12087012331312894, "alpha": 1.644114287916703e-16, "beta": -0.12087012331312894, "mx": -9.103828801926283e-17, "my": 1.7541523789077474e-16, "sx": 1.0, "sy": 1.0}