{"w": -0.10988193028466267, "b": 1.6541177507340707e-16}