{"w": 0.1322684597058259, "b": 4.3852020620956924e-18}