{"w": 0.15708199742372092, "b": 0.1084982972860146}