{"w": 0.533118356968897, "b": 2.464551911642119e-17}