{"w1": -0.20366270752291382, "w2": 0.6597517871644021, "b": -0.01039184961986572}