{"w": -0.5164339975408407, "b": -2.6666344518680022e-17}