{"w": -0.4708686335859087, "b": -0.023355732019963736}