{"w": -0.5119427649561096, "b": 0.0033599136434011145}