{"w1": -0.3184015782720728, "w2": -0.42834231781922943, "b": -0.008321130039937674}