{"w": -0.09866937120857562, "b": -4.047882155717416e-17}