{"w": -0.09857080040816744, "b": -4.047553849000909e-17}