{"cc": -0.3313776589272517, "alpha": -1.1232504331509685e-18, "beta": -0.3313776589272517, "mx": 6.661338147750939e-18, "my": -3.3306690738754695e-18, "sx": 1.0, "sy": 1.0}