{"w": -0.5278609073223883, "b": -1.0019616518382358e-17}