{"cc": 0.0010399556621927195, "alpha": 1.442425989548527e-16, "beta": 0.0010399556621927195, "mx": 1.9984014443252818e-16, "my": 1.4445042384458872e-16, "sx": 1.0, "sy": 1.0}