{"w": 0.7937678394949821, "b": -0.11447643631311706}