{"w": 0.7655559955743931, "b": -0.23181686861872866}