{"w1": 0.6711228288845783, "w2": -0.24721994521841373, "b": 1.724976283448929e-17}