{"w": 0.4024035980833363, "b": 0.0024621357541225984}