{"w": -0.7190714173047326, "b": 0.031117615278013287}