{"w": -0.7504323099581687, "b": 0.014881790084736852}