{"w1": 0.2629838059355258, "w2": -0.48852831266646135, "b": 7.157821499054925e-18}