{"w": 0.23757517535458064, "b": -0.006923713811720668}