{"w1": -0.7439145967854194, "w2": -1.6398073355873735, "b": -0.34622395827919317}