{"w1": 0.5347342799058469, "w2": 1.018912459300432, "b": -0.02355594376448115}