{"w": 0.215478710200855, "b": 0.15610958099817027}