{"w": -0.47473168250762554, "b": 0.009190036840203081}