{"w1": 0.3760078515984019, "w2": -0.5513556417394118, "b": -7.903496644982304e-18}