{"w": 0.38524979495813566, "b": 1.3131710650715991e-16}