{"w": 0.1798370473291789, "b": -2.504807874600009e-17}