{"w": 0.8755218801263708, "b": -0.016982604101737724}