{"w": 0.8571795570356529, "b": -0.0007103494180906843}