{"w": -0.3259524556183043, "b": -9.680089077386363e-17}