{"w": 0.31279403640575126, "b": 3.803558486501939e-17}