{"w": 0.3196786671503302, "b": 0.031061060144081803}