{"w": 0.2246220135538868, "b": -0.043771353915349476}