{"w": -1.0000000000000007, "b": -2.611799665430682e-16}