{"w": 0.6157137109897423, "b": 0.0020499416241240073}