{"w": 0.08495946319660899, "b": -0.005816142767617698}