{"w": -0.8582705414128665, "b": 0.08092538649328788}