{"w1": -0.13623896480580225, "w2": 0.7342105119763241, "b": -1.8681086230857407e-17}