{"w1": 2.4324526012322965, "w2": -0.3758411120370452, "b": -0.1043893057255625}