{"w1": -2.2780732129902233, "w2": 3.023112668158794, "b": -0.5603898279307803}