{"w": -0.8694272360072608, "b": -0.0016018532241276074}