{"w": -0.9184197986427375, "b": 0.0016550092827687726}