{"w": 0.8402500762954491, "b": 2.7773721278476814e-17}