{"w1": -0.8555068559724274, "w2": -1.134034742085708, "b": 0.08041699652684998}