{"w": -0.1105806560982737, "b": 0.019643158424104183}