{"w": -0.18035741094409505, "b": 0.0035179480958408512}