{"w1": 0.9461083800849015, "w2": -2.3480369236473946, "b": 0.23276840898304146}