{"w1": 0.3113127911741246, "w2": -0.6045236314717107, "b": 3.0422865400622464e-18}