{"w": -0.9999999999999939, "b": 5.551115123125823e-18}