{"w": -0.30576708442318723, "b": 0.2046604491543826}