{"w": -0.684828334630071, "b": 3.2820431456909193e-18}