{"w": -0.6428188912040408, "b": 0.036646515025095555}