{"w": 0.06562416514436943, "b": 0.012109079523246687}