{"w1": -1.1278495064189604, "w2": -0.0987440796162138, "b": 0.11050771378036411}