{"w1": 0.5230137060963881, "w2": 0.35878594094896443, "b": 0.02790026696069154}