{"w": -0.23313937057870507, "b": -0.1783086906736524}