{"w": -0.24387235414855524, "b": 0.011772477771356859}