{"w": 0.5875079044417567, "b": 0.22229386807753415}