{"w": 0.5530261787078579, "b": 0.14347815315702678}