{"w": 0.1467867982996429, "b": 1.2283800681086746e-17}