{"w1": -0.46059388087385983, "w2": 2.667476018991952, "b": -0.05327906576498235}