{"w1": -0.2636998542020864, "w2": 0.5037044911698608, "b": -3.318814850012339e-17}