{"w1": 0.8144685911006744, "w2": -2.4721382101284086, "b": 0.06125461786759508}