{"w": -0.8702243207888403, "b": -6.280778334978584e-16}