{"w": -0.3393185440439693, "b": 0.006477531977108022}