{"w": -0.36039951180296853, "b": 0.014915134247716122}