{"w1": -3.1159339698440287, "w2": 0.19857948919593563, "b": -0.7732740753388871}