{"w1": -5.087014398740157, "w2": 0.4322723264121986, "b": -1.323891756775947}