{"w": 0.2788629002680366, "b": 0.04671620286233997}