{"w1": -0.33428461037981455, "w2": -0.6535534435190145, "b": 0.04317438397319376}