{"w1": -3.4130288904263884, "w2": -0.8304656140971594, "b": -0.3543344274988005}