{"w": 0.13436205689813116, "b": 0.19905260939706435}