{"w": 0.3947316642260574, "b": -1.0925379076561678e-16}