{"w": 0.021235860557777708, "b": 1.1878091500201967e-16}