{"w1": 0.9981465185832319, "w2": 1.5912883036698189, "b": 0.1570564387544767}