{"w": -0.15707579718721051, "b": -2.3917506036600258e-17}