{"w": -0.12152886334277722, "b": -0.05604303831006232}