{"w1": -15.287795407533485, "w2": -15.780514625529019, "b": -3.45940435093569}