{"w": -0.32504738220069723, "b": -0.09664362571998744}