{"w": 0.5679791857735987, "b": 0.07386510136552014}