{"w": 0.5287797924461307, "b": -0.006910057843908676}