{"w1": -0.39705027841437773, "w2": -0.5047358352910407, "b": -3.2227504151100063e-17}