{"w": 0.8866487918828062, "b": 1.1251946807579428e-17}