{"w1": -0.23887803082501655, "w2": -0.8096698095079828, "b": -1.0444650016081507e-16}