{"w": 0.29147964672571464, "b": -0.1047254927408631}