{"w": 0.3958032936489687, "b": -0.10793111730031996}