{"w": 0.3582606806411383, "b": 0.1842863972238687}