{"w": -0.1363906691809753, "b": 0.14567552655636343}