{"w": 0.5059404838884309, "b": -0.05424245078855205}