{"w": 0.5341296619630665, "b": 0.011617976875857625}