{"w1": -0.7978026159411286, "w2": -0.748187555397164, "b": 1.3877787807814457e-17}