{"w": 0.9990009990009989, "b": -3.105518950000438e-17}