{"w": 0.1917653528388262, "b": 0.2807936793192028}