{"w": 0.008299602480253115, "b": 0.13987432280591228}