{"w": -0.9462940330883661, "b": 0.004063813670707189}