{"w": -0.8835027041770072, "b": -0.0009165291629298106}