{"w": -0.8235914410594498, "b": -0.028696719340253363}