{"w": -0.3561978481609744, "b": 0.0256618522710245}