{"w1": 0.2931800933166505, "w2": 0.6064574446277194, "b": -0.012019557392808633}