{"w1": 0.6253610062493199, "w2": -0.09200515072010138, "b": 4.190597313744357e-17}