{"w1": 0.5491939406287893, "w2": -0.0147467055607467, "b": -6.682051251302663e-17}