{"w1": 1.2542312447727262, "w2": -0.2989680981214873, "b": 0.17865085697206368}