{"w1": 0.26705693335651925, "w2": 0.46816745112704067, "b": 0.005680592134898844}