{"w": -0.41719135938664564, "b": 0.054610215504000345}