{"w": 0.4446608875072137, "b": 0.0025236239483714842}