{"cc": -0.2693272073288511, "alpha": -1.3476475223455363e-18, "beta": -0.26932720732885107, "mx": -2.6645352591003756e-17, "my": 5.828670879282072e-18, "sx": 1.0, "sy": 0.9999999999999999}