{"w": -0.22769383845443797, "b": 0.12639134643600264}