{"w": -0.25716719701735996, "b": 0.1455141950571737}