{"w": -0.23059030282729953, "b": 4.8667090546004015e-17}