{"w": 0.0039061383608424843, "b": 0.00021062935695114957}