{"w": 0.5935523534153853, "b": 0.06889279375727925}