{"w1": -0.35181176277493587, "w2": -1.0660517217497312, "b": -0.022675950483143893}