{"w1": -0.31853930651174783, "w2": -0.7943305957009295, "b": -0.006620901811804091}