{"w": 0.5241140830072465, "b": 0.03471240723489154}