{"w": -0.11088750685835042, "b": 2.2529249364184855e-16}