{"w": -0.4610749185181759, "b": 1.7854818237888376e-16}