{"w": -0.4442251370025902, "b": -0.011651231603611435}