{"w": 0.8692553862350749, "b": -0.009063375453391628}