{"cc": 0.733191681317461, "alpha": -3.6261781184555726e-17, "beta": 0.7331916813174608, "mx": 3.8857805861880476e-17, "my": -7.771561172376097e-18, "sx": 1.0000000000000002, "sy": 0.9999999999999999}