{"w": 0.7664651396408492, "b": -0.009011815753145094}