{"w1": -1.326403133537655, "w2": -2.162611009833727, "b": 0.43452179795341955}