{"w": -0.12449632973824978, "b": 0.06802324996780941}