{"w": -0.12750654384106921, "b": -9.140416758902348e-17}