{"w": 0.3482844828558851, "b": 0.006758041043490436}