{"w": -1.0000000000000004, "b": -1.582067810090849e-16}