{"w": -0.6266133749908628, "b": -9.747631528185408e-17}