{"w": -0.8296596302944788, "b": 0.03225925164973188}