{"w": -0.14247932993218518, "b": 0.272798414916928}