{"w": -0.3271091970829869, "b": 0.31814871449623483}