{"w": -0.9999999999999993, "b": 3.066991105526994e-17}