{"w1": -0.6325626798778273, "w2": -0.9590705390887313, "b": 0.1916748735686386}