{"cc": -0.6091999073501674, "alpha": 4.0733639918630873e-17, "beta": -0.6091999073501675, "mx": -1.3322676295501878e-17, "my": 4.884981308350689e-17, "sx": 0.9999999999999999, "sy": 1.0}