{"cc": -0.5234210692437751, "alpha": 3.861589314904512e-17, "beta": -0.523421069243775, "mx": -5.773159728050814e-17, "my": 6.88338275267597e-17, "sx": 1.0, "sy": 0.9999999999999998}