{"w": -0.6029060508199382, "b": -4.40672578029281e-16}