{"w": 0.321711967123061, "b": -5.5177498125745866e-18}