{"w": 0.1214774106719708, "b": -0.15703938935329037}