{"w": -0.19584896507112942, "b": 0.043319735657527815}