{"w1": -23.132301238011262, "w2": 6.4432680523310575, "b": 2.8945776914665946}