{"w": 0.2217217094517859, "b": -1.3013725330081923e-17}