{"w": -0.48723324448548444, "b": -9.363698358348414e-18}