{"w": -0.8158312831042537, "b": -0.019665546024177593}