{"w": 0.662393457468024, "b": -0.020228634375728347}