{"w": -0.1000055425579296, "b": -3.1086121619995806e-17}