{"w": -0.2261307086078286, "b": -0.08945566894602147}