{"w": 0.14515446368542234, "b": -0.0710271112124554}