{"w": 0.16186133321690038, "b": 0.0019812194723728208}