{"w": 0.737140942904007, "b": -0.03305739918366494}