{"w": 0.9999999999999982, "b": 2.886579864025401e-17}