{"w1": 1.7454579054096728, "w2": 0.2822834203597363, "b": -0.0375746261068354}