{"w1": 0.5457438293474266, "w2": 0.24144291891208822, "b": -0.015545131893779157}