{"w1": 0.4426059015201718, "w2": 1.07800350146066, "b": 0.09090332354831}