{"w": 0.9999999999999996, "b": 3.941291737419305e-17}