{"w1": 1.3979999650472843, "w2": 1.7099511480389888, "b": -0.07698064765301753}