{"w": 0.4245016173387375, "b": -0.09700975556464231}