{"w": 0.33665812738288076, "b": -1.9269267883496389e-16}