{"w": -0.3564938753731589, "b": 0.005860081113209792}