{"w": -0.4413784103627477, "b": -0.0017037094108071998}