{"w": 0.2902164407774281, "b": 0.04234500079510618}