{"w": 0.07152952046018775, "b": 4.61513156477758e-17}