{"w": 0.7916642525785182, "b": -5.416021371370331e-16}