{"w": -0.7358123518941357, "b": -0.013901086691730413}