{"w": -0.7657458793642534, "b": -0.025903445094249192}