{"w": -0.7653178506966295, "b": 0.007569045265772779}