{"w1": -0.25879913693490547, "w2": 0.6843040433040762, "b": 1.8095660024713643e-17}