{"w1": -1.2518912627719412, "w2": 2.257633662318777, "b": 0.6422177834777972}