{"w": 0.31326543019048403, "b": -0.03901152706087073}