{"w1": 1.3811423722661988, "w2": 1.6408777440042799, "b": -0.12272881729352347}