{"w1": -0.47586825608343497, "w2": 0.5268533673011663, "b": 1.0041848448082723e-16}