{"w1": -0.47802131404428244, "w2": 0.5302383925663264, "b": 1.0091506896356317e-16}