{"w": 0.018279801079741243, "b": 0.21605931917366133}