{"w1": 0.3696499707545221, "w2": 0.7405963717508044, "b": 0.003719448456955975}