{"w": 0.9337787803763066, "b": 0.0012754323196341568}