{"w": 0.5678133671090039, "b": 0.022262511918267374}