{"w1": -1.296446103041522, "w2": -1.6446236842636965, "b": -0.028064466246946057}