{"w": -0.09918420203876474, "b": -0.025320838141271635}