{"w1": 0.5934958965563687, "w2": 1.4992144805490688, "b": -0.18513445711953014}