{"w": 0.9706724285445584, "b": 0.010746772960043087}