{"w1": -0.23456725597516823, "w2": 0.9944216661533829, "b": -0.11577156981809403}