{"w": -0.7524437350718355, "b": -0.020971801993018874}