{"w": -0.7122312245208228, "b": 0.004214145332782554}