{"w1": -0.03633064288913769, "w2": 1.143157580278235, "b": -0.0838985421145691}