{"w": 0.3921815076956434, "b": -1.9152411621866702e-18}