{"w": 0.3565286433596757, "b": -2.5485632562607263e-18}