{"w": 0.3473003340228327, "b": -0.12410806629926438}