{"w": 0.3438584025070996, "b": -0.12278984218933739}