{"w1": 1.3301533957405383, "w2": -0.05661264250397459, "b": -0.3029404243573739}