{"w1": -0.1287693435916299, "w2": 0.5656971054888557, "b": 1.1825480121369264e-17}