{"cc": 0.698816086041195, "alpha": 6.302912199383913e-17, "beta": 0.6988160860411953, "mx": -2.6645352591003756e-17, "my": 4.4408920985006264e-17, "sx": 0.9999999999999998, "sy": 1.0000000000000002}