{"w1": -0.7532914687388418, "w2": 1.1159839302112577, "b": -0.09853126330571362}