{"w": -0.26922977327873154, "b": -0.18212555695826618}