{"w": 0.6260040968004836, "b": -0.016688157357050294}