{"w1": -0.2499632355048805, "w2": 0.6130324586779449, "b": -4.9756835264004465e-17}