{"w1": 0.31704369244385, "w2": -1.5202129802158535, "b": 0.02719510194308522}