{"w1": 0.6979373365134836, "w2": -2.5899008435299593, "b": 0.12777380489283371}