{"w1": -1.30868668719346, "w2": -0.41790055896900646, "b": 0.11177935447459893}