{"w": 0.11616088207716514, "b": -0.09334734589612395}