{"w": 0.675539079783452, "b": -0.012676003556522972}