{"w1": -1.6408666774968108, "w2": -0.8191079174358754, "b": -0.1685322863217055}