{"w": -0.03593736115814469, "b": 0.0054993907687721204}