{"w1": 0.9004875039572271, "w2": 0.7868904612943977, "b": -0.30318354717486423}