{"w": -0.09207138441225897, "b": -0.052232816970425616}