{"w1": 0.6510732044605623, "w2": 0.19432732813912684, "b": -1.392840520792343e-17}