{"w1": 0.49825294198963344, "w2": 0.30589783805993903, "b": -8.477768143069589e-18}