{"w": 0.8147372991936993, "b": -0.0065341906734976835}