{"w1": 1.9945801888341095, "w2": 0.9590694414901834, "b": -0.20238300123881411}