{"w": 0.7745585871190983, "b": 0.057035555016999834}