{"w1": 1.3117866088254597, "w2": -9.501503709879321, "b": 3.2872343705531155}