{"w1": 0.489456341841255, "w2": -0.23533676872558765, "b": -0.009613163832890098}