{"cc": 0.6069039208342228, "alpha": 2.622598084259074e-16, "beta": 0.6069039208342228, "mx": -2.9309887850104134e-16, "my": 8.43769498715119e-17, "sx": 0.9999999999999998, "sy": 0.9999999999999998}