{"w": 0.7973389373684291, "b": -9.236215915946197e-17}