{"w1": -0.21509182830748888, "w2": -0.7355409675066046, "b": -3.201521292083562e-17}