{"w1": -0.5666545370733671, "w2": -1.6832488630856397, "b": 0.11386765995712125}