{"cc": 0.4179790897363479, "alpha": -5.758827369683642e-18, "beta": 0.41797908973634784, "mx": 8.465450562766818e-18, "my": -2.220446049250313e-18, "sx": 1.0, "sy": 0.9999999999999999}