{"w": -0.4427200398401497, "b": 1.2044321560457728e-16}