{"w": 0.4125069330133363, "b": 0.03512999769250723}