{"w1": -0.24494566609323853, "w2": -0.48010039371496993, "b": -5.5469109686745564e-17}