{"w1": -0.7176531583531196, "w2": -1.3431865434877341, "b": 0.030966115537884364}