{"w": 0.6356443376088078, "b": 0.004936549441278145}