{"w": 0.6325111070696154, "b": 0.004897809519497033}