{"w": 0.697632267434853, "b": 0.0032120513935652868}