{"w": -0.2000978764608987, "b": -0.007982470749547308}