{"w": 0.3929154505559837, "b": -0.011256044486718079}