{"w": -0.04331810959292795, "b": 2.7060848479950347e-17}