{"cc": 0.1823046904541139, "alpha": -2.597026767131091e-16, "beta": 0.1823046904541139, "mx": 2.3092638912203257e-16, "my": -2.1760371282653068e-16, "sx": 0.9999999999999999, "sy": 0.9999999999999998}