{"w": 0.1943363983125843, "b": 0.0039688633167714454}