{"w": 0.13440769346534037, "b": -0.0873840982765216}