{"w1": 0.12816059368781918, "w2": 0.8207935100928728, "b": -1.7322801650434744e-16}