{"w": -0.1127344125558044, "b": -0.005396347394333765}