{"w": 0.5163095139627151, "b": 1.5298939008743508e-17}