{"w": 0.31663824353737546, "b": -0.08028362426485264}