{"w": 0.7051820814769713, "b": -7.872010052797151e-17}