{"w1": 0.511186869296772, "w2": -0.8834221617039026, "b": -0.016111859058550455}