{"w": -0.4064635611109986, "b": -3.8225636482177274e-18}