{"w": -0.44365637563798344, "b": 0.11551533840982732}