{"w": -0.5445154812661009, "b": 2.2433826042897798e-18}