{"w1": -0.13452188208052646, "w2": 1.1125147878448305, "b": 0.030480779057505944}