{"w": -0.6673181798492882, "b": -0.012053150635230714}