{"w": 0.24282661955849136, "b": -0.006311029202218283}