{"w1": 0.24055231175842542, "w2": 0.28028566029238966, "b": -0.008616223118138876}