{"w": 0.8242623771079063, "b": -0.023040545925572815}