{"cc": 0.9314212450198893, "alpha": -1.1739705660672179e-17, "beta": 0.9314212450198893, "mx": 1.4988010832439614e-17, "my": 2.220446049250313e-18, "sx": 1.0, "sy": 1.0}