{"w": -0.4061632196544308, "b": 6.875863770358724e-18}