{"w1": 0.9175647504167629, "w2": 1.2166560602503402, "b": -0.10795439937402879}