{"w": 0.1803119457738914, "b": 0.14966544111777935}