{"w": -0.2912186195161252, "b": 0.04062976562885728}