{"cc": 0.6492665810220251, "alpha": -8.62458490674608e-18, "beta": 0.6492665810220252, "mx": -2.7755575615628914e-17, "my": -2.6645352591003756e-17, "sx": 1.0, "sy": 1.0000000000000002}