{"w": 0.5967994976873732, "b": 0.027776521369357366}