{"w": 0.6370432720264142, "b": 0.026581623507014904}