{"w": 0.6523082254767715, "b": 0.02970344726289073}