{"cc": 0.706939682004306, "alpha": -3.2233602045180397e-17, "beta": 0.706939682004306, "mx": -2.6645352591003756e-17, "my": -5.10702591327572e-17, "sx": 1.0, "sy": 1.0}