{"w": 0.699940279212184, "b": -3.2420103600502944e-17}