{"w": 0.3140322254174089, "b": -0.0415723682137105}