{"w": 0.3084680226737842, "b": -6.956354739394082e-17}