{"w": 0.311241461439083, "b": -6.972982071497046e-17}