{"w": -0.2238590734191742, "b": -0.12043928762990021}