{"w1": -0.7430551247573218, "w2": -0.6290992884344956, "b": 0.05208643859402424}