{"cc": -0.20783311497280155, "alpha": -4.398720965221466e-18, "beta": -0.20783311497280155, "mx": -2.650657471292561e-17, "my": 1.1102230246251566e-18, "sx": 1.0, "sy": 1.0}