{"w": -0.034224565430938055, "b": -0.03609308154924487}