{"w": -0.05118980344781116, "b": -0.01790018284397261}