{"cc": 0.5027194813772042, "alpha": 2.0872796709120946e-16, "beta": 0.5027194813772041, "mx": -2.220446049250313e-18, "my": 2.0761170560490428e-16, "sx": 1.0, "sy": 0.9999999999999998}