{"w1": -0.6160482320280065, "w2": -0.17956256521978126, "b": -0.007865452412732293}