{"w1": 0.20326469065420513, "w2": -0.5538821503618915, "b": 8.67113273036147e-18}