{"w": 0.396175876368007, "b": -0.02972406876116733}