{"w1": -0.7128015452525466, "w2": -1.650516012438183, "b": 0.0368770668424684}