{"w": 0.05457162807532109, "b": -3.205775764079524e-16}