{"w": -0.009985006559388079, "b": 0.009639561496144235}