{"w": -0.012576322823677858, "b": -1.2861832057855055e-16}