{"w": 0.4429798634638663, "b": -0.10790374281868598}