{"w": 0.16272997727254468, "b": 3.467719419641235e-19}