{"w": 0.4758055200067242, "b": -0.12275510145972485}