{"w": 0.19999738302491915, "b": -4.107785967862219e-18}