{"w": -0.3032574538379138, "b": 0.27011074143716785}