{"w": -0.45760598116870776, "b": -2.1854366457139075e-16}