{"w": 0.5588524186811009, "b": -0.00021671946391414905}