{"w": -0.8050703978857264, "b": -4.5886926383139066e-17}