{"w1": -1.1451709391212817, "w2": -1.4047674878778647, "b": 0.01721664025993211}