{"w": 0.9387197642084928, "b": -0.02335858096245555}