{"w": -0.10305723628828693, "b": 0.10205854224416167}