{"w1": 0.09017471952906286, "w2": 0.5981041119527716, "b": 6.076374655776825e-18}