{"w1": 0.15062097659592513, "w2": 0.7980599800666183, "b": 0.016022906850589623}