{"w1": 0.11820023513713983, "w2": 0.7031935171294728, "b": 0.009986854457853349}