{"w": -0.18191262691044316, "b": -4.2084260667535836e-16}