{"w": -0.4615570821203424, "b": -0.03404340598586765}