{"w": 0.9835845164515562, "b": -0.003099874593072618}