{"w": 0.13831392648972496, "b": 0.11371452439501495}