{"w": 0.11635460604135191, "b": 0.03918243131499286}