{"w": 0.08596737033286371, "b": -0.006970862619202121}