{"w1": -2.0418370046036745, "w2": -1.4812318320567956, "b": -0.06046416997260898}