{"w": 0.19113256655929742, "b": -0.23841989846238718}