{"w": 0.26300764611584676, "b": 0.058712785581817944}