{"w": -0.5081370330195547, "b": 0.011239038163502395}