{"cc": 0.3198924249469387, "alpha": -3.369974651390757e-16, "beta": 0.3198924249469387, "mx": -2.0983215165415458e-16, "my": -4.04121180963557e-16, "sx": 0.9999999999999999, "sy": 0.9999999999999999}