{"cc": 0.042103084885412215, "alpha": -1.3065470444647912e-17, "beta": 0.04210308488541222, "mx": 4.662936703425657e-17, "my": -1.1102230246251566e-17, "sx": 0.9999999999999998, "sy": 1.0}