{"w": -0.3240328336881002, "b": 0.08307218665791427}