{"w": -0.34465591466479367, "b": -0.01053454935618199}