{"w": -0.19974847393113937, "b": 0.11276026120006555}