{"w": 0.12489328886136816, "b": 0.07527860024351364}