{"w": 0.12438767210548955, "b": 0.07586589509133833}