{"w": 0.4045362498940939, "b": 0.2379444387969205}