{"w": 0.41599176111948244, "b": 0.2576986405119639}