{"w": -0.12865897713677668, "b": 6.003669088819076e-17}