{"w1": 0.5084221482304472, "w2": -0.5217652149248205, "b": -1.1619817545904918e-16}