{"w": 1.0000000000000022, "b": -2.408490074046198e-16}