{"w": 0.7764260081804638, "b": -4.198376807544016e-18}