{"w": 0.8344492356868842, "b": 0.06469139193283466}