{"w": 0.8087645942316092, "b": -0.02027642869052303}