{"w": 0.25036875232509176, "b": -1.3489373508124333e-16}