{"w1": -0.6314896486909105, "w2": 0.25614400120044767, "b": -2.1028182873899815e-17}