{"w": 0.017336202432550813, "b": -0.20714978165439446}