{"w": 0.004783955942045908, "b": 0.039955329855774664}