{"w1": -0.5822478278762068, "w2": -0.28865551991042365, "b": 0.006335481156204514}