{"w1": -0.6977555496540383, "w2": -0.8104412320093154, "b": 0.07571802244484016}