{"w": 0.9999999999999997, "b": 2.4542867738119865e-16}