{"w": -0.30434035838240747, "b": -0.22419424520302178}