{"w": 0.16418809785729746, "b": -0.009410899207653665}