{"w1": -2.7452742714529283, "w2": -2.405980433028592, "b": 0.009406826111751865}