{"w": -0.23235959299582945, "b": 0.08607182041464824}