{"w1": -0.5601149748057348, "w2": -0.40034695606836146, "b": -2.2462570723749465e-16}