{"w1": -2.0959019226794395, "w2": -0.16807919203998684, "b": -0.3537728223272175}