{"w": -0.24864927654008384, "b": -0.1236294379299524}