{"w": -0.34365346587564516, "b": -6.605655517467648e-17}