{"w": -0.2627154521320618, "b": -0.013788973618083955}