{"w": -0.37965798847129917, "b": -0.003872533639978082}