{"w1": 0.47741301134436864, "w2": -1.0034383618402483, "b": 0.1626511370706775}