{"w1": -0.19001342540500815, "w2": -1.1158941507351317, "b": 0.12309866243041288}