{"w": 0.9715224805008345, "b": 0.008955291284716282}