{"w": -0.08667752462716993, "b": -0.005231065592644671}