{"w": 0.2838382647693036, "b": 0.07984518611152189}