{"w1": 0.2137640450295893, "w2": 2.148255118161515, "b": -0.4222236248501543}