{"w": 0.5925957309628394, "b": -0.08970602693959127}