{"w1": -0.5686892697368328, "w2": -0.33157830703233776, "b": -0.04006391118062402}