{"w": 0.02556531605543771, "b": -3.812419981827081e-17}