{"w": 0.001788890454133088, "b": 0.026696193034920497}