{"w": 0.03558337437117641, "b": 0.0010391890221449764}