{"w1": -0.3861257463403585, "w2": -0.5193264245710575, "b": 0.013135928497489038}