{"w": 0.838795498912663, "b": -0.02193059472419781}