{"w": 0.8372224294202021, "b": -0.02007589669868989}