{"w": 0.8761631671036779, "b": -0.006724888761557898}