{"w": 0.8104178796278486, "b": 0.007038141909544318}