{"w": 0.4468871062737671, "b": 0.0016320869596871262}