{"w": -0.34163836708173595, "b": -0.041854206823612274}