{"w": -0.3341374855697939, "b": 1.468547728587727e-16}