{"w": -0.2397167268855733, "b": 0.07218367311701525}