{"w": -0.23860299883171657, "b": 0.07216358727736188}