{"w": -0.24990189911261154, "b": 0.06567374766335056}