{"w": -0.3267805423854067, "b": -0.011474488504519195}