{"w": -0.26603826428158406, "b": -0.007328407774654606}