{"w": 0.7835164941289336, "b": 0.05830626039212575}