{"w": 0.8050462241825819, "b": 2.2861442204800255e-17}