{"w1": 0.7305858199056247, "w2": 2.6818407949565928, "b": -0.2523867139858659}