{"w": 0.6454573585402082, "b": 0.004742522108456533}