{"w": 0.3704514205939023, "b": -0.041621051154363695}