{"w": 0.38742189408059546, "b": -0.043755597466680375}