{"w": 0.8657734721228306, "b": 0.005880172409743325}