{"w": 0.8932989285115307, "b": 2.4601167132781826e-17}