{"w": 0.5027955208374952, "b": -0.04312748181772123}