{"w1": 0.49404862194780597, "w2": 0.5508083191590056, "b": 3.755389549383783e-17}