{"w": 0.8119230595992473, "b": -0.0620569495922515}