{"w1": 1.4122966963255859, "w2": -0.6454542743762341, "b": -0.09695830645046151}