{"w1": -1.0414822737283567, "w2": 0.4649123196382351, "b": -0.012485094970619198}