{"w": 0.5521613141486892, "b": -0.03453474045880764}