{"w1": -2.3988792106618186, "w2": -1.5080324137420573, "b": -0.24433995838789518}