{"w": 0.1888601467005, "b": 0.030118127926768424}