{"w": 0.6941818655764554, "b": -4.9294508316810454e-17}