{"w": -0.3004717651221676, "b": 0.008358521951041899}