{"w": -0.42946791146660934, "b": 0.02757890857868006}