{"w": -0.051976784064699924, "b": -0.016079444404578883}