{"w": -0.1000786328192363, "b": -1.4179617033667102e-16}