{"cc": 0.9063347828886199, "alpha": -4.302641336746706e-17, "beta": 0.9063347828886199, "mx": 6.217248937900877e-17, "my": 1.3322676295501878e-17, "sx": 0.9999999999999999, "sy": 0.9999999999999999}