{"w": -0.2605268378140924, "b": -0.0181143638390715}