{"w": 0.6933798393543421, "b": 2.954663216458022e-17}