{"w1": 0.9962859108031846, "w2": 0.39597783662345004, "b": -0.12190496240934653}