{"w": -1.0000000000000004, "b": 7.327471962526031e-17}