{"w": 0.6852292928475519, "b": 0.018756140530026014}