{"w": 0.6803104695658974, "b": 0.019604979899156896}