{"w": 0.012462891268232714, "b": -3.814192561917799e-17}