{"w": 0.5376501874969759, "b": -0.20285482423659748}