{"w": -0.40479565861815614, "b": -0.00513974400378695}