{"w1": -1.678094692054856, "w2": 1.631121294239953, "b": 0.5059309915659568}