{"w1": -1.7457809279716234, "w2": 0.9060386308844934, "b": 0.6026062640838756}