{"w": -0.03192091398975854, "b": 1.0619234265464846e-18}