{"cc": 0.5328186647829047, "alpha": -4.211560286119708e-17, "beta": 0.5328186647829047, "mx": -2.220446049250313e-18, "my": -4.3298697960381107e-17, "sx": 1.0, "sy": 1.0}