{"w1": 3.5457163783085948, "w2": 1.9850139595396443, "b": -0.11349458018861172}