{"w": -0.6684619614532034, "b": -7.463275336682455e-18}