{"w": 0.16430226190272904, "b": -0.009907089376853861}