{"w": -0.3236790235270608, "b": -3.559144741020774e-17}