{"cc": -0.29275703549275967, "alpha": -2.0283360145778222e-17, "beta": -0.29275703549275967, "mx": -1.9984014443252817e-17, "my": -1.4432899320127036e-17, "sx": 1.0, "sy": 1.0}