{"w": 0.041660553041041465, "b": 0.19921631530339892}