{"w": 0.022480272579307344, "b": 0.19007196963891357}