{"w": -0.40801471286367036, "b": -6.21360801759805e-17}