{"w1": -0.7428779596609885, "w2": -0.8503360796993648, "b": 0.01305796162862128}