{"w1": 0.7772517911937611, "w2": -0.14888873509874964, "b": -2.2280495195579494e-17}