{"w": 0.1713206645436714, "b": 0.1458303213375251}