{"w": 0.22549385508685563, "b": -0.013807410089956389}