{"w1": 0.4704405036449797, "w2": 0.39399145267314967, "b": -0.005443956438639302}