{"w1": 0.5606619981065836, "w2": 1.1083352846552894, "b": -0.09120746493406341}