{"w1": 0.8281105489395044, "w2": 1.6523187582018515, "b": -0.2984230239455605}