{"w1": -0.2068013817537868, "w2": 0.7593307970363129, "b": 2.332576382027107e-17}