{"w1": -0.19372414803717086, "w2": 0.6980234414784003, "b": 2.2057318714840442e-17}