{"w1": -0.4002988942834787, "w2": -0.4508541575800941, "b": -5.418945750928636e-17}