{"w": -0.39751798325294146, "b": 1.417503201738084e-16}