{"w": -0.3649937846231553, "b": 1.370561353308932e-16}