{"w": -0.46338515249709245, "b": 0.0003483969361481043}