{"cc": 0.8370879759879232, "alpha": 8.822284906978467e-19, "beta": 0.8370879759879234, "mx": 3.608224830031759e-17, "my": 3.1086244689504386e-17, "sx": 0.9999999999999998, "sy": 1.0}