{"w": 0.8513534613405394, "b": 0.02773351360989758}