{"w": 0.8516952693444806, "b": 0.028352999904582347}