{"w": -0.04748314249581936, "b": -0.0028142478097368537}