{"w1": -0.6466313846624951, "w2": 0.28014515052210126, "b": -3.0579256973482314e-17}