{"w1": -3.7812168186496606, "w2": 1.5720760497706792, "b": 0.6043330244717734}