{"w1": -0.5345009716423801, "w2": 0.3567702485903621, "b": -6.178493668923667e-17}