{"w": 0.27454974372652313, "b": -0.18139702063736932}