{"w": 0.3349839438400455, "b": 0.013140044747600556}