{"w": -0.16701430351260133, "b": 0.14373145306087357}