{"w1": -2.2995890841762816, "w2": 2.4557264964531176, "b": 0.05085209356744956}