{"w1": 2.0058513034554935, "w2": -1.0741470687750272, "b": 0.10624714753463707}