{"w": 0.12110152270050162, "b": 0.004756450469305368}