{"w": -0.6144445553064868, "b": 0.0040198808781445605}