{"w": 1.0156012292542334, "b": -0.02195336685672067}