{"w": -0.3640752910506404, "b": 0.025290642672519348}