{"w": 0.23676172034638115, "b": -7.731086595727378e-17}