{"w": 0.23685256329820245, "b": -0.04510969912840734}