{"w1": -0.9957511975954044, "w2": -1.5461702148917797, "b": -0.23712136681915852}