{"w": -0.38951193138586726, "b": -0.00816216113488418}