{"w": -0.375328221172864, "b": 3.363599111077719e-17}