{"w": -0.3403274872470121, "b": -0.0011560495651063425}