{"w": 0.7962148927695325, "b": 9.789510090361958e-17}