{"w": -1.0000000000000067, "b": 2.6867397195928935e-16}