{"w": -0.32689445616007584, "b": -0.0045834235926406905}