{"w": -0.9999999999999996, "b": 8.725659084163323e-18}