{"w": -0.9139852766838839, "b": 0.00306439820998058}