{"w": 0.35750446110270895, "b": -0.01629754158219386}