{"w": -0.3042184095309333, "b": 3.924238989854197e-17}