{"w": 0.42657362896499257, "b": -0.12069655582920887}