{"w": 0.6693218564671217, "b": -0.04437815969519332}