{"w": 0.10527469591610385, "b": -1.525677028602684e-16}