{"w": -0.46986520802092463, "b": -0.05462335253593061}