{"w": 0.6109808210147304, "b": 0.035482658231747025}