{"w": 0.5600224560121911, "b": 0.06585706534343942}