{"w": 0.6431098616927672, "b": 0.00408463906726253}