{"cc": -0.5924835533900906, "alpha": -1.6281091986837948e-17, "beta": -0.5924835533900905, "mx": -1.9984014443252817e-17, "my": -4.440892098500626e-18, "sx": 1.0, "sy": 0.9999999999999999}