{"w": -0.6405838805584763, "b": -0.05394947447654197}