{"w": 0.27511339884420977, "b": -0.04569233072724288}