{"w1": -0.5359385441435002, "w2": -1.9756200384783962, "b": -0.1669276307816986}