{"w1": -0.28029433627636763, "w2": -0.6329015185178591, "b": 7.273169524599916e-18}