{"w1": -0.41859501095901447, "w2": -1.3297356347230485, "b": -0.3110509886572597}