{"w": 0.0018140314627795647, "b": -0.0927242309433254}