{"w": -0.006962250214160312, "b": 0.009563770110757298}