{"w": -0.35598903467335297, "b": -0.02149533233451748}