{"w": -0.35628714377960213, "b": -0.021448700513216956}