{"w": 0.4173350183062375, "b": -0.016410216754654858}