{"w": 0.1376869712907381, "b": 0.028581840172055797}