{"w": -0.3865920519078918, "b": -0.008115797199839014}