{"w": -0.4040456113259699, "b": 0.0018399372687889042}