{"w": 0.9268369659502593, "b": -0.009672259547181096}