{"w": 0.9683734529960685, "b": -0.013753297969074707}