{"w": 0.6750847692502399, "b": 0.008998565844038242}