{"w1": 0.5947423847137979, "w2": 0.3949068118463434, "b": -3.465367486990569e-17}