{"w": 0.21717162785344704, "b": -0.005893582103345946}