{"w": -0.9999999999999996, "b": 1.23789867245705e-16}