{"w": -0.8059376766276569, "b": -0.18135126267669682}