{"w": -0.5257179884228748, "b": -0.06159610788216809}