{"w": -0.8663822327644595, "b": -0.23260036290358246}