{"w": -0.6115519767192124, "b": 1.127576152494135e-17}