{"w": -0.06118613317405737, "b": 0.07422087381588763}