{"w": 0.2662613387239798, "b": 0.02528570285857564}