{"w": 0.6740277959606331, "b": -3.699926165894248e-17}