{"w": 0.7033092866938949, "b": 0.0007035468273293163}