{"w": -0.14941802290772518, "b": 0.047810359978865624}