{"w": -0.8085615824170858, "b": 2.3163545806699373e-17}