{"w": 0.9056667493555492, "b": 0.034850568743988904}