{"w1": -0.7982751030030537, "w2": 0.020793238329392005, "b": 0.0388329623437664}