{"w": -0.3112063877486805, "b": -0.17674553387870767}