{"w": -0.15579588176857512, "b": -3.41996718409669e-17}