{"w": -0.25225461584181885, "b": -0.1473864031589971}