{"w1": 1.4383359154593318, "w2": 0.005060660258594808, "b": 0.2967891472752321}