{"w": 0.10948464743376563, "b": 0.038207443313047235}