{"w": 0.018072625861773373, "b": -0.0029030170128719404}