{"w": 0.11699623920110575, "b": -0.011183319337530001}