{"w": -0.5457554261362524, "b": -0.22929910222550048}