{"w": -0.5233301627540956, "b": 0.012827040328673142}