{"w": -0.7365021021997155, "b": -0.0839743922198255}