{"cc": 0.8421480977094474, "alpha": 3.435955098048123e-17, "beta": 0.8421480977094473, "mx": -2.4980018054066023e-17, "my": 1.3322676295501878e-17, "sx": 1.0, "sy": 0.9999999999999999}