{"w": -0.4017964888113206, "b": 0.0028331984749785455}