{"w": 0.014052022293781219, "b": 0.11334978144099028}