{"w": 0.16101081414714682, "b": 8.29120116184004e-18}