{"w": -1.0000000000000004, "b": 2.9143354396410364e-16}