{"w": -0.45587379980867787, "b": -0.02307815968625995}