{"w": -0.5812203087282134, "b": 1.75238386810547e-17}