{"w": 0.8516142818312882, "b": -0.011201376843408621}