{"w": 0.3484188305494724, "b": 0.00328730092887863}