{"w1": -1.7730306932712232, "w2": 0.9661124913782451, "b": -0.39690821188767533}