{"w": 0.32609139337384746, "b": -7.771606490613477e-17}