{"cc": 0.2555520915022675, "alpha": -6.0445860372319314e-18, "beta": 0.25555209150226743, "mx": -1.1102230246251566e-17, "my": -8.881784197001253e-18, "sx": 1.0, "sy": 0.9999999999999999}