{"w": 0.121523630565876, "b": 0.011781180041624206}