{"w1": -1.3383560830400256, "w2": 0.15299228607210436, "b": -0.0015511186541229405}