{"w": 0.6358005363733571, "b": 0.012102356474305243}