{"w1": 0.9746260056786722, "w2": 0.29604005533499217, "b": 0.0874931204227853}