{"w": 0.5909815777290134, "b": -0.14250523379715968}