{"w": 1.0000000000000002, "b": -9.693634783758395e-17}