{"w": 0.7940874120318323, "b": -0.010204074291980517}