{"w1": -1.8176723332852356, "w2": 0.5933999932954446, "b": 0.1093727331120685}