{"w1": -0.8750733189104579, "w2": 0.5098987231452553, "b": 0.05235917279792465}