{"w": 0.40325676178248465, "b": 0.01860762435102027}