{"w": 0.4987588030884537, "b": -0.004436596469907239}