{"w1": 12.55373003439668, "w2": -6.159903976563801, "b": -1.8235040175635677}