{"w": 0.5199841139542758, "b": 0.028228452997032832}