{"w": 0.5464151383787162, "b": 4.396399660900675e-17}