{"w1": -0.01380792057840985, "w2": 0.7487316926427767, "b": 5.1258684399293634e-17}