{"w1": -0.09867647369133084, "w2": -1.1861141037308238, "b": 0.010551427953823621}