{"w": -0.10555085789623725, "b": -0.211095753682384}