{"w": 0.05348814051340578, "b": 0.2108546658711663}