{"w": 0.8825794149819508, "b": -2.8024850528465734e-17}