{"w1": -0.2012067763764594, "w2": 1.1141464220933945, "b": -0.21563758219107018}