{"cc": -0.392642205358673, "alpha": 8.289169519417542e-18, "beta": -0.39264220535867295, "mx": -9.992007221626408e-18, "my": 1.2212453270876722e-17, "sx": 1.0, "sy": 0.9999999999999999}