{"w": -0.9999999999999996, "b": 2.220446049250318e-18}