{"w": -0.35694745941697537, "b": 8.645831678641105e-18}