{"w": -0.5181116863741009, "b": -0.023930281771947462}