{"w": -0.7254399129822503, "b": -0.01300542540780767}