{"w": 0.2547378532008574, "b": 9.000519089732333e-05}