{"w1": -1.0788323171493805, "w2": 0.9422879559486899, "b": 0.04598109173558187}