{"w": 0.14994783807419332, "b": 0.02199255090916437}