{"w": 0.7622043628401881, "b": 0.01260516738594989}