{"cc": 0.4512074695329234, "alpha": -3.5019044599417874e-17, "beta": 0.4512074695329234, "mx": 1.7111312367035225e-16, "my": 4.218847493575595e-17, "sx": 1.0, "sy": 1.0}