{"w": 0.5504938173492703, "b": -0.05611862805502628}