{"w": 0.7482905419774997, "b": 0.0024299002141169312}