{"w1": 0.1395223535332307, "w2": 3.050128553634825, "b": -0.7027591242166806}