{"w1": -0.48492346419121984, "w2": -0.46121172013374484, "b": 1.9634457957345743e-16}