{"w": 0.12243208046852704, "b": 0.14447726306827216}