{"cc": 0.18208613142230115, "alpha": 2.6948689014966263e-17, "beta": 0.18208613142230115, "mx": 2.0983215165415458e-16, "my": 6.515621375768888e-17, "sx": 1.0, "sy": 1.0}