{"w": -0.915817191209359, "b": 0.017861353719868703}