{"w": -0.94853698115367, "b": 0.018030588567006303}