{"w": -0.9783529894702672, "b": -0.006155332816976784}