{"w1": -0.8796843129624383, "w2": 0.006236186408036828, "b": 2.0615816151939484e-17}