{"w": 0.10257510347233219, "b": -0.0046951957322705715}