{"w": -0.11453226218928, "b": -1.1549672564801971e-17}