{"w": -0.12473810733485938, "b": -1.168847442706514e-17}