{"w": 0.008762104563660021, "b": 0.014612252118152196}