{"w": 0.9760405062559478, "b": 0.006812677891024133}