{"w": 0.6954111144642736, "b": 0.006463898792848782}