{"w": -0.7525817352068809, "b": -0.0017219002384996074}