{"w": 0.8476969513928946, "b": -0.054432142243878816}