{"w": 0.41520772801745814, "b": 0.0028426018679680812}