{"w": 0.3676878909369434, "b": -0.015140204654486258}