{"w1": 0.7388128799840842, "w2": 0.3810309291879119, "b": 9.886412287094657e-17}