{"w1": 1.2816888309537293, "w2": 0.6298105883952906, "b": 0.09116606884068933}