{"w1": -0.20153361397558905, "w2": -0.5101515885111438, "b": 3.7138768633552184e-19}