{"w1": 2.1929180236709023, "w2": 0.9700340560958645, "b": -0.021984019208466418}