{"w1": -0.11098118144572479, "w2": -1.7490057757149182, "b": 0.1925957882394528}