{"w": 0.29282220269992565, "b": -0.055625794326533966}