{"w": 0.3189333534519434, "b": 0.01717748078912954}