{"w": 0.6787272147224359, "b": -0.09772630215704309}