{"w": 0.6831699390616633, "b": -0.05922162060707807}