{"w": 0.757180486376984, "b": -0.023961323411680484}