{"w": -0.40263486244127844, "b": 0.04044478730724154}