{"w": -0.4972428583829141, "b": -0.003700774037915397}