{"w": 0.1089989154394799, "b": 3.6566300722637914e-17}