{"w": 0.7014441920815957, "b": -0.05926563713188174}