{"cc": -0.5416774770395276, "alpha": 3.1780458131866196e-17, "beta": -0.5416774770395276, "mx": 2.997602166487923e-17, "my": 1.5543122344752193e-17, "sx": 1.0, "sy": 1.0}