{"w": -0.9577171783082121, "b": -0.002633359832824623}