{"w1": 0.5757227176372028, "w2": -0.8743956727626134, "b": 0.03248255772827491}