{"w1": -0.539758194518014, "w2": -2.1597137317183055, "b": -0.16568941467124543}