{"w": -0.055217067147718145, "b": -2.891943899214128e-17}