{"w": -1.0000000000000033, "b": -2.983724378680109e-17}