{"w": -0.055161905242475696, "b": -2.891938540537616e-17}