{"w": 0.3993875392065104, "b": 0.020182970921049107}