{"w": -0.28056897609476367, "b": -6.591780871468587e-17}