{"w": 0.26910922449324365, "b": 3.72384108128922e-17}