{"w": -0.4207140291817661, "b": -0.04102209234432017}