{"w": 0.14615753334451237, "b": 1.3782048583587815e-16}