{"w": -0.3147562852615297, "b": -0.022598013482294663}