{"w1": 0.3915859945501659, "w2": -0.38668415939720646, "b": 1.2542380267842932e-17}