{"w": -0.9537379806162674, "b": 0.0021313231692777286}