{"w": 0.42889756799181894, "b": -0.0988563953539434}