{"cc": 0.36226026492527186, "alpha": -1.7862043705656073e-16, "beta": 0.36226026492527186, "mx": -5.551115123125783e-17, "my": -1.9872992140790302e-16, "sx": 0.9999999999999998, "sy": 0.9999999999999998}