{"w": 0.32932751356842893, "b": -1.8044857199759186e-16}