{"w": 0.3953896444655577, "b": -0.07987877185478622}