{"w": 0.3993898818807138, "b": 0.006877392425290341}