{"cc": 0.5206032105773587, "alpha": -6.539939841388318e-17, "beta": 0.5206032105773586, "mx": 4.884981308350689e-17, "my": -3.9968028886505634e-17, "sx": 1.0, "sy": 0.9999999999999999}