{"w1": -0.4953449843271076, "w2": -1.2822245786128659, "b": -0.04196249988433273}