{"w1": -0.25094641014361374, "w2": -0.7805140939868297, "b": 0.018117359884628953}