{"w": 0.9026704171576392, "b": 0.004835594750508073}