{"w": 0.8816764318511521, "b": -0.00010613043308089348}