{"cc": -0.23149185214983103, "alpha": 3.024763057943497e-16, "beta": -0.231491852149831, "mx": 2.1316282072803005e-16, "my": 2.5313084961453567e-16, "sx": 1.0, "sy": 0.9999999999999999}