{"cc": 0.7969925828826139, "alpha": 6.238535575217485e-17, "beta": 0.7969925828826139, "mx": -3.9968028886505634e-17, "my": 3.053113317719181e-17, "sx": 0.9999999999999999, "sy": 0.9999999999999999}