{"w": -0.016743281222762165, "b": 0.07418299481723112}