{"w": -0.014662955154635617, "b": -0.0027246377450241624}