{"w": 0.37834988838869377, "b": 0.03831788422276769}