{"w": 0.5548454600320625, "b": -0.0034239471637117036}