{"w1": 0.7031633668523259, "w2": 0.2859082271041933, "b": 1.6930189805607282e-17}