{"w1": 0.14926346357195272, "w2": 0.24107842163299617, "b": 3.87062953544773e-17}