{"w1": 0.17306783075646215, "w2": 2.1884768794324523, "b": 0.09666443051417768}