{"w1": -0.38390573805049033, "w2": 0.4243379061872, "b": -0.026096258570444897}