{"w": -0.44275798413179845, "b": -0.006003031539002744}