{"w": -0.3124955517185756, "b": -0.26719723192248174}