{"w": -0.13234485799256224, "b": 0.062671817839271}