{"w": -0.01591434619017641, "b": 0.03540601729113231}