{"w1": -3.1714908641848565, "w2": 2.529690625309999, "b": 0.9889331206129315}