{"w1": -0.808521228678155, "w2": 0.7302238815038766, "b": 0.16132131337298872}