{"w1": -0.3219067591600528, "w2": -0.45142517286663064, "b": 6.050617693732593e-17}