{"w": 0.029916168574566353, "b": 0.20379818586842902}