{"w": 0.041503375125580416, "b": 0.19806884924361606}