{"w": -0.0910816584051517, "b": -0.029522252755938796}