{"w": -0.4989470398870517, "b": 3.248791748953099e-16}