{"w": -0.5804591239682291, "b": -1.0798491537181036e-16}