{"w": -0.5976175999326149, "b": -0.11288315743933242}