{"w": 0.34223487797289576, "b": -0.005290081584366917}