{"w": 0.6404428410250165, "b": -0.06169277132327314}