{"w": 0.6408464223474948, "b": -0.061344350725562935}