{"cc": 0.35964884057061824, "alpha": 4.035514048513892e-17, "beta": 0.35964884057061824, "mx": -1.9984014443252817e-17, "my": 3.3167912860676553e-17, "sx": 0.9999999999999998, "sy": 0.9999999999999998}