{"w": 0.29296096339415933, "b": 0.14858848167250366}