{"w1": 0.5186362378758969, "w2": -0.3286838329798906, "b": 1.376237871687436e-17}