{"w1": 1.2016006847262362, "w2": -0.7993644237179524, "b": 0.005836498280119143}