{"w": 0.9127117681779668, "b": -0.009940295349105895}