{"w": -0.14245595745535655, "b": -0.06507549419603895}