{"w1": 0.11236763857647991, "w2": 0.6331467254487719, "b": 9.207680957652e-18}