{"w": -0.6463368238092011, "b": -0.01864997290451954}