{"w": -0.9666142272552316, "b": -7.325026745963164e-18}