{"w": 0.7677494129950104, "b": 0.005730153184319787}