{"w1": -0.8919057184124466, "w2": -1.6217196057596164, "b": 0.11296239401614452}