{"w": 0.69325193666024, "b": -0.08767828701670888}