{"w": 0.2647880281972949, "b": 0.22840633838357355}