{"w1": 2.994228523980386, "w2": 0.7929761918881637, "b": 0.10884033203937138}