{"w": 0.4159893782539887, "b": 2.5863095201276575e-17}