{"w": 0.3781721620490807, "b": 2.3511904728433254e-17}