{"w": 0.5938262052235036, "b": -0.0361702996591328}