{"w": 0.5844597451758253, "b": -0.03578045771440011}