{"w": -0.0360092061372993, "b": -4.102401451677372e-17}