{"w": 0.03184496793606128, "b": 0.035285482050932446}