{"w": 0.4725357753108452, "b": -0.002793261244123945}