{"w": 0.29835016010731846, "b": 0.031073431922760415}