{"w": -0.20560725022934298, "b": -0.17735619323153953}