{"w1": 0.7524269323346274, "w2": -0.10744649635341726, "b": 1.078826228982076e-16}