{"w": -0.5897764652031783, "b": -2.0055310332679627e-16}