{"w": -0.168948142862461, "b": 0.08967755218907622}