{"w": -0.38392319415723164, "b": 0.08954261625607529}