{"w": 0.7023634266706164, "b": 0.2158000972141476}