{"w1": 0.015228275187445935, "w2": 0.6981381855557287, "b": -5.1271604406459206e-17}