{"w": -0.26803339592097436, "b": 0.01033443471805437}