{"w": -0.15260081383241356, "b": -0.02092015128407309}