{"cc": -0.559445699350966, "alpha": 9.751500696407711e-18, "beta": -0.559445699350966, "mx": 3.3306690738754695e-17, "my": -8.881784197001253e-18, "sx": 1.0, "sy": 1.0}