{"w": -0.4426136737907597, "b": 0.05484109267221518}