{"w": -0.5460176262964631, "b": -0.013796291644778707}