{"w": -0.3929016559222318, "b": 1.469594225382833e-17}