{"w1": 0.24050448409706, "w2": -0.7119838515773673, "b": -0.012051961687056948}