{"w": 0.5385678204603711, "b": 0.0003579326480254293}