{"w": 0.5835400663605389, "b": -0.0025362352040455335}