{"w": 0.02234206875636459, "b": -6.937679917482834e-18}