{"w": 0.10110530359883928, "b": 0.24101453431487602}