{"w": -0.16813907728821337, "b": -0.06925424477508073}