{"w": 0.6935311335849206, "b": -0.008359533121630779}