{"w1": 1.554298019543047, "w2": 1.8608577163757114, "b": 0.12636518366971028}