{"w": 0.018779120429154954, "b": -0.004905937602135778}