{"w": -0.7963775533172202, "b": -0.013601090913186084}