{"w1": -1.9433167858054285, "w2": -1.9628946479329012, "b": 0.026200154857943435}