{"w": -0.11027572708946379, "b": -0.009534883438695605}