{"w": -0.4506400734322306, "b": 2.5459010311551858e-17}