{"w": 0.48840209307342386, "b": 0.03308505234305137}