{"w": 0.4569843876874106, "b": 0.02361041095154661}