{"w": 0.6217814674821378, "b": -0.009355471133755351}