{"w": 0.3949823544481524, "b": 0.23948799441568314}