{"w1": 2.4073403941225453, "w2": -0.016368825567861685, "b": 0.10957372215735621}