{"w1": -0.11922596465742401, "w2": -2.4580421844764837, "b": -0.8173235193315863}