{"w1": 1.341585626809859, "w2": 1.8864471640950007, "b": 0.03600551306030448}