{"w": 0.06603652445276936, "b": 0.019300323299331654}