{"w1": -0.8624976915507538, "w2": 0.10057666190085618, "b": -2.0792500496862338e-17}