{"w": -0.5449325723190767, "b": -2.280308260863442e-17}