{"w": -0.5988270025484358, "b": -2.3521100656710683e-17}