{"w": -0.5680231418858623, "b": 0.07764862620465458}