{"w1": 1.834216136156331, "w2": -4.0812744117383515, "b": 1.3506786879719364}