{"w": 0.014878185758548323, "b": 1.0713972282806502e-16}