{"w": 0.6066606298257431, "b": -2.42890268161233e-16}