{"w": 0.28385314153502633, "b": -0.017285927058866973}