{"w": 0.34030591203821275, "b": -0.0006074037418578489}