{"w1": -0.6537195406156519, "w2": -0.6677055716441865, "b": -0.03822231779053733}