{"w": -0.5238494198191016, "b": 0.0321114554624941}