{"w": -0.6539032911689641, "b": 4.63383902317377e-18}