{"w": -0.4756157795797177, "b": 0.020578385346017237}