{"cc": 0.5957745618465138, "alpha": -1.038296138968286e-18, "beta": 0.5957745618465138, "mx": -3.552713678800501e-17, "my": -2.2204460492503132e-17, "sx": 1.0, "sy": 1.0}