{"w": -0.5073132003064197, "b": -2.6677829724459288e-17}