{"w": -0.4611938184603815, "b": -2.6473018526031484e-17}