{"w": 0.13206067590245885, "b": 0.012457697036815762}