{"w": 0.16638846473518354, "b": -0.004129030337645508}