{"w1": -0.18938690092666124, "w2": -0.6417037724733409, "b": -1.1549815244469382e-16}