{"w": -0.36694783591157565, "b": -0.013596065552564294}