{"cc": -0.496641840259779, "alpha": 6.241666097844695e-18, "beta": -0.49664184025977903, "mx": 3.1988300897012325e-17, "my": -9.645062526431047e-18, "sx": 0.9999999999999999, "sy": 1.0}