{"w": 0.22440036415422843, "b": 0.1393917933356399}