{"w1": -57.88456175205233, "w2": -22.851399070845428, "b": 5.359132802054779}