{"w": -0.3356822961190956, "b": -0.04810890005594723}