{"w": 0.6644852214890805, "b": 8.709256563916272e-17}