{"w": 0.8829202693606366, "b": 1.7904260640489095e-17}