{"cc": -0.08767080417354338, "alpha": 6.4514993988956045e-18, "beta": -0.08767080417354337, "mx": -9.103828801926283e-17, "my": 1.4432899320127036e-17, "sx": 1.0000000000000002, "sy": 1.0}