{"w": -0.7236689427877597, "b": 0.02416835074056377}