{"w": -0.7133976182488023, "b": 0.02207323105572982}