{"w": -0.705984345832968, "b": 0.010075197427111396}