{"w1": -0.7468202616942806, "w2": -2.7461902852292517, "b": -0.29357920505143204}