{"w1": -0.34245028225838414, "w2": -0.8526377778945837, "b": -1.5696681241927177e-16}