{"w": -0.5517543374552581, "b": -0.007609844515801114}