{"cc": 0.8581341750556939, "alpha": -7.007159909475686e-18, "beta": 0.8581341750556937, "mx": 2.886579864025407e-17, "my": 1.7763568394002505e-17, "sx": 1.0, "sy": 0.9999999999999998}