{"w": 0.1251059076696679, "b": 6.578721331210027e-19}