{"w": 0.03421677854946684, "b": 0.13718099405849396}