{"w": 0.7317795088068695, "b": 3.2102285679925606e-16}