{"w": 0.8200750117272912, "b": -0.006552586254479506}