{"w": 0.08507619843176879, "b": -0.16405313071545438}