{"w": -0.7247218437070139, "b": 0.015111179840614577}