{"w": 0.23830359745371438, "b": -6.747360785889255e-17}