{"cc": -0.1914625341984595, "alpha": -2.860643840940976e-17, "beta": -0.19146253419845943, "mx": -8.626432901337466e-16, "my": 1.3655743202889425e-16, "sx": 1.0, "sy": 0.9999999999999998}