{"w1": 0.27431675558943125, "w2": 0.6347573902078258, "b": 1.1312709383776498e-17}