{"w": 0.01799885822628844, "b": 0.011364347160630284}