{"w": 0.38149326352603224, "b": -0.0016690158060851338}