{"w": -0.41477485008039877, "b": 0.071855708883533}