{"w": -0.7328546766107662, "b": -0.009989047504343585}