{"w": -0.7795751756553078, "b": -0.008147300573159967}