{"w": -0.3151000744206721, "b": 0.11972051249993965}