{"w1": 0.04170560243455, "w2": -0.6664971341973613, "b": 3.2653505037471345e-17}