{"w": 0.1804238411490414, "b": 4.8990980544241685e-18}