{"w": 0.9999999999421947, "b": -4.440892098500626e-16}