{"w": 0.9573603459074965, "b": 0.01170769987538156}