{"w": 0.3762813960929143, "b": 2.0978015453828353e-16}