{"w": 0.09780438771743905, "b": -0.19444234924696813}