{"cc": -0.3461209780585109, "alpha": -3.509932513222318e-17, "beta": -0.3461209780585109, "mx": -2.4424906541753444e-17, "my": -2.6645352591003756e-17, "sx": 1.0, "sy": 1.0}