{"w1": -0.0483082542932027, "w2": -1.8010574966059978, "b": 0.0493982578080388}