{"w1": -0.05385155321759154, "w2": -0.41117575478975604, "b": 8.638260871669986e-18}