{"w": 0.12825603167579538, "b": -3.9198226148072e-17}