{"w": 0.6210619373485263, "b": 0.0004808104342275514}