{"w": 0.29226421381147843, "b": 0.18290738255175903}