{"w1": -2.503964955616018, "w2": 0.7921193567513066, "b": 0.09593441116264066}