{"cc": 0.6888210550814439, "alpha": -3.898191708227645e-17, "beta": 0.6888210550814438, "mx": -1.1102230246251566e-17, "my": -4.662936703425657e-17, "sx": 1.0, "sy": 0.9999999999999998}