{"w": 0.7497086623216639, "b": 1.9418552537390492e-17}