{"w1": -0.49992795597986456, "w2": -0.49911236570193185, "b": -6.757621230068811e-17}