{"w": -0.022720326779452696, "b": -3.0027319195346075e-17}