{"w": 0.4066287002319464, "b": 0.11028452544111955}