{"w": 0.5952967496358457, "b": 1.934628891119896e-16}