{"w": 0.7203627113162991, "b": 4.601155607403917e-18}