{"w": 0.3405729146771456, "b": 0.33126471486131914}