{"w1": -0.5969241227599767, "w2": 0.15953322362309588, "b": 1.9310350100614372e-17}