{"w1": 0.26401724118344083, "w2": -0.4692130362185974, "b": -7.423645475409449e-18}