{"w1": -0.543523580788238, "w2": 0.48254369200414454, "b": -0.0019416726580343407}