{"w": -0.305248705686495, "b": -2.4857376209761693e-18}