{"w": -0.31144421037570746, "b": -0.005061079011174058}