{"w1": 1.2501581988560257, "w2": 0.9210922319763118, "b": 0.14582741484636064}