{"w1": 1.3292033217641765, "w2": 0.9628803328928904, "b": 0.10778644153179466}