{"w": -0.30221231132422016, "b": 1.432383802781226e-17}