{"w": 0.22280496278994197, "b": 1.481634335624234e-17}