{"w": -0.6762845639058384, "b": 0.10064685014710245}