{"w": -0.1416400705715474, "b": -1.7199488086988638e-16}