{"w": 0.24026886600889485, "b": 2.0055319054736225e-16}