{"w": 0.25559327450395797, "b": -0.14020108961034383}