{"w": 0.24748533637990974, "b": -0.11297376222497843}