{"w": 0.7706785161730066, "b": -0.02220576491211912}