{"w1": 0.08759371249645398, "w2": -0.6814778050209617, "b": -0.008023955642748243}