{"w": 0.4089271123724051, "b": 4.253136221568875e-17}