{"w": 0.5126632683852901, "b": -6.129490385477406e-17}