{"w": 0.49135266780396364, "b": 0.015028065168689144}