{"w": -0.16845544546734464, "b": -0.07032459003986459}