{"w": -0.25714002029002386, "b": 0.009703374199824425}