{"w": -0.4021034781310367, "b": -0.10128996885430432}