{"w1": 0.4498297635668776, "w2": 0.4000007410284889, "b": 9.55670497068991e-18}