{"w": -0.30503592708859195, "b": 1.9856222539612708e-18}