{"w": 0.6007465419237337, "b": 0.009395002077722672}