{"w": -0.23808094021778137, "b": 0.11357981273530163}