{"w": -0.0967921847710799, "b": -3.7121243518424936e-17}