{"w": -0.09583384630799993, "b": -3.7099964129883033e-17}