{"w": 0.2875827260880008, "b": 1.5197739004486635e-16}