{"cc": 0.24821925668152922, "alpha": 1.6322410012926993e-17, "beta": 0.24821925668152928, "mx": -2.997602166487923e-17, "my": 8.881784197001253e-18, "sx": 0.9999999999999998, "sy": 1.0}