{"w": 0.6468806499162796, "b": -0.004361410263743624}