{"w1": 0.39793843309878035, "w2": 0.17746308209324038, "b": 1.481801320035862e-17}