{"w": -0.30160912635109266, "b": -0.006412896223048804}