{"w": -0.25910964080518595, "b": -0.2907851759405032}