{"w": -0.03811846639636464, "b": -9.182975714973964e-17}