{"w": -0.3159123865798318, "b": -0.2982738814699729}