{"w": 0.17620862664492598, "b": 0.3114202893581664}