{"w": -0.67204332487444, "b": 0.009558995054345225}