{"w": -0.303394435288065, "b": -1.000026030639897e-17}