{"w": -0.3621141392086671, "b": 4.597985061519133e-17}