{"w1": 0.8582075188026526, "w2": -0.24726715867001134, "b": -0.024705971962650168}