{"cc": -0.953482241136844, "alpha": -1.9622791523980632e-17, "beta": -0.953482241136844, "mx": 3.9968028886505634e-17, "my": -5.773159728050814e-17, "sx": 1.0, "sy": 1.0}