{"w": -0.9518004619842094, "b": -0.003860894368091075}