{"w": 0.12269053211725968, "b": 0.029862143155943266}