{"w": 0.5210710042412703, "b": -0.24185446217388407}