{"w": 0.957787334532294, "b": 0.006470733235994712}