{"w": 0.9126861784654031, "b": 0.004165005451037283}