{"w": -0.38951959976973044, "b": -2.845428776529111e-16}