{"w": -0.5163385213031516, "b": 0.0028074037095537816}