{"w": -0.47264055088529056, "b": -0.01339894505073028}