{"w": -0.5137051855555724, "b": 0.0046491459335328}