{"w": -0.2370335909891136, "b": 0.0002697161631982514}