{"w": 0.29389604064887487, "b": -0.0004313209548067395}