{"w1": -0.42752059605855214, "w2": -0.14705951021029687, "b": -4.80200569568448e-05}