{"w": 0.5400087721754511, "b": -0.04330113477153529}