{"w": 0.5506998352573188, "b": -0.05040631650334776}