{"w1": -35.929559659221226, "w2": 8.005881535781047, "b": -16.00633322733322}