{"w1": 0.13443016533765195, "w2": -0.03735922645455549, "b": 0.0004025461511347808}