{"w": -0.7618424754655052, "b": -1.3850330479058788e-16}