{"w": -0.7605176625752075, "b": -0.014303651646522766}