{"w": 0.5815295110530152, "b": -1.2984644274407216e-17}