{"w": 0.617016846039898, "b": 0.04758147686631818}