{"w1": -1.0675930266999063, "w2": -0.6060322470432579, "b": 0.309407455257415}