{"w": -0.5432575789431587, "b": 1.7640686922880043e-17}