{"w": -0.5279455362858515, "b": 0.0037440393132895464}