{"w": -0.1943549136418733, "b": 0.003955426896122481}