{"w": -0.9221578919208716, "b": 0.13496625015391017}