{"w": 0.6956047149721285, "b": 1.7394517388388718e-17}