{"w": 0.5617768635238626, "b": -0.02900064435913479}