{"w": 0.4009555274883764, "b": 0.018457596558109846}