{"cc": 0.22816384765499387, "alpha": 1.1611210776089272e-17, "beta": 0.22816384765499392, "mx": 3.183054948091568e-17, "my": 1.8873791418627663e-17, "sx": 1.0, "sy": 1.0000000000000002}