{"w": 0.4438381898268252, "b": -0.33750044072971763}