{"w": 0.21635994481288326, "b": 0.019637696369691246}