{"w": 0.22850890648412603, "b": -0.054193855824027026}