{"w": -0.20694350948632617, "b": 5.889590366126476e-17}