{"w": 0.19701231614392561, "b": 0.13671106084405596}