{"w": -0.36758785368827196, "b": -0.04977140859253881}