{"w": -0.4326723727619397, "b": 5.3461066079883763e-17}