{"w": -0.41493108800798695, "b": -0.06252261328245841}