{"w1": -0.17120324447657667, "w2": 0.4821880984088082, "b": -1.1118171489991337e-17}