{"w1": -0.17182762965694917, "w2": 0.48638742140093066, "b": -1.124001366531151e-17}