{"w": -1.0000000000000018, "b": -8.892886427247504e-16}