{"w1": -0.6454406458726947, "w2": 0.2023928969589582, "b": -3.728223069584577e-18}