{"w1": -0.8248079783531596, "w2": -1.036805684240582, "b": 0.17680042459834994}