{"w": 0.9049663813126032, "b": 0.001861144458582542}