{"w": -0.1763740450435276, "b": 2.148249339762765e-16}