{"w1": -2.0989057966426063, "w2": -3.1486231987363444, "b": 0.3949062206781492}