{"w1": -0.5359779761140332, "w2": -0.45490132146348294, "b": 9.2998938582152e-17}