{"w": 0.453458147655866, "b": 0.09339826860291467}