{"w": 0.3309804799316016, "b": -4.619938366131543e-16}