{"w": 0.539624573287617, "b": 0.0014371201261144297}