{"w": 0.5884038562334313, "b": 0.0016564238014910799}