{"w": 0.19382965418513642, "b": -9.973391910670654e-17}