{"w": 0.10026291537344105, "b": 0.27220290433667965}