{"w": 0.4656028638562918, "b": -0.006454822448904127}