{"w": 0.39768354224580815, "b": -2.051127188237705e-17}