{"w": 0.39728625598981837, "b": -2.048745375954363e-17}