{"w": 0.3826685125165976, "b": 0.037870816101637825}