{"cc": -0.041921269135509795, "alpha": 3.1524569137693613e-17, "beta": -0.041921269135509795, "mx": -4.1328052091671454e-16, "my": 4.884981308350689e-17, "sx": 0.9999999999999998, "sy": 0.9999999999999999}