{"w": -0.3195174158688957, "b": 0.09424106092853554}