{"w": 0.3912509936402385, "b": 3.429617811261414e-17}