{"w": 0.3721041236776925, "b": -0.007365869411527311}