{"w": 0.389915394086703, "b": -0.007692332969141836}