{"w1": 3.555231919872137, "w2": 0.632246868041824, "b": -1.1210100309301125}