{"w1": -0.9876632895339787, "w2": 0.15800684975541254, "b": 0.008641950128304404}