{"w": -0.21286955833047014, "b": -7.981251845995426e-18}