{"w": -0.24038879058885254, "b": -0.012589345056513074}