{"w": -0.08239107020507085, "b": 1.2996605760768643e-16}