{"cc": 0.40331771773084485, "alpha": 1.1391124413389084e-16, "beta": 0.4033177177308448, "mx": 3.2751579226442116e-17, "my": 1.2712053631958043e-16, "sx": 1.0, "sy": 0.9999999999999999}