{"w": 0.5046479834772414, "b": -0.05615211918840651}