{"w": 0.5566886450249675, "b": 0.007448260960361813}