{"w": -0.36476706944561726, "b": -0.0018468670978098916}