{"w": -0.4217363495966136, "b": 5.647643906299632e-17}