{"w1": 0.1420292727672855, "w2": -0.6158362051282122, "b": -0.003443038427386899}