{"w": 0.1317585733608761, "b": -3.7607099876174065e-16}