{"w1": 0.7303366244981474, "w2": 0.20941755057276798, "b": -0.00873878440945161}