{"w": 0.42030402528352223, "b": 0.03397881026740533}