{"w": -0.5122613937635963, "b": 0.043616393743977654}