{"w1": -0.4753799235482827, "w2": -0.5209085997604272, "b": 2.4914428998945516e-16}