{"w": -0.5674578697471293, "b": -0.020073137867024714}