{"w1": -0.09840885127391098, "w2": 0.2540249611216267, "b": -2.0498929034784847e-17}