{"w1": 1.2895376549326905, "w2": 0.888717216510112, "b": 0.12674912419829373}