{"cc": 0.808615373650739, "alpha": -3.165467871986084e-17, "beta": 0.808615373650739, "mx": 1.4432899320127036e-17, "my": -1.9984014443252817e-17, "sx": 1.0, "sy": 1.0}