{"w": -0.1908031353147745, "b": -6.792839228405117e-17}