{"w": -0.16699168548446883, "b": 0.04088688249422216}