{"w": -0.45555774511137986, "b": -0.009154311423802663}