{"w": 0.4229199032753625, "b": -2.96036092052004e-17}