{"w1": -2.8440035836014577, "w2": -2.6254660314476816, "b": 1.4380564234081863}