{"w": -0.23540349682943645, "b": 0.05427363290789329}