{"w1": 0.6270276937251938, "w2": 0.8671477921004812, "b": -0.08793918114871561}