{"w1": -2.687464558325811, "w2": -1.3353220556524532, "b": -0.06097608549714295}