{"w1": -1.6641220247769701, "w2": -0.9498470160583895, "b": -0.15441580431182175}