{"w1": -0.7984188614451733, "w2": -0.43815868102526717, "b": -0.02616479934948434}