{"w": 0.007636587903185, "b": -0.13530621886147373}