{"w": 0.4918140898869132, "b": 1.1706564397008245e-16}