{"w1": 0.7098025372382242, "w2": -0.07500044310757203, "b": -5.7502386329136495e-18}