{"w": -0.28492557477196934, "b": -0.04297143721951846}