{"w": -0.8540727860927498, "b": -0.04008298184253367}