{"w": -0.5955033250587982, "b": 0.02491181079469794}