{"w": -0.5719906205647024, "b": 0.003528720998679581}