{"w": 0.31067282548466185, "b": -0.0344706819577645}