{"w": -0.30862240657334505, "b": 0.00846478404033519}