{"w1": -0.05213606216859856, "w2": -0.6530960980019024, "b": -0.02303434358102352}