{"w": -0.9065868508307998, "b": 0.012768911646242484}