{"w1": 1.4652048980787713, "w2": 1.5110622854641087, "b": 0.07492883955882633}