{"w": -0.3612398008886862, "b": -5.4953467980571496e-17}