{"w": -0.3316838171796119, "b": -5.554411518589819e-17}