{"w1": -0.5515399053861326, "w2": -0.4391910171570379, "b": 9.624979423233401e-17}