{"w": 0.7962449738286074, "b": 0.009202898404251734}