{"w": 0.7920101598104998, "b": -9.343614415934233e-18}