{"w": 0.79121894086963, "b": -9.345371274905579e-18}