{"w": -0.9517446823990934, "b": 0.017517461342282575}