{"w1": -0.25052302421808276, "w2": 1.7589887355196125, "b": -0.18053580613539386}