{"w1": -0.17293080800099336, "w2": 0.9885766788002861, "b": -0.07307684421409202}