{"w1": -1.4877085810802912, "w2": 0.21150921704897868, "b": 0.2085813611789961}