{"w1": -0.5328549380442958, "w2": 0.7419622293208143, "b": -0.11245913076494235}