{"w1": -0.7014393917069379, "w2": -0.16578154483935542, "b": -0.0032951025531921876}