{"w1": -0.4446710498823427, "w2": -0.48028942979922973, "b": -4.7833617689475164e-17}