{"w1": -0.08462210843075135, "w2": -1.6222548893871298, "b": 0.3893527038262413}