{"w": -0.5100928282185099, "b": -4.939478273393692e-17}