{"w1": 3.7721835939047494, "w2": -2.2781105268303485, "b": -0.3235757049003193}