{"w": 0.5670613462376263, "b": -1.882670579049183e-17}