{"w": 0.9152055037673599, "b": 0.0030455467759856344}