{"w": 0.968371459083879, "b": -1.6056394885250954e-17}