{"w1": 0.5290746543446628, "w2": 0.19918318336716193, "b": -2.0303096810846474e-17}