{"w": 0.1629053322249712, "b": 0.0716097214119525}