{"w": 0.9999999999999992, "b": -3.941291737419303e-17}