{"w": -0.06525915879488883, "b": 0.11768122489059718}