{"w": -0.2322550542704523, "b": -6.818944926308281e-18}