{"w": -0.23202303123921303, "b": -6.821005704800482e-18}