{"w1": -0.523600151453554, "w2": -0.028707287625716647, "b": 0.0015875441700406888}