{"w": 0.17834905242813365, "b": -2.4577453322730996e-17}