{"w": 0.1897651249555275, "b": -0.015399481945909163}