{"w": 0.252247423811495, "b": 0.17415758920414517}