{"w": 0.40713858045329754, "b": -0.015869253287329924}