{"w": 0.2626849595529064, "b": -0.034765909909186515}