{"w1": 0.5657998476342355, "w2": -0.5322403659469194, "b": 0.00476469427821654}