{"w": -1.0000000000000004, "b": 2.6700863742235022e-16}