{"w": -1.0000000000000002, "b": 1.537658889105842e-16}