{"w1": -22.274007386993816, "w2": -13.730153002627247, "b": 1.0311525217908821}