{"w1": -0.8699438523941779, "w2": -0.8805950707973768, "b": 1.3877787807814457e-16}