{"w1": -0.7462211808504217, "w2": -0.682523360460607, "b": 0.015158914219763408}