{"w1": -2.033579037721969, "w2": -1.2616480683858675, "b": 0.08592021477537146}