{"w": 0.2686465872381336, "b": -0.15716404467583733}