{"w": 0.3418005117763565, "b": -4.782419416703122e-17}