{"w1": -0.37062259410908566, "w2": -0.371680160594272, "b": 1.8584417994571178e-17}