{"w1": -0.40404813601152095, "w2": -0.41112597927788963, "b": -0.0017399136962840504}