{"w": 0.30757721451680203, "b": -1.2680450772212411e-16}