{"w": -0.36926663453290215, "b": 0.23204303294489242}