{"w": 0.6923950723780429, "b": -0.025550412144169508}