{"w": -0.14399633791032782, "b": 0.16607360260929496}