{"w": 0.9845553089571686, "b": 5.374934024568168e-17}