{"w": 0.9783206899764431, "b": 0.007896180388995639}