{"w": 0.9056696210798338, "b": -0.005336916461391797}