{"w": 0.553652538116423, "b": -0.02002716459807874}