{"w": -0.2782079638364509, "b": -0.13468191169354934}