{"w": -0.34747618156316595, "b": 0.04278718021572508}