{"w1": 0.953600939269033, "w2": -1.1803663198142245, "b": 0.027981590559633583}