{"w1": 0.2587176295736943, "w2": 0.6253029234104281, "b": 0.001729781427374178}