{"w": -0.30908855671817737, "b": 0.0014654373513767784}