{"w": 0.811424152782087, "b": 0.005532733293719325}