{"w1": -0.6957736791763905, "w2": 0.09195598676483802, "b": -9.528862570210401e-17}