{"w": -0.14630371663830963, "b": -0.17314523832750647}