{"w": -0.1777321699405819, "b": -0.15911673597391773}