{"w": -0.16371176983096433, "b": 0.03726031122105535}