{"cc": 0.39531111165394767, "alpha": -1.0276520368171648e-17, "beta": 0.3953111116539478, "mx": -1.3322676295501878e-17, "my": -1.5543122344752193e-17, "sx": 0.9999999999999998, "sy": 1.0}