{"w": -0.4869023414720237, "b": 1.7004172052098478e-18}