{"w": -0.052807279714306925, "b": -0.01996913994444283}