{"w": 0.1973163856116569, "b": -3.622024234498863e-18}