{"w": -0.1278611552124076, "b": -0.07466098149257985}