{"w1": -0.1836749480342904, "w2": -2.0646018122988705, "b": -0.05075082624473622}