{"w1": -0.6361978619114651, "w2": -0.19557152884840562, "b": 5.651096490549888e-17}