{"w1": -1.0387875094633972, "w2": 0.10743792769534256, "b": 0.03509241115951311}