{"w": -0.08439687314255007, "b": -0.04889855374340024}