{"w": -0.16418341795708175, "b": -2.7647893750830597e-17}