{"w": -0.2840171294812179, "b": 5.835503375329856e-17}