{"w": -0.2812050786942751, "b": 5.807405343559142e-17}