{"w": 0.06971950201823186, "b": -3.01821196121807e-17}