{"w": 0.10428355640074063, "b": -0.3144553677890339}