{"w": 0.06312807585885684, "b": 0.06830362512160708}