{"cc": 0.14858198410937673, "alpha": 6.671109148001586e-17, "beta": 0.1485819841093767, "mx": 5.911937606128958e-17, "my": 7.549516567451065e-17, "sx": 1.0, "sy": 0.9999999999999998}