{"w": 0.14843355055881788, "b": 6.671986677891146e-17}