{"w1": 0.8672871370071219, "w2": -0.109392405059833, "b": 5.2204261844668125e-17}