{"w1": 2.4559302602723156, "w2": -0.292065802504518, "b": -0.4787001751427013}