{"w": -0.7456766932430524, "b": 0.006305869874808284}