{"w1": 0.1509577294900185, "w2": 0.4430528880901048, "b": -1.2931071886708036e-18}