{"w": 0.5233241168736129, "b": -3.507114550804574e-17}