{"w": 0.20757233732075714, "b": -0.24871158126090276}