{"w": 0.26870090905504185, "b": -0.2416559011427647}