{"w1": -0.6855448191336817, "w2": -0.7014877816005394, "b": 0.07056323032672221}