{"w": 0.1120451473684818, "b": 0.0255264610605704}