{"cc": 0.405017529090852, "alpha": -2.0330606423418617e-16, "beta": 0.4050175290908519, "mx": 1.1546319456101628e-16, "my": -1.5654144647214706e-16, "sx": 1.0, "sy": 0.9999999999999999}