{"w": -0.7346128490802024, "b": 1.3892262757758809e-16}