{"w": -0.6163647642252439, "b": 1.142537952196114e-17}