{"w1": 0.42063051752525565, "w2": 0.45584636372730925, "b": -9.610842665701498e-17}