{"w1": 1.2583789813254707, "w2": -0.21299715934911115, "b": -0.10894559498541893}