{"cc": -0.6401536581144378, "alpha": -8.375880746802976e-17, "beta": -0.6401536581144377, "mx": -2.3314683517128286e-17, "my": -6.88338275267597e-17, "sx": 1.0000000000000002, "sy": 1.0}