{"w": -0.6431665327017217, "b": 0.05476050671762381}