{"w": -0.2614863792728483, "b": 0.06215897484450908}