{"w1": -0.7007375779617775, "w2": 0.23704292430620266, "b": -3.08882688530404e-18}