{"w1": -4.049517419116682, "w2": 1.735586822434373, "b": -1.0386318779423012}