{"w": 1.0000000000000018, "b": 3.7581049383561606e-16}