{"w": 0.3428802051097775, "b": -0.01597382360200611}