{"w1": 0.97559023683619, "w2": -0.32804676381354836, "b": -0.08958076738410412}