{"w1": -0.2358815011348239, "w2": 1.3117364915572847, "b": -0.08656687352027569}