{"w": -0.1346862180854781, "b": 5.686826004176864e-18}