{"w": -0.4458484286789532, "b": -3.805114100068111e-16}