{"cc": -0.7937948248394644, "alpha": -3.94773082765133e-16, "beta": -0.7937948248394641, "mx": -4.3298697960381104e-16, "my": -5.10702591327572e-17, "sx": 1.0000000000000002, "sy": 0.9999999999999999}