{"w": 0.8062690557641055, "b": -0.005789420754279815}