{"w": 0.811633833662388, "b": -3.0505280221734743e-16}