{"w": -0.5040748705339845, "b": -0.14429083416475913}