{"w": -0.3091907835237636, "b": -0.14323087266810386}