{"w": -0.10933744558083357, "b": -0.1933240905285534}