{"w": 0.4364625133085985, "b": 0.024354625672275976}