{"w1": -0.5904677339234962, "w2": 0.5943155092601633, "b": -0.05116304674286739}