{"w": 0.5783656462749325, "b": -0.02047221829524919}