{"w": 0.39891455526564895, "b": -0.010305127002001466}