{"w": 0.3989729712568948, "b": -0.010199916612278953}