{"w1": 0.026549213941395405, "w2": -0.6138634286873851, "b": 7.295627168116481e-17}