{"w": -0.3025148540198642, "b": 0.01791233692275924}