{"w": 0.6861817086601125, "b": -0.002651005101491144}