{"w": 0.37613552642174364, "b": 0.159259479820758}