{"w1": 0.023661446867562094, "w2": 0.9610234136604198, "b": 0.0030285186319057127}