{"w": 0.18671816555940862, "b": 0.0017426951150902393}