{"w": 0.4672930877641048, "b": 0.08683527102131294}