{"w": -0.04324166168899558, "b": -0.002721513166486729}