{"cc": -0.6346204137309883, "alpha": 5.636561561770288e-18, "beta": -0.6346204137309882, "mx": 8.881784197001253e-18, "my": 0.0, "sx": 1.0, "sy": 0.9999999999999998}