{"w": -0.011736512055065719, "b": -1.2148496370116142e-17}