{"w1": -0.7036597999083727, "w2": 0.21916430098985065, "b": -9.163302417576924e-17}