{"w": -0.6666669398350122, "b": -0.021021079138780787}