{"w": 0.22907734907582059, "b": -4.553880297037263e-17}