{"w": 0.2721419781402267, "b": 0.17850205851818576}