{"w": -0.9121118288468565, "b": -0.0002918885526559883}