{"w": -0.9843956519380573, "b": 0.007588312148738149}