{"w": 0.23513807176130652, "b": -0.13007465885232047}