{"w1": -3.1465636542323705, "w2": 1.5161830902638347, "b": 0.010267421789093649}