{"w1": 3.197837524430314, "w2": -1.5420767026362534, "b": 0.009795300442558465}