{"w": -0.1980917723445855, "b": -2.398000930310723e-18}