{"w": -0.16321005754386914, "b": -0.04777882938130241}