{"w": -0.08287703954712405, "b": -6.106226635438361e-18}