{"w1": -0.08891372221971401, "w2": 1.980543374677584, "b": 0.021917131816585115}