{"w": 0.9999999999999999, "b": -7.799316747991724e-17}