{"w": 0.8085444705275372, "b": -0.0020859995623311836}