{"w": -0.022291047340632985, "b": 2.350438903706277e-17}