{"w": -0.43966634546911787, "b": 0.004243445992509653}