{"w": -0.4357522931529312, "b": 1.560040575879008e-17}