{"w": 0.3702418575983953, "b": 0.06921249266828569}