{"w": 0.9779773685001507, "b": 0.003693509193667774}