{"w": -0.12559796219732502, "b": 0.0015907019579132556}