{"w": 0.21393947958756449, "b": 0.28178110424588604}