{"w": 0.5821923290309222, "b": -0.06156748664411041}