{"cc": 0.15374983813284604, "alpha": -2.0067277575926878e-17, "beta": 0.153749838132846, "mx": 2.2204460492503132e-17, "my": -1.6653345369377347e-17, "sx": 1.0, "sy": 0.9999999999999999}