{"w1": 0.17280577601466948, "w2": -0.4578464145542648, "b": 1.5134631923882734e-17}