{"w1": 0.9394232964853181, "w2": 1.6467793971416949, "b": 0.03251785566987108}