{"w": 0.6207686681014324, "b": 2.8633497077179607e-16}