{"w": -0.1828337913127536, "b": 1.4885670688422838e-16}