{"w": 0.4123529979944332, "b": -2.7977620220553945e-16}