{"w": 0.40827029504399326, "b": -2.7977620220553945e-16}