{"w": -0.12331838094649294, "b": 0.06110353557528381}