{"w1": -0.6146916627063472, "w2": 0.14471836243680852, "b": 4.110896471611669e-17}