{"w1": -1.2070501884456832, "w2": 0.2416280294263648, "b": -0.13331523296656353}