{"w1": -0.8393075627630238, "w2": 0.18774685193477755, "b": -0.07777631915040696}