{"w": -0.0681250561934933, "b": 0.004561743656089252}