{"w": 0.5241278400664227, "b": 0.001890920369686088}