{"w": 0.5301690342457704, "b": -1.1168100453198055e-17}