{"w": 0.3648577723017438, "b": -0.021970356347783264}