{"w": 0.7785773508049563, "b": -2.6669320609389114e-17}