{"w": -0.016118628057805486, "b": -0.2479898536442842}