{"w": -0.6872114624394885, "b": -0.004813565554381353}