{"w": -0.6521071524642593, "b": -0.005155087795099633}