{"w1": 0.10019720794737619, "w2": -0.6181069247384046, "b": 0.01681646250099283}