{"w1": 0.21053801600539285, "w2": -0.5553433083847337, "b": 3.332130206403318e-17}