{"w": -0.7247561918062873, "b": 2.443866574037408e-16}