{"w": -0.7925634157973425, "b": 0.002839656915810791}