{"w": -0.10141762419796924, "b": -0.06546614702325246}