{"w1": -1.1745532094496616, "w2": 1.2399050887600396, "b": -0.04800298362472223}