{"w1": -0.4086571591279761, "w2": 0.36156742630724625, "b": 0.0079391719094357}