{"w": 0.007259353379044481, "b": -0.12537867912755846}