{"w": 0.06199360115934701, "b": 2.4205888746167683e-16}