{"w": -0.6019074911313924, "b": -0.014782700250229819}