{"w": 0.25782337380287956, "b": -0.00739507204005467}