{"w": 0.8008709985433017, "b": -0.04145554414744462}