{"w": -0.46662510551642716, "b": -0.019108165324321292}