{"w": -0.5098609254982053, "b": -1.885535240331016e-17}