{"w": 0.18163781676850013, "b": -0.01302880562456591}