{"w": 0.1226825988856484, "b": 0.015204208245409277}