{"w": 0.4129202022162474, "b": -0.005284879542298145}