{"w1": -0.8933755802888611, "w2": -0.7609984306211643, "b": 0.1596227560499224}