{"w": -0.04617125938392791, "b": 0.0016724109420600958}