{"w1": 0.7294599540195718, "w2": 0.8037871014332769, "b": 0.06402039396345971}