{"w": 0.06820677943107839, "b": -1.2610628223646362e-18}