{"cc": 0.8194751610723034, "alpha": 1.2921830630113326e-17, "beta": 0.8194751610723034, "mx": -2.220446049250313e-18, "my": 1.1102230246251566e-17, "sx": 1.0, "sy": 1.0}