{"w": 0.7449774191566394, "b": 1.275641241339862e-17}