{"w": -0.020625669892255147, "b": 0.07497164693505767}