{"w": 0.9068195954561065, "b": -2.6879992963769323e-17}