{"w": 0.00397412266508747, "b": -0.20824058331234044}