{"w": -0.06109469160007803, "b": 1.3484003168205444e-16}