{"w": 0.03526310033093816, "b": -0.3411500157172487}