{"w1": 0.7247577918477685, "w2": 2.027506239323873, "b": -0.029794870064759522}