{"w1": 0.46561989968374584, "w2": 1.2504242417171791, "b": -0.015985640143543912}