{"w": 0.9713979492399959, "b": 0.009626329306452984}