{"w": 0.9654899338313933, "b": -0.0004464495228352029}