{"w": 0.19749563524453292, "b": -0.02764181719766129}