{"w1": -0.1543135584725466, "w2": 1.0356124742145094, "b": -0.025532697303836276}