{"w1": 0.11552447624964161, "w2": 1.1421907779999367, "b": -0.006697638065423628}