{"w": 0.09404872298302658, "b": -0.18143439407732143}