{"w": 0.15640841587638793, "b": 0.027750750013333866}