{"w": -0.8679233078341764, "b": 0.019181182002374283}