{"cc": 0.06837842822267495, "alpha": 3.0687704662894616e-16, "beta": 0.06837842822267494, "mx": -6.661338147750939e-18, "my": 3.064215547965432e-16, "sx": 1.0, "sy": 0.9999999999999999}