{"w": 0.6084895835756434, "b": 1.343015831779542e-16}