{"w": 0.497268625695788, "b": 0.05746642484528097}