{"w": 0.23878212531689358, "b": 0.20282981502543843}