{"w": 0.1349957425064624, "b": 0.20483541100157687}