{"cc": 0.573112681781206, "alpha": 1.2865243961838554e-16, "beta": 0.5731126817812061, "mx": 2.0872192862952942e-16, "my": 2.4827362388180064e-16, "sx": 1.0, "sy": 1.0000000000000002}