{"w": 0.5078681286957173, "b": 0.015185974884302011}