{"w": 0.5674382987932735, "b": 1.2983680777940942e-16}