{"w": 0.11904595373142243, "b": -0.2309322386530844}