{"w": 0.08608295538854839, "b": 0.06894845979118669}