{"w": -0.47459867027588337, "b": 0.08418961269933693}