{"w1": 1.121417735262884, "w2": -0.43687674331303467, "b": -0.004344481678728567}