{"w": -0.1420592682510451, "b": 4.852163928147307e-17}