{"w1": -0.4616186127309678, "w2": -0.4104799465387196, "b": -3.54222919647712e-17}