{"w": 0.5020194717290234, "b": 0.002302750135537842}