{"w": 0.38755914275105313, "b": 0.0006471153726186011}