{"w": 0.445913033996267, "b": 0.014300253489441306}