{"w": 0.5964940777807853, "b": -0.0005344595998861695}