{"w": -1.000000000000002, "b": -2.2204460492502596e-18}