{"w": 0.3964999677238636, "b": -1.495592447685172e-16}