{"w": -0.10036115281597427, "b": -0.0034312249012626098}