{"w": -0.09988759635947739, "b": -0.0033901962475519553}