{"w": -1.0000000000000002, "b": -2.0816681711721685e-16}