{"w": -0.04174337624273121, "b": -0.24380387806476086}