{"w": -0.6224111316992017, "b": -0.0321400532541616}