{"w": -0.596157008121038, "b": 2.6034729927459923e-16}