{"w": 0.7427187806451752, "b": 1.6050806483208585e-16}