{"w1": -0.35362761619616045, "w2": 0.594639739607269, "b": 5.3106868917493707e-17}