{"w": 0.4620310524577366, "b": 0.039553794043228035}