{"w": 0.46344570664064133, "b": 0.03956608361252546}