{"w": 0.4870961277505612, "b": -0.01381157694615514}