{"w": -0.6635251211059429, "b": 0.035434157479774235}