{"w": -0.6336228252333095, "b": -9.653210110386567e-17}