{"w": -0.314227809611189, "b": -0.018053802061623898}