{"w": 0.45828299665569383, "b": 0.030414954920592985}