{"w": -0.6487832692417421, "b": -2.721112095303043e-16}