{"w": -0.6221336070153024, "b": -0.013800387136669683}