{"w": 0.1466781440837712, "b": -0.0015062189298290546}