{"w": -0.36752660396105996, "b": 0.03490041793084452}