{"w1": 2.1628310795976344, "w2": 0.004373444785302509, "b": -0.18366277266999134}