{"w1": 0.5394226442310981, "w2": 0.05766608455323371, "b": -1.2481733902716486e-17}