{"cc": 0.5635599711336712, "alpha": 1.0942269889728709e-17, "beta": 0.5635599711336711, "mx": 1.9984014443252817e-17, "my": 2.2204460492503132e-17, "sx": 1.0, "sy": 0.9999999999999999}