{"w": 0.5744721049970084, "b": 0.05700897509181024}