{"w": 0.04488810000170637, "b": 0.12205810167040149}