{"w1": 0.8990482527309048, "w2": 0.0632937530881591, "b": -0.008551180518714624}