{"w": -0.5065094315934385, "b": 0.02084520548098199}