{"w": -0.48201441211996804, "b": -0.03603789991663755}