{"w1": -0.23659650699021428, "w2": 2.430474726657344, "b": 0.051405049901210906}