{"w1": -0.06763775174054965, "w2": 0.6616132958736259, "b": -3.8946922245968234e-17}