{"w": -0.7726710459511158, "b": 5.581181690399222e-17}