{"w": -0.6709761332078307, "b": -0.02720966204890891}