{"w": -0.6667186758485313, "b": -0.06957681095828572}