{"w": 0.29262377698183234, "b": -0.004278807997486533}