{"w": -0.386773769713878, "b": 1.319367188192864e-18}