{"w": -0.3157766420022843, "b": 0.02850844078004766}