{"w": -0.35084138878224835, "b": -0.0013488734173177884}