{"w": 0.09146904708565626, "b": 6.676485266507596e-17}