{"w": -0.7912243775253018, "b": 2.4010046026283865e-17}