{"w": -0.34584669582277255, "b": 0.08763908245806666}