{"w1": 4.263444204082615, "w2": 2.664740785610165, "b": -0.9927538902424327}