{"w1": 1.2280270229353358, "w2": 0.7752962787376876, "b": -0.23576638669530553}