{"w": 0.1391414691443228, "b": 2.2820353716410854e-16}