{"w": -0.26908595734006463, "b": -0.030611622123812424}