{"w": -0.9999999999999988, "b": -8.881784197001248e-18}