{"w": -0.24362392300723582, "b": -9.676225581055713e-17}