{"w": -0.5662845786045747, "b": -0.1709247615061128}