{"w": -0.5171071702008256, "b": 1.0100936793323229e-16}