{"cc": -0.13534060917466667, "alpha": -3.089415147679656e-16, "beta": -0.1353406091746667, "mx": 4.4075854077618717e-16, "my": -3.6859404417555195e-16, "sx": 0.9999999999999999, "sy": 1.0}