{"w": -0.1397503229810163, "b": -0.003999511997436}