{"w": -0.1353406091746667, "b": -3.089415147679656e-16}