{"cc": 0.07157498851815844, "alpha": -8.390471622754467e-17, "beta": 0.07157498851815842, "mx": 2.4424906541753444e-17, "my": -8.215650382226158e-17, "sx": 1.0, "sy": 0.9999999999999999}