{"w": -0.030638211333803855, "b": -0.05154711402791021}