{"w": -0.0036148441653175937, "b": -1.1102230246251566e-17}