{"w": -0.9391283877032022, "b": -0.0024879379050717016}