{"w": 0.2226327821563192, "b": -1.9142642291955596e-16}