{"w": 0.21194233346726077, "b": 0.08680893252221365}