{"w1": -2.009570738814449, "w2": -0.21649046284441276, "b": -0.016705735094183608}