{"w1": -0.754960390308942, "w2": 0.14515571808916436, "b": 1.1715337252413574e-16}