{"w": -0.4977838541030189, "b": 0.015810239033836937}