{"w": -0.15978338148039928, "b": 0.03740561365141927}