{"w": -0.1904560176116772, "b": -1.977256578732192e-17}