{"w": 0.15254316997243503, "b": 0.05085184474080202}