{"w": 0.19417388902732913, "b": 3.8943917245891424e-17}