{"w": 0.19225137527458327, "b": 3.867924928574276e-17}