{"w": 0.5596160703530576, "b": 7.08489440066784e-18}