{"w": 0.6442451165545053, "b": -0.008843795989906814}