{"w": 0.02534195812557485, "b": 0.028263414715135816}