{"cc": -0.5060128414334297, "alpha": -2.8651142473084995e-17, "beta": -0.5060128414334297, "mx": -5.662137425588298e-17, "my": 0.0, "sx": 1.0, "sy": 1.0}