{"w": 0.4386392140999077, "b": 9.753066758333111e-17}