{"w": 0.2366920855570035, "b": -0.04558310958384704}