{"w": 0.1965693599909419, "b": 9.577418501327521e-18}