{"w": 0.23743271199020058, "b": -0.0023676355168256377}