{"w1": -1.0117981449810265, "w2": 0.7576889130452221, "b": -0.3098389434878115}