{"w": 0.48664273807001085, "b": 0.004180490355097271}