{"w1": -0.7844691221308003, "w2": -0.6728072701683876, "b": -0.022983104267979653}