{"w": -0.6093788675130358, "b": -0.006769594055362197}