{"w": 0.43279447157639916, "b": 5.914677927691666e-17}