{"w": 0.3875681218797368, "b": 4.404589468405649e-19}