{"w1": -2.148247757752039, "w2": -0.33808701876456465, "b": -0.08726523225695185}