{"w": -0.03306519515943513, "b": -0.04070528625278837}