{"w": 0.7739094452525985, "b": 0.009687419085989331}