{"w": -0.578686956093274, "b": -0.015967509390993867}