{"w1": -0.35856383087815447, "w2": -0.5717849914143563, "b": 2.3873642509792676e-17}