{"w": -0.22081971367435443, "b": 6.24261594458694e-17}