{"w1": 2.3266149927814475, "w2": 0.8210981770570492, "b": -0.020794677227010908}