{"w": -0.6808817492313115, "b": 0.08288515642094535}