{"cc": -0.4310830551566182, "alpha": 3.190680653868288e-17, "beta": -0.4310830551566182, "mx": -5.2180482157382354e-17, "my": 5.440092820663267e-17, "sx": 1.0, "sy": 1.0}