{"w1": -0.41941595126639963, "w2": -0.26032923547904985, "b": 3.99794514695949e-18}