{"cc": -0.17885324793530682, "alpha": -1.5204624069890267e-16, "beta": -0.17885324793530682, "mx": -1.8318679906315084e-17, "my": -1.4876988529977099e-16, "sx": 1.0, "sy": 1.0}