{"w": -0.1684289124399141, "b": 0.20565259767921118}