{"w": 0.2927974379053639, "b": 0.07755150706927483}