{"w": 0.14096096652420115, "b": -0.0394099769932752}