{"w": -0.42360673325490594, "b": 0.008087996362662527}