{"w": 0.28917380396093123, "b": 6.096152410816304e-16}