{"w1": -0.8216304797068162, "w2": 1.11191370508896, "b": -0.23380348158442366}