{"w1": -0.2616397321443483, "w2": 0.5919837364454159, "b": -0.03044300522078068}