{"w": -0.4029918181007585, "b": -0.027952469864010662}