{"w": 0.10664143048093137, "b": -3.173292905795248e-16}