{"w": 0.1688192618661738, "b": -0.22941776054270946}