{"w": 0.1072138072878855, "b": 0.028520363348963705}