{"w": -0.3151030832438674, "b": -2.1843065782545982e-17}