{"w": -0.3918925862670083, "b": -0.0712290841055484}