{"w": 0.17232232596384017, "b": 6.601470586855529e-17}