{"w1": 0.3438354561466264, "w2": 0.4265720308928838, "b": 3.7844277711525005e-17}