{"w1": -0.4921360745197882, "w2": -0.06532010534726787, "b": 2.5246501688482697e-17}