{"w1": -0.6205010833776817, "w2": -0.10542704774535476, "b": 0.01992685532306689}