{"w": -0.16551950416089914, "b": 0.04493811900082993}