{"w1": -1.5987753747662623, "w2": 1.4045008113127553, "b": -0.3632000705173022}