{"w1": 1.2309060362093631, "w2": -0.3175359507558405, "b": -0.003384977044489739}