{"w1": 1.9462192047484592, "w2": -0.6752585400260088, "b": 0.04810427107186288}