{"w": 0.30761755558668097, "b": 3.327162682628414e-18}