{"w1": 0.08138163967112566, "w2": -0.5545537094226505, "b": 0.0029184316030835267}