{"w": 0.2898184380677282, "b": -0.052803519497569805}