{"cc": -0.19868633003635272, "alpha": 9.050415931759556e-18, "beta": -0.19868633003635275, "mx": -4.3853809472693685e-17, "my": 1.7763568394002505e-17, "sx": 0.9999999999999999, "sy": 1.0}