{"w": -0.21083028708332227, "b": -0.010501225459456281}