{"w": 0.9574017079471755, "b": -0.0074296060809676545}