{"cc": 0.2636838078030881, "alpha": 7.912147963137542e-17, "beta": 0.263683807803088, "mx": -6.217248937900877e-17, "my": 6.272760089132134e-17, "sx": 1.0000000000000002, "sy": 0.9999999999999999}