{"cc": 0.49283727379253495, "alpha": -3.4175529047346924e-17, "beta": 0.49283727379253495, "mx": -2.4424906541753444e-17, "my": -4.621303340002214e-17, "sx": 1.0, "sy": 1.0}