{"w": 0.46976920215250734, "b": -0.007524244810392033}