{"w": 0.9813384955856117, "b": 0.010804287686356771}