{"w": 0.9781920654609577, "b": 0.004963993120273699}