{"w": -0.3141388690032062, "b": -0.0075793919632699824}