{"w": -0.5386554009565563, "b": 0.0068978514242547286}