{"w": -0.531232876184691, "b": 0.0008539476672198875}