{"w1": -0.4420230848464749, "w2": -0.6461087875202178, "b": 1.5228970087859577e-16}