{"w1": -1.167048678601163, "w2": -1.6630417449711004, "b": -0.11297600157836851}