{"w1": -0.5752224371285701, "w2": -0.771619996962403, "b": -0.0254182776336766}