{"w": -0.13621539756216397, "b": 0.07537315848202551}