{"w": -0.16665433225833495, "b": 2.710322795417984e-17}