{"w": 0.015822565291533655, "b": -0.013357609538343125}