{"w": -0.0069725674708204675, "b": 0.006611902178420753}