{"w1": 1.355228171623197, "w2": -0.019410355543280758, "b": 0.17807947562904994}