{"w1": 2.2050903814773934, "w2": 0.725899777227868, "b": -0.09338962977654047}