{"w1": 1.4857849798183278, "w2": 0.45196613160196797, "b": -0.09989952274265368}