{"w": -1.000000000000002, "b": -1.5480672299617026e-16}