{"w": -0.11420951875725961, "b": -1.5339304957697036e-16}