{"cc": -0.22330039626355186, "alpha": -5.277333245371381e-17, "beta": -0.22330039626355186, "mx": 2.2204460492503132e-17, "my": -5.773159728050814e-17, "sx": 1.0, "sy": 1.0}