{"w": -0.20515012011297618, "b": -0.021399566110301263}