{"w": 0.3734286767993424, "b": -0.05082051348757268}