{"w": -0.8180406107329263, "b": 5.081730863102563e-17}