{"w": -0.8468654500464629, "b": 0.011032682147689717}