{"w": 0.41210014332285927, "b": 0.04953136982222773}