{"cc": -0.48204567984396135, "alpha": -1.4762235893108957e-16, "beta": -0.48204567984396124, "mx": -1.7985612998927537e-16, "my": -6.092348847630546e-17, "sx": 1.0, "sy": 0.9999999999999998}