{"w": -0.47727295034055567, "b": -1.467639542731214e-16}