{"w": 0.4579335536839308, "b": 0.20191733519890775}