{"w": -0.34722172058225226, "b": -0.1012033213446367}