{"w": 0.49903439446607867, "b": 7.73082374751043e-18}