{"w": 0.003051560842924341, "b": -0.010579248781001815}