{"w": -0.03803507174968542, "b": -0.0016851756849273719}