{"cc": 0.6547809037751363, "alpha": 3.50916738163004e-17, "beta": 0.6547809037751362, "mx": -3.663735981263017e-17, "my": 1.1102230246251566e-17, "sx": 1.0, "sy": 0.9999999999999998}