{"w": 0.7204161429567286, "b": 0.009329572979270572}