{"w1": -1.355255217598599, "w2": -1.643068880026785, "b": -0.06415012627353137}