{"w": 0.8254349046696866, "b": 0.010837383772955254}