{"w": 0.5644846744395215, "b": -0.010110847204096834}