{"w": -0.1715789858317181, "b": 0.08196811660936422}