{"w1": -0.44698462008675305, "w2": -0.5286651105578811, "b": 4.3820616620285574e-17}