{"w1": -0.4472978965747125, "w2": -0.5331600844731215, "b": 4.411576971487753e-17}