{"w": 0.34549560549710406, "b": -0.015211007370736671}