{"w": 0.42270957869274584, "b": 0.05430849322571807}