{"w": 0.5773429812442087, "b": -0.022061390854002272}