{"w1": -0.10630862660721058, "w2": -4.002575943982638, "b": 0.14144273780902286}