{"w1": 0.08489950289207118, "w2": -0.8551073620871675, "b": -0.004866787468586884}