{"w1": 0.8129997467447283, "w2": 0.944275843224339, "b": -0.000866803499622093}