{"w": 0.6335293910248738, "b": -0.08126672257080902}