{"w": -0.24589152689324806, "b": 9.920719779557144e-17}