{"w": 0.2906651669235689, "b": -0.05085469648213048}