{"w": -0.038606062347240705, "b": 9.813298304021445e-17}