{"w": -0.13578303632293762, "b": -0.0013368074451265205}