{"w1": -2.2769929967722375, "w2": 1.4237228870444278, "b": 0.22639805013858424}