{"w": 0.21004408348727743, "b": -0.004195502377567215}