{"w": -0.9999999999999977, "b": 2.8338442703557064e-16}