{"w1": -0.5854476030651543, "w2": 0.9427223942842404, "b": 0.19463880283374674}