{"w1": -0.6224962109437593, "w2": 1.5593953729422065, "b": 0.22565037952753958}