{"w": -0.6423114967741461, "b": 3.190489078092143e-16}