{"w1": -0.23105651476165545, "w2": -0.7694889484908127, "b": 4.834477366925367e-17}