{"w1": -0.286163780300001, "w2": -3.2067656002248883, "b": -0.49844868242447127}