{"w": 0.5732964920960288, "b": -0.06155492489027213}