{"w1": 0.9067964011993913, "w2": 1.8199104165216955, "b": 0.06202136688952025}