{"w1": 0.46254954234258716, "w2": 0.9829621585369201, "b": 0.003939282364509824}