{"w1": -3.0283654715403494, "w2": -0.1273796294658988, "b": 0.2529067715858291}