{"w": 0.9999999999999993, "b": -6.217248937900878e-17}