{"w": 0.3741750674589119, "b": 1.1189709924962494e-16}