{"w": 0.3401591522353746, "b": 1.1363430085472887e-16}