{"w1": 0.630703083476705, "w2": -2.544130821131361, "b": 0.06526691514797472}