{"w": 0.5155176799165179, "b": 1.5703541238639372e-16}