{"w": 0.5614548989189798, "b": 1.683575363120732e-16}