{"w": 0.13795041099551789, "b": -0.013781342544232928}