{"w": 0.491827644727263, "b": -0.11606520529888437}