{"w1": 0.3630078512019638, "w2": -0.44439128515814325, "b": -0.008904551859365206}