{"w": -0.6663032890071997, "b": 0.008799338879791431}