{"w1": -0.7028896940650406, "w2": -0.0361181949912645, "b": -0.041867867225655386}