{"cc": 0.3362321201090853, "alpha": 2.0601882802092812e-17, "beta": 0.3362321201090853, "mx": -2.1649348980190553e-17, "my": 1.3322676295501878e-17, "sx": 0.9999999999999999, "sy": 0.9999999999999998}