{"w": 0.3362321201090853, "b": 2.0601882802092812e-17}