{"w": 0.23383107328816827, "b": 0.0012778305379595083}