{"w": -0.886425037816244, "b": 0.014951227051010423}