{"w": -0.9287041946566181, "b": 0.0009118396396837827}