{"cc": -0.5339359859588878, "alpha": 2.4404834177131207e-17, "beta": -0.5339359859588877, "mx": -3.3306690738754695e-17, "my": 4.218847493575595e-17, "sx": 1.0, "sy": 0.9999999999999998}