{"w": -0.42332796214445745, "b": 0.04101987242128583}