{"w": -0.43122519448609453, "b": 0.10479177484619057}