{"w": -0.4593353730183798, "b": 0.10711007366261069}