{"w": -0.48710591719065927, "b": 0.003112116749841281}