{"w1": -0.7939048598193765, "w2": 0.8665226364910424, "b": 0.015677047625268357}