{"cc": 0.011432991252739617, "alpha": -5.46615675559535e-17, "beta": 0.011432991252739617, "mx": 1.1990408665951691e-16, "my": -5.329070518200751e-17, "sx": 1.0, "sy": 1.0}