{"w": 0.015876005243521094, "b": 0.002733391021298638}