{"w": -0.3374730350869628, "b": 0.02941265673763649}