{"w": -0.20996390460571368, "b": -0.0017908409193035505}