{"w": -0.828398464941709, "b": -0.011123943063895745}