{"w1": 2.5469892557171794, "w2": -1.04560359906578, "b": -0.4117863467228561}