{"w1": 0.22910688018893977, "w2": 0.6560791559205879, "b": 4.7750277579669736e-17}