{"w1": 0.6162066668650378, "w2": -0.04390804628909952, "b": -0.014104544585077542}