{"w": 0.9999999999999997, "b": -1.7763568394002514e-17}