{"w": 0.16820851127684555, "b": -0.10779497037473396}