{"w": -0.02755336284193821, "b": -0.009127624683751168}