{"w1": 0.5366587477189262, "w2": -0.7959275167728064, "b": 0.07064264162399694}