{"w": 0.018016940703894892, "b": 0.141451042763732}