{"w": -0.41170108352598356, "b": 0.0830887434885686}