{"w": -0.4281136758927045, "b": 0.1440885243362109}