{"w": 0.08018117316458703, "b": -7.773305468449095e-17}