{"w": -0.020870276172829987, "b": 0.039415465094782075}