{"w": -0.020869114515041542, "b": 0.039415654525984015}