{"w": -0.02086927543216289, "b": 0.03941598541305322}