{"w": 0.24982010795242005, "b": -0.00026479507988955153}