{"w1": 0.7920498942558437, "w2": -0.5681241319141538, "b": -0.00011729572235995083}