{"w1": 0.8099234815616374, "w2": -0.5855440553165328, "b": -0.00045812038999420296}