{"w": 0.5710546237344157, "b": 3.06977086538861e-16}