{"w1": -1.6034514800357276, "w2": -3.4791295764427366, "b": 0.009138251319195935}