{"w": 0.3244410473150755, "b": -0.07396245550812407}