{"w": 0.1971439944478776, "b": 0.004701207003639338}