{"cc": 0.10599783390852419, "alpha": 2.876235519346349e-16, "beta": 0.10599783390852416, "mx": 1.354472090042691e-16, "my": 3.019806626980426e-16, "sx": 1.0000000000000002, "sy": 1.0}