{"w": 0.10110277788484964, "b": 0.005841227957884457}