{"w": 0.0427959308273973, "b": 0.0664709020716523}