{"w": -0.39862637308813054, "b": 0.019519501524531132}