{"w": -0.5285814377516568, "b": -0.0779949281119351}