{"w1": 0.21213474281912242, "w2": 0.5648645866702616, "b": 3.2457200914008696e-17}