{"w1": 0.35746019656941974, "w2": -1.38464297350358, "b": 0.11869170689286376}