{"w": 0.5347087031825584, "b": -0.044464549675294986}