{"w": 0.5240564662130818, "b": 6.958165272182436e-17}