{"w": 0.7125701458325273, "b": -0.003050797301206047}