{"w": -0.515297251922253, "b": -0.20506392453127945}