{"w": -0.47590695369076663, "b": 9.786703603818273e-17}