{"w": 0.9744775622028075, "b": 1.198576848618067e-17}