{"w1": 2.2884026920940745, "w2": 0.6799372638379045, "b": -0.40413124929398414}