{"w1": 1.1558484218981875, "w2": 0.3591442047391911, "b": -0.13034650841114778}