{"w": -0.08961403067563066, "b": 3.8260856500767176e-17}