{"w": 0.36054953970810666, "b": -0.08777139462531881}