{"w": 0.30354174470321854, "b": -7.113291610634716e-17}