{"w": 0.30116651945732353, "b": 0.0755313647092617}