{"w": 0.3078830244791791, "b": -0.0031222142874891903}