{"w": 0.03965332356872342, "b": 0.1681949065044389}