{"w": 0.011232488723775663, "b": -9.051452417985375e-17}