{"w": -0.49202964509937364, "b": -0.03464398594511577}