{"w": -0.4968165439245292, "b": -0.03630151971117422}