{"w": -0.4945477621696749, "b": 0.013273842816769781}