{"w1": 0.9207045475520854, "w2": -0.22965582212005928, "b": -0.005058650475195808}