{"w": 0.5529924286961754, "b": 0.00393175436206734}