{"w": 0.589696764775347, "b": -4.042558444548717e-18}