{"w": 0.7264334045436291, "b": 0.00295917649725807}