{"w": 1.0000000000000002, "b": -4.951594689828198e-16}