{"w1": 0.19266053346007073, "w2": 2.1847901009803774, "b": -0.09506841631889056}