{"w": 0.07148035561220878, "b": -9.041307358121188e-18}