{"w": -0.1513404571881274, "b": 0.036065000454137075}