{"w": -0.1281578226087357, "b": 0.017485520585644426}