{"w": -0.4506292437454581, "b": 0.17583266952038512}