{"cc": -0.21484205806537687, "alpha": -9.451458006060686e-18, "beta": -0.21484205806537687, "mx": -4.399258735077183e-17, "my": 0.0, "sx": 1.0, "sy": 1.0}