{"w": -0.19531096187761532, "b": -8.592234550964258e-18}