{"w": 0.23634263619389995, "b": -0.019987707824528293}