{"w": 0.3741998495689602, "b": -0.34721314659919533}