{"cc": -0.06399933225810228, "alpha": 3.597124453141581e-17, "beta": -0.06399933225810227, "mx": -2.7755575615628914e-17, "my": 3.7747582837255325e-17, "sx": 1.0, "sy": 0.9999999999999999}