{"cc": -0.23952980047730865, "alpha": 2.851421813913078e-17, "beta": -0.23952980047730868, "mx": 8.659739592076221e-17, "my": 7.771561172376097e-18, "sx": 0.9999999999999999, "sy": 1.0}