{"w": -0.2624861657704333, "b": 0.019754980617391598}