{"w": -0.12743678500871117, "b": 9.649120588665146e-17}