{"w": -0.12314023188551197, "b": -0.2355855804949185}