{"w": 0.5251256528831315, "b": 2.74863883829745e-16}