{"w": 0.6455626355548392, "b": -0.05820489462134258}