{"w1": 0.03024046274536457, "w2": -0.5705591696705394, "b": 6.164589087477802e-17}