{"w": 0.7906914646964416, "b": 0.005776192456660972}