{"w": -0.1392627988388665, "b": -0.09468309672792329}