{"w": 0.4696152921688365, "b": 0.17908539608264365}