{"w": 0.5166128584211718, "b": -0.06068219270256878}