{"w": 0.7019336099719182, "b": 0.01413548915925423}