{"w1": 1.0794254355415112, "w2": -0.39233420832764265, "b": 0.05358329007276877}