{"w1": 0.36281099586199395, "w2": -0.4857993986742664, "b": 3.4238095301419284e-17}