{"w": 0.8068633927740101, "b": -0.009930220793460369}