{"w1": -0.8596203011674534, "w2": -0.5969582633268432, "b": 0.027655023203606112}