{"w": -1.0000000000000158, "b": 3.1530333899354863e-16}