{"w1": -0.8302238610854512, "w2": 1.862148065461098, "b": -0.04735808942915928}