{"w": 0.04711333620900618, "b": 0.10193908431652003}