{"w": -0.19359479040265595, "b": -0.02801873160266167}