{"w1": -0.4366402084851317, "w2": -0.7460311652767811, "b": -0.0810480491462025}