{"w1": -0.43454304998590965, "w2": -0.7317860687121563, "b": -0.07571171452162853}