{"w": 0.2508240736406629, "b": 0.00526088497664454}