{"w1": -0.6955771249953685, "w2": 0.16495260406203413, "b": 6.336802010844384e-18}