{"w1": -0.6312826123285481, "w2": 0.1447265337004124, "b": 5.8395142152178654e-18}