{"w": -0.528554306311908, "b": -0.03216224979195613}