{"w": -0.5661488620504097, "b": -0.03149379077698533}