{"w1": -0.37700075879327993, "w2": -0.25558193675197866, "b": 0.003506809520312279}