{"w1": -0.368755218330954, "w2": -1.277038270693867, "b": 0.01271456565362844}