{"w": -0.012698753227101124, "b": -0.22580278484725735}