{"w": 0.2926638527978844, "b": 0.002198001574461942}