{"w": 0.010683301904600507, "b": 0.0020440049504744373}