{"w": -0.010074012998277156, "b": -2.3993964681472795e-18}