{"w1": 0.37187289832937875, "w2": 0.7701314561348797, "b": -0.0020146545487208754}