{"w": -0.5049428394274142, "b": 0.003005121213445868}