{"w": -0.8088737658696026, "b": -1.9432313304325007e-16}