{"w": -0.9489678503712796, "b": -0.004546786180476684}