{"w": -0.38213463412928816, "b": 0.08905586977929303}