{"w": 0.6551728909197315, "b": -0.02974504943093136}