{"w": -0.14633568822294415, "b": 0.12600812892080748}