{"w": 0.3996127393947991, "b": -0.11162803379970686}