{"w1": -0.835104741407808, "w2": -0.9356867325398538, "b": 0.09634275843025696}