{"w1": 14.156043077741208, "w2": -24.005093942046717, "b": 12.473780076039755}