{"w": 0.7290847215829671, "b": 0.01249110806915539}