{"w": 0.8063791983600147, "b": 0.028602972071054902}