{"w": -0.8968132654309531, "b": -0.003167059916118771}