{"w1": 1.0786561715698053, "w2": 0.10224020415164549, "b": -0.1207077008483039}