{"w1": 1.0182554895593028, "w2": 0.09861409652605105, "b": -0.10345130760025702}