{"w": -0.12135879117298357, "b": -1.1483529237135399e-16}