{"w": -0.13217294088146728, "b": -1.1566971757222208e-16}