{"w": -0.14879465875843978, "b": 0.03889461527408878}