{"w": 0.9900990099009901, "b": 4.243030569359507e-18}