{"w": 0.9575704209187489, "b": -0.011067560042014144}