{"w1": -1.2537800513654958, "w2": 0.3610808853989207, "b": 0.08876537096198472}