{"w1": -0.5038142033809906, "w2": -0.40016694986753554, "b": 1.2961031207048824e-17}