{"w": -0.8518668033473635, "b": 0.006054351790427903}