{"w": -0.6709577908242195, "b": -2.67096680063605e-17}