{"w": 0.1796894299461692, "b": 0.01774532056085193}