{"w1": 0.35768900445650975, "w2": -0.5836055853404668, "b": 2.568687486705255e-17}