{"w1": 0.6176206249781597, "w2": -0.9727527238778741, "b": 0.000385365361797504}