{"w": 0.05542544485522749, "b": -0.0049551800010176625}