{"w": -0.9999999999999999, "b": 1.9761969838327784e-16}