{"w": 0.5385213611235666, "b": -0.0011503917683502243}