{"w": 0.5039590746010533, "b": 0.006139780257799482}