{"w1": -0.32983821296245425, "w2": 1.1068664404850006, "b": -0.18602091382043692}