{"w1": 4.279941679947846, "w2": -0.0339212835315342, "b": 0.510536942883675}