{"w": -0.2937847101281198, "b": -2.462563349718221e-17}