{"w": 0.40168451781746317, "b": 5.2264640728367606e-17}