{"w": 0.36553291121389153, "b": 5.045850515708618e-17}