{"w": -0.14684257505014656, "b": -2.565866123233766e-16}