{"w1": 0.3337653545632639, "w2": 0.9466319860224293, "b": -0.011309574763549978}