{"w": 0.6221677711125108, "b": 4.456637806473798e-16}