{"cc": 0.8706328087559604, "alpha": -2.1721162197365663e-17, "beta": 0.8706328087559604, "mx": -5.551115123125783e-19, "my": -2.2204460492503132e-17, "sx": 1.0, "sy": 1.0}