{"w": -0.3959199335179581, "b": 0.008767040212460747}