{"w": -0.3957465200241882, "b": 0.008901693522787836}