{"w": 0.4709468234425459, "b": -1.4009516997192247e-16}