{"w": 0.4704763470954502, "b": -1.4008054462907603e-16}