{"w": 0.46628398360648093, "b": -1.399502197918306e-16}