{"w": 0.47201575003228496, "b": -0.002168422405976221}