{"w": 0.19175157196707177, "b": -5.63277656419546e-17}