{"w": 0.41705738431407957, "b": -0.005517007126286107}