{"w": -0.047813369608226484, "b": 1.5464138671173003e-17}