{"w": -0.9999999999999977, "b": 6.605826996519691e-17}