{"w": 0.47386027024968363, "b": -6.427313786334071e-18}