{"w": 0.5469188539121234, "b": -0.033016903273070525}