{"w": 0.48324256883961725, "b": 1.8673037428887944e-17}