{"w": 0.4516083398132753, "b": -0.01104773135013503}