{"w": -0.5074328217200558, "b": 1.6734358618774715e-17}