{"w": -0.4419488573751451, "b": -0.1667651623665687}