{"w": -0.38476677402610326, "b": 0.007481640032232423}