{"w": -0.3041191822863736, "b": -0.03350589892798517}