{"w": -0.19261136413381158, "b": -0.3058759771240293}