{"w1": 1.000987689939494, "w2": -0.8203364939897154, "b": 0.16899995279073815}