{"w": -0.18521326446774516, "b": 0.09942766878391006}