{"w": 0.2242643384080239, "b": -0.0037467965576271508}