{"w": -0.39805988376836365, "b": -0.04780073721519185}