{"w": -0.09409492746243968, "b": -0.027222182600263017}