{"w": -0.2400684485306341, "b": 3.466566542202906e-17}