{"w": -0.9999999999999961, "b": -5.551115123125832e-17}