{"w": -0.177446473176869, "b": -1.7246452234293172e-15}