{"w": -0.17217338520511385, "b": -0.005198077467291035}