{"w": 0.2737975385059791, "b": -0.009696252286914366}