{"w": 0.9079998700254966, "b": -0.02055064372626847}