{"w": -0.06851203986220183, "b": -0.0013674496138262296}