{"w": -0.11423535162600039, "b": -1.2718297118715417e-16}