{"w": 0.23331001657677566, "b": 4.0408079755557274e-17}