{"w": 0.22899077329224493, "b": 0.001118098098519911}