{"w1": -0.18379337560992312, "w2": 0.7627977612182744, "b": -7.900386686740176e-17}