{"w": -0.21826351202604222, "b": -0.0033877193118771326}