{"w": -0.6139513282566975, "b": 0.031247248960914714}