{"w": -0.6155331737959397, "b": 0.13131981281564864}