{"w1": -1.1281298405082456, "w2": -1.4037733978707765, "b": -0.005957746917023325}