{"w": -0.17117122691214867, "b": 9.754478315408213e-18}