{"w1": 0.08131177676688449, "w2": -0.018709876444134476, "b": -1.1692532890520307e-17}