{"w1": -1.828687239899331, "w2": -1.5650693508233509, "b": -0.09698154868692715}