{"cc": -0.34992298215257106, "alpha": -1.2860599831277085e-16, "beta": -0.34992298215257106, "mx": -1.7319479184152443e-16, "my": -6.800116025829084e-17, "sx": 1.0, "sy": 1.0}