{"w1": 0.37300126487880275, "w2": 0.11343394116785184, "b": -2.4769764678684432e-17}