{"w1": 0.4090255807714605, "w2": 0.11852283439917997, "b": -2.6823335711136512e-17}