{"w": -0.0872074468289566, "b": -4.5557234115119524e-17}