{"w": 0.18636236145022508, "b": 0.1956544769797719}