{"w": 0.39220747851306276, "b": -0.015842767646800968}