{"w1": 0.48089698325844665, "w2": -0.12868131313678313, "b": 0.014974346170422016}