{"cc": -0.12927534283064468, "alpha": 3.8663434737272735e-17, "beta": -0.1292753428306447, "mx": 8.43769498715119e-17, "my": 2.7755575615628914e-17, "sx": 0.9999999999999999, "sy": 1.0}