{"w": -0.9999999999999991, "b": 9.436895709313823e-17}