{"w": -0.14008927696635373, "b": -0.011250228972203423}