{"w1": -18.047073552331096, "w2": 6.860998790503411, "b": 0.3924582767593624}