{"w1": -1.6680239236974888, "w2": 0.6258113379973396, "b": 0.018744908316322917}