{"cc": 0.4498461662064235, "alpha": 1.23348681462788e-16, "beta": 0.4498461662064236, "mx": 1.8873791418627663e-17, "my": 1.3183898417423734e-16, "sx": 0.9999999999999998, "sy": 1.0}