{"cc": 0.3070492706007828, "alpha": 6.432707701667629e-16, "beta": 0.30704927060078285, "mx": 3.83026943495679e-17, "my": 6.550315845288424e-16, "sx": 0.9999999999999998, "sy": 1.0}