{"cc": 0.763590845507516, "alpha": 7.724209927423068e-17, "beta": 0.763590845507516, "mx": -3.663735981263017e-17, "my": 4.926614671774132e-17, "sx": 1.0, "sy": 1.0}