{"w": -0.5448307632509602, "b": -3.931337308304758e-17}