{"w1": 0.9042273004671136, "w2": -0.38809444004656884, "b": -4.896653321153189e-17}