{"w1": -89.15585152065246, "w2": 210.09202190115073, "b": -39.02799759403817}