{"w": 0.5492230355939242, "b": -5.899713990977886e-17}