{"w": -0.798028249208163, "b": -0.022337640203047408}