{"w": -0.38053674861535275, "b": 2.3757269374319763e-17}