{"w": -0.5006864728311834, "b": 0.20245793232458612}