{"w": -0.36925528245037076, "b": -0.022871016279764785}