{"w": -0.09025676622274892, "b": 1.0737508499917527e-16}