{"w1": 0.47224559017678025, "w2": -0.05084893501805562, "b": -3.61038883369308e-17}