{"w": -0.8133501544741946, "b": 0.021852629601967245}