{"w": 0.6898276230535798, "b": 0.025076644652402755}