{"cc": 0.5042534499657638, "alpha": -7.527061362822381e-18, "beta": 0.5042534499657637, "mx": 7.771561172376097e-18, "my": -3.608224830031759e-18, "sx": 1.0, "sy": 0.9999999999999998}