{"w": 0.18944246179148524, "b": 0.09532436901088728}