{"w": 0.2051284122373513, "b": -0.021760331789747185}