{"w1": 0.3383074837489634, "w2": -0.4356039965459156, "b": 2.012963352773281e-17}