{"w1": 0.29823159669492566, "w2": 7.3751099548742145, "b": 1.558574232428276}