{"w": 0.49571011421661404, "b": -1.738906573587833e-16}