{"w1": -0.46454100160475115, "w2": -0.4738923768785407, "b": -8.966314224557275e-17}