{"w": -0.31377387349237584, "b": 0.06021202610461587}