{"w1": 1.4048570575178752, "w2": -0.8417564618008084, "b": -0.07888418257924032}