{"w1": 0.8402698007893827, "w2": -0.5051438742997073, "b": 0.013076834615336912}