{"w": -0.14276401699054414, "b": 0.08107837991977715}