{"w": 0.41554301280663536, "b": -0.005056482596829063}