{"w": -0.5219424969720177, "b": 0.12065993729624255}