{"w": 0.6514391321263632, "b": 0.10545013874587697}