{"w": -0.15378575238757541, "b": 0.09244512613166977}