{"w": 0.20644572621696985, "b": 1.632854227371027e-16}