{"w1": -0.19079013959757413, "w2": 0.7337520406941167, "b": -7.70672536268338e-18}