{"w": -0.37214821329787195, "b": -0.010127240134652368}