{"w": -0.5381719710739651, "b": 3.313955599833838e-17}