{"w1": -0.20422390506287202, "w2": -0.6857052310532623, "b": -1.2001888397108294e-17}