{"w1": -0.5665172514188502, "w2": 1.4684153640429443, "b": -0.06412926172798689}