{"w1": -0.21696674563145973, "w2": 0.5729165619500804, "b": -0.018760985564880112}