{"w": -0.27498566550472936, "b": 1.9429221220674158e-17}