{"w1": 0.8412504603259549, "w2": 0.05701789463594478, "b": 7.846333536289393e-18}