{"w": -0.7332649103806803, "b": 5.4756569248059236e-18}