{"cc": -0.22912502644697255, "alpha": -1.5828684906210518e-16, "beta": -0.22912502644697247, "mx": 2.5646151868841117e-16, "my": -2.170486013142181e-16, "sx": 1.0000000000000002, "sy": 0.9999999999999999}