{"w": -0.33908531532464736, "b": 0.017728555099276393}