{"w1": -0.4200642644724909, "w2": 0.5268012391718561, "b": -9.609034480307686e-17}