{"w": 0.8535583387099805, "b": 8.2314525804871e-18}