{"w": 0.6018437379730223, "b": -0.03061286287415511}