{"w": 0.681280023518709, "b": 0.0034047566685661453}