{"w": 0.5836406869373747, "b": -0.03144354596524063}