{"w": -0.24456423086559467, "b": -7.976647553813985e-18}