{"w": -0.2225534500876912, "b": -6.559308768456883e-18}