{"w": 0.14687654128922448, "b": 0.002286791187519982}