{"w": -0.3865963127175879, "b": 0.0265539666212945}