{"w": -0.04616875949446886, "b": -0.19182977302182797}