{"w": -0.007658690807141965, "b": -0.009992844922673433}