{"w": -0.3921809493894934, "b": 0.12157304573228962}