{"w": 0.8645963281996254, "b": -0.002205124691201937}