{"w": 0.5437916376472107, "b": 0.011746626237683872}