{"w": -0.5968595535321656, "b": -0.030519905448410607}