{"w": -0.3424957613188362, "b": 0.015912214485075717}