{"w": -0.3918441936777593, "b": 0.07690642317949431}