{"w": 0.1046941560978977, "b": 0.1298729555811863}