{"w": 0.0676806816762631, "b": 0.1981133502861697}