{"w": 0.15293071291534874, "b": -0.02060290502436138}