{"w": 0.22579325239155673, "b": 0.016316081483756347}