{"w": 0.24138694795319826, "b": 5.615808645744021e-16}