{"w": 0.9498413187875964, "b": 0.009724065561204382}