{"w": 0.9591133514157743, "b": -0.0017030510977736014}