{"w": -0.1748684535444801, "b": 1.609531293899025e-17}