{"w": -0.1756704340729398, "b": 0.016117595077877304}