{"w": 0.39386250096285136, "b": 0.05721737656532344}