{"w": 0.6348601257675266, "b": 0.007156601207609059}