{"w": 0.3421481966326781, "b": 2.632058797478171e-17}