{"w": 0.38038618220957243, "b": -0.020157309639099036}