{"w": -0.38536022164232536, "b": -0.000714835327684961}