{"w": 0.3286487347773889, "b": -0.18717053469887834}