{"w": -0.3108874364780654, "b": 0.21499636888240403}