{"w": -0.061718675595207, "b": 4.1269036799004226e-18}