{"w": 0.7975518938573981, "b": 0.008572446225379593}