{"w1": -0.506807215476029, "w2": -0.40221308074280476, "b": -0.053704753451325866}