{"w": 0.785504871821216, "b": -0.019112605567213704}