{"w1": -0.8529785764766833, "w2": -0.05311919594189791, "b": -1.4122383010608077e-16}