{"w": -0.3880286350969124, "b": 0.0775264485667873}