{"w1": 0.30704019989978826, "w2": -0.5794089008032495, "b": -5.69381968539564e-17}