{"w": -0.26484562363870806, "b": 1.7043637349903793e-17}