{"w": 0.9999999999999993, "b": 1.2212453270876696e-17}