{"w": -0.04247450999579618, "b": 0.12688126133723562}