{"w1": -1.1133042404472533, "w2": 0.2056744576248808, "b": 0.0008534918998540312}