{"w1": -2.4057701224905403, "w2": 1.1920075971634152, "b": 0.046640495055821844}