{"w1": -0.8588055961786285, "w2": 0.3355407161870774, "b": 0.015628854715411294}