{"w1": -1.1096428569096277, "w2": -1.2015935232094275, "b": 0.06029942488350544}