{"w": -0.5548079308150778, "b": -0.1442039004996916}