{"w": -0.5839991692820945, "b": -0.1627117307451814}