{"w1": -0.5626962709283264, "w2": -1.1042847694085836, "b": 0.18525498641974553}