{"w1": -1.4352829103509113, "w2": -1.0285998416643733, "b": 0.07756396283345955}