{"w": -0.25862833361565934, "b": -0.0909560351988854}