{"w": 0.0033068557055584468, "b": 0.00909826604286304}