{"w": 0.22840846769093104, "b": 0.03566833454359936}