{"w": 0.23198860311726516, "b": 1.3580235384133294e-17}