{"w": -0.30599916376881303, "b": -4.5705542642169384e-17}