{"w": 0.21443436903849508, "b": 0.23022250038815606}