{"cc": 0.006631058473763156, "alpha": 8.606810173711767e-18, "beta": 0.006631058473763156, "mx": 2.0539125955565396e-17, "my": 8.743006318923108e-18, "sx": 1.0, "sy": 1.0}