{"w": 0.000780545898665466, "b": -0.008138835047061019}