{"w": 0.44117997371349177, "b": -0.04891733172207545}