{"w": 0.6157544027801163, "b": -5.473292769317039e-16}