{"w": 0.5812347727920021, "b": 0.013701709971825179}