{"w1": -0.5886813416561993, "w2": -0.4541868140309812, "b": -0.04053294341810088}