{"w": -0.019142746427890087, "b": -2.1035561011368883e-17}