{"cc": -0.6035076756049046, "alpha": 3.3320703288903364e-16, "beta": -0.6035076756049045, "mx": 1.0325074129013956e-16, "my": 2.708944180085382e-16, "sx": 1.0, "sy": 0.9999999999999998}