{"w": -0.247088427747513, "b": -1.4793677925593733e-16}