{"w": -0.2550157540432186, "b": -0.1951532403290438}