{"w": 0.8667859610891129, "b": -7.855374228307833e-18}