{"w": -0.5253939648346758, "b": 1.788966866570073e-16}