{"w": -0.007114047307990881, "b": 0.05651640561867215}