{"w": -0.006684021910645629, "b": 0.06302116881146219}