{"w1": -0.3634865828742249, "w2": -0.6779651327513841, "b": -0.03067647261587593}