{"w": -0.45869689640008743, "b": -5.7296941164948226e-18}