{"w": 0.6384740666732516, "b": 0.019889055245253254}