{"w": 0.6418238105967995, "b": 0.019740190697325355}