{"w": -0.08795878163760526, "b": 4.465186119765785e-19}