{"w": -0.08874961983414718, "b": 5.703175671886737e-19}