{"w": -0.10559981835925145, "b": 0.011419778209240058}