{"w1": -1.1685456954357027, "w2": 0.03943873677459048, "b": -0.026682920211852548}