{"w": 0.4523765207548297, "b": 0.02442631828849079}