{"w": -0.18202775746489208, "b": -3.2199027146921705e-17}