{"w": -0.17195285094204615, "b": 0.0012835825034865078}