{"w1": 0.4588580617177728, "w2": 0.4527974448114563, "b": -0.00178800224087641}