{"w": -0.26754767107045696, "b": -0.09025446252376416}