{"w": -0.6844279075141474, "b": -0.10569042079244884}