{"w": -0.7858376435982194, "b": 0.00802655263200978}