{"w": 0.1709927737776487, "b": -1.9078040364284948e-17}