{"w": 0.16468805281769922, "b": -0.01198246770748573}