{"w1": -1.5113862502098243, "w2": 2.6648341801408906, "b": 0.19987596005798405}