{"w": 0.7723715695425388, "b": 0.0009999679335190089}