{"w": 0.7067379867667289, "b": 4.319090546878943e-16}