{"w": 0.7163218471570527, "b": 0.06318495143510224}