{"w": 0.45348209824992186, "b": 0.002543709312335025}