{"w": 0.8046414161434849, "b": 0.011032109592971977}