{"w": 0.047098468428350776, "b": -2.1367823627323356e-17}