{"w": 0.14484317669871694, "b": 1.2591321969968332e-17}