{"w": 0.24270952350119182, "b": 0.025245820395300066}