{"w": 0.2529081067516653, "b": 0.008887612789135864}