{"cc": 0.9008263367966688, "alpha": -1.780026511951278e-17, "beta": 0.9008263367966689, "mx": 4.4408920985006264e-17, "my": 2.2204460492503132e-17, "sx": 0.9999999999999999, "sy": 1.0}