{"w": 0.9322768756368189, "b": 5.0824695485758936e-17}