{"w": 0.8951029943637712, "b": -0.0020530533793185913}