{"cc": 0.03226435342603137, "alpha": 8.164492353700808e-17, "beta": 0.03226435342603138, "mx": 1.965094753586527e-16, "my": 8.798517470154365e-17, "sx": 0.9999999999999998, "sy": 1.0}