{"w": 0.04024025585481282, "b": 0.002161016927564091}