{"w": 0.5160569512646247, "b": 0.007517009170003986}