{"w": 0.31264492919624326, "b": -0.010585170224280589}