{"w": -0.9999999999999986, "b": 8.992806499463754e-17}