{"w1": 1.0422578101820632, "w2": -2.0649326470929097, "b": -0.08655872190752927}