{"w1": 0.12640457862188467, "w2": 0.27219490504738547, "b": -0.0043948223402313705}