{"w1": -1.129551740706774, "w2": -2.2006666502733374, "b": -0.3376917610522199}