{"w1": -0.8341628693496423, "w2": -1.6673716939911245, "b": -0.46153689237003825}