{"w": -0.35363533483557813, "b": -0.009132905605745784}