{"cc": 0.505479391741335, "alpha": 1.3898013103096335e-16, "beta": 0.505479391741335, "mx": -3.4083846855992304e-16, "my": -3.3306690738754695e-17, "sx": 1.0, "sy": 1.0}