{"w": 0.3471555181399867, "b": -0.21154395104284301}