{"w": 0.33335909801146907, "b": 7.586724233377455e-18}