{"w": 0.04094166434263681, "b": -7.118722409910653e-18}