{"w": 0.14268616059282635, "b": -0.02364815166948486}