{"w": -0.8833542949506272, "b": -3.342008679237283e-17}