{"w": 0.09083982684636731, "b": 0.0009820427391586425}