{"w1": 0.6301643024253689, "w2": 0.2551372943682788, "b": 1.0824024531595006e-16}