{"w": -0.12444122308412012, "b": -5.088234378244558e-06}