{"w": -0.6611313003084751, "b": 1.3654567667892528e-19}