{"w": 0.7936260109557671, "b": 0.011747441112058655}