{"w": 0.009464639382581297, "b": -4.940180601575902e-17}