{"w": 0.0006304934064730292, "b": 0.004450672808282799}