{"w1": 0.025827887460907997, "w2": 0.6134309875710398, "b": -0.0017754812456508787}