{"w": 0.41808648791344777, "b": -0.02018776381249708}