{"w": 0.9541699449762207, "b": 0.005364774621553776}