{"w": 0.9016286838222392, "b": -0.0022705353214481174}