{"w": 0.24575952842306883, "b": 1.877042682213054e-17}