{"w1": -3.2850808175792894, "w2": -4.513555825091835, "b": 0.16390372869926106}