{"w1": 0.3363552059754561, "w2": -0.6902361522607016, "b": 2.6575975315087885e-17}