{"w": 0.1245883871367146, "b": 0.06916396807510941}