{"w": -0.7643982959643393, "b": -0.07627851212997011}