{"w": -0.7690790916799606, "b": -0.07679833028667282}