{"w": 0.4683870571593664, "b": 1.034960612464323e-16}