{"w": -0.3051454973991581, "b": 1.1702645013642856e-16}