{"w": -0.7772482273949824, "b": -0.01521081012998626}