{"w": -0.7741841679956816, "b": -0.004516226569580742}