{"w": 0.5965031453208972, "b": 0.003619127238742856}