{"w": -0.061114929470325145, "b": 1.7640358653216315e-17}