{"w": 0.288385240662905, "b": -3.459618806290698e-18}