{"w1": 0.024406482503227855, "w2": -0.7095536820353264, "b": 3.010148818121695e-17}