{"w": -0.5016409929411579, "b": 1.7152819370881646e-16}