{"w": -0.6604410950139307, "b": -0.024113834558272956}