{"w": 0.8490743295657006, "b": 0.005226907182880473}