{"w": 0.9294428260178275, "b": 0.04885760586128329}