{"w1": 0.20441261307653324, "w2": -0.6915731237195588, "b": -3.313150727445605e-17}