{"w1": 0.40268770321442526, "w2": -0.25597460339125083, "b": -1.449878517328875e-17}