{"w": 0.7769540380192655, "b": -3.706230624494386e-18}