{"w": 0.8885477767365668, "b": 0.012318301335807597}