{"w1": -1.7616680921841283, "w2": -0.31892028819875196, "b": 0.1525409016333578}