{"w": -0.4133973435307198, "b": 4.995077091839836e-17}