{"w": -0.2888323455317797, "b": 0.20356229581667762}