{"w": -0.40415490480527805, "b": -0.0659022600347674}