{"w": -0.5483556616833875, "b": 4.4909265029537537e-17}