{"w1": 0.7321204939753628, "w2": 0.7489420816206306, "b": 0.02527673553044204}