{"w": -0.7670182312424537, "b": -0.022261646204431385}