{"w": -0.7628801849962894, "b": 2.9163167039477436e-17}