{"w": -0.7004627153147748, "b": 2.7049599024110005e-17}