{"w": 0.09182942375818572, "b": -0.00859093927229802}