{"w": 0.18623853831967976, "b": 0.014360398578281868}