{"w": 0.1784440394631299, "b": 0.03060847224482942}