{"w": -0.44210362240475093, "b": 0.0017872351795621333}