{"w": -0.43717724943132363, "b": 0.07837117134595212}