{"w": 0.2862277960425703, "b": 6.192991112318635e-17}