{"w1": -0.4104295480126988, "w2": -0.11516806333388965, "b": -0.0014283248375886164}