{"w": -0.3397696395991371, "b": -8.577431933058084e-17}