{"w1": -0.09404367341914709, "w2": 2.4855181696964865, "b": -0.29883149592753433}