{"w1": 0.0953069109789613, "w2": -0.4993831322327315, "b": 2.988830514848623e-17}