{"w1": -0.9512333848269154, "w2": 1.8074484427848, "b": 0.5107339736233907}