{"w1": -0.46459174517887647, "w2": -0.48302222803012335, "b": 5.376601874352919e-17}