{"w": -1.0000000000000004, "b": -6.744604874597828e-17}