{"w": 0.164471921262334, "b": -5.686239503404219e-16}