{"w": 0.16595068978517216, "b": -5.687454407922207e-16}