{"w": 0.147283747257801, "b": -0.008415485313483073}