{"w": -0.2625652429974028, "b": -0.031049494799194}