{"w": -0.2725583869994581, "b": 0.00624422349601686}