{"w": 0.5357697523101007, "b": -0.0012344603134119528}