{"w1": 0.1274592063333576, "w2": 0.5986756200185933, "b": -1.2412767223565048e-17}