{"w": -0.8617208425727246, "b": -4.1503235930520916e-17}