{"w": 0.2203863541044337, "b": -0.025050341152778294}