{"w": -0.5445677469661163, "b": 2.3585572385911493e-16}