{"w": 0.749127835057674, "b": -0.0015208694626865406}