{"w": 0.7215091399104102, "b": 0.00870417182152276}