{"w": -0.39354169270583117, "b": -0.026926873160336255}