{"w": -0.44423672150251786, "b": -0.08820163213993507}