{"w": -0.4792481700438835, "b": -0.10901385939740729}