{"w": -0.23519867950746087, "b": 0.04866199347982603}