{"w": -0.2484814318846251, "b": -1.439918033440402e-17}