{"w": 0.2833151996159078, "b": -0.19875285023379224}