{"w1": -1.0116780836053763, "w2": -0.3950130491152231, "b": 0.12946607698046894}