{"w1": 0.34885623580027103, "w2": -0.4105499514242048, "b": -0.0004526791997662566}