{"w": -0.03654800057273708, "b": -7.654334955733426e-17}