{"w": -0.7764195808759918, "b": -0.013806710242897494}