{"w": -0.5078695074971173, "b": 4.729688678544411e-17}