{"w1": -0.1897232793547211, "w2": -0.6635077081626642, "b": 0.011708535316667039}