{"w": -0.0872846701122877, "b": -1.2009671430368428e-16}