{"w": -0.004143316134847222, "b": 3.5604193508140764e-16}