{"w": 0.13933568270709157, "b": 0.01592330188454935}