{"w": -0.4844701386938345, "b": -8.283128185378484e-17}