{"cc": -0.06483015259238929, "alpha": -1.0998750683893141e-17, "beta": -0.0648301525923893, "mx": 4.4408920985006264e-17, "my": -1.3877787807814457e-17, "sx": 1.0, "sy": 1.0000000000000002}