{"w": -0.0484399059715626, "b": 0.11701660406806069}