{"w1": -0.36100849548840896, "w2": -0.6080841873106195, "b": 7.938561253282908e-17}