{"w1": -0.6366698841719401, "w2": -1.2144093361215396, "b": -0.05980301127751479}