{"w": 0.5657310772784939, "b": 0.031117272841602373}