{"w": 0.7242696671533606, "b": 0.004550466144799297}