{"w1": 0.07200628762727398, "w2": 4.531179571109818, "b": -1.270514112350126}