{"w": 0.4744126858310185, "b": 0.003297620415253246}