{"w": 0.44953419242248516, "b": -0.007281011258199951}