{"w": -1.0000000000000004, "b": -2.7748636721724993e-16}