{"w": -0.3245466716739136, "b": -4.64950664574399e-16}