{"w": 0.14603073739681738, "b": 7.461451780806764e-18}