{"w": 0.8065409636341392, "b": -0.011854875928470923}