{"w": 0.4289414543395251, "b": 0.07160709585013317}