{"w": -0.37281877640190225, "b": -0.0005122844731347033}