{"w": -0.3709645157609331, "b": -0.00042923802557734946}