{"w": 0.1752081351711868, "b": -1.904448424858858e-17}