{"w1": -0.45392133350186875, "w2": -0.2845786190942533, "b": -1.7933401321498094e-05}