{"cc": 0.24861702604901142, "alpha": 3.187131426276508e-17, "beta": 0.24861702604901145, "mx": -3.441691376337985e-17, "my": 2.3314683517128286e-17, "sx": 0.9999999999999999, "sy": 1.0}