{"w1": 0.6425716977707452, "w2": 0.8736030840245351, "b": -0.039884827679191937}