{"w1": 0.4086851552054851, "w2": 0.6141335883543994, "b": 0.0234119172118446}