{"w": 0.3889199552106865, "b": 1.2396352253637826e-17}