{"cc": 0.6978388706589385, "alpha": -4.307090638023442e-16, "beta": 0.6978388706589385, "mx": -1.532107773982716e-16, "my": -5.376254996747321e-16, "sx": 1.0, "sy": 1.0}