{"w1": -0.7325797817314706, "w2": -0.058542249131828726, "b": 8.56196681304419e-18}