{"w1": 1.0442669499997024, "w2": 0.31974920881928764, "b": -0.03110713239277411}