{"w": 0.697655416125129, "b": -0.06097448140133756}