{"w": 0.7561088121260796, "b": 0.03642405531728601}