{"w": -0.5334404732687373, "b": -0.030213971113358586}