{"w1": -1.0126056833628923, "w2": -0.5979285553891258, "b": -0.07322028048065143}