{"w1": -1.4159032195583767, "w2": -0.9287549935096855, "b": -0.3060037485823901}