{"w1": -0.6578818034607657, "w2": 0.7930748893867701, "b": -0.07126677356986268}