{"w": -0.7117229457333832, "b": -0.2124964524095913}