{"w": 0.5305340911846307, "b": 0.006273040452292638}