{"w": -0.29275162622229894, "b": -0.044834025214275604}