{"w1": 2.7125649332018, "w2": 2.209419122166092, "b": 0.18159481932603658}