{"w": -0.07378850330070469, "b": 0.11601735286099985}