{"w": 0.03936468637017199, "b": 1.2217051723532562e-17}