{"w1": -0.862777133539068, "w2": -0.8226313639337443, "b": 0.02147549618944488}