{"w": -0.53413264615084, "b": 0.004279932990575313}