{"w1": 0.45839475517358236, "w2": -1.4089857324195327, "b": -0.07869053862721886}