{"w": 0.4334652134205267, "b": -0.007311875200736404}