{"w": 0.41532404341940554, "b": -1.4683724762268251e-18}