{"w": -0.12455365134232413, "b": 0.07076605933809114}