{"w": 0.5178010565615898, "b": -0.09302875238904174}