{"w": 0.499457371519828, "b": 1.0566396770179124e-17}