{"w1": 0.13538601316594193, "w2": -0.7106871326588222, "b": 1.0827737031345975e-17}