{"cc": 0.8264352183958961, "alpha": 4.578521209674263e-17, "beta": 0.8264352183958962, "mx": -1.6653345369377347e-18, "my": 4.4408920985006264e-17, "sx": 0.9999999999999998, "sy": 0.9999999999999999}