{"w": 0.3160348382350233, "b": 0.06051379944297746}