{"w": 0.33188028551514864, "b": 0.05727084512908408}