{"w": -0.33969929957424555, "b": 2.216205463873525e-17}