{"w": -0.373560794421848, "b": -0.0063309713631732115}