{"w": -1.0000000000000013, "b": 9.853229343548362e-18}