{"w": -0.8679441869847201, "b": -4.558181221816752e-17}