{"w": -0.8919527450325003, "b": 0.0014410867246146186}