{"w": 0.06881239209505263, "b": 0.011986991572654412}