{"w": 0.29798310121461896, "b": -0.19054160158507716}