{"w1": -1.0606625327602084, "w2": 0.03357667784320777, "b": -0.006987795303367381}