{"w": -0.07963875014330575, "b": 6.517706251630019e-17}