{"w": 0.011374972914701107, "b": -0.19336602039698556}