{"w": -0.06345118312900043, "b": 0.030126416496036583}