{"w": -0.3929361647167399, "b": 2.7855580389384336e-16}