{"w": -0.39254362109564417, "b": 2.783152362404401e-16}