{"w1": -1.2219678447868199, "w2": 0.490990730683742, "b": 0.01811343243193074}