{"w": -0.35838163487783375, "b": 0.10358996359333304}