{"w": -0.5460923713940103, "b": -8.779438573038844e-18}