{"w": 0.790816392743203, "b": 0.061594452952510696}