{"w": 0.8184176084558316, "b": 0.07785369194742453}