{"w1": 1.3605935584336477, "w2": -0.6254492333882745, "b": -0.0873494813756894}