{"w": 0.43648326271726784, "b": 0.008007510018401692}