{"w1": -2.1203442388754863, "w2": 0.5970242309328057, "b": 0.004656519688578387}