{"cc": 0.01318787392823069, "alpha": 1.2085641533096256e-16, "beta": 0.013187873928230686, "mx": -9.325873406851315e-17, "my": 1.196265309033606e-16, "sx": 1.0, "sy": 0.9999999999999998}