{"w": 0.010392384279808408, "b": 0.00756745132592607}