{"cc": 0.9732471593729886, "alpha": -4.605090299367272e-16, "beta": 0.9732471593729883, "mx": 1.3322676295501878e-16, "my": -3.3084646133829665e-16, "sx": 1.0000000000000002, "sy": 1.0}