{"cc": 0.5812999658764862, "alpha": 1.11970448837124e-17, "beta": 0.5812999658764862, "mx": 4.662936703425657e-17, "my": 3.83026943495679e-17, "sx": 1.0, "sy": 1.0}