{"w": 0.41934733707090277, "b": -0.05032945796431014}