{"w": 0.022054176632316187, "b": -3.5958770572087545e-17}