{"w": 0.6633688624002169, "b": -0.0016034234613983228}