{"w": 0.7039738288420024, "b": -0.0028905252247581337}