{"w": 0.06805785433916671, "b": 0.13335408062596288}