{"w": 0.1844120042328713, "b": -0.016024722405821142}