{"w": -0.31366660436354865, "b": 0.033146185979088916}