{"w": -0.3124228515343027, "b": -0.019887855938650778}