{"w1": -1.2615430024445602, "w2": 1.5683784908934204, "b": -0.23422487262843808}