{"w": 0.8611118250329344, "b": -0.04406254555193223}