{"cc": -0.02699130492921588, "alpha": -1.3953437428973532e-17, "beta": -0.02699130492921588, "mx": 1.7763568394002505e-17, "my": -1.4432899320127036e-17, "sx": 1.0, "sy": 1.0}