{"w": -0.07655348702871773, "b": -0.09609435713620718}