{"w1": 0.45013262585638386, "w2": -0.4233626166748559, "b": -3.949547410172723e-18}