{"w1": 0.5802309162424546, "w2": -0.641026367969534, "b": 0.0887158337278791}