{"w": -0.7800949881663742, "b": 0.14553111394666596}