{"cc": 0.7852529731327442, "alpha": -3.891457247311518e-17, "beta": 0.785252973132744, "mx": 4.884981308350689e-17, "my": -5.551115123125783e-19, "sx": 1.0, "sy": 0.9999999999999998}