{"w": -0.48798581683579745, "b": -0.0025568010151251173}