{"w": -0.19283650171955632, "b": 4.8621769861814376e-17}