{"w": -0.3438154635707761, "b": -0.16153495836312842}