{"w": -0.37222203434107687, "b": -0.12968557236521444}