{"w": 0.7632229670173745, "b": 0.06263119989576577}