{"w": 0.7957328645717434, "b": -0.016562254241482634}