{"w": 0.3811669850794306, "b": 0.03158584684386641}