{"w1": -1.0378373672487564, "w2": -0.9009402318708948, "b": 0.044008618890478926}