{"w": 0.09384597726460799, "b": 0.22604511409488548}