{"w1": -0.07689634839907628, "w2": -0.47372453196154574, "b": 0.011482308785726952}