{"w": 1.000000000000001, "b": 1.110223024625173e-18}