{"w": 0.2096581787299639, "b": -1.205161228484746e-17}