{"w1": -0.5756003863957684, "w2": -1.0358794465389387, "b": -0.04014180855449994}