{"w1": -1.0750134049101223, "w2": -1.669848235097077, "b": -0.03858310654757713}