{"w": 0.2870193565550416, "b": 0.07026974462723504}