{"w1": 0.5287721564797166, "w2": 1.7880712817112798, "b": -0.06546246156176488}