{"w": 0.24971551080905752, "b": 0.09434574971886867}