{"w1": -0.718701426850929, "w2": 0.11483805320012826, "b": -0.03484624121893532}