{"w": 0.4572840190864993, "b": 0.0028104386986945572}