{"w": 0.28105782172796917, "b": 0.1565060212811137}