{"w": 0.22228679616556768, "b": -0.06081546743074408}