{"w": -0.2791564430266866, "b": 0.010499209878243551}