{"w": -0.3603381744336416, "b": -0.0037206165738669123}