{"w1": -1.2139312542285277, "w2": 0.4554353261166067, "b": 0.03957556555886721}