{"w": 0.13334756379647078, "b": -5.643910190798173e-17}