{"w1": -0.8126999607124247, "w2": 0.05620864855918412, "b": -5.464625263940308e-17}