{"w1": 2.015829411860576, "w2": -2.1102984615499327, "b": -0.04732759252637862}