{"w1": 1.6198751797616318, "w2": -1.5470869276451682, "b": -0.060488706828127764}