{"w": -0.012789544630005307, "b": -0.24998173002668628}