{"w": -0.3517221388275807, "b": 0.16705257560042558}