{"w": -0.9999999999999996, "b": -9.214851104388795e-17}