{"w": -0.5798995986476863, "b": -0.030720575098585515}