{"w1": 0.45564135196886574, "w2": -0.06422890799710818, "b": 0.006413093682398063}