{"w": -0.6500464174456614, "b": 6.938893903907228e-17}