{"w1": -0.08237399728123358, "w2": 0.49598078996903405, "b": 1.017062185696777e-17}