{"w1": 0.0010465414465737311, "w2": -0.42286405343347405, "b": 1.2999412161941047e-17}