{"w": 0.26020560809961685, "b": -0.15126107331422126}