{"w": 0.12098494232420365, "b": 1.48085224847744e-17}