{"w": 0.1268011647459449, "b": -0.00421101407542472}