{"w1": -0.3732925297821875, "w2": 0.23072641907832406, "b": 0.011037515644841303}