{"w": 0.40376276202402295, "b": 0.14628938138665878}