{"w": 0.3798945926929358, "b": 0.04966148929779712}