{"w1": 1.6389077245158614, "w2": 0.34719244940504856, "b": -0.010611200087388079}