{"w": 0.34609519802723754, "b": 0.04097320755514798}