{"w": -0.28924084019622437, "b": 0.12409218749505649}