{"w1": 1.4452913947742716, "w2": 0.7748060491211377, "b": -0.006642244309053261}