{"w": -0.19405462210489838, "b": -0.023256839189386966}