{"w": -0.2636541976279327, "b": 0.006778289074796502}