{"w": 0.20144743893321324, "b": 0.07287747544790577}