{"w": -0.12154573754834694, "b": 0.02820857748690436}