{"w1": -101.51363207988516, "w2": -150.67720429683482, "b": -66.68454769076529}