{"w": -0.1425487006788165, "b": -0.162741218620003}