{"w1": 0.9901684836335132, "w2": 0.11543111536453178, "b": -5.540983399441225e-17}