{"w1": 2.431791846955545, "w2": -0.4520426861648796, "b": -0.4147219496575211}