{"cc": 0.676997397139959, "alpha": -6.666660282856786e-16, "beta": 0.6769973971399589, "mx": 2.6645352591003756e-16, "my": -4.862776847858186e-16, "sx": 1.0, "sy": 0.9999999999999999}