{"w": 0.5578307084078039, "b": -8.393151003066399e-17}