{"w": 0.6459814020534786, "b": -3.1882491400779226e-17}