{"w": -0.85845223602939, "b": 1.543910775614373e-17}