{"cc": -0.28821238114392883, "alpha": -1.1054654563427998e-16, "beta": -0.28821238114392883, "mx": -2.0636270470220096e-16, "my": -5.10702591327572e-17, "sx": 1.0, "sy": 1.0}