{"w": -1.0000000000000009, "b": -2.574329638349584e-16}