{"w": -0.07936999098877341, "b": -0.0040699396203439445}