{"w": 0.01389657026580457, "b": -0.0015294025535675035}