{"w1": 1.3178158808914597, "w2": -0.5941855892042737, "b": 0.0384855542690022}