{"w1": 0.6304354141026971, "w2": -0.16611880435324372, "b": -0.0037661741032081787}