{"w1": 0.2804247536262831, "w2": -0.6043664994622994, "b": 2.3085127021152317e-17}