{"w1": 0.4727564131597192, "w2": -0.7911936621426277, "b": -0.11165609474191635}