{"w1": 0.759427231608434, "w2": -0.026564937447155223, "b": -7.883132434546811e-18}