{"w1": 1.5350322388373225, "w2": -0.34405835401569484, "b": -0.11654041253192912}