{"w1": 1.4239924050028412, "w2": -0.1062415455417137, "b": -0.14249304533683}