{"w": 0.7457637671373122, "b": 0.00640919261283642}