{"cc": -0.36412419602694523, "alpha": 7.141974230192935e-17, "beta": -0.3641241960269453, "mx": -7.28583859910259e-18, "my": 7.407269242420967e-17, "sx": 0.9999999999999999, "sy": 1.0}