{"w": -0.3845647673435992, "b": -0.137993785384524}