{"w": -0.38727932661495923, "b": -0.1375924618150703}