{"w": -1.0000000000000007, "b": 6.678685382510707e-17}