{"w": -0.3589164437773746, "b": 0.014092851049208238}