{"w": -0.41254521118561527, "b": -6.507327230385482e-18}