{"w": -0.09373122496648728, "b": 0.12090131964639043}