{"w1": -0.6988709847984351, "w2": -0.686148251877676, "b": 0.04789885410977124}