{"w": 0.2669221147860512, "b": 0.0011389090011989613}