{"w": 0.24259101961120455, "b": -0.006162929992384325}