{"w": 0.2665780898164386, "b": -0.0055522968365740635}