{"w": 0.9648824983143319, "b": 0.005063943469936223}