{"w": 0.46875298916673125, "b": 4.1702692626931313e-17}