{"w": 0.317240940591424, "b": -1.8048778547063175e-17}