{"w": 0.0772103612023315, "b": -3.9196542399787555e-17}