{"w": -0.04188436273112048, "b": -1.2785585117900131e-16}