{"w1": -0.48898273917872215, "w2": -0.44572203549795414, "b": 1.5281568831821503e-16}