{"w1": -1.3841109008155013, "w2": -1.3333022760401458, "b": -0.15243522676087398}