{"w1": -0.4122720246244411, "w2": -0.5133011654072224, "b": -1.1998129668560733e-17}