{"w": 0.021783334238897417, "b": 0.014121155372335163}