{"w": -0.396736546809149, "b": 4.472257640345463e-17}