{"w": -0.43027655293379014, "b": -0.008235209948325647}