{"w": 0.7556454437782949, "b": 0.05932002609957434}