{"w": 0.7757019953753082, "b": 0.05971041814411262}