{"w": 0.9058297086496552, "b": 0.001433674142339726}