{"w": -0.002050610870736135, "b": -0.01927461372009638}