{"w": -0.025470254580739354, "b": 0.0021802153222958}