{"w": -0.5066053784235991, "b": -5.50000403782187e-17}