{"w1": 0.6929346005457774, "w2": -0.6317566998344097, "b": -0.013486239876405699}