{"w1": 1.0676747086108502, "w2": -0.9694177951959504, "b": -0.04827877973087979}