{"w": 0.6877972606828988, "b": -0.000680173118620097}