{"w": 0.5936443441637601, "b": 2.844993421218796e-17}