{"w": 0.6949546486889572, "b": 1.054208372696733e-18}