{"w": 0.5292856287041456, "b": 0.05038743714466526}