{"w": 0.752328718074644, "b": -0.0018254671402153887}