{"w": -0.500512965569651, "b": -0.0003872826069181573}