{"w": -0.1694371086705575, "b": 7.956622776182173e-17}