{"w": 0.2825969153078386, "b": -0.08554550338668054}