{"w": 0.2583099831194965, "b": 0.048700676998132804}