{"w": -0.20365390163313093, "b": 0.07265692945729868}