{"cc": 0.12679095333403598, "alpha": 6.150684415124788e-17, "beta": 0.12679095333403598, "mx": -9.325873406851315e-17, "my": 4.9682480351975756e-17, "sx": 1.0, "sy": 1.0}