{"w": 0.03091257121262936, "b": 0.18223411734178863}