{"w": -0.11644888335440948, "b": 4.2751693279096793e-17}