{"w1": -0.5900483675370051, "w2": 0.14344960928676817, "b": -1.9055251131902845e-18}