{"w": -0.4961861842502701, "b": 0.0921540466208032}