{"w": -0.5085404484169135, "b": 0.12212017943079584}