{"cc": 0.4876733196873829, "alpha": 4.518512966303598e-18, "beta": 0.4876733196873829, "mx": -2.7478019859472624e-17, "my": -8.881784197001253e-18, "sx": 1.0, "sy": 1.0}