{"w": 0.06577080353706649, "b": -1.845058897411889e-17}