{"w": 0.0017295681654152248, "b": -0.04155770990786127}