{"w": 0.027013382957092706, "b": -0.07829123946777178}