{"w": -1.0000000000000053, "b": -9.436895709313878e-17}