{"w1": -0.40623378423662604, "w2": -0.6976383805295053, "b": -9.028735833726234e-17}