{"w1": -2.1780907905404288, "w2": 1.5308691347291374, "b": -0.29563534402287267}