{"w1": -1.567934953710081, "w2": 1.0589077741014579, "b": -0.2753178609789216}