{"w": -0.5344018120020945, "b": -0.014906484725905767}