{"w": 0.6584034347308524, "b": -0.06154342384877719}