{"w": 0.7399352015455318, "b": -0.07162206012347663}