{"w": -0.6860411516832436, "b": 7.997544106390996e-18}