{"w": 0.41135313646183297, "b": -0.06648019224266795}