{"w": -0.18998014789053702, "b": 0.016244275756474934}