{"w1": 0.1409072511131336, "w2": 0.864646427110627, "b": 4.9753921985105905e-17}