{"w1": 0.22777066996082265, "w2": 1.7277569425642572, "b": 0.04010250220016999}