{"w": 0.6367568684618532, "b": 0.09961435273316593}