{"w": 0.9999999999999993, "b": 3.330669073875448e-18}