{"w": 0.7370389523870409, "b": -0.03692728985591205}