{"w1": 0.6043580380699652, "w2": -0.0643038128154657, "b": 3.533394270045727e-17}