{"w1": -1.3667415877287798, "w2": 0.24850030723650432, "b": 0.0502197447903494}