{"w1": 6.232198863093435, "w2": -1.2058723417265969, "b": -1.527976807431504}