{"w1": 4.456942574963528, "w2": -0.8625054280518295, "b": -1.0783642821991641}