{"w1": 1.232901599400714, "w2": 0.0023767250556487297, "b": -0.09981055137844501}