{"w": 0.6960946674863548, "b": 0.018147888836201706}