{"w1": -0.5205016337021602, "w2": -0.47135539242964863, "b": 2.0514610247902483e-16}