{"w1": 0.43734235889002454, "w2": -0.6890780116727204, "b": -7.712005707999679e-18}