{"w": 0.45617970498348237, "b": 0.09221376547887661}