{"w": 0.40798765421217853, "b": -0.05155174580694001}