{"w": 0.3835611162202522, "b": 0.013663386839957672}