{"w1": -0.0381451200254108, "w2": -0.9951541134741341, "b": 0.0003766679464097545}