{"w": -0.13090734534198212, "b": 0.07191559899831637}