{"w": -0.4478271810832477, "b": 1.547560399644519e-16}