{"cc": 0.6418743828547608, "alpha": 2.425851693618727e-16, "beta": 0.6418743828547608, "mx": 8.215650382226158e-17, "my": 2.9531932455029166e-16, "sx": 1.0, "sy": 1.0}