{"cc": 0.4190313389544479, "alpha": -3.2264093259538966e-17, "beta": 0.4190313389544479, "mx": 6.772360450213455e-17, "my": -3.885780586188048e-18, "sx": 1.0, "sy": 1.0}