{"w1": -0.874323780332743, "w2": -0.8778313910360108, "b": -0.017718330349213066}