{"cc": 0.6560936499863272, "alpha": 3.189808195176365e-18, "beta": 0.6560936499863272, "mx": -1.3322676295501878e-17, "my": -5.551115123125783e-18, "sx": 1.0, "sy": 1.0}