{"w": 0.6729817178930059, "b": -0.03545950965223915}