{"w": -0.5043018101913357, "b": -0.11663990068910671}