{"w": 0.9911230016375809, "b": -0.0015564070249281456}