{"w": 0.9755081085391939, "b": -0.0034840304781793285}