{"w1": -1.7421103931869675, "w2": 0.043797312802564624, "b": -0.047026761427673175}