{"w1": -1.212323024485748, "w2": -1.0531778916163634, "b": 0.040067212959381204}