{"w": -0.257996802141004, "b": -0.001035045555337343}