{"w": 0.6511143345085476, "b": 0.0013230397381333997}