{"cc": -0.05063947512865423, "alpha": -2.054536202116377e-17, "beta": -0.050639475128654216, "mx": 1.2045919817182948e-16, "my": -2.6645352591003756e-17, "sx": 1.0000000000000002, "sy": 1.0}