{"w": -0.04860583606696269, "b": 0.018144581720484155}