{"w": -0.04597719940620285, "b": 0.017304537518203975}