{"w": 0.9610524463257497, "b": -4.3650925105449365e-16}