{"cc": -0.10995281392100496, "alpha": -1.18279381516671e-16, "beta": -0.10995281392100496, "mx": -5.506706202140776e-16, "my": -5.773159728050814e-17, "sx": 1.0, "sy": 1.0}