{"w1": -0.5374802266483607, "w2": 0.17497311601422819, "b": -0.00559270110264456}