{"w": 0.02881306043184959, "b": 4.5816433601465903e-17}