{"w": -0.04760154425112725, "b": -0.17809074130458108}