{"w": 0.9999999999999916, "b": 2.3980817331903353e-16}