{"w": -0.09489591398006395, "b": -0.1997433628685099}