{"w1": 0.2396910567620815, "w2": -0.5549111539950964, "b": 0.006790748476669911}