{"w1": -0.4384830669297136, "w2": -1.2521699753787527, "b": 0.03189796364539035}