{"w1": -1.1218921872557366, "w2": -2.5357658588730976, "b": -0.3475988123145585}