{"w": 0.05544763525351865, "b": 0.30475392974530374}