{"w": 0.04736272395093362, "b": -0.06438820052094052}