{"cc": -0.24602101288056843, "alpha": 2.8140423268009177e-17, "beta": -0.24602101288056843, "mx": 6.022959908591474e-17, "my": 1.3322676295501878e-17, "sx": 1.0, "sy": 1.0}