{"w": -0.1406769827969606, "b": -2.418216068011283e-16}