{"w": -0.14840831741899324, "b": 0.0741940626550751}