{"w": 0.03635416667609803, "b": 0.15447522083426946}