{"cc": -0.3348324803102881, "alpha": 5.917589733022348e-16, "beta": -0.3348324803102881, "mx": -1.1041167979897182e-15, "my": 9.614531393253856e-16, "sx": 0.9999999999999999, "sy": 0.9999999999999998}