{"w": -0.33449798232796, "b": 5.92128298143417e-16}