{"w": -0.4960021528129483, "b": 0.03116553627037507}