{"w": 0.9999999999999996, "b": -4.8849813083506894e-17}