{"w": 0.786779553811876, "b": -4.93232575808647e-17}