{"w": -0.17592858703824865, "b": 0.0017711541623661269}