{"w": -0.01648691491388362, "b": -0.02713781579621971}