{"w": 0.6750168383369214, "b": -0.00017143606126259273}