{"w": 0.3148854005354884, "b": 0.05932367270720898}