{"w": -0.22392795065333948, "b": 0.03539950700182404}