{"w": 0.03374199667995377, "b": 0.189674848916775}