{"w": -0.37068801860315337, "b": -0.03060982965597092}