{"w": -0.04843856761754764, "b": -1.0272359396511319e-16}