{"w": 0.0625502513861733, "b": 0.08059254674754442}