{"w": 0.22246726480071968, "b": 0.003716250611578373}