{"w": -0.035423295785484754, "b": 0.0174526582064789}