{"w": 0.5269204996568183, "b": 3.405826066073889e-17}