{"w": -0.21212896158229605, "b": -8.491558396805026e-17}