{"w": -0.23862509073514115, "b": 4.486355368708552e-17}