{"w": 0.392346914717556, "b": 0.21239825170850546}