{"w": 0.5086809008816371, "b": -0.0056186201956515}