{"cc": 0.9346355879029594, "alpha": 3.3177608190773537e-17, "beta": 0.9346355879029592, "mx": -5.717648576819556e-17, "my": -2.0261570199409106e-17, "sx": 1.0, "sy": 0.9999999999999998}