{"w": 0.9337018860169422, "b": 3.312422239817594e-17}