{"w": -0.8690907398551075, "b": 0.03385797081577513}