{"w": -0.039180671608454336, "b": 0.04018825160302225}