{"w": 0.27754260903853767, "b": 8.497911941480542e-17}