{"w": 0.29007535196364576, "b": -0.06751370973727311}