{"w": 0.760589680845224, "b": 2.596364804388888e-17}