{"w": 0.8032830999612813, "b": -0.031075371344885985}