{"w": 0.9999999999999988, "b": -2.6367796834847476e-17}