{"w": -0.12690645648152116, "b": -0.08850982425225239}