{"w": -0.1266545989099111, "b": -0.08838833703290581}