{"w": -0.14307184359081485, "b": 0.026228084151560443}