{"w1": -0.6247172369293924, "w2": -0.36060519811644687, "b": 5.884341147373431e-18}