{"w": -0.03984591562761197, "b": 1.2194611044842201e-17}