{"w": -0.3581369524321299, "b": -0.2897602264343442}