{"w": -0.36165234950942327, "b": -0.28962891876520797}