{"w": 0.49629835957373697, "b": 2.557622603067981e-17}