{"w": -0.25205147693152197, "b": 0.1565481232429193}