{"w": 0.9657997616096949, "b": 0.0015764416064015215}