{"cc": 0.3273508596633071, "alpha": -2.283458695877492e-17, "beta": 0.3273508596633071, "mx": 1.5491080640472887e-17, "my": -1.7763568394002505e-17, "sx": 1.0, "sy": 1.0}