{"w": -0.3215610576649741, "b": -0.05206259959467337}