{"w": -0.4678064940367225, "b": 0.01960663253055431}