{"w1": 2.6939641113727517, "w2": -2.8870076352580325, "b": -2.017823727027845}