{"w1": 0.7293907422429695, "w2": 0.16138740569458515, "b": -4.838704173912808e-17}