{"w1": 1.307522305187763, "w2": 0.26779649347160556, "b": -0.15055175994914155}