{"w": 0.5566255357042202, "b": -1.8201463004030664e-17}