{"w": 0.5581990210112117, "b": -0.0038394277731614206}