{"w": 1.0000000000000016, "b": 2.6492696925117793e-16}