{"w": -0.6398934373465441, "b": -0.010887716353805667}