{"w": 0.06402053553787419, "b": 0.02318843654894784}