{"w": -0.6959364647584806, "b": 1.4098950684139363e-17}