{"w": 0.9326086673029846, "b": -7.298823187239973e-16}