{"w": 0.8968077720658897, "b": -0.008245059903612387}