{"w": -0.049242180595480044, "b": 0.014863476687141252}