{"w": -0.18941181186009626, "b": -0.03979617361338228}