{"w": -0.11761306087612758, "b": 0.0016390300700793543}