{"w1": 1.3612481185747216, "w2": 0.2351510657802511, "b": -0.056739824082870635}