{"w1": -0.9790202469247697, "w2": -0.5468236929964337, "b": -0.09751058695162748}