{"w": -0.11400449165791163, "b": 2.5632789298609354e-17}