{"w1": 0.31177769111311343, "w2": 0.9401453241951166, "b": -1.800168588295859e-18}