{"w": 0.5462315283074997, "b": -0.009303503712134653}