{"w": 0.5924551893753275, "b": -0.03877007819492828}