{"w1": 0.32823062348970217, "w2": -0.958296695204614, "b": -0.03765496217528377}