{"cc": -0.8344842042891507, "alpha": 3.0224945007326115e-16, "beta": -0.8344842042891505, "mx": 5.551115123125783e-16, "my": -1.609823385706477e-16, "sx": 1.0000000000000002, "sy": 1.0}