{"w": -0.9777429251702413, "b": -0.0025909647989001364}