{"cc": 0.7109127350832093, "alpha": 9.818424895705432e-18, "beta": 0.7109127350832093, "mx": -4.440892098500626e-18, "my": 6.661338147750939e-18, "sx": 1.0, "sy": 1.0}