{"w": 0.6888913698318697, "b": 0.0341051220084085}