{"w": 0.6732379180589243, "b": -0.005467997427628796}