{"w": -0.12767784614241404, "b": 0.24784690260483697}