{"w": -0.034922465904466675, "b": -1.2991680914333766e-16}