{"w": -0.03297316281187864, "b": -0.054284683352591574}