{"w": 0.6012629194093425, "b": 0.0065975624167858675}