{"w1": 0.5017219456248211, "w2": 0.38440947672905107, "b": 3.3078386838955454e-17}