{"w1": -0.185264330931143, "w2": 2.250479784988288, "b": -0.2221626468713677}