{"w": 0.7086919773213458, "b": 0.04871399384085344}