{"w": 0.04057945653894815, "b": 0.005858255215380699}