{"w": 0.1992014877799473, "b": 0.018315744021269918}