{"w": 0.207143404974171, "b": 4.785855164902993e-18}