{"cc": 0.05086720848539204, "alpha": -1.4339207324561905e-17, "beta": 0.050867208485392036, "mx": 1.9984014443252817e-17, "my": -1.3322676295501878e-17, "sx": 1.0, "sy": 0.9999999999999999}