{"w": 0.043980545972027725, "b": 0.007647365030907995}