{"w": -0.9999999999999989, "b": -7.327471962526037e-17}