{"w": -0.010879847704968715, "b": 0.1488747058774776}