{"w1": -12.794976831810832, "w2": -111.23651745165675, "b": 45.045268773946596}