{"w1": 0.030048608482553692, "w2": -1.4929105767674167, "b": 0.12471549690912268}