{"w1": -0.09845400988083602, "w2": -3.3366557796968195, "b": 0.8431927837690188}