{"w": 4.7753968843020616e-05, "b": -2.2157805043463587e-18}