{"w": 0.008229624717412355, "b": -0.002859287759659419}