{"w": -0.16662831762422622, "b": 0.015376934844816939}