{"w": -0.16351887757238404, "b": 0.02241459210417518}