{"w1": 0.6296260982762759, "w2": -0.4809314423695643, "b": -1.826256892692803e-18}