{"w1": 1.293020574391718, "w2": -0.9142683248134434, "b": 0.08638517494019626}