{"w": 0.13420469589264242, "b": -0.0525521289888608}