{"w1": -0.659384842474779, "w2": -0.1578036716434316, "b": 0.008048751952613212}