{"w1": -0.7565738542749509, "w2": 1.267499567183167, "b": 0.17582889948712188}