{"w": -0.011730915562407152, "b": -0.16467852840254307}