{"w": 0.16035500405524936, "b": 0.015857413599421537}