{"w": 0.15961041167406764, "b": 0.015807340143431686}