{"w": -0.7222180683784546, "b": -1.3260946509955353e-17}