{"cc": 0.3690757918015355, "alpha": 1.3026967136317236e-16, "beta": 0.36907579180153555, "mx": -1.2434497875801754e-16, "my": 8.43769498715119e-17, "sx": 0.9999999999999998, "sy": 1.0}