{"w": 0.36907579180153544, "b": 1.3026967136317233e-16}