{"w": -0.5913778123895607, "b": -0.02127659052762096}