{"w": 0.027056042413275534, "b": 0.004150597272018935}