{"w": -0.049631934817089794, "b": 9.989900916728868e-18}