{"w": 0.4789391098602252, "b": 0.003699197283688953}