{"w": 0.7814861933364503, "b": -3.3623257585530525e-16}