{"w": 0.7526495187901572, "b": -0.0023570599639937094}