{"w1": -1.4622476433076366, "w2": 0.8347421683240538, "b": 0.6645920732659427}