{"w": 0.16665186636494217, "b": 0.05642023071932324}