{"w": 0.5610998264538414, "b": 0.06146562409687216}