{"w": 0.23689910462761135, "b": -0.027881049965475052}