{"w": -1.0000000000000013, "b": 2.0733414984874795e-16}