{"w": 0.09193750450868127, "b": -0.002425980514612024}