{"w": 0.3371432451080187, "b": 0.0099919948481365}