{"w1": -0.3353489930261408, "w2": -0.7957365314436544, "b": -4.189741362609258e-17}