{"w": 0.9840490424757792, "b": 3.838271978855516e-18}