{"cc": 0.28056578495235324, "alpha": 3.60001802789493e-17, "beta": 0.28056578495235335, "mx": 1.8429702208777598e-16, "my": 8.770761894538737e-17, "sx": 0.9999999999999998, "sy": 1.0000000000000002}