{"w": 1.0000000000000013, "b": -9.658940314238888e-17}