{"w1": -2.4868744845124255, "w2": 5.112701265205026, "b": -1.332083143764802}