{"w1": -5.058087189885996, "w2": -1.7523211652052608, "b": -2.26659185212124}