{"w": 0.6212879325602112, "b": -0.005968586295898363}