{"w": 0.8789019280109709, "b": -0.007883591115930615}