{"w1": 2.981218259883559, "w2": -4.537166441170061, "b": -1.186779954026175}