{"w": 0.46492787450891415, "b": -0.0006780438587912219}