{"w": 0.5754984914546232, "b": -0.0007531954563142142}