{"w1": -0.08167061127183156, "w2": -0.9225332667043461, "b": -0.02017977240950839}