{"w1": -1.147382287383315, "w2": -0.7727963202015157, "b": -0.04158741185007535}