{"w": 0.12356006218858073, "b": 0.07496382293412562}