{"w1": -3.1791608060587304, "w2": -1.1074928733213527, "b": 1.0632240198958074}