{"w1": 2.193019877547179, "w2": -1.88946100378556, "b": -0.011863058248825468}