{"w1": 0.09467722983038461, "w2": -0.8811215183697562, "b": 7.764510577273759e-19}