{"w": -0.21585907061163065, "b": -0.007904413076374912}