{"w": 0.6324211761995324, "b": -1.2563517546415344e-17}