{"w": 0.012475158214577214, "b": 3.539555981309119e-17}