{"w": 0.44529070563187023, "b": -0.14431506601264465}