{"w1": 2.0094780343640686, "w2": -1.1799820660279794, "b": -0.08155607011347696}