{"w": 0.4486293496100375, "b": 1.0303587703097902e-16}