{"w": 0.4715036623432449, "b": -0.000944695182112508}