{"w": -0.1310676087368893, "b": 0.08410002897073264}