{"w": -0.10071463568358438, "b": 0.03710270286871413}