{"w": 0.47644025465311785, "b": -0.009491395371548634}