{"w": 0.5542094674864771, "b": -0.08082031496896902}