{"w": 0.5466565243520408, "b": -1.4279352070212247e-18}