{"w": 0.9900990099009901, "b": 5.3268720567658505e-17}