{"w": 0.9594891301952164, "b": 0.017809525640289935}