{"w": 0.9431449817722823, "b": 0.012994316386005114}