{"w": -0.48435717018447216, "b": 0.1297194768435119}