{"w": 0.4273526955005604, "b": 2.5715381903869164e-17}