{"w1": -0.6206565601174088, "w2": -3.4537491048039985, "b": 0.013801753043132008}