{"w1": -0.34709307853711063, "w2": -1.2573992799841591, "b": -0.0010096663509038322}