{"w": 0.3290718239958536, "b": -1.8486361657233044e-16}