{"w": -0.9579536691524866, "b": -3.24664362558122e-17}