{"w": 0.10739542969886706, "b": -0.23728520365145345}