{"w": -0.05011474779134775, "b": 2.6645352591003756e-17}