{"w": -0.05110550261741249, "b": -0.002331258809812301}