{"w": -0.05375524935828611, "b": -0.0023792717329366997}