{"w": 0.504414150918484, "b": 1.257243784141291e-18}