{"w1": -1.397247812179753, "w2": -2.0786238310516167, "b": -0.04975259760662626}