{"w1": 1.097792601525125, "w2": -1.7882049180515487, "b": -0.016873647460346163}