{"w": -0.7890031785822496, "b": -0.0007295284976547595}