{"cc": 0.4121018418980952, "alpha": 2.5010425895434706e-17, "beta": 0.4121018418980952, "mx": 6.661338147750939e-18, "my": 2.7755575615628914e-17, "sx": 1.0, "sy": 1.0}