{"w": 0.5870399752500629, "b": -6.661338147750939e-18}