{"w": 0.5016037754068314, "b": 0.008186040201480031}