{"w": 0.9213639891148903, "b": 0.03273623574214968}