{"w1": -1.1366673024691678, "w2": 0.39048390818986617, "b": -0.09518015712943186}