{"w1": -0.9923530870729899, "w2": 0.4570608455844644, "b": -0.008460074024070754}