{"w": 0.7616264155422852, "b": -0.07650745385802783}