{"w": 0.8304873241782686, "b": 0.03258311777276403}