{"w": 0.4519046919866411, "b": 0.06983245650848244}