{"w": 0.5041696614630748, "b": 0.11211607858135018}