{"w": 0.6297119173157024, "b": -1.2662939201308843e-17}