{"w": -0.018539352842548814, "b": 8.469738204872317e-17}