{"w": 0.4939852950030239, "b": 0.004794136594718903}