{"w": 0.6292348613328491, "b": -0.035233589399793375}