{"w": -0.13890825928295375, "b": 0.16115532931989054}