{"w": -0.15849501489786075, "b": 0.15567827881582028}