{"w1": 0.17048824768517104, "w2": -0.3980867186255707, "b": -2.1990050544116718e-17}