{"w1": 0.9214600535224996, "w2": 0.6814134535396131, "b": 0.16171133473732008}