{"w": -0.999999999999997, "b": 1.765254609153996e-16}