{"w": -0.040363052349368926, "b": 0.006487046150652126}