{"w": -0.36883273984956155, "b": 0.03226064877522402}