{"w": -0.26925376207457874, "b": -0.0016230826231449808}