{"w": 0.2930689317229996, "b": -0.06711062014265239}