{"w": 0.4808160142930238, "b": 0.019666266280376602}