{"w": -0.5339543573995886, "b": 0.005078492566396991}