{"w": 0.0525445219001091, "b": 0.16152591103450964}