{"w": 0.08571902351941998, "b": -0.012428202701135753}