{"w1": 0.47445621429743545, "w2": 0.29090762717206514, "b": 0.0065936514779029055}