{"w": -0.3949380244070477, "b": -0.02370990780095089}