{"w": -0.3926833168669293, "b": -0.030535618626196213}