{"w": 0.3051510229811082, "b": -0.06020561564730935}