{"w": 1.0000000000000027, "b": 8.382183835919987e-17}