{"w": -0.21980213212216562, "b": 0.18369338774002278}