{"w": -0.9999999999999865, "b": 4.621303340002229e-17}