{"w": 0.12426877523131966, "b": 1.867904156505661e-17}