{"w": -0.7371296681134695, "b": -0.01235988827180412}