{"w": 0.3515937764331192, "b": 2.2630196944257167e-17}