{"w": 0.2688481649008873, "b": -0.001171938366575219}