{"w": -0.42229516157069275, "b": -0.004185265576647039}