{"w": -0.24605063735929852, "b": 0.0639766420339002}