{"w1": -0.5340649061113238, "w2": -0.9660658439073992, "b": -0.010550797206759973}