{"w": 0.9999999999999913, "b": -9.658940314238834e-17}