{"w": 0.002300621473526839, "b": 0.03604306142761536}