{"w": -0.5729407431471646, "b": 0.0006041450501637533}