{"w": -0.15352744053249973, "b": -0.19636865339276616}