{"w": 0.9404712066788596, "b": 7.439778887117621e-17}