{"w": -0.16455063908794765, "b": -0.03972338665370138}