{"w": -0.41037493319669144, "b": 0.004095847162215979}