{"w": 0.567237612765784, "b": 0.0012189786661734787}