{"w1": -0.726850667529789, "w2": 3.019410626701726, "b": -0.08770301651174088}