{"w": 0.2525673980116869, "b": 8.030054855923606e-17}