{"w": 0.25751618390380765, "b": -0.050359984503274294}