{"w": 0.3704103384832878, "b": 0.06448459136509083}