{"w": 0.39815274483088486, "b": -0.013327644536488159}