{"w": 0.5206391460038216, "b": -0.04533273853613162}