{"w1": 0.6189594470890004, "w2": 1.0368471501229137, "b": 0.15683643180106066}