{"w1": 1.2365746671942097, "w2": 1.6686635394534381, "b": 0.40839840648533243}