{"w": 0.5902304527841433, "b": -3.2491048892156374e-16}