{"w": 0.617724662227498, "b": 0.004440986511485332}