{"w": 0.7283515135538664, "b": 0.06119539594856064}