{"w": 0.46409683029019516, "b": 0.04865191069291779}