{"w1": 0.6083697453929778, "w2": 0.9155215875533008, "b": -0.04020150894088837}