{"w": 0.522968996055225, "b": 0.021820502448571366}