{"w": 0.671976295722187, "b": -0.04070885198608304}