{"w1": 1.769358946867958, "w2": 1.1602738031460686, "b": 0.3112126321860735}