{"w": 0.23417176668691167, "b": -0.12434855097355663}