{"w": -0.6777030706162304, "b": -0.038884111977025154}