{"w1": 0.3313311449942991, "w2": 0.7251365060057432, "b": 4.462874169469379e-17}