{"w": 0.788688094059444, "b": -1.9858427058976825e-17}