{"cc": 0.07505727821603983, "alpha": 2.6001779349649e-16, "beta": 0.07505727821603984, "mx": -6.217248937900877e-17, "my": 2.55351295663786e-16, "sx": 0.9999999999999999, "sy": 1.0}