{"w": -0.31659590128636256, "b": -3.5261437489498745e-16}