{"w": -0.36168633712579346, "b": 0.12626531124790405}