{"w": -0.9999999999999977, "b": 1.4543921622589527e-16}