{"w": -0.09623378872824236, "b": 0.002800421257600827}