{"w": -0.7089580300790145, "b": 2.181505017063177e-16}