{"w": -0.66655836492571, "b": 0.002095148279262728}