{"w": -0.782369337718815, "b": -7.437271857820337e-17}