{"w": -0.8497749858827545, "b": -0.02694267357812495}