{"w": -0.0031849943862558286, "b": -5.556949612392306e-17}