{"w": 0.04149051292821244, "b": 0.02868084178224403}