{"w": -0.06533596757615315, "b": -0.0014970302218462275}