{"w": -0.2346937399799784, "b": 0.041500079424967695}