{"w": -0.23909528369996155, "b": 0.03624502946297199}