{"w": 0.6307499025282644, "b": 0.01054372456373776}