{"w1": 12.703149302493456, "w2": -19.620803785191693, "b": -10.204300054816256}