{"w": 0.6536301777670886, "b": -1.741620655072454e-17}