{"w": 0.5854462861169726, "b": 0.05012435348743137}