{"w": 0.16093287036448198, "b": 0.002694172360350299}