{"w": -0.4423723563914652, "b": 0.013009244626191083}