{"w": 0.9999999999999887, "b": -5.4956039718944755e-17}