{"w1": -0.4612777343535519, "w2": 0.5594762282916536, "b": 9.962109147653746e-17}