{"w": 0.9405074006884755, "b": -0.0012473689513964495}