{"w": 0.5693271132223467, "b": 0.11612933797120259}