{"w": 0.5762833100266599, "b": 4.875171491983242e-18}