{"w": 0.5823122179814804, "b": -0.045379839737488575}