{"w": 0.09774417168602957, "b": -0.08687135724975459}