{"w": 0.07574980348239169, "b": 0.24558285872711377}