{"w": 0.14793555475011808, "b": 0.10234054892857877}