{"w": 0.7903084150838917, "b": -0.03036475730428767}