{"w1": -0.9047634005268534, "w2": -1.1792772903444506, "b": -0.03050670588603068}