{"w": 0.3441499405722688, "b": -0.14066679044648045}