{"w": -0.36071742531830336, "b": 0.11796309881494789}