{"w1": -0.15887475216546357, "w2": 0.8974379500160072, "b": -5.593660668344996e-17}