{"w": 0.19105831824608174, "b": 0.022264999927335865}