{"w": 0.17993931967463583, "b": -6.95202753469645e-20}