{"w1": 0.3712574006427069, "w2": 2.125049180962869, "b": -0.6789062458443054}