{"cc": 0.0704704820649883, "alpha": 5.28920695731849e-17, "beta": 0.0704704820649883, "mx": -2.220446049250313e-18, "my": 5.2735593669694933e-17, "sx": 1.0, "sy": 1.0}