{"w": 0.07461599466855712, "b": 0.05859553600507068}