{"w": 0.07461124010740632, "b": 0.05860149226396931}