{"w": 0.97787908475043, "b": -0.008543410442363944}