{"w": 0.9469788723868695, "b": -0.009642141410148962}