{"w": 0.9783569817883478, "b": -0.023061280375034368}