{"w": 0.8935990288191354, "b": 0.011107951735421999}