{"w": 0.1462606194227923, "b": 4.8528822805555805e-17}