{"w": 0.15387147437757318, "b": -0.001964635699548932}