{"w": 1.0000000000000002, "b": 7.660538869913582e-17}