{"w1": -0.5044246059402364, "w2": 2.8363222826507832, "b": 0.5981830665874612}