{"w": -0.16813552102637846, "b": -4.1857104233910546e-17}