{"w": -0.411340934668249, "b": -0.09487351828117682}