{"w": -0.518738283701883, "b": 0.03878965971219572}