{"w": -0.35734110678437314, "b": -0.03709565388776428}