{"w1": -0.12339460344875147, "w2": -2.3170132889417516, "b": -0.06886738890125327}