{"w1": -1.352529498142681, "w2": 0.266597263680331, "b": 0.031029635825479622}