{"w1": 2.091842259179616, "w2": 3.433775988498273, "b": 0.2701206504076289}