{"w1": 0.6459264756846326, "w2": 1.3075310251736976, "b": -0.02647806986679399}