{"w": -0.7485391383877075, "b": -0.04080388145693455}