{"w": -0.7836999116035356, "b": 8.59999722773783e-18}