{"w": -0.7459401822695928, "b": -0.04547236255631812}