{"w": -0.39437564806888137, "b": 0.019972304370414314}