{"w1": -0.263454619087483, "w2": -2.377423816108022, "b": -0.02970352978664552}