{"w": 0.8178930538502803, "b": -0.012170093213489993}