{"w": 0.46588327992505285, "b": 1.3880418879433048e-17}