{"w": 0.44873248528079296, "b": -0.018299894561765128}