{"w1": 0.9056105655661426, "w2": -0.3114270886823428, "b": -8.379090424818846e-17}