{"w": -0.9999999999999997, "b": 1.998401444325281e-17}