{"w1": 0.4835066509693306, "w2": -0.4853442217066194, "b": 2.6850148788101636e-17}