{"w": -0.3683576356708523, "b": 0.004970059690235165}