{"w": -0.3693453547873498, "b": 0.023626727986821906}