{"w": 0.0010004564852238548, "b": -0.09648489764333108}