{"w1": 0.6046915277894515, "w2": 0.1772551478554911, "b": -0.0018092757943188658}