{"w": -0.3232693003582752, "b": -0.00024203629002588734}