{"w": -0.37155044916568486, "b": 0.00014810936575818156}