{"w": -0.3652137552069274, "b": -3.340533104845028e-18}