{"w": -0.3409758956191921, "b": 0.1107356046416385}