{"w1": -1.6584275973528337, "w2": 0.17231007546083918, "b": 0.1931146526665334}