{"w1": -1.1656505151903023, "w2": -3.3814961172571563, "b": -0.22527160920142825}