{"w1": -0.42793612829438293, "w2": -0.7968465472713484, "b": -0.05342766387248097}