{"w": 0.48504639035961283, "b": -0.11537266013687941}