{"w": 0.05434251217105082, "b": 0.07683791733101802}