{"cc": 0.4306651867440652, "alpha": 8.195561710141258e-17, "beta": 0.43066518674406506, "mx": -2.070565940925917e-16, "my": -7.216449660063518e-18, "sx": 1.0, "sy": 0.9999999999999998}