{"w": -0.889658885562017, "b": -0.010460869998158043}