{"w": -0.05633103628545229, "b": -0.005645479927135592}