{"w": 0.13453707558487277, "b": -0.01603108793553539}