{"w": 0.18820888534762256, "b": 0.005176619415046657}