{"w": -0.2813703342543651, "b": -0.0063840666651925485}