{"w": 0.5948373285411842, "b": -0.005251957393678678}