{"w1": 0.745612361385999, "w2": -0.26070796238190674, "b": 0.03984893884748348}