{"w": -0.33630014437056693, "b": -3.450371941952217e-17}