{"w": 0.3789518113211443, "b": 0.011855434871600554}