{"w": -0.3250865102703844, "b": -5.608742539554138e-19}