{"w": -0.05563381187912288, "b": 0.20048953186373927}