{"w1": -0.07612250619783814, "w2": 0.5287734218016101, "b": -0.00320136730844664}