{"w": -0.3312370022173031, "b": 3.745663992817027e-17}