{"w": -0.3139308612630896, "b": -0.010705387983390179}