{"w": 0.13224675110925677, "b": 0.20138743209295903}