{"cc": -0.6100994761569296, "alpha": -3.0243061965565586e-16, "beta": -0.6100994761569297, "mx": -5.612177389480166e-16, "my": 3.9968028886505634e-17, "sx": 0.9999999999999998, "sy": 1.0}