{"w": -0.557946450752184, "b": -0.06582968106989831}