{"w": -0.5603533528826091, "b": -0.0659881659948761}