{"w": -0.49583284661410076, "b": -0.07658608288796576}