{"w": -0.33074778260607257, "b": 1.8723499009728864e-16}