{"cc": 0.2554249701233562, "alpha": 1.7183060364152937e-16, "beta": 0.2554249701233562, "mx": -5.551115123125783e-17, "my": 1.5765166949677222e-16, "sx": 0.9999999999999998, "sy": 0.9999999999999998}