{"w1": 4.581207726185132, "w2": 1.8962387347827232, "b": 0.8978672656406051}