{"w": -0.22312841625533442, "b": -0.054787911680516777}