{"w": 0.10540842920140117, "b": -0.30431926803009024}