{"w": 0.7319387645766167, "b": 0.014093660793108647}