{"w": 0.7636995934831109, "b": -0.005824595353592976}