{"w": 0.1919889450372743, "b": 0.04518629867186499}