{"w": 0.18539156032260512, "b": 0.03872990687749367}