{"w": -0.9999999999999999, "b": 1.5210055437364646e-16}