{"w": 0.7191938829239856, "b": 1.6375055078221862e-16}