{"w": 0.0378304270274695, "b": -0.04573622175460053}