{"w": -0.6930921144076398, "b": -1.2663846863840608e-17}