{"w1": 0.7853133902716396, "w2": -0.054899146718158987, "b": 4.129302348802109e-17}