{"cc": 0.07604069528383782, "alpha": -1.139435962081891e-16, "beta": 0.0760406952838378, "mx": -1.9984014443252817e-17, "my": -1.1546319456101628e-16, "sx": 1.0, "sy": 0.9999999999999999}