{"w": 0.048973918805343485, "b": 0.15029179492000547}