{"w": -0.8101847397015016, "b": -4.7040533050251126e-17}