{"w": -0.40745877318269313, "b": 0.04043900552160261}