{"w": 0.5206507690756257, "b": 0.08435545935216085}