{"w": 0.0236488129946113, "b": 0.059795594657839776}