{"w1": 1.9515350511833573, "w2": -0.9745903789272815, "b": -0.024806275907701486}