{"w": 0.4360841005828845, "b": -0.02958794157089286}