{"w1": 0.3200479288058031, "w2": 1.4853364427190556, "b": 0.067926453497253}