{"w1": -1.2270156478291618, "w2": -2.0425154907883014, "b": 0.1915320650725408}