{"w1": 1.005196460482621, "w2": 0.2482938572288281, "b": 0.09772316203111685}