{"cc": -0.08997424272401558, "alpha": -5.992920975020726e-17, "beta": -0.08997424272401557, "mx": -2.4424906541753444e-17, "my": -5.773159728050814e-17, "sx": 1.0, "sy": 0.9999999999999998}