{"w": -0.07603766421645568, "b": -0.17504390990994884}