{"w": -0.08179476611274142, "b": -5.972942679841644e-17}