{"w": -0.019277327212753242, "b": -0.20002747240769528}