{"w": -0.023969003623549326, "b": -2.013984518207046e-16}