{"w": 0.34387636110959424, "b": -0.05385330258716611}