{"w1": 1.635183772446614, "w2": 0.5311773033343403, "b": -0.038524910467385515}