{"w1": -0.5327922248968392, "w2": -0.457386975416749, "b": 8.514799271974909e-17}