{"w1": -1.200365657016746, "w2": -1.3905867656451543, "b": 0.1247134677410493}