{"w": -0.7489229863947223, "b": -0.03421678406209416}