{"w": -0.9999999999999993, "b": 3.6970426720017714e-16}