{"w": 0.40291081841129406, "b": -0.16841323759973395}