{"w": 0.36825170610697333, "b": -2.22864126584307e-16}