{"w": 0.32695076407868784, "b": 0.026073284296181297}