{"w1": 3.5800843909093127, "w2": -2.4562436050295524, "b": 0.2714790136028923}