{"w": -1.0000000000000009, "b": -1.1768364061026648e-16}