{"w": -0.7270222120940594, "b": 0.02330708430774911}