{"w": -0.050074866538746404, "b": -0.019969035319963926}