{"cc": -0.6084398668336062, "alpha": 2.232757854314903e-16, "beta": -0.6084398668336062, "mx": 9.325873406851315e-17, "my": 1.6653345369377348e-16, "sx": 0.9999999999999998, "sy": 0.9999999999999999}