{"w": 0.046064418371293506, "b": 0.010197948764814255}