{"w1": -1.250984269020707, "w2": 0.3110215486941541, "b": -0.02684398085418939}