{"w": 0.666105060046921, "b": -0.026090553101495467}