{"w": 0.9733818890296793, "b": -0.009003362885094112}