{"w": 0.012307279892670933, "b": -8.71451394099525e-18}