{"w1": -2.2656597420521, "w2": -1.566148562383341, "b": 0.11902310037795916}