{"w1": -1.4877708126067857, "w2": -1.030788994960181, "b": 0.01068917539974068}