{"cc": -0.4157301923958722, "alpha": 7.207090972778513e-17, "beta": -0.41573019239587233, "mx": 1.9872992140790302e-16, "my": -1.0547118733938987e-17, "sx": 1.0, "sy": 1.0000000000000002}