{"cc": 0.9631333717027885, "alpha": -6.950405112094435e-17, "beta": 0.9631333717027885, "mx": 1.1934897514720433e-17, "my": -5.800915303666443e-17, "sx": 1.0, "sy": 1.0}