{"w1": -0.8942149476725378, "w2": -0.9194994333449469, "b": 0.033198919088000024}