{"w": 0.8846774128805037, "b": -0.03423795284781812}