{"w": 0.2410336966728203, "b": -1.9531170590704906e-16}