{"w": 0.6668687775226946, "b": -0.0068485318555989525}