{"w": 0.7217810890718511, "b": 2.0234648720391036e-17}