{"w": -0.07144269345116723, "b": 0.07057132013899453}