{"w": -0.08545672894683765, "b": -0.008071147613730779}