{"w": -0.14401061810346572, "b": -0.11830001176322555}