{"w": -0.14945662802419346, "b": 0.019034668258005837}