{"w": 0.10584631190265507, "b": 0.03339042546845969}