{"cc": 0.6941617339795668, "alpha": -1.179245655782696e-15, "beta": 0.6941617339795668, "mx": -1.3322676295501878e-17, "my": -1.18849374786123e-15, "sx": 1.0, "sy": 1.0}