{"w": 0.6310561217996061, "b": -1.180086391426199e-15}