{"w": 0.28547843063310846, "b": -2.1139783365935467e-16}