{"w": -0.9120309731378138, "b": -6.991029434977026e-17}