{"w": -0.8889860925096625, "b": -0.02102009660462491}