{"w": -0.004726234082903278, "b": 0.18588381390765363}