{"w": 0.887991827047136, "b": -0.08159411640618892}