{"w1": 1.204062464479702, "w2": -0.5823359335741464, "b": -0.10084857347468568}