{"w": -0.19181364524348446, "b": -0.04783714726444828}