{"w": 0.20952574875126143, "b": -0.15146884572804678}