{"w1": 2.1952339848005664, "w2": 0.03728559269776027, "b": 0.2692793956648441}