{"w": -0.007361931381319797, "b": 0.028933296024973187}