{"w1": -0.5848671705704732, "w2": -3.9285808547428376, "b": 1.4916290109551162}