{"w1": 0.05871335377158693, "w2": 0.9060927219643433, "b": -8.692170456463984e-17}