{"w1": 0.2513646257241862, "w2": 2.1335911815346247, "b": -0.30307277999107884}