{"w": 0.1434573425536491, "b": -0.07999433337723605}