{"w": -0.4603683000988297, "b": 0.0006237410237748264}