{"w1": -0.17242189473211877, "w2": -0.8025369134156413, "b": 0.03337943327085679}