{"w1": -0.5487455118582116, "w2": -0.47263919664082504, "b": -0.0008715553397944855}