{"w": -0.15944705330287218, "b": 7.013132346277847e-17}