{"w": -0.43550701698476046, "b": 1.597273191277386e-17}