{"w1": 0.46604039283842486, "w2": -0.23244043750809887, "b": -0.020696597226788363}