{"w": -0.24744216969703287, "b": 0.006900658639500184}