{"w": -0.4460838588733872, "b": -0.009915533493488449}