{"w": 0.5255159365455959, "b": -0.13688072411449873}