{"cc": 0.2540932557464515, "alpha": -1.8614863636221675e-19, "beta": 0.2540932557464515, "mx": 7.938094626069869e-17, "my": 1.9984014443252817e-17, "sx": 1.0, "sy": 1.0}