{"w": -0.5018073308103557, "b": -0.017788469489703636}