{"w1": -0.3345401857206759, "w2": -0.27929663633798313, "b": 0.002157979356616102}