{"w": 0.2852861844897711, "b": -0.033444652712303624}