{"w": 0.2599229837327405, "b": -1.660885094315916e-16}