{"w": 0.2831965679951849, "b": -0.0986180830026411}