{"cc": -0.8341122308314171, "alpha": -1.2293386138674633e-16, "beta": -0.8341122308314173, "mx": -8.881784197001253e-17, "my": -4.884981308350689e-17, "sx": 0.9999999999999998, "sy": 1.0}