{"w": 0.9999999999979363, "b": 1.691966838909821e-12}