{"w": 0.6149969552926294, "b": -7.650535369657586e-17}