{"w1": -0.2521586745345098, "w2": 0.5887877311017823, "b": -3.0381476391542648e-18}