{"w1": -0.8400831157136557, "w2": 0.7210779360784294, "b": 0.19059731228211174}