{"w1": 0.0033785529896902915, "w2": 1.5453292050636924, "b": 0.04180472120078415}