{"cc": 0.38322726762985265, "alpha": 4.5931642588289154e-17, "beta": 0.3832272676298527, "mx": 5.10702591327572e-17, "my": 6.550315845288423e-17, "sx": 0.9999999999999998, "sy": 0.9999999999999999}