{"w1": 0.10906539935048191, "w2": 0.6480237690803081, "b": -1.0599083973452374e-17}