{"w1": 0.8473620900819371, "w2": -0.06368120640099519, "b": 6.516218527297185e-17}