{"w": 0.875119063149533, "b": -0.1325695885560407}