{"w": -0.6879140706453215, "b": -5.717280808208149e-17}