{"w": 0.5398089911887747, "b": -0.0420273440961898}