{"w": 0.6118198869222837, "b": 0.030475766816023233}