{"w1": -0.6012565363142592, "w2": -0.47411850182110366, "b": -8.755507304407121e-17}