{"w1": 0.40666681523660325, "w2": 0.9582806987703995, "b": -1.1263909195701366e-17}