{"w1": -0.35266815824721537, "w2": -0.8405700402216969, "b": -0.03874015538704774}