{"w": 0.97874310053128, "b": 0.0017328891750123655}