{"w1": 1.8683340499270535, "w2": 0.1643559458744839, "b": 0.19631980999579435}