{"w1": 0.8326692633743612, "w2": 0.05207213739690502, "b": 0.03978108271121543}