{"w": -0.01431969170224794, "b": -0.0220648254603979}