{"w": -0.0489613364580868, "b": 0.00028705899940551644}