{"w": -0.053271235250285105, "b": -2.6290494879453217e-17}