{"w": -0.05321801723305203, "b": -2.629084938266156e-17}