{"w1": -0.7174293416660924, "w2": 0.9137561989180998, "b": 0.0754067930250988}