{"w": 0.4434910945059423, "b": -0.0012744387005683457}