{"w": 0.689986872773033, "b": 0.0004953625858320002}