{"w": -0.12252958572937558, "b": -0.08983909575281303}