{"w": -0.16038348865129015, "b": -0.09516035041991444}