{"w": -0.6043581076878953, "b": -0.0021766558507233524}