{"cc": 0.21708113924058217, "alpha": 4.6281769977623885e-17, "beta": 0.21708113924058223, "mx": 1.2434497875801754e-16, "my": 7.327471962526034e-17, "sx": 1.0, "sy": 1.0000000000000002}