{"w": -0.06169177439891492, "b": 0.016908884339793546}