{"w1": 1.273199913989393, "w2": 0.3943779628555433, "b": -0.0454436550136593}