{"w1": 1.0572448033885298, "w2": 0.3864329642069667, "b": -0.09492851555416303}