{"cc": 0.6293854884026037, "alpha": 6.12570211623355e-17, "beta": 0.6293854884026038, "mx": -4.4408920985006264e-17, "my": 3.3306690738754695e-17, "sx": 0.9999999999999999, "sy": 1.0}