{"w": 0.6377828974962002, "b": 0.027721543336951794}