{"w": -0.5373819340639922, "b": 3.414197959763516e-17}