{"w1": -1123.2455073610004, "w2": -160.06894080827806, "b": -87.04387904948868}