{"w": -0.1706649774601837, "b": 0.0030318936506375065}