{"w": -0.17149833416361016, "b": 0.003040802845518234}