{"w": 0.4331862594723253, "b": -0.014018894380708014}