{"cc": 0.02300787146108159, "alpha": 1.652578165377602e-16, "beta": 0.02300787146108159, "mx": 1.3988810110276973e-16, "my": 1.6847634398686751e-16, "sx": 1.0, "sy": 1.0}