{"w": 0.18938832914202733, "b": 0.18217168878023607}