{"w": 0.020916246782801445, "b": 1.655504099422245e-16}