{"w": 0.19384615272345793, "b": -0.02316437759042799}