{"w": 0.9999999999999996, "b": 4.288236432614666e-16}