{"w": -0.13094613632769286, "b": -6.660032399404055e-17}