{"w": -0.11014712197345837, "b": -0.03783805390276524}