{"w": 0.44897497678543785, "b": 0.0772883634171413}