{"w": -0.23053218316465418, "b": -0.007996413169791383}