{"w": -0.9999999999999826, "b": -1.3336554083309751e-16}