{"w": -1.0000000000000002, "b": -5.3429483060085666e-17}