{"w": -0.5248522201579021, "b": -4.7099242996723e-17}