{"w": 0.7860979699757508, "b": 3.362730511802914e-17}