{"w1": -1.4384172294635356, "w2": -2.1421359716679715, "b": 0.03214851836818697}