{"w1": -1.2825160978583725, "w2": -0.8804906606842665, "b": -0.009370512879068236}