{"w1": -1.158904703742306, "w2": 0.5157709763073334, "b": 0.006166096606573092}