{"w": 0.3844562582143871, "b": -0.15417062698147113}