{"w": 1.0000000000000007, "b": 4.121702978920896e-17}