{"w1": -0.43912426534998683, "w2": 0.4805964889035831, "b": 1.313610679635826e-17}