{"w1": 0.1367105873377368, "w2": -1.0557315846813742, "b": -0.06076760463730733}