{"w1": -1.279627651897941, "w2": 0.09811712379739151, "b": 0.034779869658999076}