{"w": 0.944302871745773, "b": 1.8603654284083455e-16}