{"w": 0.2721455821775967, "b": -0.01371576543837387}