{"w": 0.5746626311936786, "b": -6.22416070355828e-17}