{"w": 0.4473883726870694, "b": 0.016537280622352952}