{"w": -0.06412628886786569, "b": -3.742877995694824e-18}