{"w": 0.24194526575565142, "b": 0.0012705029879885657}