{"w1": 0.9005830378020309, "w2": 0.5258274740564929, "b": 0.023178781098465585}