{"w1": 1.182384526064386, "w2": 0.6089486766058486, "b": -0.030028834442569874}