{"w1": 0.5706473591384349, "w2": 0.322384099531677, "b": -0.013644005301867695}