{"w1": 1.023099417147557, "w2": 0.4376683723046872, "b": -0.10242042518787707}