{"w": 0.44056413701662683, "b": 2.237725712524593e-17}