{"w": 0.49259742672979917, "b": 4.582426799224639e-16}