{"w1": 0.18836015556097316, "w2": -1.1921848087584699, "b": -0.03487781664798038}