{"w1": 0.2586216823406521, "w2": -1.6229459033856468, "b": 0.006263921477450269}