{"w": -0.2044694542136927, "b": -0.02634635650333733}