{"w1": -0.8153912702851507, "w2": 0.16418861918249153, "b": -0.019220797769322853}