{"w": 0.9815482594105374, "b": -6.700661034849542e-17}