{"w": 0.5635726787264461, "b": -2.4417129051889168e-18}