{"w": 0.468419653751199, "b": -0.10644438779543726}