{"w": -0.6342173597473779, "b": -0.03692847362073341}