{"w": 0.891349486703772, "b": 8.325520057598507e-18}