{"w": 0.8647803734270592, "b": -0.010321350477764207}