{"w": 0.8770229570887347, "b": -0.015672626601018588}