{"w": 0.2397751379440773, "b": -0.1272532966153459}