{"w": 0.637588073795856, "b": 0.013437150914943241}