{"w": 0.7075677298589103, "b": -2.0369411556630915e-16}