{"w": 0.26515713807309016, "b": 0.003097554526274443}