{"cc": 0.5371261166794988, "alpha": 4.098443668026757e-17, "beta": 0.5371261166794987, "mx": -1.429412144204889e-17, "my": 3.3306690738754695e-17, "sx": 1.0, "sy": 0.9999999999999999}