{"w": 0.5108340437410389, "b": 0.0013161680592237482}