{"w1": -0.32233885032087534, "w2": -1.3399299324638043, "b": -0.24512456951987688}