{"cc": 0.4173099920486597, "alpha": 1.1048994566693929e-17, "beta": 0.41730999204865965, "mx": -6.106226635438361e-17, "my": -1.4432899320127036e-17, "sx": 1.0, "sy": 0.9999999999999999}