{"w1": 1.7899128504292108, "w2": 1.433351478040098, "b": -0.29850958145927364}