{"w": 0.10597031925126814, "b": -1.8824110137541817e-18}