{"w": -0.4553528064855443, "b": -1.1429793411421144e-16}