{"w1": 0.09273780639325746, "w2": -0.4821512590585824, "b": 0.0019959964524575574}