{"w": 0.7986923481027645, "b": 0.0325394324817333}