{"w": -0.14849291766077918, "b": -0.17462831501994572}