{"w": -0.2955727642884578, "b": 0.001285525640254428}