{"w": 0.5800530708196138, "b": -0.07164671132355596}