{"w": -0.7156894603742634, "b": 4.2809042239654386e-17}