{"w": -0.18603493682561456, "b": -0.01718603999914292}