{"w": 0.17367075841728766, "b": 2.4424906541753444e-17}