{"w": -0.061560421611173435, "b": -4.867657148342215e-18}