{"w": 0.02504291445794597, "b": 0.03521534083721733}