{"w": 0.4630005989697752, "b": -0.001240359299334753}