{"w": 0.7227525065486652, "b": 0.09970738680596158}