{"w1": -0.5217837589030576, "w2": -0.4833853886601605, "b": -7.649221380850891e-17}