{"w1": -3.190134240848391, "w2": -1.896177298622595, "b": 0.46899882771510193}