{"w": -0.24291958561257554, "b": -4.055129310064582e-18}