{"w": -0.58054815152445, "b": -0.00228207474500626}