{"w": -0.19893342105369832, "b": -0.004243343558164039}