{"w": 0.06934372227841289, "b": -0.022858852073834573}