{"w": -0.1243673796213182, "b": 0.062090858120521085}