{"w": -0.08120819538375529, "b": 0.2020018722801376}