{"w": 0.4636309776173787, "b": -4.065412134652878e-17}