{"w": 0.44868042955921406, "b": 0.015393313962236713}