{"w": 0.4491774739396218, "b": -0.011974833800157781}