{"cc": -0.5709350478710661, "alpha": -5.979453588295976e-17, "beta": -0.570935047871066, "mx": 2.220446049250313e-18, "my": -6.106226635438361e-17, "sx": 1.0, "sy": 0.9999999999999999}