{"w1": 21.467991779406145, "w2": 8.584940218097362, "b": 4.317150111234506}