{"w": 0.5017434326501522, "b": 0.021492628521896942}