{"w1": 0.9056667387354397, "w2": -0.3500628026522523, "b": 0.0022422523202754313}