{"cc": -0.33265793362244533, "alpha": -2.220895955836225e-17, "beta": -0.3326579336224453, "mx": 6.661338147750939e-18, "my": -2.4424906541753444e-17, "sx": 1.0, "sy": 0.9999999999999999}