{"w": -0.33265793362244517, "b": -2.220895955836225e-17}