{"w1": 0.49846968635295485, "w2": 1.0486861732286836, "b": -0.027069597260696774}