{"w1": 0.36807043966702624, "w2": 0.6694479814916422, "b": 6.5088758536693345e-18}