{"w": -0.23505317331521725, "b": 0.12308350697735315}