{"w1": 0.5351604666699407, "w2": -0.209971480860985, "b": 5.397999498789147e-17}