{"w1": 1.1423290319178263, "w2": -0.3839943327788475, "b": 0.141908273627122}