{"w": 0.35041629838364513, "b": 1.9202905229007387e-17}