{"w": -0.3309908297043189, "b": -2.3097497228311475e-17}