{"w": 0.5762806832434875, "b": -0.061085335200496}