{"w1": -1.2658522983986942, "w2": -0.8578346238869554, "b": 0.06554922707147784}