{"w": -0.7741751001027489, "b": -0.021052070121441342}