{"w1": -23.097736669115246, "w2": 7.009172970194371, "b": -0.13640172105536424}