{"w": -0.43013277334496713, "b": -0.03546942530711996}