{"w": -0.37891151137608453, "b": 0.004479166676332447}