{"w": -0.16716306194795666, "b": 0.10969739965282149}