{"w": 0.928571225483892, "b": 2.6962560071357926e-17}