{"w": -0.6640929924600103, "b": 0.06765708344187893}