{"w": -0.1802885744490106, "b": 0.0747335179052697}