{"w": -0.6309060969729074, "b": 0.0007523590646840881}