{"w": -0.11838746361502048, "b": -4.3872596124960825e-17}