{"w": -0.4235896602056947, "b": -6.53574089666525e-17}