{"w": -0.7081517881783823, "b": 0.011682503958777625}