{"w": 0.379845063087671, "b": -7.100266921778042e-18}