{"w": 0.15104709796931934, "b": -3.091549772387538e-17}