{"w": 0.18193682376823314, "b": 0.15326225873011753}