{"w": 0.7223732983562036, "b": -0.0648900026953469}