{"w1": -1.060833192649382, "w2": -1.85492395567833, "b": -0.07399361825497199}