{"w": 0.42789109964920846, "b": 6.750154135300699e-17}