{"w1": 2.376697073754817, "w2": -1.3975268031589574, "b": 0.032073796380226234}