{"w1": 1.9950181151841633, "w2": -1.1269556778799734, "b": 0.08605326726976843}