{"w1": 1.2054070850188474, "w2": -0.6811724056857886, "b": 0.01418057653895036}