{"w1": -1.0578909716202916, "w2": -0.5751033604620576, "b": 0.043987662997074226}