{"w": 0.005802870524178363, "b": -2.0011900749781248e-17}