{"w1": 1.3825460372804204, "w2": -0.8415545118720095, "b": 0.16658788743014946}