{"w1": 0.6957778382961786, "w2": -0.44476953625119936, "b": -0.005202331295527597}