{"w": 0.9999999999999997, "b": -3.2751579226442105e-16}