{"w1": -0.8410899393473602, "w2": -0.12537835276553694, "b": 7.374657073020008e-17}