{"w1": -1.1192618025812526, "w2": -0.2578496554294898, "b": 0.07280175189362295}