{"w1": 0.3683961491070914, "w2": -0.487488097720296, "b": 1.7860276840553102e-17}