{"w1": 0.34316682108975927, "w2": -0.44878048803337484, "b": 1.6442132216966522e-17}