{"w1": -0.4424912643603704, "w2": 0.2927740882495435, "b": -1.9911307695056923e-17}