{"w1": -0.29313720803810794, "w2": 0.5169881264163139, "b": 2.320146309493961e-17}