{"w": 0.4473000580353629, "b": -0.08016193210704041}