{"w": 0.5340389473899977, "b": 0.013443172400256276}