{"w": -0.41848761811379365, "b": 0.12627188749915752}