{"w": -0.20569380108270174, "b": 0.05371935223702726}