{"w": 0.10385685952909245, "b": -0.008021131664440382}