{"w": 0.10428501272026473, "b": -0.008123635457662273}