{"w": 0.025915924818714287, "b": 0.09330365423603372}