{"w": 0.025256461036174516, "b": 2.1755815619496586e-17}