{"w": 0.036541708180906116, "b": 0.13417609601637986}