{"w": -0.2785076729832293, "b": -0.1602643230359989}