{"w": -1.0000000000000004, "b": -1.6431300764452326e-16}