{"w": -0.6275238584908648, "b": -0.020735817656250415}