{"w": -1.0000000000000238, "b": 8.743006318923249e-17}