{"w": -0.3829645211657389, "b": -2.079899692216505e-17}