{"w": 0.23688972496564673, "b": -3.3364912055563924e-17}