{"w": 0.19029088883952935, "b": 0.010021551471219532}