{"w": 0.298987059825246, "b": -0.09957746845033483}