{"w": 0.3013892571608146, "b": 1.8614729566813148e-17}