{"w": 0.30256811424558505, "b": -0.10282781892343007}