{"cc": 0.1584885512518119, "alpha": -5.2735593669694933e-17, "beta": 0.15848855125181188, "mx": 0.0, "my": -5.2735593669694933e-17, "sx": 1.0, "sy": 0.9999999999999999}