{"w": -0.18804794859994858, "b": 2.7639686551950606e-16}