{"w": 0.10587214883306978, "b": 4.35594737539211e-18}