{"w1": -1.1245348496976064, "w2": -0.12926742778714195, "b": 0.0263249561251363}