{"w": 0.47617876804476844, "b": -0.04456007052103342}