{"w": 0.14922265770096124, "b": 0.052058959868094265}