{"w": 0.14682406818232752, "b": 0.1185474697679959}