{"w": 0.1603973730089994, "b": -1.3100631690576846e-16}