{"w1": 0.3528963978121777, "w2": -0.3932790868325631, "b": 4.813608951767074e-17}