{"w1": -0.1416183135408947, "w2": 1.7515645985293855, "b": -0.009579892785588968}