{"w": 0.9999999999999986, "b": 1.0396197791528981e-16}