{"w1": 1.139249590312536, "w2": 1.5251171545742972, "b": -0.1850053135724796}