{"w1": 0.6462935537312037, "w2": 0.5784703260040879, "b": -0.017745791154980747}