{"w": 0.18224889510396716, "b": 0.23798489280524804}