{"w1": -0.4918119324580274, "w2": 0.20295352524048826, "b": -0.0035202047210294296}