{"cc": 0.14306217589843104, "alpha": 5.754434055638237e-17, "beta": 0.14306217589843104, "mx": -2.4702462297909734e-16, "my": 2.2204460492503132e-17, "sx": 0.9999999999999998, "sy": 0.9999999999999998}