{"w": 0.14291925664178926, "b": 5.750903598089398e-17}