{"w": 0.4010172109547504, "b": 8.913079772227817e-17}