{"w1": -0.06532443576542452, "w2": -1.220678821561729, "b": -0.0946603424666005}