{"w": -0.015557462738195027, "b": -0.06355541572741497}