{"w": -0.18407845120487182, "b": 5.4430937311272795e-17}