{"w": -0.20048148151025644, "b": 5.478605223868671e-17}