{"w": -0.2001767090218388, "b": -0.011866372772886026}