{"w": -0.210860033445009, "b": -0.012227432934801302}