{"w": 0.2375478124308043, "b": 0.03441978045121747}