{"w": 0.0810566256786498, "b": -4.8301431877324975e-17}