{"w": -0.6236369701901234, "b": -5.198776195147199e-17}