{"cc": 0.4846144223756125, "alpha": -4.8021329371233506e-17, "beta": 0.48461442237561253, "mx": 8.992806499463769e-17, "my": -4.440892098500626e-18, "sx": 0.9999999999999997, "sy": 0.9999999999999998}