{"w": 0.494593345595294, "b": 0.00425584844281799}