{"w": 0.5813464622711308, "b": 0.02108163226717693}