{"w": -0.05344433006769762, "b": -9.708779023972311e-17}