{"w": -0.11681511108183776, "b": 0.20588139682921766}