{"w": 0.09306670374701216, "b": -0.01989315504362399}