{"w": 0.7939874627371275, "b": -0.04467127595341731}