{"w": -0.1491240486158794, "b": 1.5569411311104127e-16}