{"w1": -0.11544625821679418, "w2": -0.8878962750872789, "b": -0.0037243804740464785}