{"w": 0.27735953224012544, "b": 0.001883809602169247}