{"w1": 1.509664359481293, "w2": 1.0453668576493471, "b": -0.3491671089109904}