{"w1": -1.2432298157363415, "w2": 1.3966120918643872, "b": -0.01942713559507365}