{"w1": -0.3143859805952253, "w2": 0.4116460525710351, "b": -0.027399243669506967}