{"w1": -0.2974016136477025, "w2": 0.3917221128266582, "b": -0.024268895749155493}