{"w": 0.011936214490274901, "b": 0.20367775167511412}