{"w1": -1.187538544996516, "w2": 1.0250376871877962, "b": -0.11887094666705629}