{"w1": 0.37027114792436805, "w2": 0.7840719682847581, "b": -2.7710251985632962e-17}