{"w": -0.686982184146939, "b": -0.001596970649185063}