{"w": 0.04967288637235831, "b": 0.0921761003266781}