{"w1": -0.34478601004150694, "w2": -0.496152144111379, "b": 1.6789085281803107e-17}