{"w1": -0.31521537718596926, "w2": 0.49342335260913905, "b": 7.133654594601268e-17}