{"w": 0.5730997850621482, "b": 0.019073951539841594}