{"w1": 1.2131379801427682, "w2": 0.8704009550514454, "b": 0.07854261595667557}