{"w": 0.4166073722328409, "b": -0.010301103561580876}