{"w1": -1.994348962500989, "w2": -1.9937190774394948, "b": 0.9818109376502311}