{"w": -0.10367719552023476, "b": 0.012263910803480124}