{"w": -0.4571140343890512, "b": 0.006835616400932706}