{"w": -0.11082193818337092, "b": -5.7657076365885504e-18}