{"w": -0.3813951768648958, "b": -0.041892693093821175}