{"w": -0.20780720142768933, "b": 0.043415750420076664}