{"w": -0.9617741885716103, "b": -0.0069507455516283}