{"w": 0.020729826692229954, "b": 0.3850984677213013}