{"w": 0.040840360537070595, "b": 0.41632513135151483}