{"w": -0.6726825505672571, "b": 0.01245750480200198}