{"w": 0.3607792682417033, "b": 0.0006036870222380173}