{"w": 0.5139571778146477, "b": -0.14260341285851297}