{"w": 0.8123302808086529, "b": -0.002251228676835193}