{"w": 0.2724261430833434, "b": 0.03621166135256507}