{"w1": 1.6459503059132357, "w2": 0.5378917188667381, "b": 0.028311020125727573}