{"w1": 0.7788264393941642, "w2": 0.21304509558675297, "b": 0.01531902374996953}