{"w": -0.2257062737605456, "b": -0.2757674615350902}