{"w": -0.25301803546541773, "b": -1.3512499080957664e-16}