{"w": -0.24120158899067987, "b": -0.2842390567530425}