{"w": -0.01560327740606635, "b": -0.26120298783204254}