{"w": 0.015561755135623745, "b": -0.25036942785196137}