{"w": 0.7531652705680866, "b": -0.01187534895956917}