{"w": 0.13161403293935037, "b": 0.07421572821966549}