{"w": -0.22153704162580032, "b": 0.06162208475143756}