{"w": -0.3484973286837943, "b": -0.0010739840961468553}