{"w": -0.37126114677468874, "b": -0.0020980099353002934}