{"w": 0.2717624076215333, "b": 0.007074193139880348}