{"w": 0.11886747602733938, "b": -0.0029690607565492355}