{"w1": 0.35941549253720506, "w2": 0.684477172706168, "b": 0.0164865831483415}