{"w": -0.09954805329349417, "b": 0.04418026306402627}