{"w": -0.25040373954315676, "b": 0.004947675383509723}