{"w": -0.02618138313882414, "b": -0.05654102717162708}