{"w": 0.14453232817079964, "b": -0.04440601711055747}