{"w1": 0.49876962970399186, "w2": 2.340184220606122, "b": 0.4911646509039884}