{"w": -0.22374331367466313, "b": 0.04497858724604767}