{"w": -0.19564907266924766, "b": -0.00541785714527796}