{"w": -0.1861147485720706, "b": -0.004985215776615842}