{"w1": 0.8609281454111871, "w2": -0.07603371821485835, "b": 5.672854793586684e-17}