{"w": 0.7477290285056702, "b": 0.011631985979825923}