{"w": -0.14617641848710541, "b": -0.061937666418996395}