{"w": 0.015557127122563333, "b": -1.030386560633959e-16}