{"w": 0.007968470952413846, "b": 0.0164547822103193}