{"w": -0.2325880843352652, "b": 0.006351650423156042}