{"w1": 0.6447874009955973, "w2": 0.08006419987587217, "b": -4.543087467588138e-17}