{"w": -0.38140102785191854, "b": 6.902235138435511e-17}