{"w": -0.1660816265077838, "b": 0.0270724782518264}