{"w": -0.23133828467859965, "b": -0.005675182383389231}