{"w": -1.0000000000000002, "b": -4.02455846426619e-18}