{"w1": 0.18273948504296159, "w2": -1.0472324946328837, "b": -0.002288345359435482}