{"w1": -1.298037445877949, "w2": -1.7791596908866691, "b": 0.09511961547502558}