{"w": -0.2850203280914255, "b": -1.751149811623927e-16}