{"w1": 0.14227018661927107, "w2": 0.642401732511027, "b": -2.338280543822483e-17}