{"w": 0.10926858232164427, "b": -1.9533592500384471e-16}