{"w": -0.08984280731206185, "b": 0.0722867276437188}