{"w": -0.9999999999999997, "b": 1.6264767310758542e-16}