{"w": -0.6798658132115137, "b": -0.08957096667643703}