{"w": 0.22672485970626016, "b": -0.0002963928857132531}