{"w": 0.33665871103017264, "b": 0.015381429084875631}