{"w": -0.4095399181369509, "b": 0.01046198093239422}