{"w": 0.5771161341123018, "b": -2.292282585349691e-17}