{"w": 0.4275601130470544, "b": -0.14515385436993472}