{"w": 0.43948472699553515, "b": 0.006136964219654151}