{"w": 0.1309134507587647, "b": 0.006058525945306725}