{"w": 0.28577679783924154, "b": 0.08632116622848064}