{"w": -0.13761361695739663, "b": -0.005017071676376869}