{"w": -0.3846848386045169, "b": -0.08016858965568628}