{"w": -0.39335744126435085, "b": 0.10915865531358743}