{"w": 0.23935553360421483, "b": -0.03724750451129881}