{"w": 0.917480803625751, "b": 0.010088327867071525}