{"cc": -0.6373987675873902, "alpha": -3.331483660824131e-17, "beta": -0.6373987675873903, "mx": -5.662137425588298e-17, "my": 2.7755575615628915e-18, "sx": 0.9999999999999999, "sy": 1.0}