{"w": -0.6373987675873907, "b": -3.331483660824133e-17}