{"w": 0.4608973564324269, "b": 6.355361893210771e-19}