{"w": 0.4425322352303048, "b": -0.011093768743815787}