{"cc": -0.381741922449333, "alpha": 1.671322566964524e-17, "beta": -0.3817419224493331, "mx": 8.881784197001253e-18, "my": 1.3322676295501878e-17, "sx": 0.9999999999999999, "sy": 1.0}