{"w1": -0.16909252293560156, "w2": 0.5688219293432736, "b": -2.5253061224205892e-17}