{"w1": -0.20932240943807093, "w2": 0.705845447581879, "b": -0.0477412761215053}