{"w": 0.9426889381917395, "b": -0.005643899042759699}