{"w": -0.21751021284369432, "b": 0.06929052616899722}