{"w1": -0.06433105691046746, "w2": 1.0564031434361458, "b": 0.07206764222441944}