{"w": -0.09418283115773324, "b": 1.7957934400517522e-16}