{"w": -0.07203725454647693, "b": -0.008892327163138434}