{"w": 0.07680408473405087, "b": -3.8923475511607324e-17}