{"cc": 0.26156799837728983, "alpha": -3.296491969186194e-17, "beta": 0.26156799837728983, "mx": -5.551115123125783e-18, "my": -3.441691376337985e-17, "sx": 1.0, "sy": 1.0}