{"w": 0.8246857334365345, "b": -0.0041648555860999935}