{"w": 0.08095963699587551, "b": 0.13411571355202923}