{"cc": 0.6626870069659927, "alpha": 1.411805385145858e-17, "beta": 0.6626870069659927, "mx": 1.3877787807814457e-17, "my": 2.3314683517128286e-17, "sx": 1.0, "sy": 1.0}