{"w": 0.9999999999999997, "b": 1.137978600240785e-17}