{"w": 0.3900462582769737, "b": 2.298315731986601e-17}