{"w": 0.371706301929114, "b": -0.00850406052426293}