{"w1": -1.399719384421483, "w2": -2.877846956313211, "b": -0.04383113848000231}