{"w": 0.551369134653932, "b": 0.026723367340460075}