{"cc": -0.2959621571856018, "alpha": 6.729058180260229e-17, "beta": -0.2959621571856018, "mx": -5.773159728050814e-17, "my": 8.43769498715119e-17, "sx": 1.0, "sy": 1.0}