{"w": -0.07286166830735646, "b": -1.1219114338878941e-16}