{"w": -0.055222101595681417, "b": -0.027086286217373273}