{"w1": 1.1583288203534818, "w2": 0.31452646919210725, "b": 0.14221210856553557}