{"w": 0.39665909044313685, "b": -0.030705339897250744}