{"w": -0.3169250003483469, "b": -0.04022541390714445}