{"w": 0.6126713695190256, "b": 5.504197006319251e-17}