{"w": -0.861323281233068, "b": -0.0777296281294223}