{"w": -0.1433643467585334, "b": 0.012781524980554505}