{"w": 0.3658067257640555, "b": 0.16889244034141973}