{"cc": -0.3529808173690048, "alpha": 2.1748630142448702e-17, "beta": -0.3529808173690048, "mx": 3.3306690738754695e-17, "my": 9.992007221626408e-18, "sx": 1.0, "sy": 1.0}