{"cc": -0.24240086631237914, "alpha": 1.0160741885370437e-17, "beta": -0.24240086631237917, "mx": -2.2204460492503132e-17, "my": 1.5543122344752193e-17, "sx": 0.9999999999999997, "sy": 0.9999999999999998}