{"w": -0.23918228383766837, "b": 0.007373327078484841}