{"w": -0.2400008577350289, "b": 1.0214032781007879e-17}