{"w1": -1.0841713350011328, "w2": -1.0128835454882885, "b": -0.36532627589769107}