{"w": 0.2126784352866132, "b": -3.472113023867417e-17}