{"w1": 0.15131243412010903, "w2": -0.4749084117938788, "b": -1.1476389409037107e-18}