{"w1": 0.36334721416408056, "w2": -1.396386590606293, "b": -0.052359856020252504}