{"w1": 0.15664330887725075, "w2": -0.5416388351467241, "b": 0.00010773115554595092}