{"w": 0.9712607462089823, "b": -0.011953926750205584}