{"w1": -0.6238740132343285, "w2": -0.9335957925120867, "b": -0.01678774661183301}