{"w": -0.36052701602400394, "b": -0.0008263307700763292}