{"w1": -0.03844504282117605, "w2": -0.3884686526124957, "b": 3.464206905018806e-17}