{"w": 0.08192124646214702, "b": -0.007294105489821975}