{"w": -0.46598662628126775, "b": -0.0348565215795703}