{"w": -0.4236670374367154, "b": -0.039005714271439125}