{"w": -0.3953289749071263, "b": 0.006228720635703838}