{"w1": 0.6384574424969732, "w2": -0.11246866879802021, "b": -2.8022141538587284e-17}