{"w": 0.21059383009605512, "b": 0.011694451175133817}