{"w": -0.2722566934448324, "b": 2.414448679546273e-17}