{"w": 0.007710700667716619, "b": 0.12003871601300653}