{"w": 0.22054421572738162, "b": 6.507719526796124e-17}