{"w": 0.2024996889860504, "b": 6.447619179626054e-17}