{"w1": -0.15122053459134593, "w2": 0.029488940403562217, "b": 2.4657751491797258e-17}