{"cc": 0.3440535394796652, "alpha": 6.988737044832293e-18, "beta": 0.3440535394796652, "mx": 6.439293542825907e-17, "my": 2.914335439641036e-17, "sx": 1.0, "sy": 1.0}