{"w": -0.47905744890899393, "b": 0.15257131148942046}