{"w1": 2.4268398468175554, "w2": -1.0035798384567054, "b": -0.023236515797376615}