{"w": 0.437590600833154, "b": 0.02066329251004867}