{"w1": 0.7385702254836222, "w2": -0.11275026976461273, "b": 2.748215042271883e-18}