{"w1": 3.731798246033949, "w2": -0.6396753639960607, "b": -0.014356527745225722}