{"w": -0.5651796921039322, "b": 0.0013442006392917023}