{"w1": 0.188942396493311, "w2": 0.6874100148212057, "b": -0.0019110345731936942}