{"w": 0.4167791188652207, "b": -0.015998221612940126}