{"w": 0.21330327761385937, "b": 0.042009437660124126}