{"w1": -0.25781814146036475, "w2": -0.4932916764154543, "b": 1.630587582727966e-17}