{"w": 0.6026856530198687, "b": 0.020844760205641123}