{"w": 0.20009985699092417, "b": -0.08854371673095172}