{"w": -0.2030174305347444, "b": -0.02929477837482087}