{"w": 0.9763258896489704, "b": -0.0014428108209691014}