{"w": 0.9782904907568847, "b": 1.5205688786541924e-17}