{"w": 0.9713243384317582, "b": -0.0004105036236595012}