{"w1": 1.0027822530790387, "w2": 0.334336746989808, "b": -0.07418754327444585}