{"w1": 0.727640981966834, "w2": 0.18998979333664015, "b": -0.014387472257813663}