{"w": -0.4691945440253201, "b": 0.031189816884073303}