{"w": -0.33706902812636713, "b": -0.006122251511764083}