{"w": 0.7294825837465209, "b": 2.451602217347517e-17}