{"w": 0.9999999999999993, "b": 2.6020852139652095e-15}