{"w": -0.8290827719323005, "b": 1.471698722736103e-16}