{"w": -0.09521364260688676, "b": 8.644025861673578e-17}