{"w": 0.0164012428104512, "b": -1.370667568192986e-16}