{"cc": 0.0973741978194553, "alpha": -1.556164714872358e-17, "beta": 0.09737419781945529, "mx": 4.5796699765787705e-17, "my": -1.1102230246251566e-17, "sx": 1.0, "sy": 0.9999999999999999}