{"w": -0.3596135440830116, "b": -0.10955051253079308}