{"w": -0.6141182588917974, "b": 0.018723830085745637}