{"w": 0.9999999999999992, "b": -1.165734175856413e-16}