{"w": -0.04958339386756429, "b": -1.9320193257079872e-16}