{"cc": -0.620952511369188, "alpha": -9.309274190743068e-17, "beta": -0.620952511369188, "mx": -9.672818102046676e-17, "my": -3.3029134982598406e-17, "sx": 0.9999999999999999, "sy": 0.9999999999999999}