{"w": -0.014642357251134393, "b": -0.03789588695676886}