{"w": -0.1179526934364262, "b": 0.059662260270124445}