{"w": 0.2730523953288154, "b": -5.445381305019694e-16}