{"w": 0.1604913898364853, "b": 0.22468158549103662}