{"w": 0.5405709584545765, "b": -3.481644791056997e-18}