{"w": 0.4730388528686651, "b": 0.05585100506517446}