{"w1": -0.029046374767314226, "w2": -0.9483266318035133, "b": 0.007748712521937845}