{"w": 0.24054607205848325, "b": -0.12249209698289568}