{"w": 0.9792423805569137, "b": -0.0029486953148841117}