{"w": 0.3011864962707088, "b": 0.016182734558038345}