{"w1": -0.30010457163639515, "w2": -0.7538817510734543, "b": -3.772639083963936e-17}