{"w1": -0.3762450766293687, "w2": -0.8613560879057804, "b": -4.8414455563324105e-17}