{"w1": -0.3552047193251143, "w2": -0.8390644226058833, "b": -0.004379913398759943}