{"w1": 1.0208393000324278, "w2": -0.4358582284860704, "b": 0.0032898955757598635}