{"w1": -0.1790779540652485, "w2": 0.7413175855154448, "b": -0.006932605714546219}