{"w1": 2.6629207270334136, "w2": -0.017817788053434258, "b": 0.0392921264897822}