{"w1": -0.0019647880159691764, "w2": -0.6888425461449288, "b": 0.01614690404892151}