{"w1": 0.7456626429134924, "w2": 1.1677953584691239, "b": -0.019126269877579344}