{"w1": -0.6161279544904364, "w2": 0.11776882512468331, "b": 0.0052030646768217725}