{"w": 0.40817445793908613, "b": 3.2919465058960375e-18}