{"w": 0.8802177568358134, "b": 0.017067224748306613}