{"cc": -0.7251134591314856, "alpha": 7.023605093757954e-17, "beta": -0.7251134591314857, "mx": 4.996003610813204e-18, "my": 6.661338147750939e-17, "sx": 0.9999999999999997, "sy": 0.9999999999999998}