{"w": -0.6726945165167298, "b": 0.028197360888323458}