{"w": -0.7063294124653188, "b": 0.02684702545219193}