{"cc": 0.33533510895109064, "alpha": 1.0384305736977801e-17, "beta": 0.33533510895109064, "mx": -1.1102230246251566e-17, "my": 6.661338147750939e-18, "sx": 1.0, "sy": 1.0}