{"w": 0.41686507000331835, "b": -0.10477583567572374}