{"w1": -0.49388307682892907, "w2": -0.48378940881432764, "b": -0.025255509584981586}