{"w": 0.10789982080873768, "b": -0.020667383458976715}