{"cc": -0.015057591136163097, "alpha": -1.6012287481164393e-16, "beta": -0.015057591136163095, "mx": -1.6653345369377347e-17, "my": -1.5987211554602254e-16, "sx": 1.0, "sy": 0.9999999999999999}