{"w": -0.017743530824117962, "b": 0.0009972746420342932}