{"w": -0.15901093743098627, "b": 3.513478398090992e-17}