{"w": 0.6451344643863499, "b": 0.09656961335345648}