{"w1": -0.3564165069962562, "w2": -0.6018300856539038, "b": -0.001411801458331554}