{"w": 0.6026458677206175, "b": 0.1771694087189951}