{"w": -0.5415750903938099, "b": -0.10145421714405456}