{"w": -0.7365184920525419, "b": 0.03060300235333471}