{"w": -0.8043259145779432, "b": -0.12515237129323314}