{"w1": -0.4688694153965205, "w2": -0.5266849152199571, "b": -4.366440818242823e-16}