{"w1": -0.828235812135586, "w2": -0.8064973727256737, "b": 0.08501142962817629}