{"w": -0.8254040100372042, "b": -2.545410554575913e-16}