{"w1": -0.40954819618360444, "w2": -1.1604573538940304, "b": 0.04487290049729509}