{"w1": -0.35715636141714124, "w2": -1.1115313770886317, "b": 0.004806987968955383}