{"w": 0.08491417916634901, "b": -0.04475372149226001}