{"w": 0.7078853386390394, "b": -0.03547104726789996}