{"w": 0.6701814541196627, "b": -0.0467479334288717}