{"w": 0.8947589406343591, "b": -0.020214749329448004}