{"w": -0.047107262631444616, "b": -7.021748049440211e-17}