{"w1": 0.11653491534830496, "w2": 0.773309811782873, "b": -1.45833322403492e-18}