{"w": 0.4277197398790868, "b": 3.590401668957661e-17}