{"w": 0.2963333528602139, "b": 0.20516150954422985}