{"w": -0.1011599909332711, "b": -0.05507353838068618}