{"w": -0.5064959963828729, "b": -0.006126008895338484}