{"w": 0.4501747843921878, "b": 0.0034130043868006686}