{"w": 0.14179480370852368, "b": 4.451337964186849e-17}