{"w": -0.38712654861832163, "b": 0.24833404801021475}