{"w": -0.3068011276678263, "b": 0.01213697874877311}