{"w": -0.32699809060924967, "b": 0.09021072291435239}