{"cc": -0.2702549134161394, "alpha": -3.730118179700937e-16, "beta": -0.27025491341613933, "mx": -3.9968028886505634e-17, "my": -3.6221026178395734e-16, "sx": 1.0, "sy": 0.9999999999999999}