{"w": 0.25232979916434395, "b": -0.0060334101355756335}