{"w1": -0.2139037207826355, "w2": 0.5074798131067988, "b": 5.6812779869160585e-18}