{"w": -0.3482115313971338, "b": -0.06394897434049207}