{"w": -0.2664335849516002, "b": 0.15650005771832526}