{"w": -0.18862191984005883, "b": -0.042649040897978996}