{"w": 0.256843449050685, "b": -0.04916138442954667}