{"w": -0.2766418190533313, "b": 0.07086059028488634}