{"w": -0.3810337084485618, "b": 0.007037444925743136}