{"w": -0.5034725208799418, "b": -0.01705700290803499}