{"w1": -0.30672309339639525, "w2": 0.5898163533473691, "b": 2.4202390358948597e-17}