{"w1": -0.29164864237500443, "w2": 0.5449236098167423, "b": 2.234190597892449e-17}