{"w": 0.09188831074628223, "b": -0.07580971911284196}