{"w": 0.015224121651922835, "b": -0.026320100559158705}