{"w": 0.5436743163440211, "b": -0.1648055264567599}