{"w": 0.91405179444568, "b": -0.06660914996975412}