{"cc": -0.25733287251688675, "alpha": -1.4077907947196704e-16, "beta": -0.25733287251688675, "mx": -3.4861002973229917e-16, "my": -5.10702591327572e-17, "sx": 0.9999999999999998, "sy": 0.9999999999999998}