{"w": 0.25911334199448305, "b": -0.017854872154410346}