{"w": -0.7936721687894337, "b": -5.284321582394999e-17}