{"cc": -0.9819027490942132, "alpha": -2.354085921768044e-17, "beta": -0.9819027490942134, "mx": -4.884981308350689e-17, "my": 2.4424906541753444e-17, "sx": 0.9999999999999998, "sy": 1.0}