{"w": -0.2552804905811102, "b": -0.04393882468367147}