{"w": 0.3932706680198127, "b": -0.010339121708775687}