{"w": 0.38190875709721694, "b": -0.014571872943940856}