{"w1": 0.6901381923156492, "w2": -0.001356508860122722, "b": 3.550424954068088e-17}