{"cc": -0.10450240266231664, "alpha": 1.2146811402890573e-17, "beta": -0.10450240266231665, "mx": -5.773159728050814e-17, "my": 1.817990202823694e-17, "sx": 0.9999999999999998, "sy": 0.9999999999999999}