{"w": -0.39424648471566504, "b": 1.7325866869293643e-17}