{"w": -0.47161722879346035, "b": 0.06115568151900652}