{"w": -0.21246541961339488, "b": -0.00280004053770319}