{"w": -0.5789837416998272, "b": 2.196806408762008e-17}