{"w": -0.6779491330123635, "b": -0.014028188791277978}