{"w": -0.6075869075311278, "b": -0.0035272594561663075}