{"w": 0.4454800751643302, "b": -0.014342955016330493}