{"cc": 0.5923871599160502, "alpha": -1.1542878612129708e-17, "beta": 0.5923871599160502, "mx": -4.3298697960381107e-17, "my": -3.7192471324942746e-17, "sx": 1.0, "sy": 1.0}