{"w": 0.4378560337573761, "b": 0.0387972502821439}