{"w1": -0.840380987338253, "w2": -0.8391112825871622, "b": 0.018097082712476044}