{"cc": 0.5794821116544765, "alpha": -2.0322212208617327e-16, "beta": 0.5794821116544764, "mx": -1.3322676295501878e-17, "my": -2.1094237467877973e-16, "sx": 1.0, "sy": 0.9999999999999998}