{"w": 0.5798236725402456, "b": -0.009097547884251619}