{"w": 0.5479934480560915, "b": -2.999263863965369e-16}