{"w": -0.07194229267011516, "b": -0.0043024226375688495}