{"w1": -10.896522737372589, "w2": -16.519600983694293, "b": -1.025254791177196}