{"w1": 1.5136815275655122, "w2": -0.39006985287152224, "b": 0.1256241693629082}