{"w": -0.23350870531730195, "b": 8.112201044881253e-16}