{"w": 0.5507660194927614, "b": 1.028838115156536e-16}