{"w": 0.5281578470727094, "b": -0.02361530634099393}