{"w": 0.6720377509758951, "b": 0.0038435650408908117}