{"w": 0.6059167454602776, "b": -0.006509845539368016}