{"w1": 3.8181848384889605, "w2": -0.9246868188887528, "b": -0.8704725241583622}