{"w1": 0.5260357048683437, "w2": -0.24073450614305195, "b": -8.138558995857414e-17}