{"w1": 0.8642171059379616, "w2": -0.28009366921269835, "b": -0.10850373584503953}