{"w1": -1.5751330169626956, "w2": -1.3574838964861218, "b": 0.02008801098440341}