{"w": 0.727914413355492, "b": -0.006016790273810087}