{"w": 0.20505036853053227, "b": -4.57149458881421e-16}