{"w": 0.10111107240530162, "b": 0.1650150942035293}