{"w": 0.21880625611973947, "b": -0.014530886027937555}