{"w": -0.3119765459400585, "b": 0.08410193277687869}