{"w1": 4.783495765077509, "w2": 0.1893316239456098, "b": 0.9033003814852073}