{"w": -0.16245393590045498, "b": 0.0016407012839744148}