{"w": 0.42690305113549765, "b": -0.12726418439690645}