{"w": 0.3958176929450654, "b": 0.017270988968074698}