{"w": 0.7902406709878504, "b": -0.006466917683779272}