{"w1": -0.07092359748302884, "w2": -0.8287187729243021, "b": -6.101852291543575e-17}