{"w": 0.661009241172824, "b": -0.013465849533008063}