{"w": -0.21453420438322754, "b": -1.122537608047598e-16}