{"w": -0.20743011077506282, "b": -0.06557721323829034}