{"w": 0.9270705434324558, "b": 0.0077243225531421315}