{"w": -0.7773705459891165, "b": -0.05978489810968115}