{"w": 0.7904197923369496, "b": 2.124051399813819e-17}