{"w": 0.6802374529876101, "b": -9.000575065862784e-17}