{"w": 0.6180918850802967, "b": 0.05615335462648958}