{"w": 0.17234216631104116, "b": -0.21398849442402462}