{"w1": 0.004144397325563819, "w2": 0.5421981627455719, "b": -0.011347091083630655}