{"w": -0.36041722990005465, "b": 1.018954928391358e-16}