{"w": -0.10068462698071329, "b": -0.0012108070348165968}