{"w": -0.5394767579609864, "b": 0.05017228282987479}