{"w": 0.6532641786891343, "b": -0.004632501278232101}