{"w": 0.6427414245409898, "b": 0.003579039871967997}