{"w": -0.2583628089934432, "b": 7.643826620342466e-17}