{"w1": -0.7785948398711589, "w2": 0.01338017309937132, "b": 4.491204422452717e-17}