{"w1": -1.239912280430977, "w2": 0.040737994774595034, "b": -0.03388150804637159}