{"w": -0.4244096627162816, "b": -0.060117746242313176}