{"w1": -0.4678790683512886, "w2": -0.5250523837245187, "b": 2.149463163246501e-16}