{"w": 0.03806554417684792, "b": -0.19890405534594532}