{"cc": -0.5260486662312973, "alpha": -3.7863262153298373e-17, "beta": -0.5260486662312973, "mx": -4.440892098500626e-18, "my": -3.552713678800501e-17, "sx": 1.0, "sy": 1.0}