{"w1": -1.861348293798542, "w2": 0.3743580456287684, "b": 0.1061109232504795}