{"w1": -0.802316810367698, "w2": 0.10066390019560097, "b": 0.0036365435720466183}