{"w1": 1.6507485042598682, "w2": 1.7866533848028063, "b": 0.11721819483806416}