{"w1": 0.5351690199884068, "w2": 0.6103256173617462, "b": 0.03333247283666972}