{"w": 0.3512962788450289, "b": 0.0014892542905671907}