{"w1": -0.5186802610798394, "w2": -0.767809466583675, "b": -0.11907219923894795}