{"w": 0.12821648476880623, "b": -0.27293818854152463}