{"w": -0.34731631499074894, "b": 3.9235484446512975e-17}