{"w": 0.004876376559620482, "b": -0.17068371925907969}