{"w": -0.4203393940698875, "b": -0.00044488815859329567}