{"w": -0.5994246309702954, "b": 0.0002693613734556658}