{"cc": -0.37005118154403926, "alpha": -6.169183281232439e-17, "beta": -0.3700511815440392, "mx": -1.532107773982716e-16, "my": -4.996003610813204e-18, "sx": 1.0, "sy": 0.9999999999999999}