{"w": -0.15272899101765045, "b": -0.05084991396524484}