{"cc": 0.6049884596009208, "alpha": -2.5496812778370586e-16, "beta": 0.6049884596009211, "mx": 1.2212453270876722e-17, "my": -2.475797344914099e-16, "sx": 0.9999999999999997, "sy": 1.0}