{"w": 0.501241772897822, "b": 0.13037491308256907}