{"w": -0.16222689988685798, "b": 9.716196136117313e-17}