{"w": -0.15334537649661018, "b": 0.007605857177112837}