{"w1": 0.24397731697891623, "w2": 0.999612005485477, "b": -0.024177042400639802}