{"w1": 1.0575029939082081, "w2": -0.5473178156474209, "b": -0.004721544052755919}