{"w1": 1.2633358956191494, "w2": -0.7372213277905829, "b": -0.029848868490447183}