{"w1": -0.07403229742017238, "w2": -1.1077934039504096, "b": -0.19598450016197183}