{"w": 0.8089619311800841, "b": -0.011539662747194201}