{"cc": 0.06697210530398708, "alpha": -6.298529651036949e-17, "beta": 0.06697210530398708, "mx": -4.440892098500626e-18, "my": -6.328271240363392e-17, "sx": 1.0, "sy": 1.0}