{"w1": -1.6579376331474887, "w2": 1.4962657087641018, "b": 0.04613469107783458}