{"w": 0.9653255356700624, "b": -0.009254971274107512}