{"w": 0.31678247076917754, "b": 0.010152629711322188}