{"w": 0.34554921182207665, "b": 0.002886109436319534}