{"w": -0.9783033953553665, "b": 8.448198936413349e-18}