{"w": 0.1727467975391568, "b": -3.6793410145613744e-17}