{"w": 0.21941744296911456, "b": -0.06710632209779673}