{"w": 0.08544829877019382, "b": 0.007303116277102279}