{"w1": 0.19875455283403984, "w2": -1.6429936563310854, "b": -0.09611646487551943}