{"w1": -0.36307809051141504, "w2": -2.577710499778907, "b": 0.06843074288892981}