{"cc": -0.29013450825737963, "alpha": 2.459554539194426e-17, "beta": -0.2901345082573797, "mx": 9.242606680004428e-17, "my": -2.220446049250313e-18, "sx": 0.9999999999999999, "sy": 1.0}