{"w": 0.6412626596583352, "b": 1.4373070227067592e-17}