{"w1": 1.202764568966437, "w2": -0.07112456643252352, "b": 0.0333209698120291}