{"w": 0.35541231236399057, "b": -0.06441721684318691}