{"w": 0.3555291897087289, "b": 1.309957789964926e-17}