{"w": 0.2990504673202225, "b": -0.008255891954260752}