{"w": 0.739944891448298, "b": -0.023182126041656266}