{"w1": -0.10144740550748714, "w2": 3.575033553482362, "b": -0.15552589909103218}