{"w1": 1.27237934942844, "w2": 0.33386060712241117, "b": -0.11555581790833147}