{"cc": 0.6117329848774697, "alpha": -7.221098644893471e-17, "beta": 0.6117329848774699, "mx": -2.4424906541753444e-17, "my": -8.715250743307479e-17, "sx": 0.9999999999999998, "sy": 1.0}