{"w1": -0.4256706418585947, "w2": 0.17003042407288355, "b": 1.1227954946100577e-17}