{"w1": -0.6428002868357277, "w2": -0.2751258111591329, "b": 1.137222826412868e-16}