{"w": 0.48607120653361363, "b": 0.07023965490848556}