{"w": -0.33101834459149054, "b": -8.803652911695914e-17}