{"w": -0.3462989845413696, "b": 0.0048690132127538555}