{"w1": -0.3989339938295841, "w2": -0.21434990666614742, "b": 7.482951724579243e-18}