{"w1": -1.2530777315547919, "w2": -0.38611708026809954, "b": -0.025643679286366017}