{"w": 0.07337603766424816, "b": -0.0021830780565132587}