{"w": 0.6484284553719837, "b": 0.05421685045091174}