{"cc": -0.16422608456525722, "alpha": 1.9196418647786396e-17, "beta": -0.16422608456525725, "mx": -1.609823385706477e-17, "my": 2.1840168562548e-17, "sx": 0.9999999999999999, "sy": 1.0}