{"w": 0.11026270886273813, "b": 1.6798822080316134e-17}