{"w": 0.06420682923122856, "b": 0.18940970399219248}