{"w": 0.029068656578349998, "b": 0.1769919162608274}