{"w": 0.8594786521929302, "b": -7.778822282023207e-17}