{"w": 0.8547776904927243, "b": -0.0034246368458698793}