{"w1": -0.5389530456188721, "w2": -0.3936715159988277, "b": -1.380227347182753e-16}