{"w1": -1.250044522640538, "w2": -0.911882485802905, "b": -0.16334790455321993}