{"w1": -3.186302070375303, "w2": -1.1426412431815085, "b": -0.19700487205119693}