{"w": -0.23416045843617045, "b": -0.005960897721699398}