{"w1": -0.9309760375395344, "w2": -1.195102781775642, "b": -0.02014822761997627}