{"w1": -0.30403841749124166, "w2": -0.4889363665574737, "b": 3.506914358982335e-17}