{"w1": -0.3330443708455912, "w2": -0.5389565778759376, "b": -0.012980948470299427}