{"w": -1.0000000000000002, "b": 1.6098233857064767e-16}