{"w1": -0.7821395493948033, "w2": -1.0197101118093146, "b": 0.12356660667131719}