{"w1": 1.162362360904676, "w2": 0.2426638050171139, "b": 0.015466412165368022}