{"w": -0.8332992717971195, "b": 3.4786156155082884e-17}