{"cc": -0.05855133470386055, "alpha": 2.4971892424077176e-16, "beta": -0.058551334703860536, "mx": -1.3877787807814458e-18, "my": 2.498001805406602e-16, "sx": 1.0, "sy": 0.9999999999999998}