{"w1": -0.18872615386314462, "w2": 0.8800088234906962, "b": -0.01277271494392259}