{"w": -0.21198042674921203, "b": 1.0886021213874005e-17}