{"w1": -0.6032044737410704, "w2": -0.395870999833573, "b": 0.011359739892682706}