{"w1": -0.25281586294932784, "w2": -0.7238644160345902, "b": -2.1278744104331062e-16}