{"w1": -0.619617034956129, "w2": -2.016086440950187, "b": -0.21016352981101616}