{"w1": -0.5982412481187019, "w2": -4.944279315256762, "b": 0.17732359826678576}