{"w": 0.14036090665308937, "b": 0.06349930274108162}