{"w": 0.6274594301752573, "b": 0.00260148402336291}