{"w": -0.019208710946587493, "b": -0.05536315916522949}