{"cc": -0.07895620027112582, "alpha": 1.6991964337739821e-16, "beta": -0.0789562002711258, "mx": -3.297362383136715e-16, "my": 1.9595436384634012e-16, "sx": 1.0, "sy": 0.9999999999999998}