{"w1": -0.6917343673506128, "w2": -0.5230042870717148, "b": 0.023815465391747462}