{"w": 0.017577587146998454, "b": 0.0035709645829261616}