{"w": 0.2951585025747638, "b": 0.055343862592814166}