{"w1": 0.48957002076536327, "w2": -0.6401376648478787, "b": 0.030748679047986886}