{"w": -0.02537293205364381, "b": 0.03463487299037169}