{"w": 0.5284169290020401, "b": 0.06027687743622836}