{"w": -0.07069629736194025, "b": 0.06041093504321805}