{"cc": 0.5374730318863004, "alpha": 5.63289526714338e-17, "beta": 0.5374730318863002, "mx": -3.663735981263017e-17, "my": 3.663735981263017e-17, "sx": 1.0, "sy": 0.9999999999999999}