{"w1": 0.4864294861707985, "w2": -0.39581692533889684, "b": 7.117992349682036e-17}