{"w1": 0.3629548384368875, "w2": 1.3788207558873453, "b": -0.08672180390885109}