{"w": -0.5794040049417979, "b": 6.969193709949421e-17}