{"w": 0.78900963079975, "b": 0.03150395984756656}