{"w": -0.2746729673212249, "b": -0.07914014718168581}