{"w": 0.6260117963099636, "b": -0.04077106549589006}