{"w1": -0.5084090695165555, "w2": 0.46413769196026017, "b": 2.7359077361611434e-17}