{"w1": -0.670701641860297, "w2": 2.38909580340778, "b": 0.14912333615728648}