{"w": 0.23212489358156163, "b": -0.011085697314614534}