{"w": 0.9022087190546675, "b": 0.0034959132856219044}