{"w1": -61.51084704321358, "w2": -3.218535981541943, "b": -27.33186885223582}