{"w1": -2.36319934533316, "w2": -0.11243624714657674, "b": -0.8281208398613187}