{"w": -0.48112294556479823, "b": 0.005255799046088138}