{"w1": -0.5027140440256865, "w2": -0.30927307656672043, "b": 3.711198613788375e-17}