{"w": -0.6451165233577784, "b": 9.43465916113557e-17}