{"w1": -0.015773782323621033, "w2": -1.3515828907454601, "b": -0.26003750580324986}