{"w": 0.360362319753616, "b": -0.0014300092058555439}