{"w1": -0.10490544024149312, "w2": 0.9992025355813576, "b": -0.022270631098128425}