{"w1": 0.12453969627146044, "w2": 0.6715287529466841, "b": -1.5134001211678588e-17}