{"w": 0.1138505260303962, "b": 0.04661005684625405}