{"w": 0.17001117610937355, "b": -0.02545599791497545}