{"w": 0.1314837363839466, "b": -1.1337265755833473e-16}