{"w": 0.28398484747827824, "b": 0.0010300263247664705}