{"w": 0.27166279305133373, "b": 0.0009198089097532439}