{"w": 0.28393577222447836, "b": 0.06812796036245297}