{"w": -0.6737369603135296, "b": 0.05005671711668547}