{"w": -0.6069676036937043, "b": -8.825188367823334e-20}