{"w": -0.18899263465676103, "b": -0.01838346460842087}