{"w": -0.18114144604002594, "b": 3.345958897170173e-17}