{"w": -0.19397708325894136, "b": -0.0003001338027953243}