{"w": 1.0000000000000007, "b": -2.364775042451584e-16}