{"w": 0.558851818496909, "b": -0.09395886300186174}