{"w": 0.2906241144190865, "b": 0.005338122428452399}