{"w": -0.9228195921408746, "b": 0.008874225911095716}