{"cc": 0.36289771110537783, "alpha": 1.2266198230002621e-17, "beta": 0.36289771110537783, "mx": 4.440892098500626e-18, "my": 1.3877787807814457e-17, "sx": 0.9999999999999999, "sy": 0.9999999999999999}