{"w": 0.2596734941896903, "b": 0.004036409522602563}