{"w": -0.0455372372298341, "b": 0.024175712728814438}