{"w": 0.012688837606488973, "b": -0.01212326630581233}