{"w": -0.3940535417787552, "b": 1.4614820974864544e-16}