{"w": -0.3975964807158268, "b": 1.4648648665356436e-16}