{"w": -0.29586872556699145, "b": 0.2445608368709268}