{"w1": -0.30452033200966344, "w2": -1.3400317846562353, "b": 0.09717100785338853}