{"cc": 0.7236758159963783, "alpha": -1.603978242669419e-17, "beta": 0.7236758159963783, "mx": 2.220446049250313e-18, "my": -1.4432899320127036e-17, "sx": 0.9999999999999999, "sy": 0.9999999999999999}