{"cc": 0.8001841780683447, "alpha": 2.6205761913260065e-17, "beta": 0.8001841780683452, "mx": -2.4424906541753444e-17, "my": 6.661338147750939e-18, "sx": 0.9999999999999998, "sy": 1.0000000000000002}