{"w": -0.6762923685789275, "b": 1.635435669803589e-16}