{"w": 0.3674994911303939, "b": -0.011347246935222752}