{"w": -1.0000000000000013, "b": -1.4155343563970755e-16}