{"w1": -0.8117832380807645, "w2": -0.7765063147561114, "b": 0.10805803013085259}