{"w": 0.47770609331435243, "b": -1.4920760773589803e-18}