{"w": 0.44855832800276163, "b": 0.05013233638993528}