{"w": 0.47825812572998366, "b": -0.0048541988293343205}