{"w1": -1.1898888288939813, "w2": -0.9207151067125149, "b": 0.06584971453343383}