{"w1": -1.5764266042937567, "w2": -1.0345182939159783, "b": 0.05706061305100339}