{"w1": -0.38779249237414076, "w2": -0.3366376149680352, "b": -0.022606212364138664}