{"w1": -0.4115031588028876, "w2": -0.34937309026369784, "b": -0.02668381662766539}