{"w": 0.9852498981121799, "b": -0.012429963789727048}