{"w1": -0.38027394153800415, "w2": 0.4974358564096671, "b": -5.565428139646114e-17}