{"w": 0.4909265463154607, "b": 0.04750760528808076}