{"w1": 0.8078545481054774, "w2": 0.2931744293848509, "b": -0.03613985976194911}