{"w": -0.13651336716746332, "b": 0.07883836965444314}