{"w": -0.7683459424452266, "b": -0.05040883683460062}