{"w": 0.11161367341246455, "b": -0.22117270838772607}