{"w": -0.46543479985959674, "b": -0.011636817452391042}