{"w": -0.8570035408927247, "b": -0.01663397386318677}