{"w": -0.8713278100025277, "b": 6.753965701140166e-17}