{"w": 0.7072382803981663, "b": -0.03122730735455597}