{"w1": 0.11807679108503423, "w2": 0.5298327440998066, "b": 4.2117687699250584e-18}