{"w": 0.33250644660318046, "b": 0.018684942579003487}