{"w": -0.9573691780936024, "b": 0.004884694278448248}