{"w": 0.158233692700662, "b": 0.0160511113282183}