{"w": 0.11583411750695335, "b": -0.00019095138886628116}