{"w": -0.05796478682983332, "b": 0.14316254009276913}