{"w": -0.03869368059741266, "b": -0.010782314426647552}