{"w": 0.23276756497899306, "b": -0.06728202424565254}