{"w": 0.41648386591680203, "b": 1.3968073947584284e-17}