{"w": -0.061313721621003237, "b": -0.03737964880653622}