{"w": -0.038275745021909315, "b": -0.041454447460728745}