{"w": 0.5178981060758407, "b": -4.1197477247906285e-17}