{"w": -0.5040652395293768, "b": -0.00020451434128549126}