{"w": -0.4977646971423156, "b": -1.0308368255486515e-16}