{"w": -0.4860212342055709, "b": 0.0005338392817196003}