{"w": -0.9336327793970267, "b": 0.005210849102473596}