{"w": -0.05371415319568541, "b": 0.14443193304319255}