{"w": 0.22235157449394866, "b": -0.016653527861665136}