{"w": 0.33713200366801316, "b": 1.1648076720899496e-16}