{"w": 0.9999999999999999, "b": 9.869882688917642e-16}