{"w": 0.3651400152944323, "b": -0.01303785317230817}