{"w": 0.3702852190726767, "b": 0.0010589452077722078}