{"w1": 0.5321496169663092, "w2": -0.30736496846660244, "b": -0.010175004416522526}