{"w1": -0.7408627749913169, "w2": -0.8530259040401234, "b": 0.04428321698854194}