{"w": 0.07560829616071695, "b": 0.03461141354612378}