{"w": 0.07377342395391535, "b": -0.006349695070640409}