{"w1": 0.7663253286413146, "w2": -0.19517232343032484, "b": 1.1363655044882065e-16}