{"w": -0.11188610640156249, "b": 0.2658705634619535}