{"w": -0.09314331539442727, "b": 0.2257653148917698}