{"cc": -0.23625033906613493, "alpha": -1.548681409594273e-16, "beta": -0.23625033906613485, "mx": -2.581268532253489e-17, "my": -1.4876988529977099e-16, "sx": 1.0000000000000002, "sy": 0.9999999999999999}