{"w": -0.13083474229609063, "b": -0.00841316074069922}