{"w": -0.6341448249846033, "b": -0.010131765684938546}