{"w": 0.38027199089689034, "b": 0.010722284936147504}