{"w": 0.5571317354174219, "b": -0.18264008686322064}