{"w1": -0.8659748845951016, "w2": 0.14835762709947872, "b": -1.1228250784857916e-16}