{"w": 0.12331250416907469, "b": -6.000754337234327e-19}