{"w": 0.16742785388927128, "b": 0.14994413124212932}