{"w": -0.6541946822046937, "b": 0.055467936293848344}