{"w": -0.6629550854453868, "b": 6.13499270373327e-17}