{"w": -0.6570475648820122, "b": 6.12187537303746e-17}