{"w": -0.6227196971833435, "b": 0.008000139699144199}