{"w": -0.5048783598910686, "b": -0.09778215107264543}