{"w": -0.6272018292387938, "b": 0.00904756787933856}