{"w": 0.9394274480339013, "b": -0.001524049193932299}