{"w": 0.9182436777503974, "b": 0.007780980263752402}