{"w": 0.8867677218926162, "b": -0.008192955391650734}