{"w1": -2.5157825324243377, "w2": 4.7208761502818275, "b": -0.580932689347776}