{"w1": -0.5201664760825475, "w2": 0.8444476356263583, "b": -0.04320797273468152}