{"w": 0.6224216478125155, "b": -0.04660606630989214}