{"w": -0.004867685413338016, "b": 0.05141813737907296}