{"w": 0.19309213222406552, "b": 0.2251711595643306}