{"w": -0.52391295503764, "b": 0.013562086166491122}