{"w": -0.4887918315939247, "b": -0.002741232191177842}