{"w": 0.5030938270019666, "b": -1.623219253796459e-17}