{"w": 0.3563989328269912, "b": 0.013633558095826559}