{"cc": 0.7097510903835399, "alpha": -9.25752076226441e-18, "beta": 0.7097510903835399, "mx": -4.163336342344337e-18, "my": -1.2212453270876722e-17, "sx": 1.0, "sy": 1.0}