{"w": -0.6983899757762498, "b": -0.0013533336536215032}