{"w": 0.30353245872084317, "b": 1.2485163321789771e-17}