{"w": 0.24542527976868048, "b": -0.1484260681703126}