{"cc": -0.6313626204204412, "alpha": 1.835658784029829e-16, "beta": -0.631362620420441, "mx": 4.085620730620576e-16, "my": -7.438494264988549e-17, "sx": 1.0000000000000002, "sy": 0.9999999999999998}