{"w1": -1.1194568972878436, "w2": -1.497975378337715, "b": -0.307514094562509}