{"w": 0.014714384800056712, "b": 0.06493802572256413}