{"w": -0.04955242122344007, "b": 0.05623810243580768}