{"w": 1.0000000000000049, "b": 2.1399548799649986e-16}