{"w1": 0.3231463901262408, "w2": -0.028479820862181548, "b": -3.8059535611813655e-18}