{"w": -0.2978810648084049, "b": -0.12633975091020172}