{"w": 0.9528096781694787, "b": 0.0010266327618841794}