{"w": -0.689602336850298, "b": -0.018382317095461953}