{"w1": -0.27260919389576327, "w2": -0.4058987015667347, "b": -1.406849881089744e-17}