{"w1": -0.5551691588380905, "w2": 0.3976020475829975, "b": 8.798774411509941e-17}