{"w": -0.018943191173812227, "b": -0.02660713777461475}