{"w": 0.06185754044014607, "b": 6.550856251057179e-17}