{"cc": -0.16237979423268867, "alpha": -7.220025638070328e-17, "beta": -0.16237979423268867, "mx": -1.6431300764452317e-16, "my": -4.5519144009631415e-17, "sx": 1.0, "sy": 1.0}