{"w": -0.03180479423141458, "b": 0.014196032231986289}