{"w": 0.7465166859962405, "b": 0.0767417091552367}