{"w": 0.20584027647286873, "b": 0.045215148637433915}