{"w": -0.355179683294063, "b": -0.05695657240620755}