{"w": -0.40702073832328467, "b": 0.003517616391740905}