{"w1": 0.07035485925538444, "w2": 0.6287322451020285, "b": -1.1150925021688804e-16}