{"w1": -0.9953208737774477, "w2": -0.26043766753950914, "b": 0.03208314044833084}