{"w1": -1.765175088473987, "w2": -0.20068246035182413, "b": -0.02615299967645221}