{"w1": 1.1497200292123266, "w2": -1.275555322454756, "b": 0.3940648941496589}