{"w": 0.35192458754685196, "b": 0.08545463192503588}