{"w": 1.0000000000000007, "b": -2.1371793224034274e-16}