{"cc": 0.7589118070590286, "alpha": -4.736725870359941e-17, "beta": 0.7589118070590288, "mx": 3.608224830031759e-17, "my": -1.9984014443252817e-17, "sx": 0.9999999999999998, "sy": 1.0}