{"w": 0.7581536534056232, "b": -4.733990281522744e-17}