{"w": -0.3740561257490363, "b": 0.10408938231590908}