{"w": -0.3889241706740225, "b": -0.005727593284437116}