{"w": -0.07275563576376326, "b": -0.21965699495611749}