{"w": -0.027105759046519014, "b": 0.020786838839842538}