{"w": 0.4096821017400639, "b": 0.13972995735606683}