{"w": -0.15524036757361942, "b": 1.087235394163169e-17}