{"w": -0.15934227148124142, "b": 5.851854402736512e-17}