{"w": -0.1422371038756618, "b": 0.09003910560380168}