{"w": 0.021295654981514846, "b": -0.15728526111585026}