{"w1": -0.38638107315860143, "w2": -0.42833838722775597, "b": -0.026209051211788854}