{"w1": -1.0432088341404202, "w2": -0.83847385751338, "b": 0.09129638755984718}