{"w": -0.7578886175499895, "b": -0.07843274760452769}