{"w1": -2.4511048268228497, "w2": -1.6569829781339964, "b": 0.05648262857329289}