{"w": -0.3472861066600401, "b": -0.02543022873489512}