{"w": 0.039209261060809894, "b": -7.122839767364302e-17}