{"w": 0.13628113968466654, "b": 1.0040525311019157e-17}