{"w": 0.04054424900484055, "b": 0.2683247796831625}