{"w": 0.12180381954022407, "b": -2.2888866740652256e-17}