{"w": -0.32594702512647133, "b": 0.016883922578995743}