{"w1": 0.5057140212621772, "w2": -1.1223165301686029, "b": -0.0558827819996921}