{"w": 0.5305220513100817, "b": 0.07570685971303308}