{"w1": 0.8152527009941755, "w2": 0.710262048731192, "b": 0.03353550867239484}