{"w": 0.22468244868499188, "b": -0.032543980280924756}