{"w": 0.9620606095333126, "b": 0.01113993988752393}