{"w": 0.9854886147651599, "b": -0.005679884715826918}