{"w": 0.24157150108155742, "b": 0.03048487354580198}