{"cc": -0.05181148258703974, "alpha": -3.650782809283973e-17, "beta": -0.05181148258703974, "mx": -5.10702591327572e-17, "my": -3.3861802251067274e-17, "sx": 0.9999999999999999, "sy": 0.9999999999999999}