{"w": -0.051811482587039714, "b": -3.650782809283973e-17}