{"cc": 0.972763612095292, "alpha": -2.5677721712302038e-17, "beta": 0.9727636120952922, "mx": 3.552713678800501e-17, "my": 8.881784197001253e-18, "sx": 0.9999999999999998, "sy": 0.9999999999999999}