{"w": 0.9619432657299244, "b": -0.0007334510288297129}