{"w1": 1.6368541075609906, "w2": 1.6149481558843242, "b": -0.691860604368698}