{"cc": 0.04590424985057495, "alpha": -1.655141745915284e-17, "beta": 0.04590424985057496, "mx": -2.220446049250313e-18, "my": -1.6653345369377347e-17, "sx": 0.9999999999999999, "sy": 1.0}