{"w": 0.34053110706953094, "b": 0.017703198141275633}