{"w": 0.3442050693933642, "b": -1.6492337436493337e-17}