{"w": -0.14540436481778857, "b": 0.04895218102399822}