{"w": 0.015931170235547597, "b": -0.24590376434882438}