{"w": -1.000000000000023, "b": -2.0872192862953203e-16}