{"w": -0.130285043580789, "b": -0.00221358485029335}