{"w": -0.7572878457977582, "b": 0.03430130227889965}