{"w": -0.2544502928141943, "b": -5.735435519994668e-17}