{"w": -0.465907512643593, "b": -5.364392291803617e-17}