{"w": -0.23378104676095474, "b": -0.11248417188104658}