{"w": 0.5811900506401262, "b": 0.007446620298151935}