{"w1": -0.047161154665327054, "w2": -0.650620308174883, "b": 1.383497223310643e-17}