{"w": 0.9025321083428522, "b": 8.35337294243586e-05}