{"w": 0.14644482121879943, "b": 0.21285283081762243}