{"w1": -0.47663441311773275, "w2": -0.24531031233356546, "b": -5.325033995849296e-17}