{"w": 0.3561568135730578, "b": 0.08012648764740274}