{"w": -1.000000000000003, "b": -1.3100631690576822e-16}