{"w": 0.5576107104881983, "b": 0.1114367059374107}