{"w1": -1.2750100981667727, "w2": -0.15336020060784045, "b": 0.015166482417035625}