{"w": -0.3599188144726726, "b": -0.028728348990821755}