{"w": -0.15163732893061097, "b": -2.2641278501242596e-17}