{"w1": 0.5401996563562462, "w2": 0.2713558979923693, "b": -3.587296437261309e-18}