{"w1": 0.5866263845525522, "w2": 0.27527368283045356, "b": -4.06793974381469e-18}