{"w1": 0.8031729519620407, "w2": 0.3094011525261375, "b": -0.00430652727490119}