{"w": 0.26481084235962665, "b": -0.032613233910308924}