{"w": 0.3848407145826492, "b": -0.1799626645313984}