{"w": -0.33160491958819055, "b": -8.571113082525367e-17}