{"w": -0.2559521716317562, "b": -0.03882111560263967}