{"w": -0.22090753956048687, "b": 4.905132734666903e-19}