{"w1": 1.0088515251723171, "w2": -1.8533436104600702, "b": 0.0366592748703688}