{"w1": 0.45945729180695244, "w2": 0.4547773095488326, "b": -0.003122414334366104}