{"w": 0.06482675614038358, "b": -0.21578155359397866}