{"cc": -0.21418157594513845, "alpha": -3.6558636251931355e-17, "beta": -0.21418157594513848, "mx": 5.551115123125783e-18, "my": -3.7747582837255325e-17, "sx": 0.9999999999999999, "sy": 1.0}