{"w": 0.06457613531288388, "b": 0.17202636828106085}