{"w": -0.3535255963540849, "b": -2.9748638110183345e-17}