{"w1": 0.24488493207024542, "w2": 0.7861458733080505, "b": 0.011920914830474387}