{"w": -0.06322439556582954, "b": 0.06265132737514956}