{"w": -0.13539641214551804, "b": -0.003348763682764974}