{"w": 0.3690009156295012, "b": -0.06242375586174612}