{"w": -0.16034829095014969, "b": 0.11192131112826231}