{"w": -0.4627313616598865, "b": 0.16883007414602932}