{"w1": -0.8074737408671652, "w2": -0.6414100805091391, "b": -0.009646913953859729}