{"w": 0.47503704805047237, "b": -0.0439622716801899}