{"w": 0.6958499663398339, "b": 0.0835833280493617}