{"w1": -0.844443704992399, "w2": -0.6703835827835811, "b": -0.0014036065938796104}