{"w": 0.6297564067421138, "b": -0.019732745326661857}