{"w": 0.25510494532285294, "b": 0.033068878297118055}