{"w": 0.279431146312306, "b": -0.05207105341973184}