{"w": 0.2452167734044885, "b": 0.0001690561539414723}