{"w": -0.3564288403259259, "b": -0.334348805293358}