{"w": 0.7323587915835683, "b": -0.0015217787418635963}