{"w": -0.1055425768275713, "b": 0.07174661866231233}