{"w": -0.015691872084640342, "b": -8.820017186804353e-17}