{"w1": 0.4100644334772605, "w2": -2.6269447112351574, "b": 0.20991332271162627}