{"w1": -1.5288505614661774, "w2": 0.5098905519713739, "b": -0.23862684540823964}