{"w1": -0.41888089917843624, "w2": -0.02955389351778894, "b": 7.834556458106653e-18}