{"w": 0.9541197995255202, "b": 0.0017208107376842884}