{"w": 0.5841845406203756, "b": -0.0048879121475659225}