{"w": 0.5868927111073354, "b": -0.004837552698298782}