{"w": -0.08604829161113937, "b": 0.06550097254301457}