{"w1": -1.3323317683893832, "w2": -0.9761522244931784, "b": 0.16494100668823014}