{"w1": 1.3958375981677325, "w2": -5.531397817814597, "b": -0.661960032117476}