{"w": 0.6715985932269651, "b": -2.862828050707058e-16}