{"w": 0.677636942217018, "b": -2.866314086028387e-16}