{"w": -0.38173094219195, "b": 2.3790774964041036e-17}