{"w1": 0.02395957028820967, "w2": 0.429302625888625, "b": 8.477161487708506e-18}