{"w": 0.7228595324730788, "b": -1.6662123935762122e-15}