{"w": -0.3343652246001795, "b": 0.0014281136036456143}