{"w": 0.5630839306093476, "b": 1.0972528473075358e-17}