{"w1": 0.49229328040417525, "w2": 0.5730132494298633, "b": -3.676303246283977e-17}