{"w": -0.12569073617680357, "b": 0.06707154221048137}