{"w": 0.5026779535782255, "b": -0.0953255773852053}