{"w": 0.5313090170987177, "b": -0.09897473923737335}