{"w": 0.3910439914133325, "b": 0.00039413950889331415}