{"w": 0.4138649448543882, "b": -0.0008330893392098498}