{"w1": 0.9836633778255365, "w2": 1.2033363578072795, "b": 0.5494152213343997}