{"w1": -0.35309952771424763, "w2": -0.5303877888555688, "b": -5.4359434591283326e-17}