{"w1": -0.5345091043238374, "w2": -0.44804987292815684, "b": 9.038393552303928e-17}