{"w": -0.14887343060782954, "b": -0.04813408349162218}