{"w": -0.14571630726002313, "b": 9.355383269424977e-17}