{"w": -0.2365105327510143, "b": -0.2101117270760906}