{"w1": 0.06638419404286196, "w2": 0.6301879336487797, "b": 2.775654715141902e-17}