{"w1": 0.4637248420434356, "w2": 1.9006779244971754, "b": 0.03255792163035402}