{"w": 0.5420393758287628, "b": 0.012087026987994128}