{"cc": -0.5901862407914366, "alpha": -2.5822483218092085e-16, "beta": -0.5901862407914366, "mx": -1.0880185641326534e-16, "my": -1.940114735532461e-16, "sx": 1.0, "sy": 1.0}