{"w1": 0.618352939063629, "w2": 0.24275863418508634, "b": 0.004585748110608299}