{"w": -0.019364997186090676, "b": 0.011275231773655112}