{"w": 0.7974038721249493, "b": -0.008149011670985043}