{"w1": 0.2965141964804548, "w2": -0.15152385497758794, "b": -3.05347718924892e-17}