{"w1": 0.2966727072916151, "w2": -0.1516078473487008, "b": -1.4681591677390138e-06}