{"w": -0.03153697483608646, "b": -1.2806656016481893e-16}