{"w": 0.4344158323760226, "b": -0.09388270082243604}