{"w": -0.13441776752015794, "b": 0.1899603134563383}