{"w": 0.9792150874055423, "b": -0.0012593349657048832}