{"cc": 0.5446201536623094, "alpha": -1.885924315316582e-16, "beta": 0.5446201536623095, "mx": 2.9531932455029166e-16, "my": -2.7755575615628914e-17, "sx": 0.9999999999999998, "sy": 1.0}