{"w": 0.39010880678574283, "b": 0.09007441768471021}