{"w": 0.3874976246281553, "b": 0.08986969408096475}