{"w1": -0.21696922475068248, "w2": 0.9022969971786032, "b": -0.027841353682150988}