{"w": 0.41585180063807786, "b": -0.01016581890025881}