{"w1": 0.6731273734676508, "w2": 0.8618368005379949, "b": -0.009767329697383781}