{"w1": 0.4538358587158302, "w2": 0.7168842401279109, "b": -0.056000941078284426}