{"cc": -0.23234753004495606, "alpha": 1.2984550780670034e-16, "beta": -0.23234753004495606, "mx": -4.996003610813204e-18, "my": 1.3100631690576846e-16, "sx": 1.0, "sy": 1.0}