{"w": -0.2764226608433119, "b": 0.030401592929509162}