{"w": 0.860889771664688, "b": 4.576094551433236e-17}