{"w": -0.004339413535477457, "b": -1.1639034434646408e-16}