{"w": -0.3293390578507835, "b": 0.15377913338445728}