{"w": 0.08041330613593146, "b": -7.747072471130243e-17}