{"w": 0.5107876814044198, "b": 7.630958346938115e-17}