{"w": -0.12146144321910886, "b": 0.10778978586663719}