{"w": 0.05632853778077584, "b": 2.6927144213035825e-17}