{"w": 0.6515282737143987, "b": -0.02386844732449337}