{"w": -0.0797478078591349, "b": 3.0541018098741915e-17}