{"w1": 0.8492027216722029, "w2": 0.2613611539306185, "b": -0.05818731623307843}