{"w1": -0.6481072164835071, "w2": -1.1630162337048706, "b": 0.002495037784741777}