{"w": 0.578900447313139, "b": 0.02069615438348532}