{"w": 0.593743971583826, "b": -1.4779696771820751e-16}