{"w1": 0.0668471563539185, "w2": -0.6030447464996204, "b": 0.0029317524010273738}