{"w": 0.17762664224303043, "b": 0.13546354555943568}