{"w": -0.042088551968819304, "b": 1.3486176940769382e-05}