{"w": -0.5839594804547458, "b": 2.5798086900563997e-17}