{"w": -0.5456926286883822, "b": 0.0020847174818066135}