{"w": 0.46995239747005124, "b": -0.06857898426151941}