{"cc": -0.3522444881037826, "alpha": 2.0037058674618006e-17, "beta": -0.3522444881037826, "mx": 7.618905506490137e-17, "my": -6.800116025829084e-18, "sx": 1.0, "sy": 1.0}