{"w": -0.31726484036644864, "b": -0.10087297248580204}