{"w": -0.16484529683019913, "b": -0.03767526335990837}