{"w": 0.46466227406759847, "b": 0.07441181381691875}