{"w": 0.7090467323581255, "b": 0.012208904237368737}