{"w": 0.6949438363945917, "b": 6.650172997642312e-05}