{"w1": -0.5502680400857948, "w2": 0.10640452282784767, "b": 7.075013240479576e-18}