{"w": 0.967955494839683, "b": 4.5277458231471836e-17}