{"w": 0.9761681684668371, "b": -0.003956363449769466}