{"cc": -0.09827017023202236, "alpha": -6.970970597406312e-17, "beta": -0.09827017023202236, "mx": 2.4980018054066023e-17, "my": -7.216449660063518e-17, "sx": 1.0, "sy": 1.0}