{"w": -0.09817199823378865, "b": -6.97121583123514e-17}