{"w": -0.09827671329870354, "b": 0.05741626407492961}