{"w": 0.5625669778547407, "b": -4.097613905201872e-17}