{"w1": 0.21816057908170783, "w2": 0.5822965576634864, "b": -8.245721624657226e-17}