{"w": -0.31580065716934297, "b": -0.07211876292726702}