{"w1": -0.2856271553505516, "w2": 0.9737955079885057, "b": -0.08786025915453305}