{"cc": -0.761722717946681, "alpha": 1.1743919341355419e-17, "beta": -0.761722717946681, "mx": -3.9968028886505634e-17, "my": 4.218847493575595e-17, "sx": 1.0, "sy": 1.0}