{"w": 0.11529745160267593, "b": 0.00818640339279032}