{"w": -0.3070370922956991, "b": -0.08542950007088765}