{"w": -0.0696594186270492, "b": 4.359151051692272e-17}