{"w": 0.5076501531779223, "b": -0.010560664676236505}