{"w": 1.0000000000000004, "b": -5.273559366969497e-17}