{"w": 0.4715037995956244, "b": -1.0783065186411748e-17}