{"w1": 0.4280303375951346, "w2": 0.32248249253448763, "b": -3.801673088289578e-17}