{"w1": 1.2647600976197846, "w2": 1.0038062835354031, "b": 0.01267023632098807}