{"w": -0.043606729658839875, "b": -7.182232376638488e-17}