{"w": 0.10321852289678024, "b": 0.13185199862997155}