{"w1": 5.801228963873687, "w2": -0.7020723110470554, "b": -1.0404444562199424}