{"w": -0.9999999999999986, "b": 9.992007221626388e-18}