{"w": -0.06351426926805846, "b": 0.11642518829674277}