{"w": 0.034028132899274144, "b": 1.1242318528304492e-16}