{"w1": 1.7442359151011204, "w2": -2.4208826660603124, "b": 0.12735256028564235}