{"w1": 1.0179940083603505, "w2": -0.9445831531866088, "b": 0.187611567889593}