{"w1": 0.25968429605904225, "w2": -0.7330477313317197, "b": 5.768094736387095e-17}