{"w": -1.000000000000002, "b": -2.220446049250321e-17}