{"w": 0.3954140159458549, "b": 1.2190107551602918e-17}