{"w": 0.4444493207189423, "b": -0.0026647382876461793}