{"w": -0.03214174202841653, "b": -0.053948120689199255}