{"w": 0.02755144194658548, "b": -3.572875865334764e-17}