{"w": 0.6355315439700494, "b": -0.07212559407334318}