{"w": 0.7238597980543856, "b": 0.012402300149044532}