{"w": 0.110956192973346, "b": -0.004963365566970223}