{"w": 0.11414732691453515, "b": 0.01138399317931148}