{"w": 0.13254990804280817, "b": -0.014077334647941316}