{"w": 0.3980678999601264, "b": -0.010382165311192307}