{"w": -0.5171317119243816, "b": -1.5175216275112853e-16}