{"w": -0.512011595964734, "b": -1.5165668140856308e-16}