{"cc": 0.04141108617792509, "alpha": 3.8283958937170037e-17, "beta": 0.0414110861779251, "mx": 1.0769163338864018e-16, "my": 4.274358644806853e-17, "sx": 0.9999999999999999, "sy": 1.0}