{"w": 0.9578402745538145, "b": 0.007464599951172173}