{"w": 0.9497244853396946, "b": 0.01770683322252251}