{"w": -0.6009019089191282, "b": 6.521153341012596e-19}