{"w1": -2.129320979949564, "w2": -2.5637495620871467, "b": -0.035518917550569414}