{"w": 0.5012012060252558, "b": -0.0035751221259829446}