{"w": 0.5898946695838319, "b": -0.003692751731588362}