{"w": -0.5178064642757415, "b": 0.00798722994170583}