{"w": 0.631735337070222, "b": -5.177492517094922e-16}