{"w1": -2.552205033727724, "w2": 0.17489421356862447, "b": -0.2707961308339906}