{"w": -0.5531059551793683, "b": 0.31838578748091206}