{"w1": -2.9045787199653517, "w2": -0.7522188115100146, "b": -0.9306849261473893}