{"w": -0.21549574991566867, "b": 0.2074600347581547}