{"w": 0.1305460529529307, "b": -0.013229354226145108}