{"w": -0.41070895180267153, "b": -0.0814593796317447}