{"w": -0.5999175485331466, "b": 0.021008175503386982}