{"w": -0.5663092331530524, "b": 0.020856855757253493}