{"w": -0.5406177378243624, "b": -0.0006896075891279357}