{"w": -0.07430583248462452, "b": -0.137515146086562}