{"w": 0.5890315725970222, "b": 2.3823550906383104e-17}