{"w": 0.42853153210227124, "b": -0.12076484516679434}