{"w": -0.12499905085693436, "b": -0.12335888160719982}