{"w": -0.33530016012970104, "b": -0.20166890767680423}