{"w": 0.2742832667403151, "b": 0.04787068519820784}