{"w": 0.2967043142030798, "b": -0.009049711312192319}