{"w": -0.15443395796146472, "b": -0.11632993873555494}