{"w1": 1.3427929792262603, "w2": 1.6921663096167452, "b": 0.029659028066675197}