{"w1": -3.5491627400633425, "w2": -7.7740768794686534, "b": 0.29395536734203365}