{"w1": -0.5413916344441753, "w2": -1.0173680684534447, "b": -0.0055403564616655215}