{"w": -0.9834763508861313, "b": 0.03403510443295217}