{"cc": 0.20652200035718943, "alpha": 5.6717874785665e-18, "beta": 0.20652200035718948, "mx": 1.5543122344752193e-17, "my": 8.881784197001253e-18, "sx": 0.9999999999999998, "sy": 1.0}