{"w": 0.1567524380564149, "b": 0.014434011846958392}