{"w": 0.2129486862681812, "b": 0.001421968152003483}