{"w": -0.39361960139357494, "b": 0.022864665555808874}