{"w": -0.3722443245661911, "b": 1.0167829341655484e-16}