{"cc": -0.13825265250467259, "alpha": 1.84189533631426e-18, "beta": -0.1382526525046726, "mx": 1.3322676295501878e-17, "my": 0.0, "sx": 0.9999999999999998, "sy": 1.0}