{"w": -0.12073231140587141, "b": 0.08292274081056092}