{"cc": 0.41403900355718665, "alpha": -6.07471988091925e-17, "beta": 0.4140390035571866, "mx": 1.1990408665951691e-16, "my": -1.1102230246251566e-17, "sx": 1.0, "sy": 0.9999999999999999}