{"w": 0.6213705328291733, "b": -0.0008823754573340781}