{"w": 0.6032639516965893, "b": -0.0007132460832717127}