{"w": 0.5968229375342926, "b": 0.001577439071186561}