{"w": -0.5303248842209018, "b": 0.25346569266311647}