{"w1": 0.46764340875426125, "w2": -1.1124905374225942, "b": 0.0625394414755943}