{"w1": -0.7186762066364809, "w2": -0.5957562057567819, "b": -0.00716478763402756}