{"cc": -0.48997462855308405, "alpha": -2.0001823080390073e-16, "beta": -0.48997462855308416, "mx": 1.7763568394002505e-17, "my": -2.0872192862952942e-16, "sx": 0.9999999999999998, "sy": 1.0}