{"w1": 0.11844058566266431, "w2": -0.5210634204539293, "b": -3.722689923295288e-18}