{"w1": 0.30216655083046373, "w2": 0.7743836621075509, "b": -0.10668772258362956}