{"w": -0.5560131572973261, "b": 0.02051119920049882}