{"w": 0.7598580653955245, "b": -0.002859000425557581}