{"w1": 0.7559020504832692, "w2": 0.02479021180666937, "b": 1.1253670100514726e-17}