{"w1": -0.6034176256236611, "w2": 2.2187921149891205, "b": 0.020317901018858428}