{"w1": -1.1472007652050857, "w2": -2.0150872128048576, "b": 0.13090311636246843}