{"w": -0.3605234572512855, "b": -3.123830958456191e-17}