{"w1": 0.8810636197944516, "w2": 0.009653681524411246, "b": 7.932594329851079e-18}