{"w": 0.7462604031438357, "b": 3.4433520909509977e-17}