{"w": 0.6757080709020715, "b": 0.007404133720308506}