{"w": -0.4344272643780116, "b": 0.0049670725221618185}