{"w": -0.9773992015029915, "b": -0.009225550452471244}