{"w": -0.9519229516367926, "b": -0.01379390553593822}