{"w1": -1.064464925472314, "w2": -2.0100875408326693, "b": 0.05771504387985513}