{"w1": 0.5892122364726187, "w2": 1.1097376165175095, "b": 0.0021994252577549316}