{"w": -0.10812200161598333, "b": -3.9336822562498116e-17}