{"w1": 1.1227482864373801, "w2": -1.5864551488021161, "b": 0.23699766206304443}