{"w": -0.2014078848741494, "b": -0.1882792380682016}