{"w1": 0.8174707630487479, "w2": -1.9691580554855614, "b": 0.14849711580630873}