{"w": -0.5563275584207672, "b": -0.024323541449399126}