{"w": -0.5601443727096572, "b": -0.024210177303916815}