{"w1": -0.7345388960183716, "w2": -1.2544698286616212, "b": 0.013104959548672558}