{"w1": -0.7335308098081248, "w2": -0.18266071550710547, "b": -4.8730711381821215e-17}