{"cc": 0.16134112768394954, "alpha": -2.727827840615135e-16, "beta": 0.1613411276839495, "mx": -1.582067810090848e-17, "my": -2.753353101070388e-16, "sx": 1.0, "sy": 0.9999999999999998}