{"w": 0.3667612163764031, "b": 0.031241773148585367}