{"w": 0.14582399797990533, "b": -0.0007150920486176451}