{"w1": 1.2118115181700084, "w2": 0.46074310674657554, "b": -0.010232676173032607}