{"w1": 1.3195560141448597, "w2": 0.4854020561990841, "b": 0.20238583090563364}