{"w": 0.5356691282421946, "b": -0.006285614384271797}