{"w": -0.03169906748193444, "b": 0.1478276469312031}