{"w1": 0.32634679126901145, "w2": 0.34120210022265307, "b": 0.0068453641131351675}