{"w1": -0.4575715764198085, "w2": -0.2843499986815258, "b": 5.091025407480457e-17}