{"w": 0.6857706570536334, "b": 0.002694025815969486}