{"w": 0.6759268621826626, "b": 6.98001556198797e-17}