{"w": 0.24613213904040937, "b": 0.011949043707625473}