{"w": -0.11970224334259331, "b": -0.016364010155656958}