{"w": -0.25296843854814743, "b": 5.695399856356775e-18}