{"w": -0.17634897830050703, "b": -0.051027849561811285}