{"w1": -0.7118721326288157, "w2": 0.2012911815045814, "b": 0.025631540687385455}