{"w": -0.353826852947972, "b": -0.12133634982800567}