{"w": -0.3783859909572601, "b": -0.12359526367512591}