{"w": 0.4679554988429309, "b": 8.587233909295624e-17}