{"w": 0.07467672559132951, "b": -0.002374103145257718}