{"w": -0.14852611174459987, "b": 5.953916923655123e-17}