{"w": -0.11828439156171479, "b": 0.0004615959167366332}