{"cc": -0.13184029301296044, "alpha": 5.058364211843738e-16, "beta": -0.13184029301296044, "mx": -6.217248937900877e-17, "my": 5.140332604014475e-16, "sx": 1.0, "sy": 1.0}