{"w": 0.32693223200623694, "b": 0.08647673277721782}