{"w": -0.08719037484706772, "b": -2.6309535659825904e-17}