{"w": -0.14014712517076824, "b": 0.09744207901263116}