{"w": 0.03158144438135456, "b": 3.1661765401907285e-17}