{"w": -0.23933958212977552, "b": -1.573783001130694e-17}