{"w": -0.2431976999179532, "b": 0.0271910179593857}