{"w1": -0.4063940747141351, "w2": 1.486736535593991, "b": -0.025996876931980106}