{"w": 0.139456799700832, "b": 0.025730130171611052}