{"w": 0.9125824856629582, "b": 0.00767314059417217}