{"w1": 1.5792396924179064, "w2": -2.319683331621265, "b": -1.0062501693526524}