{"w": -0.9999999999999997, "b": 2.9087843245179103e-16}