{"w1": 1.3786626130209034, "w2": -2.5653658540664415, "b": 0.310149210579753}