{"w": 0.07001846835012411, "b": 0.04849416091712791}