{"w": -0.2910101171822487, "b": 0.14074002226210647}