{"w": -0.6807452333032478, "b": -8.97442913314833e-17}