{"w": 0.25694499559294326, "b": -0.01124835149427848}