{"w1": -22.103563438668786, "w2": 14.489612296067994, "b": 5.959760435098958}