{"w1": -1.4535194118330117, "w2": 0.9586402063911784, "b": 0.38620371299453266}