{"w": -0.2935205603645112, "b": 0.0039157447788845945}