{"w": 0.8833023488191903, "b": -0.011323684210222179}