{"w": 0.25714899430288624, "b": 0.023464853585027555}