{"w": 0.03354474630048655, "b": -7.5568216559851464e-06}