{"w1": 0.5507000056636993, "w2": 2.231294471033068, "b": 0.027540186691242304}