{"w1": 0.14218712499458577, "w2": 0.9070836552805813, "b": 0.010896375422871989}