{"w": 0.33967975398698896, "b": 0.004586740612979576}