{"w": 0.3952014668832575, "b": 3.441691376337985e-17}