{"w": 0.400822848943087, "b": -0.005012248885557138}