{"w1": -27.901226444868463, "w2": 3.4651070461585025, "b": -12.431059264656877}