{"w": -0.2239780100126642, "b": -0.05562154980915531}