{"w": -0.08479856937225781, "b": 2.7463502525671863e-16}