{"w": -0.08829309263064487, "b": -0.0017746927568628862}