{"w": 0.25928234841627706, "b": -0.06966268952478943}