{"w": 0.20798504716993738, "b": 0.001616075651903288}