{"w": -0.5316920449822685, "b": 0.006308948366378996}