{"w": 0.5573985670407313, "b": 0.00015331103780908198}