{"w": 0.15856458242087418, "b": -0.00786082682053937}