{"w": -0.7314152210068364, "b": 4.1858342943023465e-17}