{"w1": -1.344291632653919, "w2": -1.5578817201946178, "b": 0.019916036989050125}