{"w": 0.41517767864683536, "b": 2.350302690546516e-17}