{"w": -0.4842119523619838, "b": -6.341135320416922e-17}