{"w": -0.09441244211451168, "b": 0.1256586333706913}