{"w": -0.3977882531151711, "b": -2.0334270076853622e-16}