{"w": -0.15369712499764845, "b": -4.282375287821566e-18}