{"w": -0.8509575214898821, "b": 0.020315971597073174}