{"w": 0.27191269803025, "b": -0.10214486570686339}