{"w": 0.9999999999999991, "b": -3.461120279268922e-16}