{"w1": 1.0745128388155134, "w2": 1.9379807990659463, "b": -0.3710128557633903}