{"w1": 0.8556348000702714, "w2": 0.9335315355931051, "b": -0.3431528502995059}