{"w": 0.13772206832269487, "b": -0.11676748776881096}