{"w": -0.12648142198115683, "b": -0.04984053715993143}