{"w": -0.15915921489888643, "b": 0.004128232686451537}