{"w1": -0.5784121007027673, "w2": 1.2649838839570056, "b": 0.13574431753618924}