{"w1": -0.46469910698308853, "w2": 0.5792945364440839, "b": 0.008126734277426655}