{"w": 0.9090909090909092, "b": 2.5232341468753535e-18}