{"w": 0.3101252759340593, "b": -0.021566486936855592}