{"w": -0.10603416541007507, "b": -2.544451545879422e-17}