{"cc": 0.3172130957973166, "alpha": 2.825121756403659e-16, "beta": 0.3172130957973166, "mx": 8.937295348232511e-17, "my": 3.108624468950438e-16, "sx": 1.0, "sy": 1.0}