{"w": 0.23390909506247776, "b": 0.21633326269954967}