{"w": 0.2883755416339241, "b": 2.850894730271548e-16}