{"w1": -0.7586619674521556, "w2": 1.2114368896323138, "b": -0.05438245317675887}