{"w1": -0.3122562727642372, "w2": 0.34555475188235224, "b": -8.985615774190507e-18}