{"w": 0.13130713757631188, "b": -0.003591766215588238}