{"w": 0.15867353267691048, "b": 0.18782088648374035}