{"w": 0.15912257112866185, "b": 0.18782438952013275}