{"w": 0.1524358231092452, "b": 0.1702071354797109}