{"w": 0.46066278910948466, "b": -2.9389384499366247e-17}