{"w1": -0.317098296479439, "w2": 1.0981779653717736, "b": -0.010250594621146303}