{"w": 0.40348351426172724, "b": 0.2725709697932469}