{"w1": 0.3410049585211083, "w2": 0.31962462904566236, "b": 5.672876404612663e-19}