{"w1": 0.7895858635576405, "w2": 0.6094090350150275, "b": 0.003733116062488268}