{"w1": 0.38229459720190434, "w2": 0.34918720853806384, "b": 0.0010208787477774608}