{"w": 0.8732503298301391, "b": 0.005308436319995252}