{"w1": -0.2142890573689191, "w2": 2.012136774127098, "b": 0.06808069852618079}