{"w1": 0.2694579252553996, "w2": -0.5698055508069328, "b": -8.107344994771362e-17}