{"w1": 2.7254667017794922, "w2": 1.0566913328518432, "b": -0.2655461912816739}