{"w": -1.0000000000000002, "b": 2.4202861936828424e-16}