{"w": 0.675169445222085, "b": 1.2590146330951562e-16}