{"w": 0.6144041951520974, "b": 1.2138987654041923e-16}