{"w": 0.6701726635437246, "b": -0.01062753964217909}