{"w": -0.5714852439954194, "b": -0.042548369596085794}