{"w": 0.25007516112001227, "b": 0.3008936283128079}