{"w": -0.5946305502064231, "b": -2.1172768091729364e-16}