{"w1": 0.8658433443828258, "w2": -1.215096702574888, "b": -0.1555932692882688}