{"w": 0.44473180455980194, "b": -0.1048487801860241}