{"w": 0.4101829438859592, "b": 0.0758083274154579}