{"cc": 0.06708379701217797, "alpha": 1.0113853889706863e-16, "beta": 0.06708379701217797, "mx": 6.661338147750939e-18, "my": 1.0158540675320183e-16, "sx": 1.0, "sy": 1.0}