{"w": 0.052162948091786676, "b": -0.013496020773022255}