{"w": 0.07149169721831078, "b": -0.0027693898287104728}