{"w": -0.25456213775080494, "b": -0.06853627894825923}