{"w": -0.20218282621832537, "b": -0.04348945949525475}