{"w": -0.3405993842920492, "b": 0.007931476319750021}