{"w": -0.4606960967951583, "b": 0.01365578305436084}