{"w": -0.19264711437951731, "b": -0.046508698598243914}