{"w": 0.4162349745503618, "b": 4.3660627425211735e-16}