{"w": 0.44692302576831877, "b": -0.12284834789308852}