{"w": 0.6563840237892122, "b": -0.05901372625312573}