{"w": 0.07441192986803735, "b": -0.04265255625436602}