{"w": 0.6833827347560704, "b": -0.015274004652014492}