{"w": 0.010305422914994651, "b": -0.07989984290720838}