{"w1": -0.7325174904013899, "w2": -0.37554620409741013, "b": 1.0216603948694645e-16}