{"w": 0.7855747861113228, "b": 0.005748284987232969}