{"w": -0.2541451620256801, "b": 0.08322817377178052}