{"w": 0.7255484575691112, "b": 0.016943970495352123}