{"w": -0.2675404625230202, "b": -0.07136869888631647}