{"w": -0.2002537523317139, "b": 4.210114121457741e-18}