{"w": -0.3867562512007363, "b": 9.038834960152266e-17}