{"w": 0.34339185763464175, "b": -0.1454627402334607}