{"w": 0.49901895348668657, "b": -1.554442936126496e-16}