{"w": 0.49077264384710245, "b": 0.024996227952493236}