{"cc": -0.12928157407923818, "alpha": -1.512633529217425e-16, "beta": -0.12928157407923815, "mx": 3.4139358007223566e-16, "my": -1.9539925233402755e-16, "sx": 1.0, "sy": 0.9999999999999999}