{"w1": -0.2812620040410306, "w2": -0.5369995617858809, "b": 2.4642125181822274e-17}