{"w": 0.054706325078786915, "b": -0.07152453470804403}