{"w": 0.011566898958395723, "b": 0.01822376981924034}