{"w": -1.0000000000000062, "b": 3.67483821150928e-16}