{"w": 0.5508028928104629, "b": -0.03056781664306104}