{"w1": -1.6255093781026622, "w2": -1.3677588394367508, "b": -0.26438437994397707}