{"w": 0.522790075732653, "b": 6.816218463692902e-18}