{"w": -0.3985022779174947, "b": 1.228267677232728e-17}