{"w": 0.03621892009246598, "b": -0.024246922984694785}