{"w": -0.4101805996295819, "b": 0.27428952626312586}