{"w": -0.39719626416224013, "b": -0.06396402748963623}