{"w": -0.4747202294668748, "b": -0.05200729997864251}