{"w": -0.41536041395768664, "b": -0.03647854977420399}