{"w": -0.44270646685852, "b": 0.004929036176515186}