{"w": 0.07069308307345912, "b": -0.006428750672672411}