{"cc": -0.14634652721473995, "alpha": 2.2637541166865217e-17, "beta": -0.14634652721473995, "mx": -3.497202527569243e-17, "my": 2.7755575615628914e-17, "sx": 1.0, "sy": 1.0}