{"w": 0.32418198127910774, "b": 0.0011603714956728156}