{"w": -0.21389284255028262, "b": -0.040386661182358875}