{"w": -0.2507945095182957, "b": -0.0013813426152544555}