{"w": 0.0005191318113206392, "b": 0.0007793946652019275}