{"w": 0.6053394078136617, "b": -0.008036493395738923}