{"w": -0.3198257472216507, "b": 0.0081915885980942}