{"w": -0.12666457412952456, "b": 0.07541095400987965}