{"w1": 1.5080950075417154, "w2": 1.2451211125651176, "b": 0.00683976385754145}