{"w": -0.9999999999999999, "b": -1.665334536937735e-17}