{"cc": 0.08560017589500205, "alpha": -8.499066416993142e-17, "beta": 0.08560017589500202, "mx": -9.658940314238862e-17, "my": -9.325873406851315e-17, "sx": 1.0000000000000002, "sy": 0.9999999999999999}