{"w1": 0.7790718858583896, "w2": 3.7213648621624187, "b": -0.03902859291981767}