{"w1": 0.04996578771838192, "w2": 0.7436754361215645, "b": -1.1808667544282583e-17}