{"w": -0.09837510028026954, "b": 0.054258861639820986}