{"w": -0.12128634129988188, "b": 0.05904159704945761}