{"w": -0.14047146009001088, "b": 0.05381908261054266}