{"w": -0.5358295039077374, "b": 0.1560893727836007}