{"w": -0.48854730670929686, "b": 0.13785207821653103}