{"w1": -1.0847253960094678, "w2": 0.10860845588142361, "b": 0.004394870244771172}