{"w": 0.9205276788610445, "b": -0.0013902481451018751}