{"w": 0.8819285445860776, "b": 0.00466833378601909}