{"w": 0.5695685211701627, "b": -4.293192968694448e-17}