{"w": 0.5644931581102306, "b": -4.279669484868524e-17}