{"w1": 0.23351639067639596, "w2": 0.6718324665675036, "b": -0.006100751385131649}