{"w1": -1.3329354530395228, "w2": -0.08791129909239061, "b": -0.02970015050086427}