{"w1": -0.6029516618674411, "w2": -0.02560598382180541, "b": -0.004587871861623585}