{"w": -0.6486490071199208, "b": -1.7775576456438985e-16}