{"w": -0.511386668479531, "b": 0.027791797429703342}