{"w": 0.3253437074480236, "b": -6.037781612732703e-17}