{"w1": 0.9220345450267169, "w2": -0.26939050242248525, "b": -5.741168232172249e-17}