{"w1": 2.3914284119817237, "w2": -0.7443413517569861, "b": -0.18842479443556998}