{"w": 0.5954398144976347, "b": 0.010363836653516858}