{"w": 1.0000000000015243, "b": -2.8628088754612672e-12}