{"w": -0.08185730977425935, "b": -0.18434176661752893}