{"w1": -0.621247727408794, "w2": 0.6776430287558312, "b": -0.06932451430116608}