{"w": 0.9845845113891829, "b": 0.0063924504192138885}