{"w": 0.9749044873483527, "b": 4.21799917081558e-18}