{"w": 0.49984064766953773, "b": 2.3295930354739758e-17}