{"w1": 0.22060261723671412, "w2": -0.46785566054362143, "b": 1.2397152846417426e-17}