{"w": -0.4312295289811126, "b": -0.01694680820370951}