{"w1": 0.4208663850173321, "w2": -1.5201866742245689, "b": 0.0912632395595022}