{"w": -0.004015231282274575, "b": -0.03382619311560446}