{"w": 0.4505244868257306, "b": 8.791568841391148e-17}