{"w1": 2.1230871830281077, "w2": -0.9019115289034426, "b": -0.13434892308272722}