{"w": 0.7478820276119617, "b": 0.0153178561756326}