{"w": 0.7822094287674791, "b": -3.4873267766674543e-17}