{"w1": 0.708285911377211, "w2": 0.013665294693734578, "b": 3.0756322932009194e-17}