{"w1": 1.0558752896457624, "w2": -0.3279595190311003, "b": -0.08795014227866785}