{"w": 0.31532549411354405, "b": 0.07505894842086747}