{"w1": -1.527491525513675, "w2": 0.1276666237823058, "b": 0.07029007455455402}