{"w1": 0.5780664386713507, "w2": 0.3458461233504411, "b": -5.685387214036283e-18}