{"w": 0.6822855334265017, "b": 1.5335037238808336e-17}