{"w": 0.5254354454507383, "b": -0.06274543706578692}