{"w": 0.1206278957243686, "b": 0.0832491080066351}