{"w1": 0.17855116336905977, "w2": 0.14680846956058308, "b": 1.1642352238175335e-06}