{"w1": -0.813770565085701, "w2": -3.4285785033508716, "b": 0.7413247965529511}