{"w": -0.3275671975527444, "b": -0.00685904900062587}