{"w": -0.30444720391670116, "b": 7.618132476868701e-17}