{"w": -0.033489348876375724, "b": -0.48559638624546714}