{"w": 0.5626942572719162, "b": -3.1643081552984816e-17}