{"w": -0.253208636705706, "b": -0.02949058503672294}