{"w": -0.16213059321287426, "b": 2.0164015560833886e-17}