{"w": -0.12948329722016866, "b": -0.029029439982931657}