{"w": -0.16544711727371894, "b": 0.008663674211733504}