{"w": 0.2158630114530925, "b": 0.04689877337234438}