{"w1": 1.3685634640420272, "w2": -0.15488989986647592, "b": 0.11185807811641427}