{"w1": 2.143181575472876, "w2": -0.8435781255804046, "b": -0.33702734135283907}