{"cc": 0.23776267626300118, "alpha": -3.245268373784474e-17, "beta": 0.23776267626300118, "mx": 2.4424906541753444e-17, "my": -2.6645352591003756e-17, "sx": 1.0, "sy": 1.0}