{"w": 0.24022166480776502, "b": -0.001507534469948877}