{"w": -0.10345422558821654, "b": 0.00473145012242384}