{"w": -0.42439600263123733, "b": 2.7368169228520524e-16}