{"w1": 0.34985406131890434, "w2": -0.5424285177169701, "b": -0.014901952109130132}