{"w": 0.4711430563301305, "b": 0.01071882048663849}