{"w": -0.8018167087344356, "b": 0.026258391206872567}