{"w": -0.7257319361038598, "b": 0.00023253023883149484}