{"w": -0.7646792103307591, "b": -0.00010333368926043404}