{"w1": -0.490632979434556, "w2": 2.0067287035615395, "b": -0.25237504790269205}