{"w": -0.1349138349367573, "b": -5.76789560023908e-17}