{"cc": 0.4908316110525693, "alpha": 5.197003938810164e-17, "beta": 0.4908316110525693, "mx": -4.5657921887709563e-17, "my": 2.955968803064479e-17, "sx": 1.0, "sy": 1.0}