{"w": -0.9716400915818295, "b": -0.006744124264910549}