{"w": 0.41095948628943996, "b": -0.008547210916383649}