{"w": 0.06642390746260378, "b": -0.00017922765686479905}