{"w": 0.06995040677484719, "b": -0.00022684599998694724}