{"w": -0.6727871438305779, "b": -0.0026178320733850446}