{"w": -0.32433567577166456, "b": 0.015659965028436727}