{"w": 0.619258162902753, "b": 1.0920295286330434e-17}