{"w1": -0.5543756684502111, "w2": -0.45268709385073536, "b": -7.953170985349127e-17}