{"w1": -3.451450400215221, "w2": 0.9694318482916007, "b": -0.07475491207095221}