{"w": 0.5859356055063732, "b": -0.13192696619798794}