{"w": 0.15690262012349962, "b": -2.2292687832615723e-17}