{"w": -0.16842112854775193, "b": -0.16313472465076695}