{"w": -0.16317500654175476, "b": -0.18008375069310706}