{"w": 0.2278114873439366, "b": 5.2625660317105946e-17}