{"w": 0.39667757199970516, "b": -0.0657967986366006}