{"w1": -17.8291122815339, "w2": -16.70907006464153, "b": 1.919695346883838}