{"w1": 0.6454843997456071, "w2": -0.43970079102393284, "b": -1.1379178408084587e-16}