{"w1": 0.696682348400115, "w2": -0.5002783309102914, "b": 0.010482996277477591}