{"w1": -0.6566295577494563, "w2": 0.21136385760058585, "b": -0.02668841355700797}