{"w": 0.3685655608730272, "b": 0.020242689216689286}