{"w": 0.4825012535267147, "b": 0.0008887144874992169}