{"w1": 0.5502647557375482, "w2": -0.3934778978664408, "b": -5.0818271205546205e-17}