{"w": 0.5550069764142526, "b": -0.007862649658829208}