{"w": 0.21584130792789227, "b": 4.6877777229171075e-17}