{"w": 0.22976666054786082, "b": 0.018835938887504716}