{"cc": 0.17944695289200105, "alpha": -8.648678710852389e-17, "beta": 0.17944695289200105, "mx": -8.104628079763643e-17, "my": -1.0103029524088925e-16, "sx": 0.9999999999999999, "sy": 0.9999999999999998}