{"w": -0.871931120624536, "b": 0.09674970949639328}