{"w": -0.8739826945822008, "b": -0.024748712960393097}