{"w1": 1.3104518330832036, "w2": -0.12707667942312598, "b": 0.06711995797849514}