{"w": -0.6787441119371022, "b": 0.011459230143567836}