{"w1": 0.7951231366083317, "w2": -0.6864636909716666, "b": -0.05966314316324499}