{"w1": 0.4641211152488918, "w2": -0.4747450580547227, "b": -0.011140923328686714}