{"w1": 0.88927812045508, "w2": -0.08569982088078842, "b": 8.345720337696034e-17}