{"w": -0.10218763580820366, "b": 0.040185877910262686}