{"w": -0.12928175120674107, "b": 7.875560471833068e-17}