{"w": -0.12399391817783686, "b": 0.010294981307405294}