{"w1": 38.24057752714965, "w2": 5.185695560260912, "b": 9.782289005709531}