{"w": 0.959126304766817, "b": 0.011861989364790096}