{"w": 0.9714293422319443, "b": -0.0062862576225863435}