{"w": -0.029685169917720505, "b": -0.009726772662264025}