{"w": -0.07049317942533488, "b": 0.0019247295547723153}