{"w1": -0.057128980628766445, "w2": 0.6990959044085279, "b": 2.3801016603891156e-18}