{"w": -0.4808498346423463, "b": 0.028614932817270254}