{"w1": 5.906727923148004, "w2": -0.5989048638128468, "b": -1.6105221978016986}