{"w": -0.14506443850082726, "b": 0.0769847996835604}