{"w": -0.11459526786795812, "b": 6.079341402809625e-17}