{"w1": -1.5870185437229398, "w2": 1.290730512763267, "b": 0.47035761114278885}