{"w": 0.11912810281929001, "b": 6.991066216444655e-17}