{"w": 0.369129664530937, "b": 0.09285525314529602}