{"w": -0.0397845459285803, "b": -0.02175482635807022}