{"w": -0.037570964010907426, "b": -0.021108607255093056}