{"w": -0.1850816421951187, "b": 0.0034623556343513643}