{"w": -0.2870086350058601, "b": 2.2305051639482055e-18}