{"w": -0.15674277390299327, "b": -0.04184061804351129}