{"w": 0.3390074726636937, "b": -0.013699974670345354}