{"w1": 1.658295497282382, "w2": -1.2552424861649287, "b": 0.9999999999999999}