{"w1": -0.3588275659189107, "w2": -0.4979283877151725, "b": 1.300691098202153e-16}