{"w": -0.5261284702322055, "b": 0.03615685724322168}