{"w": 0.5285529472900943, "b": -0.06965494225157665}