{"w1": 0.5789378281687667, "w2": 0.10464607395026262, "b": -0.008419403284206976}