{"w": -0.08993047510545943, "b": 9.374599718912896e-17}