{"w": 0.25366474056450805, "b": 0.046823344368707685}