{"w": 0.18611909811277264, "b": 0.10146594704415313}