{"w": 0.5304874008241908, "b": -4.4359667725110926e-16}