{"w1": -0.5372529646159752, "w2": -0.23993441169643526, "b": -4.488397833374303e-17}