{"w": 0.13597077315695458, "b": 0.04818537378497001}