{"w": 0.13704751602944662, "b": 0.06456579089562128}