{"w": -0.09501922710481993, "b": 1.4387807315159054e-17}