{"w": -0.11567060771757147, "b": -0.024914016520541506}