{"w": -0.34677651963541023, "b": 0.15924838787418014}