{"w": -0.2714599030584763, "b": 0.25449893549734526}