{"w": -0.2594659039674031, "b": 0.277686194097987}