{"w": -0.06780263569044072, "b": 0.0131182439911997}