{"w1": 1.795488193990525, "w2": 0.3186255705887268, "b": -0.3899092751851905}