{"w": 0.21215036581143995, "b": 0.007049428382564789}