{"w1": -0.46134168914111817, "w2": -0.5535364644473226, "b": 0.015309738360188627}