{"w": -0.05531201883361912, "b": 0.036521199938342325}