{"w": 0.17922989361418523, "b": -1.3944557022036954e-16}