{"w": -0.39456534414304956, "b": 1.2260813556429407e-16}