{"w": -0.39065875657727694, "b": 1.2285101783823523e-16}