{"w": -0.5296972619763235, "b": 0.11268141948555603}