{"w": -0.6336409906468865, "b": -0.07394356981526083}