{"w": -1.0000000000000002, "b": -7.660538869913583e-16}