{"w": 0.09216444006644603, "b": 0.21530517410082597}