{"w": -0.18171947608321976, "b": 0.08532431234024863}