{"w1": -1.3262235529686741, "w2": 0.4680394027055711, "b": 0.1045770305146832}