{"w": 0.3415240118667449, "b": 0.05022834618058834}