{"w": 0.4168974689298576, "b": 4.297117501681243e-18}