{"w": 0.024850518040363423, "b": 0.07950456561902541}