{"w": 0.054542195873283496, "b": -1.2892752832725127e-16}