{"w": 0.8056343507257181, "b": 0.009045385605582493}