{"w": 0.4598090312954875, "b": -7.350312476576735e-18}