{"w": -0.33081649852918843, "b": 0.011947133286356262}