{"w": -0.30655658192998303, "b": 0.011409276034079268}