{"w": 0.3883737629440914, "b": 0.07616398638215827}