{"w": 0.36078490470995245, "b": -0.004647875348203177}