{"w": 0.5009362295700723, "b": -0.02881135261852956}