{"w": -0.2801761531171781, "b": -2.385953499500598e-17}