{"w": 0.5918761541225931, "b": 4.5113276376259274e-17}