{"w": 0.5380692310205394, "b": 4.2425080555213184e-17}