{"cc": 0.6337237156000297, "alpha": 3.20055223507877e-16, "beta": 0.6337237156000296, "mx": -4.1744385725905884e-16, "my": 5.551115123125783e-17, "sx": 1.0, "sy": 0.9999999999999999}