{"w": 0.627449223366366, "b": 3.1743597526751444e-16}