{"w1": -0.4532135085288938, "w2": 0.2845163077693113, "b": -2.753448684896732e-17}