{"w": 0.5540204236016664, "b": 2.4268695978699736e-16}