{"w": 0.3064487207669579, "b": 0.09540822129559959}