{"w": 0.2879346639672255, "b": 6.786676882637536e-17}