{"w1": -0.1908597397747093, "w2": 0.7256124774213412, "b": 0.0105696154387197}