{"cc": 1.0, "alpha": -1.5543122344752193e-17, "beta": 1.0, "mx": 1.5543122344752193e-17, "my": 0.0, "sx": 1.0, "sy": 1.0}