{"w": -0.13116617292714602, "b": 0.02258801514372294}