{"w": -0.487988693915588, "b": -0.021972845351518642}