{"w": -0.4467964797185541, "b": -0.009210395879032496}