{"w": -0.449735914888197, "b": -0.019824425987957556}