{"w": -0.9627915444300655, "b": 0.00717585197709227}