{"w": -0.009516995349300058, "b": -0.0025554332350049558}