{"w1": 0.7793771554987207, "w2": -2.1147590238603042, "b": -0.6763365753439147}