{"w": -0.4119886631525029, "b": 0.008716041098320134}