{"w": 0.045116541512908226, "b": -0.025982467575192847}