{"w": -0.17935506031728066, "b": -0.04014156659763579}