{"cc": 0.31101249716119317, "alpha": 1.1102009176013979e-16, "beta": 0.31101249716119317, "mx": 7.140121827120537e-17, "my": 1.3322676295501878e-16, "sx": 1.0, "sy": 1.0}