{"w": 0.3224067406697817, "b": 0.0035674563009252987}