{"w": 0.07974152167309179, "b": -0.1254902875771483}