{"w": 0.291057812914877, "b": 0.0011017167064067829}