{"w1": -0.379470085974026, "w2": 0.668738043595049, "b": -0.0049396508956566524}