{"w1": 0.6023672917311166, "w2": -1.674382900411331, "b": 0.1437442641117896}