{"w": -0.27975008570891374, "b": -0.00020749582004146304}