{"cc": -0.915268116586206, "alpha": -2.4952069409058476e-17, "beta": -0.9152681165862057, "mx": -1.9984014443252817e-17, "my": -6.661338147750939e-18, "sx": 1.0, "sy": 0.9999999999999997}