{"w": -0.9216209797094117, "b": 0.00019576382122276324}