{"w": 0.20731675385997198, "b": 0.005245656561088146}