{"w": -0.810485626873015, "b": 0.027647119768425005}