{"w": -0.0033985903029849188, "b": 0.0022657336685575694}