{"w": 0.5274704110565562, "b": 6.002473672659413e-18}