{"w": 0.558069467997046, "b": -0.002782408488888676}