{"w1": -0.6505385031173042, "w2": -0.31067203452983977, "b": 2.944481860927625e-16}