{"w1": -0.5958369848292944, "w2": -0.31352698962117875, "b": 2.701394760898296e-16}