{"w1": 3.0847984733004234, "w2": 1.2637303566756413, "b": -0.35524835914611685}