{"w1": 0.8153542096671017, "w2": -0.03851727027703997, "b": -1.7607199938231764e-18}