{"w1": 0.8274653489220394, "w2": -0.046301249117781294, "b": -1.4385793212941767e-18}