{"w": -0.12540612957290484, "b": -2.1328653024286014e-16}