{"w": 0.47930183083488287, "b": -0.06799502358959975}