{"w": 0.478785832753235, "b": -0.06960152138100875}