{"w": 0.45558363460007173, "b": 0.021262254201151867}