{"w": 0.48716322493812236, "b": 0.02302141783913124}