{"w": 0.9999999999999993, "b": 2.2759572004815697e-16}