{"w": 0.0238451294313922, "b": 0.006815438604966358}