{"w": 0.08886847183401299, "b": -0.0064509105901383165}