{"w1": 0.2002778961648849, "w2": -0.5323512176350608, "b": 7.700589475520526e-18}