{"cc": -0.44082854403846317, "alpha": -1.5063567675700336e-17, "beta": -0.4408285440384631, "mx": -6.439293542825907e-17, "my": 1.3322676295501878e-17, "sx": 1.0, "sy": 0.9999999999999999}