{"w1": 0.48571578828469036, "w2": 0.6725947807112642, "b": 0.014370431794755278}