{"w": 0.31307899771368247, "b": 1.121279905179923e-16}