{"w": -0.05879006126509096, "b": -0.3312743464049955}