{"w1": -0.6408613275247798, "w2": 0.006334457213058132, "b": 0.003925929550885401}