{"w": 0.3209344908132593, "b": 2.762400673617656e-17}