{"w": 0.3060708783074794, "b": -0.005602365834762654}