{"w": -0.5151831274310049, "b": -1.6746346534120346e-17}