{"w": 0.8848099009497051, "b": -0.014717945429795789}