{"w": 0.7891552711639663, "b": 2.7170301487816098e-17}