{"w": 0.9197615237181039, "b": -0.041409167315534595}