{"w": -0.6175682926490648, "b": 5.895599455077356e-17}