{"w": -0.6526523330571627, "b": 0.07971164647672277}