{"w": -0.7951142304804285, "b": -0.003001319632348091}