{"w1": -0.24098990994813566, "w2": -0.5548006757134264, "b": 1.170277794395041e-16}