{"w": -0.17669631964717142, "b": -0.1326327754349223}