{"w1": 0.8052378543078601, "w2": -0.05566659347927096, "b": 1.1304062907737944e-16}