{"w": -0.5270311467366838, "b": 0.17696172373792585}