{"w": -0.560315540181818, "b": 0.170580035689237}