{"w": 0.3592933944467871, "b": -3.700282954731878e-17}