{"w": 0.04602587496933557, "b": -2.7629223617330555e-16}