{"w": -0.08650914212811084, "b": 0.37275354712646663}