{"w": 0.6032482625290388, "b": -0.08012410521750496}