{"w1": 0.22054240480399556, "w2": 1.8769442451716185, "b": -0.08695191161961602}