{"w": 0.34060130368897534, "b": -0.009964258403774726}