{"w1": -0.49824836137500034, "w2": 0.20823369748082096, "b": -5.408460140665359e-18}