{"w1": -0.07979389483700337, "w2": 0.8811355079626756, "b": -1.0586214722630645e-16}