{"cc": 0.6030187758115956, "alpha": 6.060770027443748e-17, "beta": 0.6030187758115956, "mx": -3.3306690738754695e-17, "my": 4.052314039881821e-17, "sx": 1.0, "sy": 1.0}