{"w": 0.42315972728273854, "b": -0.0115443193073137}