{"w": 0.8958135508344561, "b": 0.005764151562986184}