{"w1": -0.4321572333149156, "w2": -0.258029263616309, "b": -0.0018316767925329255}