{"w1": -0.4217198187972407, "w2": -0.5266817500667942, "b": -0.006396668438179247}