{"w": 0.5661656927105087, "b": 0.02136778649758644}