{"w": 0.5414006518135799, "b": 1.521783061682924e-17}