{"w": 0.704503973081103, "b": -0.010747105829080408}