{"w1": 1.9705453851117811, "w2": 0.19988806719137034, "b": -0.061661126789359116}