{"w1": -0.5086024289469261, "w2": -0.38911468973783486, "b": 1.201163064345284e-16}