{"w1": -0.5464475144517824, "w2": -0.4106511792033665, "b": 1.2766860026371523e-16}