{"w": 0.48003214295682, "b": 7.733785040858248e-17}