{"w": 0.47955259036645337, "b": 7.734210969120122e-17}