{"w": 0.2830809813587135, "b": -1.7937153844195338e-17}