{"w1": -0.9619987177601039, "w2": 0.6042694799218266, "b": 0.052237067401330085}