{"w1": -1.1299720882950555, "w2": 0.43623171164935787, "b": -0.005855752010163862}