{"w1": -1.1088661881246364, "w2": 0.3420346295333777, "b": -1.571630394227186e-17}