{"w": -0.40153567443575666, "b": 0.04351093327838494}