{"w1": -2.9368510631711393, "w2": -1.7697382241805142, "b": 0.4079633488838089}