{"w": 0.4391233129555202, "b": -0.0015978174833690415}