{"w": -0.4734759931752511, "b": -1.5828813603077122e-17}