{"w1": -24.985654555052, "w2": 179.413579713321, "b": -9.795437759454403}