{"w1": 2.0522416128274776, "w2": -0.4814212028934781, "b": -0.5215169395753713}