{"w": -0.3589275360021245, "b": 0.05857898207131894}