{"w": -0.614639022474513, "b": -2.2182938357692515e-17}