{"w1": 1.020461807223751, "w2": 0.9573068319093809, "b": 0.15741874916964557}