{"w": 0.3073788347626498, "b": 0.02093917132523948}