{"w": 0.9999999999999997, "b": -2.053912595556539e-17}