{"cc": -0.29163048172921724, "alpha": -6.757735438082602e-17, "beta": -0.2916304817292172, "mx": -2.0650148258027913e-16, "my": -7.355227538141662e-18, "sx": 1.0, "sy": 0.9999999999999999}