{"w": 0.22838077410420324, "b": 0.1181659154261685}