{"w": -0.881795201895536, "b": 0.03309158144890086}