{"w": -0.9144989360581529, "b": 3.177983877671122e-18}