{"w": -0.012912474089362745, "b": -0.1036578936340467}