{"w": -0.11620219780567746, "b": 3.189937691284878e-17}