{"w": -0.3346473880986077, "b": 0.016167511188641445}