{"w": -0.35983852346489414, "b": 0.012532579526098472}