{"w1": -0.6188255536215315, "w2": -0.3133522501966052, "b": -9.28363860703097e-17}