{"w1": -1.1277252345765152, "w2": -0.6008099403485017, "b": -0.0798187903148202}