{"w1": -3.591804955522078, "w2": -2.6327038546889403, "b": -1.4371521688781381}