{"w": -0.28118026467256296, "b": -0.02427499198546986}