{"w": -0.2933056570142153, "b": 0.003576507516616565}