{"w": -0.02033246947459053, "b": 3.3799340378662336e-18}