{"w1": -0.0581574957040357, "w2": 0.8343726169540068, "b": 1.8526793809181694e-18}