{"w": -0.46652390168816343, "b": -5.595967719743078e-17}