{"cc": -0.2801406730255869, "alpha": 4.8559476178960884e-17, "beta": -0.2801406730255869, "mx": -1.1934897514720433e-17, "my": 5.190292640122607e-17, "sx": 1.0, "sy": 1.0}