{"w1": -0.5964745372988394, "w2": -1.3187042673574199, "b": -0.04015814687162941}