{"w": 0.34264628854554485, "b": 0.014485979649508637}