{"w": -0.060421002988765994, "b": 0.008987784883957736}