{"w": 0.590636532205044, "b": 0.002222962088868045}