{"w": 0.02930764084895643, "b": -0.05177453087063588}