{"w": 0.15911891401006584, "b": 0.04620810126996721}