{"w1": -1.8361172759465956, "w2": 0.38125403206973363, "b": 0.051244404435897895}