{"cc": 0.18644933342730596, "alpha": 3.48507119567907e-17, "beta": 0.18644933342730594, "mx": -1.1546319456101628e-16, "my": 1.3322676295501878e-17, "sx": 1.0, "sy": 0.9999999999999998}