{"w": 0.37828808696860655, "b": 0.033706564607167054}