{"w": -0.2693745889436389, "b": 0.004430309011262174}