{"w1": 0.35390624365501233, "w2": -6.978251508444399, "b": -0.8302122827305316}