{"w1": 0.1680116017788802, "w2": 0.6399353418500474, "b": -0.022707961135571185}