{"w1": -1.5268975845376433, "w2": -1.5471094152969258, "b": 0.17534987928356813}