{"w1": 0.6306492412696306, "w2": 1.0809902971550114, "b": -0.06595252416787184}