{"w1": -0.7470087675047378, "w2": 0.7380998167756637, "b": -0.01384420972710965}