{"w": 0.2963562542079268, "b": -0.00046526682076494796}