{"w": 0.004728061814092228, "b": -0.011044239723231208}