{"w": -0.49087035171022614, "b": 0.008064616514796237}