{"w": -0.598362886985153, "b": 0.002276338622995866}