{"w": 0.2511193919678217, "b": -0.49708306827750337}