{"w": 0.04825061935676356, "b": 0.014680302410382795}