{"w": -0.5234715197980176, "b": -0.0014241699766143522}