{"w1": -0.10912267499940566, "w2": -0.651003463528095, "b": 1.4277111727103822e-17}