{"w": 0.19192942688373396, "b": 0.14338463609312088}