{"w": -0.47194700526169325, "b": -0.023961118865992326}