{"w": -0.4999851125483524, "b": -2.7768663346318383e-16}