{"w1": 3.249356825849439, "w2": -0.5397011215299706, "b": -0.104965645383333}