{"w1": 3.87624771849073, "w2": -1.674268595540782, "b": 0.042658870627021526}