{"w1": 0.20067875284368972, "w2": 0.5691523117224941, "b": 2.9304998163102755e-17}