{"w1": 0.1769435801055307, "w2": 0.5191149650627532, "b": 2.6625483111810927e-17}