{"w": -0.02105240453939803, "b": -0.040592907861438404}