{"w": -0.9999999999999942, "b": 4.1522341120980803e-16}