{"w": 0.021053295723461013, "b": -0.10417967973209749}