{"w": 0.6816316981906596, "b": -2.007914673345209e-17}