{"w": -0.5866771741716929, "b": 0.0010322310337762632}