{"w": -0.29295308162361605, "b": -0.08089054136252159}