{"w": -0.2755672054298773, "b": 3.177863131315451e-17}