{"w": -0.2776547533465029, "b": -0.09813378331255668}