{"w": -0.2759609742335955, "b": -0.09770135138649251}