{"w": -0.26934754373592495, "b": 0.021872837373712477}