{"w": -0.2883315893534677, "b": -4.9863669627629503e-17}