{"w": -0.015726470590909536, "b": 0.1298762457696814}