{"w": -0.7850856950780569, "b": -2.2993289683879527e-17}