{"w": 0.1826190872224413, "b": -0.1522202918979475}