{"w": 0.5651391732597204, "b": 0.030075898699009004}