{"w": 0.05945889081474657, "b": -1.1474904731399835e-16}