{"w1": -0.47928650967777536, "w2": -0.9273325866148093, "b": -0.06171015416711237}