{"w": 0.7345604612663155, "b": 5.551115123125783e-18}