{"cc": -0.6447612947108602, "alpha": 7.447785851811481e-17, "beta": -0.6447612947108602, "mx": 2.1538326677728036e-16, "my": -6.439293542825907e-17, "sx": 1.0, "sy": 1.0}