{"w1": 0.1542960605534319, "w2": -1.1326122524075655, "b": -0.023027970270916243}