{"w": 0.9871416624393727, "b": -0.013151688121119887}