{"w": 0.9670113858686746, "b": -0.006861985073989866}