{"w": 0.6238109370223354, "b": 0.01993244564402017}