{"w": 0.8506465481926354, "b": 0.013141260939744472}