{"w": 0.8774526456556626, "b": -3.318993245387235e-17}