{"w1": 0.09310343242764894, "w2": -0.44538806765697886, "b": -0.010267734236382609}