{"w1": 0.172786202172588, "w2": -0.5035613205653903, "b": -3.628364892235057e-18}