{"w": -0.9999999999999991, "b": 4.629630012686898e-16}