{"w": 0.05009028260241253, "b": 0.004018102501712874}