{"w": -0.04050089624030495, "b": 0.025676515368468933}