{"w": -0.03353315410779767, "b": 0.04504459726964597}