{"w": -0.9999999999999991, "b": -1.7208456881689926e-17}