{"w": -0.30579163374813595, "b": 0.014655208739382627}