{"w1": 0.8351704182125741, "w2": 1.983945415193313, "b": 0.06218078549572771}