{"w": -0.6236438216129532, "b": -0.03374497129366816}