{"w": 0.0844974532231015, "b": 0.021965716311684317}