{"w1": 0.7154772494448419, "w2": -0.2541354669212888, "b": -5.928611268305929e-17}