{"w1": 1.5936776432469641, "w2": -0.5743953183978147, "b": 0.020254895530714155}