{"w1": 1.0597276921618761, "w2": -0.5475014174552173, "b": -0.036070685502041816}