{"w": -0.22817377363156632, "b": 0.09399769923101808}