{"w": -0.7227433244104176, "b": 0.015483161104540321}