{"w": 0.6732812830228562, "b": 3.018453462011146e-17}