{"w": 0.10038077184590456, "b": 0.0004165340236032371}