{"w": -0.039760172946086685, "b": -0.21536682449047712}