{"w": 0.8746261745003907, "b": 0.01054489253338098}