{"w": -0.12815911742188904, "b": 0.039213429019998185}