{"w": -0.08388117665592884, "b": -0.005719299366427877}