{"w": -0.12263266911860034, "b": 0.11358113264995282}