{"w": -0.054603187595450034, "b": -1.640846220236827e-16}