{"w1": -0.37890318573151527, "w2": 0.48895827877250125, "b": -2.3956649407804418e-17}