{"w1": -2.070605308519565, "w2": 0.9853891591366423, "b": 0.40522928507011524}