{"w": 0.9999999999999956, "b": -1.965094753586517e-16}