{"w": 0.43969241495427336, "b": -0.07715936990782013}