{"w": 0.21000787370436852, "b": 0.19570387657856886}