{"w": 0.1335722287259653, "b": 0.37728051771159987}