{"w": -1.0000000000000815, "b": 5.689893001204977e-17}