{"w": -0.0020461485983702885, "b": -5.824622916897688e-17}