{"w": -0.6491007232239908, "b": 0.05312876404267135}