{"w": 0.17382723697363753, "b": 0.20333553580925917}