{"w1": 0.6836684224938323, "w2": 0.04425237634830226, "b": -0.005807922913191481}