{"w": -0.25153813511328904, "b": 0.049481950993834546}