{"w1": -0.5377810841683353, "w2": 1.62576483843796, "b": -0.016565696333017743}