{"w1": -0.2241190069601478, "w2": 0.42320706385426105, "b": -4.439376619354615e-17}