{"w": 0.8940641597317524, "b": 4.98657555993144e-17}