{"w": 0.9917308173244156, "b": -0.0020118752696580275}