{"w": 0.8221466388229298, "b": -5.3232928341161564e-17}