{"cc": -0.45684198053202196, "alpha": 5.77841757138506e-17, "beta": -0.456841980532022, "mx": 8.881784197001253e-17, "my": 1.7208456881689926e-17, "sx": 0.9999999999999999, "sy": 1.0}