{"w": 0.07975465386424276, "b": 3.4072946536050003e-17}