{"w": 0.2350833636295571, "b": -0.007489455705090006}