{"w1": 0.12036577037465829, "w2": 3.066974155859622, "b": 0.16130380420117765}