{"cc": 0.11295793345379967, "alpha": 1.4253825016579812e-16, "beta": 0.11295793345379967, "mx": 1.1102230246251566e-18, "my": 1.426636586643326e-16, "sx": 1.0, "sy": 1.0}