{"w": 0.1212615933472118, "b": 0.03871674042182151}