{"cc": 0.915951341187955, "alpha": -1.9182517221961902e-16, "beta": 0.9159513411879552, "mx": 2.1094237467877973e-16, "my": 1.3877787807814458e-18, "sx": 0.9999999999999998, "sy": 1.0}