{"w": 0.8529550720746308, "b": -0.03840924268334147}