{"w1": -0.5409285698376889, "w2": -0.45132154265270097, "b": -9.470006250922713e-17}