{"w": -0.9091769214517322, "b": 2.4223238795810193e-17}