{"w": -0.12132384078930213, "b": -0.010424236715298588}