{"w": -0.14159377363134243, "b": -0.07602904216862647}