{"w": 0.46995793891516113, "b": -0.11565422538116699}