{"w": 0.49084041791411254, "b": 0.02200796935334071}