{"w": 0.5128844727368966, "b": 1.4814856049180362e-17}