{"w1": 0.654445031843684, "w2": -1.7051944388314022, "b": -0.026407041361829753}