{"w1": 2.6326791841017902, "w2": -0.42383436807596087, "b": 0.42310419318522297}