{"w1": 2.154711149579196, "w2": -0.41543999051321717, "b": 0.10935580560287105}