{"w": 0.4347788775136691, "b": -0.12493012122092055}