{"w": 0.43828678631380763, "b": -0.1312599298353527}