{"w": 0.42805546488704826, "b": -0.024553016034985366}