{"w": 0.44336002395258883, "b": 4.286344824657613e-17}