{"w": 0.2590518261465511, "b": 0.17569051473085118}