{"w": -0.35775934755680555, "b": 0.008685258051284709}