{"cc": 0.2607474632174749, "alpha": 2.3667489130827233e-18, "beta": 0.26074746321747494, "mx": 1.2212453270876722e-17, "my": 5.551115123125783e-18, "sx": 0.9999999999999999, "sy": 1.0}