{"w": 0.258404071300778, "b": 0.05353119533832117}