{"w": 0.24099346409245523, "b": -0.0033468784899913792}