{"w1": 0.8298671958753729, "w2": 0.21688391381206906, "b": 9.798862154990902e-18}