{"w": -0.4011906082835435, "b": -0.015431391754071261}