{"w": -0.41751182770288336, "b": -0.007407742289205668}