{"w": -0.575215034226309, "b": 0.009281455664327904}