{"w1": -0.06300841303947438, "w2": 0.8770156186467218, "b": -4.2218133063938637e-17}