{"w": 0.341406090207944, "b": 0.07158245437666946}