{"w": 0.5077010360262143, "b": 0.03426091242974187}