{"w": -0.10744919756877035, "b": 0.012796908943311616}