{"w": 0.5162722188109921, "b": -0.007208237117163235}