{"w": -0.24331247119696017, "b": -0.043395988107252335}