{"w": 0.578778031359046, "b": 0.037530896758465215}