{"w": 0.7224697133512, "b": -0.01943763143194316}