{"w": -0.43370391834902433, "b": 0.02560101417596753}