{"w": 0.26766206682908295, "b": -0.07042153441752332}