{"w": 0.26640138966125304, "b": -0.0701106789416506}