{"w": 0.7880870878993608, "b": -0.0005326551882718928}