{"w": 0.030395415084187773, "b": 0.07543760635648511}