{"w": -0.9999999999999685, "b": -1.776356839400369e-17}