{"w": -0.1923080845540823, "b": 0.0019812132284932615}