{"w": -0.10685739000235846, "b": -0.013838451407557097}