{"w": -0.10304342520503178, "b": 0.003698526952172065}