{"w1": -0.31795529301831116, "w2": -0.4333575443069556, "b": 2.808964665313668e-17}