{"w": 0.7590236590425922, "b": 0.01021960321689987}