{"w": 0.767369508399687, "b": -7.412993271148332e-17}