{"w": 0.8358074203648921, "b": 0.03988258436523481}