{"w": 0.8252876294117589, "b": 0.04120911114004383}