{"w": -0.23843798781914546, "b": -0.009660241061040265}