{"w": -0.22240489601125735, "b": -0.19935123374377797}