{"w1": -0.06349045480680145, "w2": -1.0051290694097874, "b": -0.16958514732422758}