{"w": -0.4133428310411309, "b": -0.005122738591223394}