{"w": 0.652807803203361, "b": -0.013554232159016955}