{"w": -0.09868136835524075, "b": 0.008449031711358915}