{"w": -0.10310606778391994, "b": -0.008377325120803372}