{"w": 0.3536616501026126, "b": -0.02953165254876767}