{"w1": 0.21306906770412404, "w2": 0.9632374426386712, "b": -0.13951917874806108}