{"w": -0.13988741729910342, "b": -0.0639374191004071}