{"w": -0.19758871384120058, "b": -0.06540591625288672}