{"w": -0.00884215326563958, "b": -0.0008759306593236682}