{"w": 0.42020149406901053, "b": 9.052585362947048e-17}