{"w1": 2.440208408488045, "w2": 0.7668016725880411, "b": 0.036315866903651656}