{"w1": 0.0744278254011067, "w2": -0.9754548349989381, "b": -0.10415723551475689}