{"w": 0.24297322074764763, "b": -0.005524474788612961}