{"w": 0.41025941831089185, "b": 0.009783343820218443}