{"w": 0.41267893848511694, "b": -3.1896321584637996e-17}