{"w": -0.15420779439007873, "b": -2.4082496453936388e-17}