{"w": -0.1611586150958204, "b": -0.007345641377275225}