{"w1": -2.4913960668370065, "w2": -1.422602741971877, "b": -0.5276471947435897}