{"w1": -1.0105194188361017, "w2": -1.012484111606916, "b": -0.11337284725249652}