{"w1": -1.1245794619006748, "w2": -0.2194303811934342, "b": 0.07844227030393122}