{"w1": -0.812066064270196, "w2": -0.7907346391962625, "b": -0.06317926899215973}