{"w": -0.3158090301814003, "b": -0.02860601347979128}