{"w": -0.3091311182444515, "b": -0.0051571789055323185}