{"w1": 0.34495194156320946, "w2": 0.49398327864971314, "b": 0.011839256594585165}