{"w": -0.22497203019921755, "b": 0.02635231475134543}