{"w": -0.4176694470880479, "b": -0.006358655532047949}