{"w": 0.2169918684691436, "b": -0.07677880288283095}