{"w": 0.6141154763354024, "b": -0.1089680036963433}