{"w": -0.584816410837042, "b": 3.2989305894554446e-17}