{"w1": 0.6362452435299942, "w2": -0.14966550329550815, "b": 0.004581725850059032}