{"w": 0.7942245197067915, "b": 1.944291601687361e-17}