{"w": 0.7557839051263201, "b": -0.011076457882186884}