{"w1": -25.00855502244153, "w2": -34.45316540781708, "b": -2.875759142817266}