{"w1": 0.2325127101817231, "w2": -0.12023621913203703, "b": -2.165399569629517e-17}