{"w": 0.3075115245665825, "b": -0.0109626123252521}