{"w": -0.5264710431263366, "b": -5.978226067520384e-17}