{"cc": 0.6924937143461143, "alpha": -3.014269468812637e-17, "beta": 0.6924937143461144, "mx": -2.2204460492503132e-17, "my": -4.5519144009631415e-17, "sx": 0.9999999999999998, "sy": 1.0}