{"w": 0.6924937143461145, "b": -3.014269468812637e-17}