{"w": 0.4145358413480948, "b": -0.009910766427199085}