{"w": -0.9999999999999993, "b": 6.661338147750871e-18}