{"w1": -0.6230158713518493, "w2": 0.1440971400269546, "b": -6.753084091987759e-17}