{"w1": -0.769835929780999, "w2": 0.20325610142508865, "b": -0.006565077218869342}