{"w": 0.058427779482495286, "b": -0.006310994761338116}