{"w": -0.4186109901696962, "b": 0.05497048781870798}