{"w": -0.422094825409787, "b": 0.08312929643666533}