{"w": -0.5716005645725024, "b": -2.848838549202064e-17}