{"w": 0.3155727906557613, "b": 0.04207322677657336}