{"w": 0.5603058682579115, "b": -0.03489522839795718}