{"cc": 0.22154975278837416, "alpha": 4.0155535125883346e-17, "beta": 0.2215497527883741, "mx": -4.218847493575595e-17, "my": 3.0808688933348097e-17, "sx": 1.0, "sy": 0.9999999999999998}