{"w": 0.18179331804258103, "b": 0.04078733492287033}