{"w1": -0.6128469940401411, "w2": 0.3257731690900632, "b": 6.040458425628114e-17}