{"w1": -2.0199748252020524, "w2": 0.4577568871974837, "b": 0.13757746185073583}