{"cc": -0.03727495645845724, "alpha": -4.1457835422980495e-17, "beta": -0.03727495645845724, "mx": -3.9968028886505634e-17, "my": -3.9968028886505634e-17, "sx": 0.9999999999999999, "sy": 0.9999999999999999}