{"w": -0.014986843155641414, "b": -0.06538365062874074}