{"w": -0.03723771873971753, "b": -4.145634710476224e-17}