{"w": 0.32588959010159657, "b": 1.2573636446907427e-05}