{"w1": -0.36695591214808565, "w2": 0.09199521695031024, "b": 6.043389708709154e-17}