{"w1": -0.5074990778337746, "w2": 0.2921784734112279, "b": -1.0187657155105727e-16}