{"w": 0.9999999999999986, "b": -7.660538869913572e-17}