{"w": 0.9066856422293267, "b": 6.414088460098588e-17}