{"w": 0.04029080157609323, "b": -0.05665588014948109}