{"w": -0.4121375162674885, "b": -1.3923139299693666e-16}