{"w1": 0.36948230698716356, "w2": 0.7474796191816966, "b": 0.02433733598708241}