{"w": -0.10369451629983652, "b": 0.05621490871287541}