{"w": 0.12175787447204456, "b": -0.06907958535157332}