{"w": 0.17782066075710884, "b": 3.078165817856771e-17}