{"w": -0.09127846546253628, "b": 0.0021399080941888592}