{"w": 0.32354375044331063, "b": 0.00725692563998538}