{"w": 0.6116165900793696, "b": 1.7936045275633028e-16}