{"w": -0.19555220376739996, "b": -0.12002214178175033}