{"w": -0.2568241490838883, "b": -0.09210730545930022}