{"w": 0.38853111944042384, "b": 0.026387862088986358}