{"w1": 0.4727305140650202, "w2": 0.34744219942300064, "b": 2.887678762255998e-17}