{"w1": -1.1064126150291895, "w2": 0.7896389899343041, "b": -0.4422203351938356}