{"w1": -0.1666394827939885, "w2": -0.747741384397088, "b": 1.0821013045247044e-16}