{"cc": -0.02799408833041106, "alpha": 1.1662693144206098e-16, "beta": -0.02799408833041106, "mx": -3.7747582837255325e-17, "my": 1.176836406102666e-16, "sx": 1.0, "sy": 1.0}