{"w": 0.5252299526747465, "b": -6.087807461491272e-18}