{"w": -0.32716940575557796, "b": 5.566199733388979e-17}