{"w1": -0.30407475364056735, "w2": -0.3580181677308823, "b": -1.1292707864871662e-17}