{"w1": 2.2151442269630293, "w2": 0.21607719748872256, "b": -0.43466038347012353}