{"w1": 2.837963376083442, "w2": 0.20443888135651567, "b": 0.353065703131682}