{"cc": 0.2640353633435113, "alpha": 1.742056662696584e-16, "beta": 0.26403536334351135, "mx": 4.662936703425657e-17, "my": 1.865174681370263e-16, "sx": 0.9999999999999999, "sy": 1.0}