{"w": 0.26403536334351146, "b": 1.742056662696584e-16}