{"w": 0.14421788561699708, "b": 0.0007902480709051016}