{"w": 0.9999999999999999, "b": 5.412337245047638e-17}