{"w": 0.42779436091497686, "b": 0.07023697018917797}