{"w": 0.6846753436932393, "b": -0.014751214066976881}