{"w": 1.0000000000000027, "b": 5.845324224651464e-16}