{"w": 0.13737632621619947, "b": 0.00310339270609606}