{"w1": -1.2103873409652786, "w2": -1.3595472991194621, "b": -0.1298322330273147}