{"w": 0.34647499483262884, "b": -0.1523332725814113}