{"w1": 0.9449955438785084, "w2": -0.3954454082091493, "b": 0.13791054252118085}