{"w": 0.6528845336160801, "b": -0.0020567899328667785}