{"w": -0.4836085368832351, "b": -0.03664486048327738}