{"cc": -0.8581868538703545, "alpha": -9.346620865204366e-16, "beta": -0.8581868538703543, "mx": -1.5315526624704034e-15, "my": 3.7969627442180353e-16, "sx": 1.0, "sy": 0.9999999999999998}