{"w": -0.9999999999999997, "b": -1.1629586182948508e-15}