{"w1": 0.045275637150543294, "w2": 1.9364921602748968, "b": 0.08446825428309365}