{"w1": 0.005457269534276859, "w2": 0.6178287418885199, "b": 6.263753650769174e-17}