{"w": -0.2206147206747895, "b": -0.13795770903302337}