{"w": 0.054306697606968525, "b": 0.01170916764820572}