{"w": 0.32356997241268537, "b": 1.5511369353686474e-18}