{"w": -0.21079433982488963, "b": -2.345340462605379e-16}