{"w": -0.18670585603603182, "b": -0.0005911079903001667}