{"w": 0.5337068310927879, "b": -0.001484870356256074}