{"w": -0.4867719125052261, "b": 6.167316105052133e-17}