{"w": 0.5029100763820296, "b": -0.06217159076084309}