{"w": 0.4993952397215857, "b": -0.04876237090614602}