{"w1": 1.3649044879270469, "w2": 1.541813945457049, "b": 0.006078506273374735}