{"w1": 0.4093380030176644, "w2": 0.4022052824232364, "b": -3.8956590586126333e-19}