{"w1": 0.48041262721094935, "w2": -0.3253552189028127, "b": -6.80102902522162e-17}