{"w": 0.1656745616317351, "b": -0.06972970924983239}