{"w": 0.16763199127416606, "b": 0.027983985960520687}