{"w1": -0.047705807745347543, "w2": 0.6633953317281575, "b": -2.2962850268589817e-17}