{"w1": -1.585607743315641, "w2": 1.4799515740751448, "b": 0.034192481661439976}