{"cc": -0.22044702587719234, "alpha": 1.4565206952228764e-16, "beta": -0.2204470258771923, "mx": -1.1990408665951691e-16, "my": 1.7208456881689927e-16, "sx": 1.0, "sy": 0.9999999999999999}