{"w1": 1.6860858408916106, "w2": -0.5493622411676785, "b": -0.07048927164203947}