{"w": -0.6151066305272134, "b": 0.007350347193163073}