{"w": 0.3041455561575507, "b": 0.017062672598798456}