{"w": 0.35972643522374315, "b": 0.006631328350900495}