{"w": 0.17570075089434634, "b": 0.14944205113755094}