{"w1": 0.820482856012501, "w2": -0.18240542471615198, "b": -3.431229195997183e-17}