{"w": 0.18176438755440893, "b": 0.013297271598791682}