{"w1": 0.6994219718031984, "w2": 0.09889643801089223, "b": -4.4193333769575604e-18}