{"w1": 1.801209255168678, "w2": 0.10366636030157529, "b": 0.0027023877590739986}