{"cc": 0.5478149488566197, "alpha": -4.016210041365477e-18, "beta": 0.5478149488566199, "mx": -8.881784197001253e-18, "my": -8.881784197001253e-18, "sx": 0.9999999999999999, "sy": 1.0}