{"w": 0.5423910384719011, "b": -4.064384042906423e-18}