{"w": 0.5601070578713903, "b": 0.020660276381090227}