{"w": -0.1475788933894251, "b": 0.08613934443301015}