{"w": -0.14709887271183075, "b": 0.09927098255323853}