{"w": 0.14180813108401955, "b": 0.011278963143356645}