{"w1": 0.1714975517048965, "w2": 0.6306640046295091, "b": 8.614460913538842e-18}