{"w": -0.1438846831753719, "b": 0.0030521539979159584}