{"w1": -0.6433666244929707, "w2": -0.22737078667026933, "b": 3.6379619857903514e-17}