{"w": -0.3469444806737774, "b": 5.058376969409271e-18}