{"w": -0.2906483168260966, "b": 6.519168483352422e-17}