{"w": -0.280936113135272, "b": 0.12697935964121396}