{"w": -0.33921578236493943, "b": 0.12493696378077407}