{"w": 0.12435407006809687, "b": 0.006834987257548185}