{"w": -0.2139040610131577, "b": -4.584133294849628e-16}