{"cc": -0.15750725849014824, "alpha": 1.1224258076445692e-17, "beta": -0.15750725849014824, "mx": -1.3322676295501878e-17, "my": 1.3322676295501878e-17, "sx": 1.0, "sy": 1.0}