{"w": -0.2257482360144303, "b": -0.06627806073168876}