{"w1": 0.32926535404122526, "w2": 0.6815236630506727, "b": -7.518465529380804e-18}