{"w1": 0.5806954356595115, "w2": 0.3274874558903664, "b": -4.951658385608224e-18}