{"w1": 5.027382129646914, "w2": 3.597080146065136, "b": 0.17024387670934715}