{"w": -0.755117638600732, "b": -0.013864311732303687}