{"w": -0.8511852446418822, "b": -0.03647493346579833}