{"w": -0.9999999999999999, "b": -6.811218256075335e-16}