{"w1": 0.29583980812947547, "w2": -0.5025920266144538, "b": 7.45681120299211e-18}