{"w1": 0.49182047906897985, "w2": -0.9652165346918739, "b": 0.0311100057546922}