{"w": -0.42262727693783725, "b": 2.5078898427597802e-17}