{"w": 0.39029106989612444, "b": 5.359994073722382e-18}