{"w": 0.39380018041467096, "b": 5.63660263957115e-18}