{"cc": -0.7024208004546475, "alpha": -4.858662451459142e-17, "beta": -0.7024208004546473, "mx": -2.886579864025407e-17, "my": -2.831068712794149e-17, "sx": 1.0000000000000002, "sy": 0.9999999999999999}