{"w": -0.7817059269457923, "b": -1.6913269161773321e-16}