{"w": -0.79153886118015, "b": 0.005238689929768451}