{"w": -0.7444853641458721, "b": 0.004447920197470032}