{"w": -0.8216937431742677, "b": 0.007234649104611246}