{"w": 0.9213151604560175, "b": 4.067242849738605e-17}