{"w": 0.9007209040768209, "b": 0.0013331477067270552}