{"w": 0.8777433969371652, "b": 0.006187407146873902}