{"w": 0.9339079287018806, "b": 0.003047512985395698}