{"w": 0.15946757148744775, "b": 1.9787787630767748e-16}