{"w": 0.16739717496820086, "b": -0.008673843749411603}