{"w1": -1.0492797301610883, "w2": -0.37936915890736966, "b": 0.055307023680014264}