{"w": -0.5068335965833293, "b": -0.0015654233793996036}