{"w": -0.0870123388405044, "b": 0.011551929121614379}