{"w": -0.0003733577865990123, "b": 0.146374100003254}