{"w": 0.7429943027381537, "b": -0.05425018288232869}