{"w": 0.5709531488718214, "b": -0.02297090947066044}