{"w": 0.4309185559410215, "b": -3.1524446270143994e-17}