{"w": 0.7077684170200169, "b": -0.05816355690528942}