{"w1": -0.47819611977018056, "w2": 0.6476134938175858, "b": 0.0058654857186512584}