{"cc": 0.7864207210226981, "alpha": -4.547611196718165e-16, "beta": 0.7864207210226981, "mx": 6.439293542825907e-17, "my": -4.04121180963557e-16, "sx": 1.0, "sy": 1.0}