{"w": 1.0000000000000004, "b": -4.685141163918161e-16}