{"w": 0.9814947603342217, "b": 0.0016007716770630555}