{"w1": -0.7546749339661394, "w2": -0.6255621149075092, "b": 0.0007524639780373699}