{"w1": -1.2524175851692225, "w2": -1.021884659590849, "b": 0.0534422466950408}