{"w": 0.22059787329132852, "b": 5.967830759013224e-17}