{"w": -0.3346317830231565, "b": -0.05489572666393223}