{"w": -0.9999999999999997, "b": -7.42461647718073e-16}