{"w": -0.9431998704834813, "b": -7.145254203177972e-16}