{"w": -0.07011322673112252, "b": -0.029567689234686556}