{"w1": -0.6374720165208148, "w2": 0.42150958748125117, "b": 4.6499382084892644e-17}