{"w1": 1.3963436012473276, "w2": 1.6026250519585177, "b": -0.3048206740050693}