{"w1": -0.29624106214731744, "w2": -0.5200117632201772, "b": -0.000719007078621603}