{"w": 0.9239615224433458, "b": 3.931290112717356e-17}