{"w1": -0.35454115223216376, "w2": 0.4528800276055351, "b": -1.711811927256215e-17}