{"cc": 0.845146230474519, "alpha": 3.3361536862140663e-17, "beta": 0.8451462304745192, "mx": -1.4432899320127036e-17, "my": 2.1163626406917045e-17, "sx": 0.9999999999999998, "sy": 1.0}