{"w1": -0.6565935750181527, "w2": 1.0331385134826454, "b": -0.08305543530934739}