{"w1": -0.5005348258467406, "w2": -0.3023533595198212, "b": -0.01669605010338216}