{"w": -0.5941640226793405, "b": 0.0436248079221323}