{"cc": -0.5275500128946404, "alpha": -1.914451968971253e-17, "beta": -0.5275500128946405, "mx": -2.997602166487923e-17, "my": -3.3306690738754695e-18, "sx": 0.9999999999999998, "sy": 1.0}