{"w": -0.5224168442984949, "b": 0.0571185729476808}