{"w": -0.4795909208133096, "b": -1.7706896906454617e-17}