{"w": 0.08411211289638074, "b": -2.321611912698554e-17}