{"w1": -0.8603982337312837, "w2": -0.8038188917228523, "b": -0.07505491494590455}