{"w1": 1.4459280377422186, "w2": 0.5766428733186884, "b": 0.10726428130874209}