{"w1": -0.7004411799434339, "w2": 0.19632653933188962, "b": -1.1250553016340834e-16}