{"w1": -0.5370607027291749, "w2": -1.9495504240212143, "b": -0.4878854567521381}