{"w": 0.0330353115279475, "b": 0.039068604407489736}