{"w": -0.8974489289886671, "b": -0.006491834038978303}