{"w": -0.8976785552405526, "b": -0.07261841962354221}