{"w": -0.870163767234278, "b": 0.008253880796411274}