{"w": -0.41991502999757024, "b": 0.026972169691482688}