{"w1": -0.8277373810993305, "w2": -0.8286169473201065, "b": -0.0790003997743581}