{"w": 0.3143475416243278, "b": -0.13127260457927603}