{"w1": 1.2717309165139388, "w2": 1.8965260920142915, "b": 0.11943725707092262}