{"w1": 0.6506680717301683, "w2": 0.9912421286457637, "b": 0.011011158440298291}