{"w1": 0.8336134257333957, "w2": -0.0788143547744849, "b": -6.882331375959331e-18}