{"w": 0.49668024488850104, "b": -0.02622349301481735}