{"w": 0.5919733153090718, "b": -0.0856293383904439}