{"w1": 0.36415186800788246, "w2": -0.5156180677779306, "b": 1.81754715126831e-18}