{"cc": -0.1883695660636998, "alpha": 2.0539125955565396e-17, "beta": -0.1883695660636998, "mx": 0.0, "my": 2.0539125955565396e-17, "sx": 1.0, "sy": 1.0}