{"w": -0.14166810840285488, "b": -0.007693883381743679}