{"w": -0.1482478544862813, "b": -0.007350303203832591}