{"w": -0.18650452085514835, "b": 2.0539125955565396e-17}