{"w": 0.11544578383059992, "b": -3.3559500521274104e-17}