{"w": -0.2428852845847759, "b": -0.010614804333386053}