{"w1": 0.28771759136644304, "w2": 0.4581288939611852, "b": 1.9150218834671622e-17}