{"w": 0.5539455331270018, "b": 2.829905762218748e-17}