{"w": 0.2871896037465999, "b": -0.10867175912841642}