{"w": -0.5268680193484753, "b": -0.11980122846897467}