{"w": -0.6822471531630776, "b": 0.016109470980170806}