{"w": -0.6498698239740373, "b": 0.015383498470510288}