{"w": -0.322938540712723, "b": 2.439631261823191e-16}