{"w": 0.003525146066968759, "b": -8.214378430269325e-17}