{"w": 0.93123224052175, "b": -0.006904225550356566}