{"w": -0.47175406613590326, "b": -0.0272088134219858}