{"w1": -0.5618614243787979, "w2": -0.09048801961301986, "b": -0.0002987333541907516}