{"w": -0.002163660524761209, "b": 5.624287093999549e-17}