{"w1": -0.6427656579085149, "w2": -0.1692401592579904, "b": -2.907602605802678e-17}