{"w": -0.21339049875227362, "b": -0.0732637747687428}