{"cc": -0.4656460946615766, "alpha": -7.11728436866299e-17, "beta": -0.4656460946615766, "mx": -2.886579864025407e-17, "my": -5.773159728050814e-17, "sx": 1.0, "sy": 1.0}