{"w1": -0.5245081732562762, "w2": 0.23770303286162908, "b": 7.341704565806876e-17}