{"w": -0.4093546707203491, "b": 0.08072322950687488}