{"w1": -2.715719790049704, "w2": 1.0045507535959333, "b": 0.0678061542758924}