{"w": 0.9999999999999991, "b": -1.4321877017664503e-16}