{"w": -0.6959209871757893, "b": -0.028684734986660416}