{"w": -0.7051324749976857, "b": -2.9817401798979914e-16}