{"w": -0.6117067459718349, "b": 0.011573908156115425}