{"w": 0.8122939764345884, "b": 0.006701957052888206}