{"w1": 0.36917747449439714, "w2": 0.9903516951403007, "b": 0.12654290051918948}