{"w1": 0.41434096820226923, "w2": 1.7524885495398943, "b": 0.20252450035680727}