{"w": 0.3711888729279731, "b": -0.06913161261050327}