{"w": 0.36740609615063613, "b": -0.11033079316898106}