{"w": 0.40345992133939623, "b": 0.07895860383243525}