{"w": 0.4448486316750534, "b": 4.292180289366383e-18}