{"w": 0.48313877599601723, "b": -0.01536391581406288}