{"w": -0.650252994031123, "b": -0.009936206478165632}