{"w1": 0.72388393052372, "w2": -0.17016970795102476, "b": -0.010724830311344257}