{"w": -0.20100816169172658, "b": -0.08455658967197159}