{"w": 0.8550579309744797, "b": 0.007115313993026168}