{"w": -0.0849506101578715, "b": 0.11900859584615624}