{"w1": -0.3229197397831975, "w2": 0.5317472871171479, "b": 1.647516293268289e-17}