{"w": 0.5730900795561635, "b": 4.091595933274092e-17}