{"w": 0.14386872521397462, "b": 0.15327841625849778}