{"w": 0.13628979954718703, "b": 1.3271637785228563e-16}