{"w": 0.9643714781031539, "b": -0.0020095751141162767}