{"w1": 0.6583938375528077, "w2": 1.279057667442091, "b": 0.017384611088357097}