{"w1": 0.5952229396950277, "w2": 0.3822470200387617, "b": 0.028187419164679914}