{"w": -0.2783417799942401, "b": -0.01275965409815101}