{"w": 0.2957311327810286, "b": -0.05630308288699304}