{"w": 0.464217197021492, "b": 0.10767353654740515}