{"w": -0.40463834838519386, "b": 0.0006609756538698934}