{"w": -0.5120676235458059, "b": 0.41980274201953516}