{"w": -0.527712748471708, "b": -8.091736351225788e-17}