{"w": 0.8713373508000256, "b": 0.002918200006697395}