{"w": 0.41555711550688607, "b": -1.2471531288364192e-17}