{"w": -0.19257084854652595, "b": 0.07368047550873347}