{"w": 0.27023908165963717, "b": -0.17081380180219696}