{"w": 0.49384374490581967, "b": 0.024686897290831886}