{"w": 0.491146605524961, "b": 0.026802418656192165}