{"w": 0.7425245073906184, "b": -0.003509669321129172}