{"w1": -0.4760317452928505, "w2": -1.3993421501744927, "b": 0.139806283547051}