{"w": -0.7113925643523602, "b": -0.005963409879366412}