{"w": -0.3831817122594536, "b": -1.3222147636595697e-16}