{"w": 0.1705412965350174, "b": -0.04156647678415143}