{"w": 0.3191159036016863, "b": -0.027090415384882056}