{"w": 0.5246921187898264, "b": 0.007484452990813085}