{"w": 0.635609787778139, "b": -0.00862394401369744}