{"w": 0.6321762896404964, "b": -0.008451367518415187}