{"w": -0.26054632808740413, "b": -0.10327643336594095}