{"w": -0.34126660218897475, "b": -0.04715521601289496}