{"w": 0.13931190131769156, "b": 0.04738203908016708}