{"w1": -0.6229570176420574, "w2": -0.3881635482745654, "b": -0.008835977167307926}