{"w1": -0.6987059565869221, "w2": 0.907925085903546, "b": 0.16860389205520293}