{"w": 0.07304622715200002, "b": -1.2015034259050596e-16}