{"w": 0.07306198225015623, "b": 0.030022974076395245}