{"w": 0.4071896640514154, "b": -0.11687600593342413}