{"w": 0.4647869077674699, "b": 0.02900172582285726}