{"w1": -1.4920324736132844, "w2": 0.8472870891163703, "b": 0.09614376053219606}