{"w1": 0.7429181249236464, "w2": -0.5449013526188862, "b": 0.044744612021653654}