{"cc": 0.8102349168285814, "alpha": 4.3546076746662195e-17, "beta": 0.8102349168285816, "mx": -1.3322676295501878e-17, "my": 3.2751579226442116e-17, "sx": 0.9999999999999998, "sy": 1.0}