{"w1": -0.057789854060962785, "w2": -0.8349942718766495, "b": -8.423922666772626e-17}