{"w": 0.2654351605488032, "b": -4.803428228566809e-17}