{"w1": -0.6943163833510771, "w2": -0.6376399624791476, "b": 0.01806260559390814}