{"cc": -0.27366147343127134, "alpha": 5.630614010468354e-17, "beta": -0.27366147343127134, "mx": -1.3322676295501878e-17, "my": 5.995204332975846e-17, "sx": 0.9999999999999999, "sy": 0.9999999999999999}