{"w1": -0.1964573374794284, "w2": -0.8079541546078353, "b": 0.02120495432382444}