{"w1": -0.16743114664930778, "w2": 0.8114364779206156, "b": 7.435436561978105e-18}