{"w1": -0.23969163582931396, "w2": 1.518754863130939, "b": -0.259882732592457}