{"w": 0.051523826991242465, "b": -0.015731353292093044}