{"w1": -0.7330107347755177, "w2": -0.419394096187612, "b": 0.005398668790058886}