{"w": -0.20107303681363783, "b": -0.18343486537681458}