{"w": -0.23535591518052273, "b": 0.039758690588891275}