{"w": 0.9999999999999989, "b": -4.71844785465691e-17}