{"w1": -1.0738776546111106, "w2": 0.6169740407871981, "b": 0.04494749801648742}