{"w1": -0.6178621688169674, "w2": -0.3378971197672159, "b": 1.3211334119745684e-16}