{"w": -0.34908218190790996, "b": 0.015800714255421462}