{"w": 0.06454239674921833, "b": -1.448220313562955e-16}