{"w": 0.3679545816085259, "b": 0.06528664265453771}