{"w": -0.5407722472560249, "b": -0.11136449184465536}