{"w": 0.3324235108731519, "b": 0.031984618451198675}