{"w": 0.5981492612245844, "b": -0.021057642071168548}