{"w": -0.8344225609462368, "b": 0.042564196794815545}