{"w": 0.6503009358085159, "b": -0.030895477411942908}