{"w": 0.6504850273694482, "b": -0.031074944567766015}