{"w": -0.2998304356420173, "b": -0.14965685929863248}