{"w1": -0.4355021470490393, "w2": -0.5228903784982032, "b": -3.500966951726228e-17}