{"w1": -0.7097384170005321, "w2": -1.2935674845484695, "b": -0.17519152817313918}