{"w": -0.3204713575200966, "b": -0.055148743745883556}