{"w1": 0.21281147926713945, "w2": -0.6343647599776006, "b": -0.028278404147878796}