{"w1": 0.21002607672959292, "w2": 0.8070439663963309, "b": -3.05503989262923e-18}