{"w": -0.21338633389617226, "b": 0.029001517769342}