{"w": -0.19638756086883938, "b": 0.034782868265072805}