{"w": -0.1727656604358381, "b": 0.07379080070666094}