{"w": 0.053892539715357006, "b": 6.597982393254582e-16}