{"w": -0.2898032095165801, "b": 0.03924062661737068}