{"w": -0.2770936990554513, "b": -8.112480929364138e-16}