{"w": -0.27096433443001955, "b": -0.006055694637310108}