{"w": 0.30966421609153627, "b": -0.0017350263769771645}