{"w": 0.03867190585004376, "b": 0.008312049155411144}