{"w": 0.0519685338905158, "b": -0.00026909431349030066}