{"w1": -1.2673663263229464, "w2": -0.5945863415698214, "b": -0.13657242283194793}