{"w1": -0.6157869555229053, "w2": -0.32719995603686897, "b": 3.125897910908003e-17}