{"w": 0.04483335788291685, "b": -0.38496860005521794}