{"w": 0.050315496013262365, "b": -0.3318038938451532}