{"w": -0.14045187010130492, "b": 0.1753138928938502}