{"w": 0.6509546749722015, "b": -0.009503641766430513}