{"w": -0.17240714408776103, "b": -0.008521856922851404}