{"w": 0.43621482839798836, "b": 0.04821517430675257}