{"w": 0.44215462266786487, "b": -8.278987956528186e-17}