{"w1": 0.04829402134346696, "w2": 1.7817215909078061, "b": 0.05269878738964526}