{"w": -0.11263941248350418, "b": -0.22592211245144858}