{"w1": 0.013160346105925074, "w2": 0.593919519567303, "b": -2.80128579197267e-17}