{"w": 0.8937838746945013, "b": -0.03128121699286238}