{"w": -0.12580769870771485, "b": -0.0941848070136066}