{"w": 0.7412498999717086, "b": -0.012140639634262722}