{"w": 0.5791079461318714, "b": -0.06173743745356955}