{"w": 0.4833677234986925, "b": -1.6858757114142013e-17}