{"w": 0.35731992520447525, "b": 0.011750092585216539}