{"w": -0.3902416506916076, "b": 4.102934541632808e-16}