{"w": -0.37817520873560445, "b": -0.009069136168347154}