{"w": 0.009898700628973868, "b": -6.197901816399934e-16}