{"cc": 0.017022107876266096, "alpha": -2.725009934594404e-17, "beta": 0.0170221078762661, "mx": 3.552713678800501e-17, "my": -2.6645352591003756e-17, "sx": 0.9999999999999998, "sy": 1.0}