{"w": -0.4725890617836741, "b": -0.040513304488450114}