{"w": -0.3247683368415145, "b": 2.2564219311717805e-16}