{"w": 0.23356210261799246, "b": -0.20790940677218714}