{"w1": -0.8541957340460947, "w2": -0.7211864892250142, "b": 0.10870015710258847}