{"w1": -0.5620208728193943, "w2": 0.012827637611959057, "b": -9.314654674134338e-17}