{"w": -0.32471192754550926, "b": 1.3596182365142421e-17}