{"w": -0.16370107622294972, "b": -0.002430324649396187}