{"w": 0.28393531521324006, "b": -0.027186266585251383}