{"w1": -1.553222145400607, "w2": 0.2237050019849025, "b": -0.037498583118267086}