{"w1": -0.5438936119381356, "w2": 0.04187087018495299, "b": 1.825617886874485e-17}