{"w1": -0.5311411591462569, "w2": 0.03653051844308068, "b": -0.003368212037474976}