{"cc": -0.11349146685074557, "alpha": -7.798176976474101e-17, "beta": -0.11349146685074558, "mx": 9.547918011776346e-17, "my": -8.881784197001253e-17, "sx": 0.9999999999999998, "sy": 0.9999999999999999}