{"w": 0.5552256444375631, "b": 0.001656166807687678}