{"w": 0.5635333566137795, "b": -0.003563292451309222}