{"w": -0.27114634812914234, "b": -0.1634376626685933}