{"w": -0.29503337365150417, "b": -0.17678916310964796}