{"w": 1.0000000000000004, "b": 2.123301534595612e-16}