{"w": 0.16137094186118267, "b": 0.2534071093708635}