{"w": 0.07090561688655518, "b": -0.05817566716653502}