{"w": 0.38606050078905035, "b": 0.07068419767191897}