{"w": 0.6989996611392082, "b": 0.066257849515084}