{"w1": -2.1701240715921446, "w2": -0.15462519143106956, "b": -0.0962682392014968}