{"w": -0.028675605815994362, "b": 0.07779653124684614}