{"w": 0.9999999999999973, "b": 1.6153745008295994e-16}