{"w": -0.8596679364593584, "b": 0.0236265203643099}