{"w": -0.0773203024855691, "b": -0.0474801123281457}