{"w": -0.0727658441516853, "b": -0.045672987661419806}