{"w": 0.21872965029855565, "b": 0.030558148899166384}