{"w": 0.2198740578513439, "b": 0.03054910133197072}