{"w": 0.20242585458357823, "b": -0.00865254452697726}