{"w1": -0.8270094008609185, "w2": -0.4232818282399982, "b": -0.0013426656140078145}