{"w": -0.6738585208084924, "b": 0.025489106815271}