{"w": -0.7215390014784564, "b": 0.00041185321960634375}