{"w1": 0.6306013592069205, "w2": 0.10256762368463761, "b": -0.02715539834493025}