{"w": -0.3779110210284429, "b": -8.252141694406965e-17}