{"w1": -0.8975304507150916, "w2": 0.2302106251103365, "b": 0.020625331984051982}