{"w": 0.9071904898790639, "b": -0.0030875795245510393}