{"w": -0.7656422371899949, "b": -0.0162132995170923}