{"w1": -0.4176691528732472, "w2": 0.3601268594207466, "b": 9.327222228027776e-17}