{"w1": 0.4786919287824381, "w2": 0.429055385388219, "b": 7.943141109760744e-17}