{"w1": 1.058348516609985, "w2": 0.8993592405521863, "b": 0.09107145763124136}