{"w": 0.29930490444159696, "b": 0.07806670493541139}