{"w": 0.2866006375224732, "b": 0.07786865056222424}