{"w": 0.12951313663088634, "b": 0.05251171142134318}