{"w": 0.13008691663736618, "b": 3.7837944628857765e-17}