{"w1": -0.4352370049001535, "w2": 0.7061296461499555, "b": 0.016441399869872864}