{"w1": -1.0794753323613002, "w2": -0.4711125281769829, "b": -0.0384939162472942}