{"w1": -0.59793013527602, "w2": -0.5036952883392299, "b": -2.2992599270256083e-17}