{"w": -1.0000000000000002, "b": 6.322720125240269e-16}