{"w": -0.3233735503591529, "b": -0.004058694200158704}