{"w": -0.14047521806021313, "b": 1.8483894364928442e-17}