{"w": 0.055607525861356706, "b": 0.044070605088542464}