{"w": 0.06500647298114963, "b": -0.2423521487715044}