{"w": 0.0016710345341808424, "b": -3.502397146410659e-17}