{"w": 0.7047299955067486, "b": 0.017201240568244625}