{"w": 0.7588220686533952, "b": 0.0008679510620721658}