{"w": 0.2849764685857237, "b": 0.12264870717961547}