{"w": 0.2859648943881447, "b": 0.11101814577267301}