{"w1": 0.006358887336044071, "w2": 0.9579140355766564, "b": 0.0016110907303088368}