{"w1": -1.4163305069448806, "w2": 2.2764191822967508, "b": -0.5545601045732893}