{"w": 0.2588268805480523, "b": -0.025736307113980554}