{"w": 0.09398001577386328, "b": 0.43863241402901576}