{"w": 0.09365835003621867, "b": 5.304786424575077e-16}