{"w": 0.9243147097593466, "b": -0.01271968889726572}