{"w": 0.291003258827719, "b": -0.07746474554948551}