{"w1": -0.36405240016285595, "w2": -0.721176619456743, "b": 8.861512656740495e-18}