{"w": 0.7603683010573081, "b": 0.006419372450582062}