{"w": 0.8344175959471072, "b": 0.014226932441776792}