{"w": 0.057806913486319104, "b": 0.25875064892972904}