{"w": -0.5729784729967158, "b": 0.39577399218029974}