{"w1": 5.814293731381632, "w2": 6.356378963022492, "b": -2.949692564165639}