{"w1": 2.0131134727758693, "w2": 1.938652539375843, "b": -0.9238506609146644}