{"w": 0.019554447306220166, "b": -0.16874108913558056}