{"w1": 1.269491381583762, "w2": -2.3257974907960604, "b": -0.07719840098286253}