{"w": -0.21759753535262533, "b": 0.00020302037118824176}