{"w": 0.8311751812778935, "b": -1.903084369965607e-18}