{"w": 0.8411213907174313, "b": -0.019786469091666085}