{"cc": 0.982749715102341, "alpha": 2.5257143717540653e-17, "beta": 0.982749715102341, "mx": -4.829470157119431e-17, "my": -2.2204460492503132e-17, "sx": 1.0, "sy": 1.0}