{"w": 0.9817679471551859, "b": 2.5209729527520635e-17}