{"w1": -1.3931624827322286, "w2": 0.2038280775110996, "b": -0.1127963485326891}