{"w1": -0.6758055542878517, "w2": 0.06805613060207753, "b": -0.004819273314031314}