{"w": -0.26691117828546873, "b": -0.1711857119332909}