{"w": -0.25016614389117053, "b": -0.126492157508948}