{"cc": -0.23832726382245462, "alpha": 2.0974333924966832e-17, "beta": -0.23832726382245462, "mx": -6.106226635438361e-17, "my": 3.552713678800501e-17, "sx": 1.0, "sy": 1.0}