{"w": -0.7800860075374444, "b": -0.04439665922752445}