{"w": 0.22206446447397823, "b": -2.54324147107593e-16}