{"w": 0.046411444712800766, "b": -0.04572970551019006}