{"w": 0.058514841806425, "b": 0.003455420449467615}