{"w1": -0.5652054277677238, "w2": 0.342363449878229, "b": -4.4534802962537435e-17}