{"w1": 0.43756944044935636, "w2": 0.3610967149147362, "b": 3.658569406736289e-17}