{"w1": -0.4586621016999557, "w2": -0.42359586791474446, "b": -0.03503204571342493}