{"w1": -0.5109872974536659, "w2": -0.45198437067320063, "b": -0.04922750766001375}