{"w": -0.05639348461860108, "b": 0.004503222059069107}