{"w": -0.16930589739474222, "b": -0.08757484946339165}