{"w1": -0.19111360568762698, "w2": -1.7941220745486042, "b": 0.010681634094313055}