{"w1": 0.043985608113119926, "w2": -0.4906202847892227, "b": -5.246041490375937e-18}