{"w": 0.31054139209809134, "b": 0.0384671354358318}