{"cc": -0.10709389171113588, "alpha": 2.831704077846158e-16, "beta": -0.10709389171113587, "mx": 3.219646771412954e-16, "my": 2.486899575160351e-16, "sx": 1.0, "sy": 0.9999999999999999}