{"w": -0.16756182539822118, "b": -0.0001840697818541459}