{"w": 0.35136310090756395, "b": 0.06096502660723335}