{"w": -0.19461546155654053, "b": 4.5258704057764895e-18}