{"w": -0.5465886261240217, "b": -0.017947507762812218}