{"w": 0.7417624085073756, "b": -0.00611365920870618}