{"w": 0.7362196349761693, "b": -0.006457162128577206}