{"w": 0.4210945792773846, "b": -7.275087364556056e-17}