{"w1": 0.20915607973924083, "w2": -0.7414554763109572, "b": 0.00941315740473076}