{"w1": 0.95542458251931, "w2": 0.43630001363202564, "b": -0.08477004856006283}