{"w": 0.9717445434825924, "b": -0.017889358616635657}