{"w": -0.07285179740803388, "b": 1.2954284177492507e-16}