{"w": 0.19533248721775612, "b": -3.09447159125108e-17}