{"w": -0.4175999549442538, "b": -0.004718903090146496}