{"cc": -0.7804025392283971, "alpha": 8.631181384623544e-17, "beta": -0.7804025392283969, "mx": -1.4405143744511407e-16, "my": 1.9872992140790302e-16, "sx": 1.0, "sy": 0.9999999999999998}