{"w": -0.5437163904233063, "b": 0.024650363867008286}