{"w": -0.0674044413488167, "b": -0.006194990127074813}