{"w": 0.05935751247841943, "b": 0.008391944316747724}