{"w": 0.168197309059399, "b": 0.03892581035323994}