{"w1": -0.12336169747747645, "w2": 0.6475119039898378, "b": -0.010480269853169771}