{"w": -0.42210818094735075, "b": 1.1534020749551193e-16}