{"w": -0.2954856852476888, "b": 2.841853091688247e-17}