{"w": -0.2925600844036523, "b": 2.776891703330004e-17}