{"w": -0.29473496569599494, "b": 0.01565275086876248}