{"cc": 0.694984219549579, "alpha": 1.9517125099050785e-16, "beta": 0.6949842195495792, "mx": -3.774758283725532e-16, "my": -6.716849298982197e-17, "sx": 0.9999999999999997, "sy": 1.0}