{"w": -0.32007726083102983, "b": 0.009188662376048883}