{"w": -0.5394496090465745, "b": 0.01570348842957149}