{"w": 0.05102567676679459, "b": -0.06331463824477201}