{"w1": -0.7011525875812828, "w2": -0.113591731071833, "b": -5.934805259996158e-17}