{"w": -0.9794304731925059, "b": 0.014402046841879174}