{"w1": 0.44194959870011385, "w2": 1.1382345504425513, "b": -0.06013860922409092}