{"w": 0.022538616349594923, "b": -0.010067313648418952}