{"w": -0.9999999999999988, "b": 5.608360997833016e-17}