{"w": 0.7338098169100187, "b": -0.19461379556587943}