{"w": 0.371001784388482, "b": 0.0036313058407581866}