{"w1": -0.14551038203965094, "w2": 0.5861165527704704, "b": 3.679263963648282e-17}