{"w1": -0.4473003398958109, "w2": 0.9700951215802778, "b": 0.037059246552403106}