{"w1": -2.714249579182842, "w2": -0.12457769467814928, "b": 0.113637195106255}