{"w1": 0.7985622329843738, "w2": -0.5853676686672309, "b": 0.03007909436697749}