{"cc": 0.20808164653276257, "alpha": -9.3236994163353e-18, "beta": 0.20808164653276262, "mx": 8.215650382226158e-17, "my": 7.771561172376097e-18, "sx": 1.0, "sy": 1.0000000000000002}