{"w": 0.17081603227316935, "b": 0.04104609691741118}