{"w": 0.8785487694728842, "b": -2.392845367168299e-17}