{"w": 0.8875300199499803, "b": -0.016272362050656186}