{"w": 0.8776710983745099, "b": -2.3896785325185435e-17}