{"w1": -3.490863182960037, "w2": 0.46680250035891097, "b": 0.02280113105632956}