{"w1": -1.2045173982424415, "w2": -0.06411477032775843, "b": -0.027174565008360824}