{"w1": -1.9306795036102884, "w2": 0.05788773660894476, "b": 0.11816162876872369}