{"w": -0.15950613721057583, "b": 0.0038692971506317404}