{"w": 0.10631785224673308, "b": -0.03181319447861916}