{"w": -0.3975396169189005, "b": 1.3355418160048556e-16}