{"w": -0.39714247444445594, "b": 1.3349950792730662e-16}