{"w1": 0.765500853116314, "w2": -0.044066073023006865, "b": 0.004822060552504278}