{"w": 0.32501739015353087, "b": -0.026360906780386092}