{"w": -0.6013518615926825, "b": 0.025523319423756796}