{"w": -0.18924019760265773, "b": 0.004104193907184171}