{"w": 0.920172318855948, "b": 0.007138153879499671}