{"w": -0.2604754916250281, "b": -0.1728122821332499}