{"w": -0.2433258209646596, "b": 0.12645865258915256}