{"w": 0.10045744475891977, "b": 0.26782028385566525}