{"w1": 0.0833541320122279, "w2": 0.8836575176768939, "b": -3.0237050547285713e-17}