{"w1": 0.15951396945795351, "w2": 1.1569058422286485, "b": 0.09943483605952011}