{"w1": 0.3427146605037191, "w2": 2.9165678559593933, "b": -0.08427936226574705}