{"w": 0.526193096346126, "b": 1.519933643689264e-18}