{"w": -0.4923592901260391, "b": -0.05224480925380011}