{"w": -0.2697655195421536, "b": -0.0069677003559960055}