{"w": -0.22904694833779846, "b": -2.3731495641925366e-16}