{"w1": 1.0989311576452323, "w2": -0.5923387437467235, "b": 0.13084856417541563}