{"w1": 2.3961053052878083, "w2": 1.0340559561120144, "b": 0.14840369173852475}