{"w1": 0.4881816293707686, "w2": 0.2923133370577617, "b": -2.1442832595846472e-17}