{"w1": 0.7508034358462725, "w2": 0.3667844681341956, "b": 0.053985582295158444}