{"w": -0.28343774011216866, "b": 0.010183467525619104}