{"w": 0.6402009505761491, "b": -1.9877178272386527e-17}