{"w": 0.2769724464367162, "b": 0.20474557036327984}