{"w": 0.2770652969889085, "b": 0.3964246521952392}