{"w": 0.2546883287389516, "b": -0.031871520909165105}