{"w": 0.2659206921423058, "b": -0.033200098023679556}