{"w1": 0.46919495300122877, "w2": -0.8567906909613062, "b": -0.04851411714892845}