{"w1": 0.1056285730792644, "w2": -1.2976382660826125, "b": 0.012989189248028584}