{"w": 0.46006600657565716, "b": 0.0934699921522923}