{"w": 0.2829135786780079, "b": -0.0677617667653664}