{"w": 0.3077902399815846, "b": 9.450858477816123e-17}