{"w1": 1.1782719139906181, "w2": 0.30137420059789466, "b": -0.16471651776279567}