{"w": 0.02095936088885925, "b": 0.08574468424390765}