{"w": -0.7922666296565986, "b": -8.029134146772026e-18}