{"w1": 0.7806425999683723, "w2": -0.3874896969948601, "b": 0.11571604263590593}