{"w": -0.8430174067927311, "b": 0.017633412208896034}