{"w1": -0.935449601371005, "w2": 0.22318212973616733, "b": 0.00014264815264140298}