{"w": 0.7720902361859199, "b": 0.13276166626417396}