{"w": 0.7156176619579034, "b": -6.612426277905355e-17}