{"w1": 0.46002842763789475, "w2": 0.1848434683806004, "b": 4.258410982900476e-17}