{"w": 0.7068411463762849, "b": -1.64219217097372e-17}