{"w": 0.7767485125014122, "b": -1.8595079198701674e-17}