{"w": -0.3037320521638017, "b": 0.0166849388447274}