{"w": -0.26644555261854314, "b": 0.04601637450771889}