{"w": -0.20534609687086436, "b": -0.03050945147612305}