{"w": -0.406578384987814, "b": -0.0004285383946366905}