{"cc": 0.5944368610948617, "alpha": -5.670529279650498e-16, "beta": 0.5944368610948616, "mx": 7.671641100159832e-16, "my": -1.1102230246251565e-16, "sx": 1.0, "sy": 0.9999999999999999}