{"w": -0.7238217577525067, "b": -0.021296270125086506}