{"w": 0.6438298050776637, "b": 0.043920511852127496}