{"w": 0.6749757308385227, "b": 5.2679705299917635e-17}