{"w": 0.00787604690197209, "b": 0.008427906107886532}