{"w": -0.47959123395874215, "b": 5.562440984950251e-17}