{"w": 0.38245922370703334, "b": -0.0006416729609048516}