{"w": -0.08105704690767138, "b": 0.08918032676600585}