{"w": 0.04864430308743892, "b": -0.01547350156947248}