{"w1": -2.2799181314968244, "w2": -0.8649196007685929, "b": 0.3161899759738059}