{"w": 0.37310037155509085, "b": 0.028802658710171895}