{"w": 0.2983046817587296, "b": 0.0017127266565785991}