{"w1": 0.16643910128259662, "w2": -2.8837873300363133, "b": 0.17317440050168953}