{"w1": 0.6364809324998862, "w2": 0.335447437091559, "b": -4.055514339393551e-17}