{"w1": 1.0151685879478956, "w2": 0.6234638197013976, "b": 0.0486966640791843}