{"w": 0.8394657983596502, "b": -5.603101045793791e-17}