{"w": 0.779773239058005, "b": -0.05545857290147632}