{"w1": -0.3068630362147872, "w2": 0.02329031468400422, "b": -7.883150945492412e-07}