{"w": 0.153056761621188, "b": -0.2153632061534642}