{"w": -0.27727359952540337, "b": 0.02793322004578621}