{"w": 0.28474877200751403, "b": -9.570822895020712e-18}