{"w": 0.7095190075723065, "b": -0.007670572077938977}