{"w": -1.0000000000000002, "b": -7.011058400507865e-16}