{"w": -0.564686352353367, "b": -4.497923180843419e-16}