{"w1": 0.7254707058475138, "w2": 0.5624035739788205, "b": 0.036245663962725744}