{"w": -0.21710265219812044, "b": 4.7446962305407765e-17}