{"w": 0.13231492154478752, "b": 0.05010386362732133}