{"w": 0.1038005701315492, "b": -0.0047143321651118685}