{"w1": -1.3925842336386562, "w2": 0.6739451290101292, "b": 0.030477152109119776}