{"w": -0.5144350723122657, "b": -0.08536332420134522}