{"w": 0.649885521598367, "b": 0.002490959956626887}