{"w": -0.10516308140756397, "b": -3.7129217691755025e-18}