{"w": 0.7922514718299107, "b": -0.012203964970263666}