{"w": 0.806917974507684, "b": -0.01674277366616761}