{"w": 0.8067895822112181, "b": 0.0015837098091089881}