{"w": -0.541124254379621, "b": -0.1265163444523964}