{"w": -0.5082586644531482, "b": 2.5103409539465287e-17}