{"w": -0.514644189230468, "b": -0.10835894961210812}