{"cc": -0.9109612585154148, "alpha": 4.257254192813605e-16, "beta": -0.9109612585154145, "mx": 2.1871393585115584e-16, "my": 2.2648549702353194e-16, "sx": 1.0, "sy": 0.9999999999999998}