{"w": 0.4548470689860231, "b": 0.004711950281093952}