{"w": 0.6171535554199613, "b": -0.08177950582152296}