{"w": 0.6790440368542616, "b": -0.09175834149008653}