{"w": -0.2761360351468942, "b": -0.1239817326043412}