{"w1": 0.6938463721090047, "w2": 0.273937259852541, "b": 0.04293746389070838}