{"w": -0.21488320541094744, "b": 0.030929417176784112}