{"w": -0.18224803568847298, "b": 5.3855716515815775e-17}