{"w": 0.09873248385094543, "b": 0.16492617841756785}