{"w": 0.05179476916193187, "b": -0.03894221767309904}