{"w": -0.07250878998281891, "b": 1.0295343458928905e-16}