{"w": -0.2959817189564573, "b": 0.08263998857925256}