{"w": -0.11253439354906439, "b": 0.01719301660352966}