{"w": -0.3303722757520454, "b": 0.16394870568970632}