{"w1": 0.2917012300444591, "w2": -0.4539570035085698, "b": 0.006148403771150151}