{"w": 0.1386312569192233, "b": 0.09555928657190357}