{"w": 0.1455960932960691, "b": 0.1026020812510937}