{"w": 0.14546365604141587, "b": 0.10251513133314322}