{"w": -0.12216182233664644, "b": 7.129288812552531e-19}