{"w": -0.015376917447724167, "b": 0.025270887821088092}