{"w1": -0.16838596853452462, "w2": -0.8617163275149969, "b": 0.08325574891773127}