{"w1": -0.20552104132257837, "w2": 0.7779286227459549, "b": 0.00621255133050725}