{"w": 0.5266520112445675, "b": 1.0355067703764483e-15}