{"w": 0.5323954855482177, "b": -0.4020082428842487}