{"w": 0.15634126425880934, "b": -0.0825185426686896}