{"w": -0.8008967048445842, "b": 0.01174750461950595}