{"w": 0.6264487693250494, "b": -3.079442174178817e-17}