{"w": 0.6435995578743335, "b": -0.06021153569892901}