{"w": -0.6785869549714929, "b": -0.031709044304336964}