{"w": -0.8390902683140845, "b": 7.225429314584101e-17}