{"w": -0.7635721441658169, "b": 6.864908885698698e-17}