{"w1": 16.06637181072289, "w2": -2.8661336837664337, "b": -1.285027575885615}