{"w": -0.1108129952929094, "b": 0.026731169122244065}