{"w": 0.004502631099349252, "b": -0.00606059174043012}