{"w": 0.9999999999999993, "b": 2.586819647376612e-16}