{"w1": -0.37432767214072604, "w2": -1.2491216029275434, "b": 0.03830153439488497}