{"w1": -2.364128254274256, "w2": 0.7040420792316041, "b": -0.02113162109945924}