{"w1": 0.3786634459220923, "w2": -0.5513771388913052, "b": 0.010215205898648189}