{"w1": 0.32245361184052135, "w2": -1.1141969881817, "b": -0.10762292064050784}