{"w1": -6.192482968402708, "w2": 3.178344805893936, "b": -3.1606726876680487}