{"w1": 0.6917794959938703, "w2": 0.296551420122651, "b": -2.5992451084123673e-17}