{"w1": 0.07011744776580459, "w2": -0.7123970034823544, "b": 1.0271399413033951e-17}