{"w": -0.00338188950527173, "b": 0.02313376356629289}