{"w": -0.0036995060538482787, "b": 0.023086465008534146}