{"w": -0.021693706656760188, "b": -2.1505999766528957e-17}