{"w": -0.2575366879256643, "b": -0.026470219717703858}