{"w": 0.9300655980755733, "b": -0.019198731182958704}