{"w": 0.3692329356821574, "b": -6.422214391223013e-17}