{"w": 0.2647990311194323, "b": 0.011034287598051546}