{"w": 0.3205316588277516, "b": -1.978558023320039e-17}