{"w1": 0.5069295183710819, "w2": -1.1259225938613842, "b": -0.05430582235240058}