{"w": -0.17034803731831705, "b": -0.07591675739199755}