{"cc": -0.2165508805212022, "alpha": -9.119454485633566e-17, "beta": -0.2165508805212021, "mx": 7.105427357601002e-17, "my": -1.0658141036401502e-16, "sx": 1.0000000000000002, "sy": 0.9999999999999999}