{"w": -0.32334512806557686, "b": 0.07819089463232315}