{"w": -0.20704343197861555, "b": -9.40632594169934e-17}