{"w": -0.20569876188963704, "b": 0.009040013641932207}