{"w": -0.9999999999999996, "b": -6.964914756046879e-17}