{"w": 0.27446937997237314, "b": 0.006337913918853397}