{"w": -0.6885890038384744, "b": 0.024803474894190963}