{"w": 0.9999999999999996, "b": -3.3306690738755465e-18}