{"w1": -0.5452991197056961, "w2": -0.22524611993906382, "b": 5.3761889886106773e-17}