{"w1": -1.0958022129766383, "w2": -0.5448957102505444, "b": 0.001253855573026024}