{"w1": -1.190806291522955, "w2": 0.6076245101127795, "b": 0.022709189400416958}