{"w": 0.3005667080499534, "b": 0.07447146296638303}