{"w": 1.0000000000000009, "b": 3.1613600626201334e-16}