{"w": 0.2975267816396869, "b": 0.08839990685212629}