{"w1": 0.584711310551556, "w2": 2.572821552065752, "b": -0.31921691476837993}