{"w1": -0.3007073504748651, "w2": -0.923530203890436, "b": -1.607685317266136e-17}