{"w": 0.16116324286276856, "b": -0.01387823491939261}