{"w": -0.685079152195967, "b": 0.0015515421269489613}