{"w": -0.8905340005432629, "b": 0.016004487279980044}