{"w": 0.3371667082679341, "b": 8.158594989845516e-17}