{"w": 0.33382842402765744, "b": 8.162457586872925e-17}