{"w1": 0.521709986429728, "w2": 1.138592314844234, "b": -0.017620450707624045}