{"w": -0.5178272745011633, "b": -0.01316346166687914}