{"w1": -1.3756936684089518, "w2": -1.1160536497336369, "b": -0.18844858272928722}