{"w": -0.2737451558394065, "b": 0.0846382925580566}