{"w1": 1.0130207831201712, "w2": 0.8943490681386211, "b": -0.0214018026561119}