{"cc": 0.7744598478451635, "alpha": -1.9262437423285278e-16, "beta": 0.7744598478451638, "mx": 2.042810365310288e-16, "my": -3.441691376337985e-17, "sx": 0.9999999999999998, "sy": 1.0}