{"w": 0.25069711552734625, "b": -3.936228324126212e-17}