{"w": 0.06349291172076568, "b": 0.17434565204650967}