{"w": 0.06349150811578835, "b": 0.1743457966617533}