{"w": 0.8807519112157363, "b": 0.0003441006865859493}