{"w1": -0.20578357351010404, "w2": -0.7102443573382271, "b": 0.004780888185750953}