{"w1": -0.3618871451192909, "w2": -0.5520076247213523, "b": -1.0053534294745022e-16}