{"w1": 0.40038868102601355, "w2": 0.8531596287366948, "b": 3.863647339190044e-19}