{"w": -0.32203547316899145, "b": -0.0522156747669447}