{"w1": -0.17813668232898458, "w2": -0.8944918759029393, "b": -0.009884978631784811}