{"w1": -0.2999878229425381, "w2": -1.1374627246466724, "b": 8.122829102877034e-05}