{"w": 0.9576991217578793, "b": -0.010814431397271604}