{"w": 0.7023571000767785, "b": -1.1214004893179405e-17}