{"w": 0.17589990687896587, "b": 0.06222330517289529}