{"w": -0.33606670809936706, "b": -0.004365799948892624}