{"w": 0.8217469185027393, "b": -3.0006201576924716e-17}