{"w": -0.1952072459421229, "b": 0.011001107072639018}