{"w": 1.0000000000000009, "b": -5.051514762044464e-16}