{"w": -0.3682921778972356, "b": 0.05017587191325575}