{"w": 0.9999999999999988, "b": 3.4416913763379834e-17}