{"w": 0.9405456540258031, "b": -0.0026177136619276713}