{"w": 0.34294679736527567, "b": -0.0864780137159404}