{"w": -0.9799021457901825, "b": 0.023601510905269296}