{"w": 0.4395645994009642, "b": -0.008487860385852062}