{"w": 0.12416022285864747, "b": -0.0674861009059744}