{"w": 0.9633683442301447, "b": -0.007412085286600034}