{"w1": 0.20463362740874275, "w2": 0.3092337040801861, "b": -0.004310278873557609}