{"w": -0.30944706298937363, "b": 0.005047769738752689}