{"cc": -0.8997413681022357, "alpha": 2.2069453467203745e-16, "beta": -0.8997413681022354, "mx": 6.88338275267597e-17, "my": 1.5876189252139738e-16, "sx": 1.0000000000000002, "sy": 0.9999999999999999}