{"w": -0.943216794116333, "b": 0.050578591530395636}