{"w": 0.8494845309890076, "b": 3.594604543301775e-17}