{"w": 0.19850910441847017, "b": -0.15337928119291944}