{"w": 0.8043053782516879, "b": 0.007748921386504987}