{"w": -0.11662368412128454, "b": 0.021954428446091766}