{"w": -0.11312521815917942, "b": -0.004972539103270206}