{"w": 0.7499430613157462, "b": 0.07578964746697033}