{"w1": -0.6734486340648772, "w2": -0.0433956718366145, "b": 7.159090954194108e-18}