{"w": 0.27043319470319704, "b": 0.15265043292722155}