{"w": -0.41392088229137897, "b": -0.04158450644630111}