{"w": -0.45688974249850145, "b": -0.03125774845151291}