{"w": -0.4657029393571034, "b": -0.058567145105568486}