{"w": -0.40443197628436534, "b": -0.05887923837165334}