{"w": 0.14152359267549625, "b": 0.13155107554525425}