{"w": -0.23789897368599466, "b": 0.13901932388626642}