{"cc": -0.060453320153229156, "alpha": 6.545617678531984e-16, "beta": -0.06045332015322916, "mx": -7.771561172376097e-18, "my": 6.550315845288424e-16, "sx": 0.9999999999999999, "sy": 1.0}