{"w": -0.06039292722600317, "b": 6.545622372005266e-16}