{"w": 0.5329888446680521, "b": -4.452365875938157e-18}