{"w1": -3.8442981533341265, "w2": -1.2883729293531059, "b": 0.30396993987483534}