{"w": 0.10703799614699354, "b": 0.013768540567760001}