{"cc": 0.6661243705188622, "alpha": -2.1466720088097526e-17, "beta": 0.6661243705188622, "mx": -4.440892098500626e-18, "my": -2.4424906541753444e-17, "sx": 1.0, "sy": 1.0}