{"w1": -1.238861536480161, "w2": -0.22932685972045955, "b": -0.05523771714339569}