{"w1": -1.3684635893056356, "w2": -0.18013614147791077, "b": -0.0660340213726989}