{"w1": 2.4320018396803675, "w2": 0.5245069931271916, "b": -0.2756379071292881}