{"w": -0.05968048234148692, "b": -0.4343117157393527}