{"w": 0.9144088881239038, "b": -0.021465714259016555}