{"w": -0.4906366027025586, "b": 0.004795942360931428}