{"w": 0.4571660996009325, "b": -0.11547727300560363}