{"w1": -0.7488480485069352, "w2": -2.281051017014844, "b": -0.010318433408992826}