{"w1": -0.6608067392224228, "w2": -2.0632104276527414, "b": 0.0488878709527516}