{"w": 0.4367828435498094, "b": -1.4429567187548888e-16}