{"w1": -1.9955705273998006, "w2": 0.25575440781399317, "b": -0.03585589936431884}