{"cc": -0.40069174804334334, "alpha": -6.272525976073824e-17, "beta": -0.40069174804334334, "mx": 2.040034807748725e-16, "my": -1.444677710793485e-16, "sx": 1.0, "sy": 1.0}