{"w": -0.39672450301321116, "b": -6.353459155597202e-17}