{"w": -0.3755643308143514, "b": 0.06666297702458834}