{"w1": -1.6657730162326654, "w2": -0.7053568012468857, "b": -0.1894052738021548}