{"w1": 0.289785047396059, "w2": 1.2962860516461634, "b": 0.024019697274592258}