{"w1": 0.20108302258286248, "w2": 0.6946412064785734, "b": 0.006257197374297339}