{"cc": 0.24539551793497297, "alpha": 5.048447560841422e-17, "beta": 0.24539551793497294, "mx": -6.661338147750939e-18, "my": 4.884981308350689e-17, "sx": 1.0, "sy": 0.9999999999999999}