{"w": 0.25025862797756615, "b": -0.033099150286228556}