{"cc": 0.6645639330811387, "alpha": -1.0032888817246642e-17, "beta": 0.6645639330811387, "mx": 6.855627177060342e-17, "my": 3.552713678800501e-17, "sx": 0.9999999999999999, "sy": 0.9999999999999999}