{"w": 0.6320139393110259, "b": 0.0372656526218779}