{"w": 0.6228665602091492, "b": -0.006495686585203706}