{"w1": -0.5734529547949975, "w2": 0.4292451350341732, "b": -0.017612604175539726}