{"w": -0.14928134346680083, "b": -1.6505621091536902e-17}