{"w": 0.43124979905166705, "b": 0.017505341682917674}