{"w": -0.29620721425865143, "b": -0.0008391766770266887}