{"w": -0.32232139678865174, "b": -0.0029254595978562524}