{"w": -0.5662465765121266, "b": 0.01991512584480537}