{"w": 0.7471428048285593, "b": -1.4956289593787802e-17}