{"w": 0.6458558185868686, "b": 0.05322202980283158}