{"w": 0.4394612190330761, "b": -0.033452407614663976}