{"w": 0.4277488540388481, "b": -0.00916680791575919}