{"w": -1.0000000000000002, "b": -1.285083151003619e-16}