{"w": -0.5665450956704368, "b": -0.09933539426313298}