{"w1": -0.7642815092021563, "w2": -1.2993788818521617, "b": 0.2987467668590129}