{"w1": -1.2880886752216927, "w2": 1.1025547756482654, "b": 0.3957346750246103}