{"w": -0.08349664588754989, "b": 0.08972236980740574}