{"w1": -1.6058767795797044, "w2": 0.04398822083398163, "b": 0.15766746375166385}