{"w1": 0.13029111887447956, "w2": -0.6029215765552907, "b": 1.8745455585150415e-17}