{"w": 0.306527367542173, "b": -1.160429412598572e-17}