{"w": -0.2764586873657792, "b": -0.028844354330038798}