{"w": -0.9535698654188531, "b": -0.22542416833975837}