{"w": 0.21469317395479262, "b": -0.18123144361560323}