{"w": 0.1819291510931185, "b": -0.17750179825776002}