{"w1": 1.0501508844887921, "w2": -0.6348525014295174, "b": -0.09005596140566016}