{"w": 0.1529190186300655, "b": 0.008442341140216473}