{"w": -0.2479731488592985, "b": -2.6164886637858327e-17}