{"w": 0.6826286339675839, "b": -0.028937543286185516}