{"w": -0.3597270477468734, "b": 2.5854006004746857e-16}