{"w": -0.3706028103784772, "b": -0.006168678996835965}