{"w": -0.3995420842152024, "b": -0.0030621795359688612}