{"w": 0.7592975398379775, "b": 0.14892795874028172}