{"w": 0.4702397927488469, "b": -2.276614843673652e-17}