{"w": 0.512142348538348, "b": -2.197528833885807e-17}