{"cc": 0.31019721385656995, "alpha": -4.2867745832391385e-18, "beta": 0.3101972138565699, "mx": 6.661338147750939e-18, "my": -2.220446049250313e-18, "sx": 1.0, "sy": 0.9999999999999998}