{"w": 0.4932052679677794, "b": -0.06275059734277506}