{"w": -0.7328409095226358, "b": 0.03181134745505144}