{"w": -0.732399512072462, "b": -6.12967519576851e-17}