{"w": 0.512459468352364, "b": 0.005704011180305933}