{"w": 0.8387888265869755, "b": 0.0063769053571527375}