{"w1": -1.3005543590547737, "w2": -1.4387598076826267, "b": 0.018051626324941367}