{"w": -0.12323421500444978, "b": 1.4335125521106526e-16}