{"w1": -0.14565977831901736, "w2": -1.5668164583624773, "b": 0.07799908078750646}