{"w": -0.5029365864424059, "b": 7.324038434174835e-18}