{"w1": -0.49798892020484015, "w2": -0.49882284065138766, "b": 1.006331936467779e-16}