{"w1": -0.738013008540868, "w2": -0.7750945469614909, "b": 0.009535633590400367}