{"w1": -2.3890468912451857, "w2": -1.617757779203792, "b": 0.024502525899207428}