{"w1": -0.6761056984304744, "w2": -0.6297499851660905, "b": -0.010091439110414097}