{"w": 0.8827330875710653, "b": 1.4501582935109748e-17}