{"w": 0.8839042205612183, "b": 0.005403097101152525}