{"w": 0.9486812634328783, "b": 0.022108737187412495}