{"w": 0.39104542872921455, "b": 0.04649361944519803}