{"w": 0.920716989088576, "b": 0.014504339022050425}