{"w": -0.45221108579566893, "b": 0.023753851946927255}