{"w": -0.11719491167994968, "b": -0.1603225231216176}