{"w": -0.02793931098478797, "b": 0.015052709993606937}