{"w": 0.18960688335802733, "b": -0.09147300049863533}