{"w": 0.77798478052422, "b": 0.0033713925697680075}