{"w": -0.19024427677298852, "b": -1.0727178193797167e-17}