{"w1": -0.10228308613514613, "w2": 0.7864238830440641, "b": -0.03545015425111907}