{"w": 0.3041301313484116, "b": 0.06798716156930922}