{"w": 0.3045200461187364, "b": 0.06790171053588358}