{"w": 0.30258288329389016, "b": -0.010176211050140707}