{"w": -0.06132033962109894, "b": 0.07340465257561679}