{"w1": -0.17047280854640787, "w2": -0.6151208829140217, "b": 4.543558437036656e-17}