{"w": 0.6721611453879143, "b": 0.006195626008816993}