{"w": -0.49398640948964834, "b": 0.02216375374986479}