{"w1": -0.2390682167291097, "w2": 1.0735390623932755, "b": 0.05122668622019939}