{"w1": 2.373472363343577, "w2": 4.436252567687399, "b": 0.7294247406195603}