{"w1": 0.521701911310844, "w2": 1.1351344121699125, "b": -0.0729883040376993}