{"w": -0.7865483270081456, "b": -4.1441494978755794e-17}