{"w": -0.011907905742338607, "b": -7.147747396733302e-17}