{"w": 0.3158922055487593, "b": -0.07558867926391391}