{"w1": 0.6170648383644757, "w2": 1.2465047695533262, "b": 0.006126455583687351}