{"w": 0.9056993297674181, "b": 4.7802865330208926e-17}