{"w": 0.8326322969718661, "b": 0.021359275518959327}