{"cc": -0.4600447304228287, "alpha": 6.984370530916734e-17, "beta": -0.4600447304228286, "mx": 2.3869795029440865e-16, "my": -3.9968028886505634e-17, "sx": 0.9999999999999999, "sy": 0.9999999999999998}