{"w": 0.823307205392847, "b": 0.048981773271164764}