{"w": -0.07127908116567573, "b": -0.019374357630113262}