{"w": 0.296288570696162, "b": -6.912098982031347e-17}