{"w": 0.29200602250357366, "b": -0.012073447003213028}