{"w1": 0.6036478580873521, "w2": -0.21582212014775118, "b": -3.8861948741985936e-17}