{"w1": -5.171484597643823, "w2": -1.0505285997663787, "b": -0.3064232694330247}