{"w": -0.15757362212264822, "b": -0.0015068420464866923}