{"w": 0.5368748930414925, "b": -0.015041592281053782}