{"w1": -0.25156175967156275, "w2": 0.666493953987781, "b": 1.0856021126783873e-16}