{"w": 0.15314204314349006, "b": 0.03255423499426608}