{"w": 0.3362361138578904, "b": -0.001964804612900985}