{"w1": 2.2741274807293683, "w2": -0.7644853969170974, "b": -0.11696101300460576}