{"w1": -0.4789914736403658, "w2": 0.47029553095562676, "b": 6.651362486092451e-17}