{"w1": 0.43003587855074965, "w2": 0.47233209319870856, "b": -5.1594472929312304e-17}