{"w1": 0.7164748415246829, "w2": 0.7479549696002562, "b": 0.020203173321929294}