{"w1": 1.1256084321349744, "w2": 1.1867822952082798, "b": 0.20736328241420754}