{"w": 0.8663284178250987, "b": 0.006605624558817024}