{"w1": -0.5882061024330457, "w2": 0.3875621672361994, "b": 1.0971251290588501e-17}