{"w1": -5.814517734324218, "w2": 0.8553469488824067, "b": -0.30003281237939705}