{"w": -0.77499223555116, "b": -0.027915725930949004}