{"w": -0.08645576621762008, "b": -3.852825115250946e-17}