{"w1": -0.3928970694059759, "w2": 0.46581780482852, "b": 1.5029099889396863e-16}