{"w": -0.4280249786447614, "b": 0.0018327868375484484}