{"w": -0.4301583035549454, "b": 0.0018149934566900304}