{"w1": 0.6351569203577618, "w2": 0.021029843714339136, "b": -1.7737527959373403e-17}