{"w1": 0.6414647822658264, "w2": 0.01918125644464144, "b": -1.769611111668321e-17}