{"w1": -0.09853453052854039, "w2": 1.519647622727865, "b": -0.06720605592639743}