{"w": 0.7188965202473848, "b": -0.011972163328180262}