{"w": 0.07029996704078051, "b": -0.22572338894960112}