{"w": 0.32813849551616975, "b": 0.36814379432059713}