{"w": -0.15426504844685776, "b": 0.015360281287485693}