{"w": 0.07939353703329717, "b": -0.08358029411803683}