{"w1": 0.11428689776206118, "w2": -0.5836243843413268, "b": -7.448920925561066e-18}