{"w1": 0.4539378404930895, "w2": 1.0483953520514606, "b": 0.009656453626376994}