{"w": 0.4195483730158883, "b": 0.020415154467751367}