{"w1": 0.23339544082286354, "w2": 2.33541907410742, "b": -0.33977048654048736}