{"w1": 1.585853675849081, "w2": -0.07602270649171786, "b": 0.009632154924817242}