{"cc": 0.18265383916821312, "alpha": 1.3862833956139346e-16, "beta": 0.18265383916821312, "mx": -2.220446049250313e-18, "my": 1.38222766565832e-16, "sx": 1.0, "sy": 1.0}