{"w": 0.18265383916821304, "b": 1.3862833956139346e-16}