{"w": 0.566517836414995, "b": -0.004205925971366993}