{"w": -0.6422481088730776, "b": -0.004234027514391481}