{"w": 0.27703820913798677, "b": -0.06101786451607983}