{"w": 0.25940443243745176, "b": -5.1505306687119456e-17}