{"w": -0.9695065350319583, "b": -0.002701784017513479}