{"w1": -0.1777270346704906, "w2": 0.6267323182663128, "b": -2.2535282617218214e-18}