{"w": -0.5359733917943978, "b": -0.001185703420813441}