{"w1": -0.7005487798448081, "w2": 0.041763117066887935, "b": 0.02586205998606829}