{"w1": -0.5303183814769927, "w2": 0.25320198862464, "b": 2.4272390388374884e-17}