{"w": 0.08044138440057398, "b": -0.029833238736222345}