{"w": -0.30529085919835947, "b": -0.04670149157581082}