{"w": 0.6668376027505452, "b": 0.002614262175994696}