{"w1": -1.6665294248962204, "w2": 0.402298411938752, "b": 0.031606742722723735}