{"w": 0.020137476265350694, "b": -0.06418235916402415}