{"w1": -1.4813130874133105, "w2": -1.1030470131328591, "b": -0.06870333239741827}