{"w": -0.3376517296960363, "b": -6.544381216592971e-17}