{"w": -0.37736805428397413, "b": 0.01778053004693747}