{"w1": -1.1192474927511802, "w2": -1.5784991032274953, "b": 0.09382553643963987}