{"w": -0.26972848817199385, "b": 0.07377120008049637}