{"w1": 2.3859441184393826, "w2": 1.4899053172563872, "b": -0.6020530250741764}