{"cc": -0.15088139957577093, "alpha": 5.23907841610724e-17, "beta": -0.15088139957577096, "mx": -1.3322676295501878e-17, "my": 5.440092820663267e-17, "sx": 0.9999999999999999, "sy": 1.0}