{"w1": 0.45696871950607276, "w2": -0.40010799443006684, "b": 1.5096172150039997e-17}