{"w1": 0.6079537858788777, "w2": -0.44349672560813497, "b": 0.02896916508813603}