{"w": 0.40881692940993775, "b": 0.0006338584235324567}