{"w": 0.12567950688502383, "b": -0.22372690812117646}