{"w": -0.34578302812971234, "b": 0.0462272762938867}