{"w": -0.31162821909057836, "b": -4.585477204007182e-18}