{"w": 0.09898386085522903, "b": 0.031215105709600843}