{"w": 0.5664642049412072, "b": -0.033078411404701163}