{"w": 0.5978555278812804, "b": -0.032740844167852175}