{"w": 0.3428011899543238, "b": 2.4870735117231628e-17}