{"w": 0.32244298572540087, "b": -6.604561025311837e-18}