{"w1": 1.6741922492607626, "w2": 6.213508929236555, "b": -0.6768312185126883}