{"w": -0.2895440587762167, "b": 0.0653479079427946}