{"cc": 0.03135224436787541, "alpha": 2.432776544339255e-18, "beta": 0.03135224436787541, "mx": -2.1038726316646717e-16, "my": -4.163336342344337e-18, "sx": 0.9999999999999998, "sy": 0.9999999999999998}