{"w": -0.029650161448205807, "b": 0.08686442434058897}