{"w": 0.036544703516391205, "b": -0.01577899460074171}