{"w": -0.23409050862753544, "b": -0.04556317509181031}