{"w": -0.5260023555019879, "b": -0.04252622086813792}