{"w": -0.5899836595204261, "b": -0.006554750044974703}