{"w1": -0.15254231078060204, "w2": -0.7944513796893591, "b": 1.0268016652285209e-16}