{"w": -0.4839976172116181, "b": -0.0007089556248188536}