{"w": 0.2417181796473766, "b": 0.011208710438268907}