{"w": -0.06045390805097325, "b": -0.049089131195558924}