{"w1": 0.10295106777807173, "w2": 2.4500173472938993, "b": -0.6057360298941394}