{"w": -0.28540726443452474, "b": -0.004827569301418377}