{"w": -0.2718860937001075, "b": 1.823784302398269e-16}