{"w": -0.3287467557176507, "b": 0.001577678702949079}