{"w1": 0.14087868932826336, "w2": 0.5434273087651507, "b": -3.919087062333256e-18}