{"w1": 0.13545444812333982, "w2": 0.5631542424905572, "b": -0.0034616139612839436}