{"w1": -2.0731188566682905, "w2": -9.331694582134952, "b": -3.3129444469829705}