{"w": -0.048759802125067475, "b": 0.0358352131650812}