{"cc": 0.022016452611953015, "alpha": 5.4508981154233114e-17, "beta": 0.02201645261195302, "mx": 4.5519144009631415e-17, "my": 5.551115123125783e-17, "sx": 0.9999999999999998, "sy": 1.0}