{"w": 0.02177785174039837, "b": -0.08370378847142157}