{"w": -0.5936542190626674, "b": -0.06660258220107915}