{"w": 0.49131274363364824, "b": 0.00023985510169476087}