{"cc": -0.23226592248674016, "alpha": -7.414590101242198e-16, "beta": -0.23226592248674016, "mx": -1.8388068845354155e-17, "my": -7.371880883511039e-16, "sx": 0.9999999999999998, "sy": 0.9999999999999998}