{"w": -0.23226592248674022, "b": -7.414590101242198e-16}