{"w": -0.4994664258460562, "b": -0.030522286427489352}