{"w": 0.12659858706680216, "b": -0.033730288248215445}