{"w1": 0.4207465605815699, "w2": 0.19779987598899496, "b": 3.4438532670981125e-17}