{"w": 0.8106260184289243, "b": 0.011294908333674074}