{"w": 0.5351118003022995, "b": -0.006801522537659792}