{"w": 0.9999999999803324, "b": -2.4716843236936574e-11}