{"w": 0.9990009990009989, "b": -1.5487666649216467e-17}