{"w1": 0.14737900460416645, "w2": 0.6884260377907874, "b": -3.117858466288255e-17}