{"w": 0.6375146568404635, "b": -0.12710470845406485}