{"w": 0.9999999999999996, "b": -8.465450562766826e-18}