{"w": -0.5735243823631568, "b": 4.454118377393086e-16}