{"w": -0.4136353665157522, "b": -0.02048218836816593}