{"w": 0.3907769803582695, "b": 1.0029738868820694e-17}