{"w1": 3.0802238256626664, "w2": 0.9822694806120286, "b": 1.2460217250611307}