{"w1": 1.0421069648681274, "w2": 0.5880414423110473, "b": 0.26072826798338683}