{"w1": -1.0195133674846153, "w2": -1.5513438355032423, "b": -0.11091763150072456}