{"w1": -0.0514398141167567, "w2": 1.4975953582315165, "b": 0.008531174297606886}