{"w": 0.8069770134096302, "b": -0.006321392213685436}