{"w": 0.4273544111614573, "b": -0.029856476380012834}