{"w": 0.1215988148702625, "b": 2.894949782007315e-17}