{"w": 0.8957056545085725, "b": 2.3808497990285312e-17}