{"w": 0.5196396199790253, "b": 0.0013677115662511924}