{"w": 0.517208736176427, "b": 0.0013118913022974448}