{"w": -0.9776604577857425, "b": 0.006857270372359983}