{"w1": 1.0130911374847449, "w2": -0.5925875167299544, "b": -0.04078976341557441}