{"w": -0.9999999999999991, "b": -9.589551375199785e-17}