{"w": -0.3680960820534716, "b": -0.0005347883298573598}