{"w": -0.8803736463252297, "b": 0.0032997157599308014}