{"w1": -3.4300219922861723, "w2": 2.213330686548551, "b": -1.4803955293536297}