{"w1": -2.310733048633485, "w2": 1.0714829718016772, "b": -0.7082579365739572}