{"w1": -0.8440405990830446, "w2": 0.6766370527514108, "b": -0.22348964250088707}