{"w": 0.07941107799905993, "b": 1.4269795906798044e-16}