{"w": -0.9999999999999997, "b": -7.688294445529205e-17}