{"w": -0.3519416585620358, "b": 0.024009360340731815}