{"w": 0.8570147450769753, "b": 0.007490686332965967}