{"w": -0.43353913498609553, "b": 0.0020078723992643654}