{"w": 0.22259915226808405, "b": 0.04199326925456877}