{"w": 0.14647583830586108, "b": -0.03248037631886437}