{"w": -0.22030023255290582, "b": -0.003955494622824512}