{"w": -0.5149410957577712, "b": -5.321413211089215e-17}