{"w": 0.627198526009976, "b": 1.2789181659834835e-17}