{"w": 0.6176607863758963, "b": -0.0017384413308765886}