{"w1": -0.4939440405942607, "w2": -0.4683162400466123, "b": 1.299838681264077e-17}