{"w1": -1.6143622033127034, "w2": -0.6761355468460292, "b": -0.11305247329597391}