{"w": 0.5167864835326136, "b": -2.0576399436606192e-17}