{"w1": -0.6084505298185032, "w2": 1.2876848807926338, "b": -0.05037972239799634}