{"w": 0.06000227177947981, "b": -0.2293827935886703}