{"w": -0.09037244588470505, "b": 0.0008383187995452852}