{"w": 0.8376612004851712, "b": -0.051171782365189954}