{"w": -0.8383578969085452, "b": 0.0267453095467933}