{"w": 0.33752387325062344, "b": -0.10512385082367924}