{"w1": 0.6944337785985564, "w2": -0.8509211760408711, "b": -0.021937703012471457}