{"w": 0.33267636656446065, "b": -0.2650059936484924}