{"w": -0.06170868607295581, "b": 0.025387124027012275}