{"w": 0.12175339303580641, "b": 0.02492251919088014}