{"w": 0.20831857285468175, "b": 0.20375595504596725}