{"w": 0.7200511393058091, "b": 0.008268227221313554}