{"w": -0.19818253850157977, "b": -0.002230097019872034}