{"w": 0.8910693691032547, "b": -0.0016320344027279665}