{"cc": 0.7946786207278231, "alpha": 7.851815750323516e-18, "beta": 0.7946786207278231, "mx": -2.6645352591003756e-17, "my": -1.3322676295501878e-17, "sx": 1.0, "sy": 1.0}