{"w": 0.806678550601625, "b": -0.005084030144988809}