{"w": -0.3489254528259799, "b": -0.03788407547182488}