{"w": 0.23212368656734383, "b": 0.005159011772153136}