{"w1": -0.3666387935179566, "w2": -0.031574296848001955, "b": -1.69721367987851e-17}