{"w1": -1.0752144050639216, "w2": -0.02923873169483033, "b": -0.040449298842390055}