{"w1": 0.7878507286269717, "w2": -1.5710720989161073, "b": 0.020429003822479676}