{"w": 0.28815556803656434, "b": 0.0558646798787268}