{"w": 0.36747065856513045, "b": 4.289072357436793e-17}