{"w": 0.36710355501012043, "b": 4.289113114118712e-17}