{"w1": 0.31623919180512716, "w2": 1.605204596105071, "b": -0.055506668526708436}