{"w1": -0.8823096548397771, "w2": -0.24610285468742651, "b": -0.0612753319779166}