{"w": -0.37132020944768085, "b": -0.06797165361244793}