{"w": -0.39505795468779004, "b": 0.01183291206031013}