{"w": 0.561059549989974, "b": -0.006379204219664695}