{"w": 0.5627814494439677, "b": -0.00340275034169388}