{"w": 0.789559101225408, "b": -6.059769640229244e-17}