{"w1": 0.654410399078406, "w2": 0.22400694371483343, "b": 1.6765973123576642e-17}