{"w": 1.0000000000000009, "b": -1.925929944387236e-33}