{"w": 0.796126493738758, "b": 0.012551414687434457}