{"w": 1.0000000000000036, "b": 2.425837308805975e-16}