{"w1": 3.7151270901696263, "w2": 0.6525415843925291, "b": 0.30169757302935873}