{"w": 0.30911493741919904, "b": 0.13492483707407943}