{"w1": -1.928713807553559, "w2": -1.4508801790111783, "b": 0.07567876383476627}