{"cc": -0.0801903513725947, "alpha": 2.9460900232878623e-17, "beta": -0.08019035137259468, "mx": 3.511080315377057e-17, "my": 2.6645352591003756e-17, "sx": 1.0, "sy": 0.9999999999999999}