{"w": -0.10213019094327253, "b": 0.031659000095372994}