{"w1": -1.1571938389692011, "w2": -1.1264711742465412, "b": 0.17102627790502606}