{"w1": -1.6776324839961831, "w2": -0.465211517242104, "b": 0.3419670283434283}