{"w": -0.18296562045471432, "b": 0.11757296262647876}