{"w": 0.10373308183825207, "b": 0.2169986291093174}