{"w": 0.3373840411107675, "b": -0.032695991019012396}