{"w1": 0.6491651466892885, "w2": 1.4441934045330236, "b": 0.0591316580997609}