{"w": -0.49728616403514714, "b": -0.2444008709015884}