{"w": -0.3764273924383897, "b": 0.0003860954003003732}