{"w": -0.12228557973991427, "b": -0.04953515136215253}