{"w": -0.34425093328942974, "b": 6.131680674212661e-17}