{"w": -0.29819073221297243, "b": -0.1522212849671447}