{"w": -0.032798679363946835, "b": -0.011032422165350886}