{"cc": 0.3356519999643821, "alpha": -4.7913812910304124e-17, "beta": 0.3356519999643821, "mx": 1.9484414082171496e-16, "my": 1.7486012637846216e-17, "sx": 1.0, "sy": 1.0}