{"w1": -0.09070856877576734, "w2": -0.8371192147539116, "b": -8.51710637295333e-18}