{"w": -0.3299791089437106, "b": -0.013353095397570118}