{"w": -0.3597781627886244, "b": -0.027740047849482363}