{"w": -0.9999999999999984, "b": -4.3853809472693685e-17}