{"w": 0.12572518699596197, "b": 1.4886005866137945e-16}