{"w1": -8.89298192084588, "w2": -1.7066227630539432, "b": -4.306410062545671}