{"w": -0.16179210588082202, "b": -0.014755050858091968}