{"w": -0.15398370559773064, "b": -0.014416936510830987}