{"w": -0.11801056111757575, "b": 9.661031783133231e-18}