{"w": -0.15688437751576728, "b": -0.04897726263634985}