{"w": -0.22122163623291188, "b": 1.3916693955867358e-17}