{"w": -0.17730388512455109, "b": -0.02764182242226043}