{"w": -0.20544156147352827, "b": -9.562100111664239e-17}