{"w": -0.4483170997812802, "b": -3.177665803127351e-16}