{"w": 0.45338483376210686, "b": 0.09332527235167143}