{"w1": 0.08074629450016164, "w2": 0.34835110666685676, "b": 0.001409133069241536}