{"w1": 0.47120135032096666, "w2": -0.8405727362185123, "b": -9.159349600647732e-17}