{"w1": 1.482418506842294, "w2": -2.4872801216364038, "b": -0.25789692980356266}