{"w": 0.8167905664716032, "b": 1.4026092657263518e-17}