{"w1": 7.0317394968842, "w2": 6.726433449839896, "b": 0.012140947069830208}