{"w": 0.10003205550267431, "b": 0.14956739221346918}