{"w": -0.7875301102180781, "b": 0.009837743065871372}