{"w1": -0.1957409533776299, "w2": -0.8518002135383527, "b": -8.716554842932362e-18}