{"w": 0.4401576714921568, "b": 5.949745108865322e-18}