{"w": 0.3590641148297358, "b": -0.008452425023577329}