{"w1": -0.46634074420760935, "w2": -0.4688447778017986, "b": -1.1762040594453834e-18}