{"w1": -1.4649548188737547, "w2": -1.5535363141294716, "b": -0.22837602342998928}