{"w1": -0.7250191852109326, "w2": -0.6698153369788162, "b": -0.07405243701481684}