{"w": 0.8410516239531208, "b": -1.1289811250861072e-17}