{"w": 0.06506201457492337, "b": -0.009196797149198445}