{"w": 0.9833621747671762, "b": -2.86626099770692e-17}