{"w": -0.1500107308075169, "b": -0.09277997927243796}