{"w1": -0.09607225707220085, "w2": -1.0961005616980002, "b": 0.1330478230984436}