{"w": -0.3682963051623851, "b": 0.046147168373939174}