{"w": -0.3444043701468066, "b": -1.6106893509015489e-16}