{"w": 0.06835683083236539, "b": 7.733901551610762e-17}