{"w": 0.0649359334051001, "b": -0.25738711634593614}