{"w": 0.47302227191395785, "b": 0.0957020053202415}