{"w1": 0.4925081700710327, "w2": -0.13007563811452016, "b": -4.181924371793322e-07}