{"w": 0.7136670628214642, "b": -0.004141402465070044}