{"w": 0.7710975334421885, "b": -0.04958340772437776}