{"w": 0.4020136403686016, "b": -1.5946531015970964e-16}