{"w": 0.6128191032183666, "b": 0.048463567408575325}