{"w": 0.7428696080788875, "b": 0.05495118356702259}