{"w": 0.2756781500481031, "b": 0.023306836235684}