{"w": 0.2154204637968196, "b": 0.013287539746818799}