{"w1": -0.5794996678645021, "w2": -0.7299323320383374, "b": -0.10073103465998777}