{"w1": -2.8118809202672765, "w2": -1.6479030268904045, "b": 0.2540600000071682}