{"w": 0.8656089832768915, "b": 3.7432272153727345e-17}