{"w": 0.86372097204001, "b": -0.004230926168329837}