{"w": 0.47645507547700533, "b": 0.08213580930570094}