{"w": -0.08164667525239655, "b": 0.109137570403384}