{"w": -0.08355443932298724, "b": 0.11207485133309161}