{"w1": 0.1496789414135544, "w2": -0.6567812455804836, "b": 0.02547489891317954}