{"w": 0.29461969043203384, "b": -0.10260596214594464}