{"w1": 35.163812740198054, "w2": -9.60648104441022, "b": -6.038035278578932}