{"w1": 2.4828028683198538, "w2": -0.7241530225958256, "b": -0.22937455361856515}