{"w": 0.3125531698629488, "b": 0.0059618742554413354}