{"w": 0.6369712992997288, "b": 2.3501370685468917e-16}