{"w": 0.7829559235839398, "b": -0.011565999504848434}