{"w": -0.9523252202601725, "b": 6.650700245048413e-16}