{"w": -0.8666159504367571, "b": 6.551737584075376e-16}