{"w1": -1.0247201495208966, "w2": -1.7174009217456265, "b": -0.1430806417149728}