{"w": 0.6612995292260564, "b": -6.3210574040236865e-18}