{"w": -0.8759239768152636, "b": -2.3873898310778966e-17}