{"w": 0.423037622005689, "b": 0.0962450541746832}