{"w": 0.039205704988092956, "b": 3.967407983243971e-16}