{"w": 0.03363278448359238, "b": -0.007993329101309966}