{"w": -0.5400213793703572, "b": -0.009800829411708907}