{"w1": 2.4371882815983796, "w2": -5.547380423177278, "b": 0.600317841771337}