{"w1": 0.18973947671310623, "w2": -0.7016476318849693, "b": -3.824473647540884e-17}