{"w": -0.516343644503999, "b": -0.034257059678589545}