{"w": -0.4972205145517748, "b": 9.199421860682648e-17}