{"w": -0.02693005244098318, "b": -0.0003836912946342015}