{"cc": 0.4752398216830787, "alpha": 1.4168764312266846e-17, "beta": 0.47523982168307877, "mx": -4.149458554536523e-17, "my": -5.551115123125783e-18, "sx": 0.9999999999999999, "sy": 1.0}