{"w": 0.4747650566264522, "b": 1.4149064133010707e-17}