{"w": -0.15658320442201049, "b": 8.236984967647591e-17}