{"w1": -3.4230294070051555, "w2": 1.0559753319953844, "b": 0.9028365456923593}