{"w": -0.15044952857724736, "b": 4.27984849155041e-17}