{"w1": -1.1475353779404063, "w2": -1.7714522880391306, "b": 0.11246488287049994}