{"w1": 1.4064148442467437, "w2": -0.2261672780652565, "b": -0.16886227726279185}