{"w": 0.45531295142813744, "b": 3.5788693995681163e-17}