{"w": 0.42821841570753205, "b": -0.17620328521900078}