{"w1": 0.5835374476788373, "w2": 1.1082034485351127, "b": 0.01967255553251383}