{"w1": 0.7977652882797903, "w2": 1.7397252513216879, "b": 0.24304442460021758}