{"w": 0.7369110026378155, "b": 0.0042781674374537905}