{"w": 0.3720305238972293, "b": -0.025308969110457172}