{"w": -0.3902528261621889, "b": 0.17802682139498077}