{"w1": 0.7104304830100667, "w2": -0.3410656712731895, "b": 0.03568238475468313}