{"w": 0.8781837850576124, "b": 0.019317782839911844}