{"w": -0.8005603701788592, "b": 0.009723359586962008}