{"w": 0.6238120103910711, "b": -4.6860832588150445e-17}