{"w": -0.14578963852197468, "b": -1.439514767951144e-18}