{"w": -0.5264220397134217, "b": 0.005634764872755725}