{"w": -0.5048609829560062, "b": -8.638551146350918e-18}