{"w": 0.2979092112547354, "b": 3.879729166576974e-18}