{"w1": -3.584772101644131, "w2": -0.039294482633207756, "b": 0.1638737665731547}