{"w": 0.10075301127524687, "b": 0.005618217864906082}