{"w": 0.6773334472434256, "b": -4.095909164065696e-17}