{"w1": 0.20303159450766642, "w2": 0.7391213402920329, "b": 4.756158405019041e-17}