{"w1": 2.2556210818724822, "w2": 0.1392198220835304, "b": 0.06269628518056654}