{"w": 0.5238485920490489, "b": -0.015781700599234894}