{"w": -0.8673764658553463, "b": 0.05181896774856118}