{"w1": -0.5979815612933939, "w2": 1.4013134457221021, "b": -0.12697436472247545}