{"w": 0.1824185918333725, "b": 0.06612404805858797}