{"w": 0.24482054915260631, "b": -2.915129037783798e-17}