{"w": 0.6544486886687148, "b": 7.41122354294797e-18}