{"w": 0.5293489018333142, "b": 0.014909363218914631}