{"w": -0.3830956717554033, "b": -0.025554723357708274}