{"w": -0.3818056737247169, "b": -0.025687277543367127}