{"w": -0.4421160971249775, "b": 2.6481355877017964e-17}