{"w": -0.28652339318602077, "b": 0.05276931438527052}