{"w": 0.17805352397951496, "b": -0.009830122804263984}