{"w1": 0.7928454720129304, "w2": -0.28366586616489486, "b": -4.062890870791181e-19}