{"w1": -0.8132846753870565, "w2": -0.2828276824920273, "b": -0.03795011048899738}