{"w": 0.9999999999999993, "b": -9.54791801177634e-17}