{"w": 0.2766468887029428, "b": -0.005225673805636835}