{"w": 0.9206795802322189, "b": 9.46047939005343e-17}