{"w": -0.7727642412392616, "b": 0.004163366373728038}