{"w": 0.2395116689613594, "b": 1.1095625518778064e-16}