{"w1": -0.16087051586421894, "w2": -0.23021447010438714, "b": 1.748169445728018e-17}