{"w": -0.011819857134692443, "b": -0.0018238146853375404}