{"w": 0.23643339690086607, "b": 0.004581103530449007}