{"w1": 0.5331745490272588, "w2": 0.5749271425794329, "b": -5.212010403290146e-18}