{"w": 0.47234865733363496, "b": -7.866185325338697e-18}