{"w": 0.4622065664164209, "b": 0.0013140321566412483}