{"w": -0.2636866210221049, "b": 3.426301515730564e-17}