{"w": -0.4105047858070304, "b": -0.00553838193297429}