{"cc": -0.8502976871237166, "alpha": -1.1017940241936276e-16, "beta": -0.8502976871237168, "mx": -1.5210055437364646e-16, "my": 1.915134717478395e-17, "sx": 0.9999999999999998, "sy": 1.0}