{"w": -1.008557753725586, "b": -0.02017010016633436}