{"w": 0.7083814378014491, "b": -0.08814961614248337}