{"cc": 0.7258695134545917, "alpha": -3.588723360340281e-17, "beta": 0.7258695134545917, "mx": 3.1086244689504386e-17, "my": -1.3322676295501878e-17, "sx": 1.0, "sy": 1.0}