{"w1": 1.9034927881226076, "w2": 1.1044195531391718, "b": 0.06249377158218937}