{"w1": -0.4153261686075081, "w2": -0.5593975522834466, "b": 1.9110241671774228e-16}