{"w": -0.2737101597111924, "b": -0.08620810419313253}