{"w": -0.9068280513941175, "b": 0.002587959518822901}