{"w": 0.7901940081773297, "b": 0.020047616523121814}