{"w": -0.16559732346186967, "b": 0.017274888222126306}