{"w": -0.2466591687691047, "b": 0.05260829646921536}