{"w": -0.12049828865014181, "b": -0.005561813111429166}