{"w": 0.16687274185364853, "b": 0.14601135675561294}