{"w": 0.22606645811772663, "b": -1.366838099096752e-17}