{"w": -0.01279161122084628, "b": 0.04862601792776834}