{"w1": -3.0200437301777234, "w2": 0.316816176827579, "b": -0.03353586300261035}