{"w1": 0.23009367223186658, "w2": -1.0169525298978397, "b": -0.011465907556154935}