{"w1": -0.5805988894528834, "w2": -0.14530808208499885, "b": 0.0034720893009617983}