{"w": -1.0000000000000082, "b": -3.030908857226674e-16}