{"w": -0.31913912512193965, "b": -0.17899947864338467}