{"cc": -0.5024645710850129, "alpha": 3.2649997083297097e-18, "beta": -0.5024645710850129, "mx": -2.6645352591003756e-17, "my": 1.6653345369377347e-17, "sx": 1.0, "sy": 1.0}