{"w": -0.23820628877860678, "b": 0.1449500585840725}