{"w1": -0.4374005944289431, "w2": -0.8200297002541063, "b": -2.7922273962381425e-17}