{"w1": -0.5243695181314442, "w2": -1.1482828793275304, "b": -0.005227610499003273}