{"w": -0.24870150370770064, "b": -0.020284373155693296}