{"w": -0.13628352846144928, "b": -3.341669174365089e-17}