{"w": -0.14842760525504378, "b": -3.204146310940629e-17}