{"w": -0.13215946539935866, "b": 0.008416461894943224}