{"w1": -0.2096364074057271, "w2": 0.6085266468872421, "b": -3.048241876744229e-17}