{"w": 0.2326092873671572, "b": 0.010146267088741183}