{"w": 0.3928096606479874, "b": 0.002838328031291887}