{"w": 0.26803471064131473, "b": 0.08227911644523711}