{"w": -0.6387375499028082, "b": -2.602923410187504e-17}