{"w1": -0.5707572569213746, "w2": 0.44948394433914857, "b": 0.014764527450973786}