{"w": -0.08463917053009669, "b": -3.353334793654704e-16}