{"w": 0.36910684303748, "b": 0.06664726285067324}