{"w1": -0.4745257920003325, "w2": 0.39014175342366664, "b": -1.7393948743528593e-17}