{"w": -1.0000000000000004, "b": 2.8865798640254065e-17}