{"w": 0.20741631392087204, "b": 0.1232734444561982}