{"w": -0.5453797827514916, "b": 9.539485140675117e-18}