{"w": -0.5405199629051911, "b": 9.647394818452979e-18}