{"w": -0.4962956023038572, "b": 1.0629372886231509e-17}