{"w": -0.5146747659695673, "b": -0.008577738361982749}