{"w1": 1.5962552941921286, "w2": -0.5930133237307982, "b": -0.25370869710870814}