{"w1": 0.6583592875763608, "w2": -0.30721073889058614, "b": -0.06497796019610523}