{"w1": 0.14694360597196604, "w2": 0.7490495328809796, "b": 0.00816741284687396}