{"w1": 0.6017230787972735, "w2": -0.6110716508770808, "b": -1.3963496101766568e-16}