{"w1": 1.02922539050175, "w2": -1.0874611169287112, "b": -0.134744997890359}