{"w": -0.22320999784797785, "b": -0.20135930707527724}