{"w1": 1.108893765042885, "w2": -0.38763179626163247, "b": -0.22326861532487619}