{"w": -0.012309939207783909, "b": 0.01957984156968324}