{"w": 0.4487746705685272, "b": -0.010387718608788466}