{"w": 0.4453017709889921, "b": 0.03746867441110835}