{"w1": 2.3765726420432434, "w2": 3.7874413778081055, "b": 2.131057693802389}