{"w": 0.1385033384384958, "b": -0.002856402076882602}