{"w": 0.7641240624393324, "b": 9.331829405692833e-18}