{"w": -0.016505971583670166, "b": 1.689012068066337e-18}