{"w": -0.00733363430517231, "b": -0.040594453752723636}