{"w1": -0.9290056404749946, "w2": 12.218235912776638, "b": -3.9227608971085792}