{"w1": -0.4605899094712554, "w2": -0.46251058603746237, "b": 2.1142645904378028e-17}