{"w1": -0.9817592713435873, "w2": -1.784599688101403, "b": 0.06940397278782091}