{"w": -0.0013294537275629506, "b": -0.12228984567598516}