{"w1": -0.7199277143430968, "w2": 0.1958326811949823, "b": 6.445475331352842e-17}