{"w": 0.5710414519252971, "b": 0.035593583815787914}