{"cc": -0.40825432741930734, "alpha": -1.1983040674425705e-17, "beta": -0.4082543274193074, "mx": -9.325873406851315e-17, "my": 2.6090241078691177e-17, "sx": 0.9999999999999999, "sy": 1.0}