{"w": -0.4147941802446954, "b": -0.0052291737840291595}