{"w1": 0.8296444119944218, "w2": -0.9264750513193785, "b": -0.2346717200024875}