{"cc": -0.9365300008336741, "alpha": 2.814329214192106e-16, "beta": -0.9365300008336743, "mx": 8.881784197001253e-18, "my": 2.731148640577885e-16, "sx": 0.9999999999999998, "sy": 1.0}