{"w": 0.9999999999999989, "b": 8.881784197001243e-18}