{"w": -0.6810208930176336, "b": -5.551115123125783e-17}