{"w1": 0.19951116897608603, "w2": 1.4539536503909256, "b": 0.03171149041289218}