{"w": 0.1307665374089679, "b": -0.06714592715435302}