{"w1": -0.5163044681997483, "w2": -3.3894711908783073, "b": 0.3058264435072307}