{"w": 0.34197027522562456, "b": 0.05580365722021685}