{"w": 0.3167158555186917, "b": 0.03286475972572259}