{"w": 0.345055224835592, "b": 9.917588318478256e-18}