{"cc": -0.16452311615961748, "alpha": 1.1186411482314876e-16, "beta": -0.16452311615961746, "mx": -3.663735981263017e-17, "my": 1.178918074273838e-16, "sx": 1.0, "sy": 0.9999999999999998}