{"w": -0.7272607728613492, "b": -7.801666118116473e-17}