{"w": -0.6932369243560655, "b": 0.09109521217226384}