{"cc": 0.5883578713411137, "alpha": 5.1350128385861874e-17, "beta": 0.5883578713411138, "mx": -1.8873791418627663e-17, "my": 4.0245584642661923e-17, "sx": 0.9999999999999999, "sy": 1.0}