{"w": 0.5825325458822911, "b": 5.124018240820643e-17}