{"w": 0.9514091201188899, "b": 0.0068874481397923435}