{"w": 0.8849023683071878, "b": 0.012443136670592294}