{"w": -0.16240151701808284, "b": -0.10149710124039499}