{"w": -0.34281755885155396, "b": -1.0582724156481939e-16}