{"w": 0.437867580710547, "b": -0.051518258783111864}