{"w": 0.5064856307584911, "b": -0.012997735283980183}