{"w": 0.036485134498155804, "b": -0.006814243060599089}