{"w": 0.22586523099926842, "b": -0.003016812726674145}