{"w": 0.21600176599302515, "b": -0.0028934983012910594}