{"w": -0.1744820442325389, "b": -1.154285384283754e-16}