{"w1": -1.5961591664068882, "w2": -0.9095436038159046, "b": -0.10114531051962615}