{"w1": -0.4680690936342429, "w2": -0.3233843165401423, "b": 8.638552457944612e-17}