{"w": 0.23277080822591487, "b": 0.0038843585899955985}