{"w1": 0.28337169817313834, "w2": 0.49260760138311477, "b": -1.799895009659574e-18}