{"w1": 0.914775969435836, "w2": 0.7391543430565631, "b": -0.012402456677711247}