{"w1": 0.7385425349881299, "w2": 0.519476797268266, "b": 0.023545634949471754}