{"w": -0.30742820093386825, "b": -0.18296595616951272}