{"w": -0.08428693818225673, "b": -0.0012287964584232517}