{"w": -0.2664405602444477, "b": 0.03391749535138607}