{"w": -0.22548896688662345, "b": 0.06612741260547672}