{"w": 0.5615683255270688, "b": -4.134374081707836e-18}