{"w": 0.6140244135610764, "b": -0.0041962460354544335}