{"w": -0.05227700212535524, "b": 0.12295061007063857}