{"w1": -0.41183244860042095, "w2": -0.6263185833087893, "b": -9.425354223493143e-17}