{"w1": 0.8164029489085465, "w2": 0.8471630294508009, "b": 0.017269220614375497}