{"w": -0.14594896841631846, "b": 0.23838146973528043}