{"w": -0.08747991214338628, "b": -0.06976723961403596}