{"w": -0.01232546092578325, "b": -2.2867118243395795e-17}