{"w": -0.974023715617969, "b": 0.010440905251398794}