{"w": -0.9614732890658111, "b": 0.01212915322499463}