{"w": -0.20810958435944804, "b": -0.05395935194153741}