{"w": -0.9999999999999997, "b": -1.0866307853518717e-16}