{"w": -0.7936407502767406, "b": -2.884779693946758e-17}