{"w1": 0.30516819615505747, "w2": 0.8082916610054854, "b": 6.824403075394299e-18}