{"w1": 0.34460164954186234, "w2": 0.8630840977624055, "b": 0.02069491321275474}