{"w1": 1.0279835935466113, "w2": 1.6451381690698619, "b": -0.015367864799304576}