{"w": 0.26430295516307856, "b": -0.060131652623101356}