{"w": 0.2643232907835199, "b": -0.0601112560937887}