{"w": 0.385849318969842, "b": -0.0004092747630557057}