{"w": 0.3267335319752926, "b": 0.10717226064037308}