{"w": 0.35551961576009783, "b": 0.09583289065476719}