{"w": 0.8623335145225279, "b": -2.86136355761871e-16}