{"w1": 0.718139294561713, "w2": 0.08964319109539133, "b": -0.04050730275642929}