{"w1": 0.05784890340927071, "w2": -0.8033825323605825, "b": 4.3708736864111974e-17}