{"w1": -1.149392815447179, "w2": -0.8378746438470471, "b": -0.04780741448412516}