{"w": -0.5741555928913886, "b": -0.0025322721806903085}