{"w": 0.9999999999999997, "b": 2.7089441800853814e-16}