{"w": 0.09173258944949761, "b": 0.2717060620263578}