{"w": 0.6788770191693212, "b": -2.7504365239024762e-17}