{"w": 0.6626506225270804, "b": 0.007141825032369986}