{"w": 0.022179687215144073, "b": -0.0787736954230881}