{"w": 0.07619004812312474, "b": -0.05777952041095382}