{"w": 0.9356846510252365, "b": -0.0002702084432294647}