{"w": 0.4895740141169786, "b": -3.395440360772125e-17}