{"w": -0.6548424432131769, "b": 0.011061983102833826}