{"w": 0.10575199492948986, "b": 3.0907554328874695e-17}