{"w": -0.06278903706034533, "b": -0.009644714310164853}