{"w1": 0.3476627310642036, "w2": 0.37934506999203044, "b": -8.055719877404613e-17}