{"w1": 1.0672904157261216, "w2": 1.0577781549868217, "b": -0.06400120991884917}