{"w": 0.3713253220689601, "b": -0.10253054900337055}