{"w": 0.3824088953024264, "b": -0.09766174498667568}