{"w": 0.2977645840599156, "b": -4.3554828750133484e-17}