{"w": -0.3782662759240692, "b": -0.04095664835444668}