{"w": -0.5045174803458321, "b": 0.007927623446813092}