{"w1": -1.0240393463034778, "w2": -0.6977598398788405, "b": -0.1656151315210382}