{"w": 0.4514044909887429, "b": 0.0028041049196718486}