{"w1": -1.1109136429088224, "w2": 0.365877683195929, "b": -0.014152244027984987}