{"w": -0.5653345295399292, "b": 0.022372249803705828}