{"w": -0.025732620016795677, "b": 0.014507883152677297}