{"w": 0.8308917824920814, "b": -0.01216426394363551}