{"w": 1.0000000000000002, "b": 6.716849298982198e-17}