{"w": 0.025004391062137424, "b": -7.383109865272767e-18}