{"w": -0.18868561137609968, "b": 0.019408155546352016}