{"w": 0.8148280187939435, "b": 1.7979390120629005e-17}