{"w": 0.8117603391196465, "b": 0.003657140629775523}