{"w": -0.5916835455067544, "b": 0.030413016969865446}