{"w": -0.38021994311274, "b": 0.009385265090610504}