{"w1": 1.1875030718271005, "w2": -0.45072332656929004, "b": 0.17735292565494198}