{"w": 0.2541998198646927, "b": -0.04563066810864085}