{"cc": 0.07343852605466207, "alpha": -8.812440823942596e-18, "beta": 0.0734385260546621, "mx": 4.4408920985006264e-17, "my": -5.551115123125783e-18, "sx": 0.9999999999999999, "sy": 1.0000000000000002}