{"w1": -0.418251126119422, "w2": -0.45940804028938853, "b": -0.018043355281235327}