{"w": -0.9214632113182399, "b": 3.4126074364506736e-16}