{"w": 0.6406255276012643, "b": 0.0034406298060774415}