{"w": -0.7928612424759599, "b": -0.008351751033932769}