{"w1": -0.8973984305686494, "w2": -0.7170943051888284, "b": -0.07998401343203199}