{"w": 0.5151849214826102, "b": 4.495329344672346e-17}