{"w": -0.04603527026986048, "b": 3.310225307076093e-17}