{"w": -0.25341275664374113, "b": -0.03134815866764267}