{"w": -0.6614032074367703, "b": 0.014618211141046944}