{"w1": -0.3939767312685367, "w2": -0.5537860892131314, "b": -1.489303949271323e-16}