{"w1": -0.4968776190778459, "w2": -0.6841064843958662, "b": 0.012957659769330103}