{"w": -0.29017809840796416, "b": -0.002952774999451024}