{"w": -0.32284927300774874, "b": 0.0010423777597136149}