{"w": -0.2646144408024931, "b": 0.003193819726867831}