{"w": 0.10879878455400879, "b": -0.032469752242140416}