{"w": -0.38057883257292796, "b": 0.05139635210620821}