{"w": 0.38321807799273466, "b": -0.01717335740770822}