{"w": 0.7756753398155929, "b": -0.007711540283474922}