{"w": 0.8679368868823631, "b": -1.1186116708668584e-17}