{"w": 0.9274781965456663, "b": -2.2170476014247888e-17}