{"w": 0.8721879693871865, "b": -0.003892193802042395}