{"cc": 0.23057967562026882, "alpha": 9.293600465702729e-17, "beta": 0.23057967562026882, "mx": -1.3045120539345589e-17, "my": 8.992806499463769e-17, "sx": 1.0, "sy": 1.0}