{"w": 0.9884891660569065, "b": -0.01795700463858954}