{"w": -0.4262558127266348, "b": -0.007551601916962282}