{"w": -0.44985372634992266, "b": -0.006844530735369045}