{"w1": -0.9330143414530286, "w2": -0.8454969154526265, "b": 0.039512138807693394}