{"w1": -0.6658789558001994, "w2": -0.6893218707473929, "b": 0.02791861061516024}