{"w": 1.0000000001735343, "b": 4.561165022414164e-11}