{"w1": 0.42911891338743796, "w2": 1.2845789895338977, "b": 0.11652436549177211}