{"w1": 0.28500048509346165, "w2": 1.1267624936021876, "b": 0.1088791765469307}