{"w1": 0.2530603474513159, "w2": 0.6434647439496344, "b": 2.5694005846892578e-17}