{"w1": 0.7264805221934122, "w2": 1.5605163376076074, "b": 0.0019902550861861656}