{"w": 0.8184699812917733, "b": 0.006757812487036434}