{"w": 0.10415700713804518, "b": -0.0006621934610270871}