{"w": 0.5628415558715986, "b": -0.0733964987866957}