{"w1": 1.0940737351341743, "w2": -0.8356094269145716, "b": 0.12348018717453113}