{"w": -0.3332090603660254, "b": 0.0098404533043438}