{"w": -0.28234132116521204, "b": -0.06578371237127656}