{"w": -0.2040189817998536, "b": -0.14058819160155162}