{"w": -0.3806840026394656, "b": 0.02226206118198253}