{"w1": 2.3769231605146905, "w2": -1.4311340476354235, "b": 0.1042642034414089}