{"cc": 0.8361863628110466, "alpha": 2.6633805026652803e-17, "beta": 0.8361863628110466, "mx": 2.0261570199409106e-17, "my": 4.3576253716537396e-17, "sx": 1.0, "sy": 1.0}