{"w": 0.48713449832068967, "b": 1.1574236123573587e-17}