{"w": 0.024380294665856974, "b": -0.008714546686843391}