{"w": -0.013610045800488297, "b": -0.0396522451444667}