{"w": -0.013504253321495347, "b": -0.039655721394564546}