{"w": 1.000000000000001, "b": -2.969846590872293e-17}