{"w": 0.4273222902665944, "b": 0.04976899274406938}