{"w1": 0.31348736432437346, "w2": 0.6371087969725943, "b": 1.6483939576209156e-17}