{"w": -0.4175592197351555, "b": -0.15725566436905747}