{"w": 0.2421675829252904, "b": 2.89045756259219e-17}