{"w": 0.020328854064439433, "b": -1.1873046944349447e-16}