{"w": -0.7472531464499567, "b": 1.538208627336256e-16}