{"w": -0.7430544812131089, "b": -0.03382929444052937}