{"w": 0.9514143472085695, "b": -0.006074979711553972}