{"w1": 0.5107712940999535, "w2": 0.1864832779753281, "b": 1.1334076860727849e-06}