{"w": -0.4730737606297592, "b": -0.0014424346709419403}