{"w": -1.0000000000000004, "b": 1.3045120539345597e-16}