{"w": -0.3623326332217845, "b": -3.2181602558070964e-18}