{"w1": -0.4645511010743705, "w2": -1.0419576629736893, "b": -0.05778516416281719}