{"cc": 0.3459407623644439, "alpha": -3.9187584419922084e-17, "beta": 0.3459407623644439, "mx": 5.551115123125783e-17, "my": -1.9984014443252817e-17, "sx": 1.0, "sy": 1.0}