{"w": 0.3420219092222244, "b": -0.0007126498753294748}