{"w1": -1.601325493846432, "w2": -0.8332049891375293, "b": 0.2530231273663709}