{"cc": -0.9199312927214603, "alpha": 3.654846569025756e-17, "beta": -0.9199312927214603, "mx": 1.1102230246251566e-18, "my": 3.552713678800501e-17, "sx": 1.0, "sy": 1.0}