{"w": -0.9199312927214607, "b": 3.654846569025756e-17}