{"w": 0.34529296899667306, "b": -0.06892962655462331}