{"w": 0.9722461083323888, "b": -0.0005433196854837865}