{"w": 0.9684755586289978, "b": 0.0036283730224359488}