{"w": -0.7090036562651539, "b": 4.3762779303213935e-17}