{"w1": -2.6036379960560705, "w2": -0.6741968903168258, "b": 0.37655268736645675}