{"w": -1.0000000000000007, "b": 2.575717417130363e-16}