{"w": -0.2620912326882778, "b": 0.003687607002774103}