{"w": -0.2620697502530821, "b": 0.0036702232937224077}