{"w": -0.027724509079531508, "b": -0.010033639267031273}