{"w": -0.9192947901770376, "b": 0.012080440751093768}