{"cc": 0.11992998845407518, "alpha": 1.9277741597044613e-16, "beta": 0.11992998845407518, "mx": -2.4424906541753444e-17, "my": 1.8984813721090176e-16, "sx": 1.0, "sy": 1.0}