{"w": 0.09902570854407088, "b": -0.04264099579003266}