{"w": 0.2330013833191108, "b": -0.0005599126120164257}