{"w": 0.3981994182111304, "b": 0.1574109742936549}