{"w": 0.41527772556213505, "b": 0.11864396807255073}