{"w1": -1.949824850246692, "w2": -0.9328105832310337, "b": 0.010159385649665058}