{"w": -0.2582863029977962, "b": 0.006924000909957287}