{"w": 0.19554346858669178, "b": -0.010358439324787883}