{"w1": -0.37338852866120487, "w2": 1.788137917619984, "b": 0.12965256654162324}