{"w": 0.44396720295546566, "b": -0.09743470674539043}