{"w": 0.40063897761371214, "b": -0.010745416560631353}