{"w": -0.15157680037502222, "b": -0.028789309336007266}