{"w": -0.1870508152917712, "b": 0.001711732725791634}