{"w": -0.34890530345793425, "b": -0.004284162922185683}