{"w": 0.529952086436463, "b": 0.025501566293497972}