{"w1": -1.5918942795989475, "w2": -1.55977787673981, "b": 0.026150017216914526}