{"w1": -0.44681631316775505, "w2": -0.2689951349577269, "b": 4.374129484589087e-18}