{"w1": -0.6762042414227278, "w2": -0.045355027521214536, "b": -0.017643239818413578}