{"w": 0.084869751619885, "b": -0.002054376311596967}