{"w1": 0.20563180578214632, "w2": 0.8365304855183061, "b": -2.1340463590111162e-17}