{"w1": 0.9227030032271427, "w2": 0.3996176878478189, "b": -0.007539002198979607}