{"w1": 1.4097193818116476, "w2": 0.6163946475051562, "b": 0.00503265010138787}