{"w": 0.07072909263350426, "b": 0.06121642704512903}