{"w1": 0.7196940304394139, "w2": 0.30204189248816093, "b": -0.011938473788427818}