{"w1": 1.8340268635277064, "w2": -1.1429535302992702, "b": -0.017786666413192407}