{"w": 0.4373274065147771, "b": 0.0007296366711450671}