{"w": -0.2645385414211202, "b": -2.953073895873502e-17}