{"w": -0.29025609358701054, "b": -1.148892904401723e-16}