{"w": -0.28766965314910653, "b": -1.148548321314605e-16}