{"cc": 0.6206797953095107, "alpha": -5.3443554779483456e-17, "beta": 0.6206797953095106, "mx": 2.886579864025407e-17, "my": -3.552713678800501e-17, "sx": 1.0, "sy": 0.9999999999999999}