{"w": 0.5076586615123567, "b": 0.04729441805265887}