{"w": 0.28696264808655764, "b": 1.6251208230668305e-16}