{"w": 0.30805278568507405, "b": 0.007419087073930717}