{"w": -0.21788998615775537, "b": -0.0008609313621462528}