{"w": 0.7121548234202216, "b": -0.09523822482856101}