{"w": -0.24273365267491234, "b": 0.055985774335190364}