{"w": 0.44797280180871213, "b": 0.018224781975906226}