{"w": 0.07302366026258755, "b": -0.01212952790154842}