{"w": -0.2554979306590366, "b": -0.16739029559581908}