{"w": 0.23440632815605128, "b": -0.0020245340189767188}