{"w": -0.9999999999999643, "b": 9.992007221625453e-18}