{"w1": 0.2803709911785169, "w2": 0.2640806554992153, "b": -2.07860362685941e-07}