{"w": 0.042747082477678645, "b": 0.14509608500974958}