{"w": 0.6560366777410239, "b": -0.09038455097672046}