{"w": 0.923462660133994, "b": -1.8777317304614468e-17}