{"w": 0.16743960567540433, "b": -0.12215550811394166}