{"w": 0.1665212200818584, "b": -0.1221162861850251}