{"w": 0.17386720161516764, "b": 0.01651754576996016}