{"w": 0.1851307379591144, "b": 0.018083432748885384}