{"w": 0.22874849204431832, "b": 0.12305053568779545}