{"w1": 0.42656993228283535, "w2": -0.7658004312315463, "b": 9.893909312465854e-17}