{"w1": -0.7559908929139099, "w2": 0.04618263931494845, "b": -3.3840199473573725e-18}