{"w1": 0.2324981716619862, "w2": 0.8329401136240044, "b": 2.7818854128089746e-17}