{"w": -0.1858307463514266, "b": -0.011826905530449294}