{"w": -0.13638987642394934, "b": -0.0006809265371416733}