{"w1": -1.4231883560604002, "w2": 0.9655606325405796, "b": -0.059655407301478225}