{"w": -0.01406219164005261, "b": -5.2541321073104575e-17}