{"w": -0.08834783739991808, "b": 0.04688804883202555}