{"w": 0.44060285862104387, "b": 0.005711097798800521}