{"w": -0.5361399486847271, "b": -1.0802585287700303e-16}