{"w": 0.03781700101375983, "b": 0.04951883545511256}