{"w": -0.5891358496420133, "b": 0.010883758874036925}