{"w": -0.5758079779054679, "b": 3.591484407608956e-17}