{"w": 0.11416737745665373, "b": 1.6618208824451526e-17}