{"w": -0.5204383104927149, "b": -9.311274734822908e-18}