{"w": -0.576942270358504, "b": 0.2522327859491746}