{"w": -0.5309083789409685, "b": -0.030206909448901965}