{"w": 0.7211831896076922, "b": 0.014075131745841463}