{"w": 0.488766580025471, "b": 0.009356099010194303}