{"w": -0.15520391358724833, "b": 3.726258003185501e-17}