{"w": -0.157137747630132, "b": -0.014210951427888089}