{"w1": -0.7354769243638136, "w2": 0.01953876115296668, "b": 7.311397875008081e-17}