{"w1": -1.7232679449354265, "w2": 0.411298492203676, "b": 0.1377750041832044}