{"w": -0.8852655599643404, "b": 2.947923647840348e-16}