{"w": 0.5313196151329322, "b": 0.11194683046228143}