{"w": 0.9999999999999991, "b": 1.3600232051658177e-17}