{"w": -0.398223353343113, "b": 3.284484926267874e-17}