{"w1": 0.9073813879356958, "w2": -0.2031536144710075, "b": -6.354216881810846e-17}