{"w": 0.15808521017543897, "b": -1.4905570521721237e-16}