{"w": 0.9999999999999989, "b": 6.661338147750905e-18}