{"w": 0.9240387956415114, "b": 2.9132682884308716e-17}