{"w": -0.6791597963859769, "b": 0.048524687489527936}