{"w": -0.6669275227964108, "b": -0.006429154421029372}