{"w": 0.09601193905819572, "b": -0.07094214757503503}