{"w": 0.11822110765787149, "b": 4.6318727322062366e-17}