{"w": 0.9999999999999999, "b": 3.0531133177191795e-17}