{"w": 0.4913293257171626, "b": 0.03722688811236285}