{"w": 0.46877425895440655, "b": -1.8059233584566078e-16}