{"w": 0.7832000894872493, "b": 2.780109525639257e-17}