{"w": 0.2891955101094389, "b": 0.058437819518405355}