{"w": 0.2698212549972581, "b": 0.059556959869126104}