{"cc": 0.5388396154870336, "alpha": -1.1991926692098533e-18, "beta": 0.5388396154870335, "mx": 9.436895709313831e-18, "my": 3.885780586188048e-18, "sx": 1.0, "sy": 0.9999999999999999}