{"w": 0.3956655833445006, "b": 0.08055191787867375}