{"w1": -0.6142543914038427, "w2": -0.40149916839670075, "b": -4.5631737174129717e-17}