{"w1": 2.6482616245168975, "w2": 1.8614842945469878, "b": 1.3533611456279662}