{"w": 0.9701628918246484, "b": -0.001208199189106975}