{"w": -0.2588452580116826, "b": -1.0064063681418057e-17}