{"w": -0.2756861419592355, "b": 1.305840247353643e-17}