{"cc": 0.48321972243851546, "alpha": 4.873803398045672e-17, "beta": 0.4832197224385156, "mx": -6.661338147750939e-18, "my": 4.5519144009631415e-17, "sx": 1.0, "sy": 1.0000000000000002}