{"w": 0.8153481200813673, "b": -2.5926166812683187e-17}