{"w": -0.12733644448232273, "b": -1.684140974006162e-17}