{"w1": 0.8468755600431115, "w2": 0.9877300511118733, "b": 0.02588893864552159}