{"w": -0.8002883945041798, "b": -0.0018552289633191202}