{"cc": 0.3347784375116738, "alpha": -1.0271488243300829e-16, "beta": 0.3347784375116738, "mx": 1.3322676295501878e-17, "my": -9.825473767932635e-17, "sx": 1.0, "sy": 1.0}