{"w": -0.23114890650796122, "b": -5.45327079165334e-17}