{"w": 0.9709436129928681, "b": -0.02004929118399068}