{"w": -0.7246378040179351, "b": 0.08748729985811876}