{"w": -0.6949567337939169, "b": 0.05559003497658104}