{"w": -0.5359285611943193, "b": 0.0031910779516798188}