{"w": 0.4928372977531692, "b": 0.053395337780826585}