{"w": 0.5069712158534211, "b": -0.009366807148295861}