{"w1": -0.4086112661272155, "w2": 1.376335656025978, "b": -0.09861087865904361}