{"w": 0.7789254419839202, "b": -7.019237862975145e-19}