{"w": -0.02800974944611747, "b": 0.005474625285253837}