{"w": -0.012803289082981792, "b": 4.128172959221744e-18}