{"w": 0.7759775834358125, "b": -0.00581760158541152}