{"w": -0.06865720120427764, "b": 0.002466476720344042}