{"w": -0.05031282465940466, "b": 0.001153386142123125}