{"w": 0.7988008182293009, "b": 0.3427994304516268}