{"w": 0.6955209011191094, "b": 0.27291441443441117}