{"w": 0.8022187219791764, "b": -1.732017867322828e-18}