{"w": -0.47700696557734995, "b": 0.05528071625161184}