{"w": -0.5760734262182436, "b": -0.0678193722291462}