{"w": 0.21361883125510334, "b": 3.30850743606034e-17}