{"w1": -0.04505264148356283, "w2": -1.4713129630031958, "b": -0.07348262094297069}