{"w": 0.9999999999999927, "b": -1.1546319456101663e-16}