{"w": 0.015430060708418618, "b": -1.6137306763113914e-16}