{"w1": -1.502649882009427, "w2": 0.578140461549721, "b": 0.043860519288547326}