{"w1": 0.6467505133492137, "w2": 0.2572186210541519, "b": 0.12514301372833145}