{"w1": 0.32213273359338085, "w2": 0.15636008001708, "b": -1.8276334616956769e-06}