{"w1": -0.4202525787317479, "w2": 2.341127437613779, "b": 0.4660743703808309}