{"w": 0.8177711492257101, "b": 6.586972784440035e-19}