{"w1": 0.5523671185743682, "w2": -0.20551879586613717, "b": 2.0079109526416416e-17}