{"w": -0.3381897538598895, "b": 0.03801337410129779}