{"w1": 1.8325207068112435, "w2": 2.289739656081414, "b": -0.6368967430797838}