{"w1": 0.6623544662546794, "w2": 1.0176285023107408, "b": -0.0915308729158123}