{"w1": 0.872239406706262, "w2": 1.2678249800736343, "b": 0.02926388422409043}