{"w": 0.10330461318119932, "b": -0.04555878136311753}