{"w": 0.0963568998092605, "b": -0.046822880378816975}