{"w": -0.05337718061116664, "b": 0.001575471029162818}