{"w": 0.374182361386468, "b": 0.14092254918951835}