{"w": -0.7152397971352114, "b": -0.00010300953307233003}