{"w1": 0.7560937886342411, "w2": -0.32095993479308316, "b": -0.010219095036392595}