{"w": 0.12219408495065409, "b": -0.34992780954689606}