{"w": -0.11809437055343854, "b": 1.2430742049344032e-16}