{"w": 0.268941957589381, "b": 0.006439086281829272}