{"w1": -0.872961182400029, "w2": 2.0925815471926543, "b": -0.18956728635281272}