{"w1": -0.3783817987208301, "w2": 0.14651303497600876, "b": -6.3452919181979396e-18}