{"w1": -0.6166042825204078, "w2": 0.35361821311551284, "b": 0.08052178911948457}