{"w": -0.06953930212378093, "b": 0.13445651413160148}