{"w": 0.04402626959347126, "b": -0.009156478164219831}