{"w": -0.6346257904689397, "b": -0.02871240393569685}