{"w": -0.5826041090895757, "b": 0.0002554500030992361}