{"w": -0.4036054272018364, "b": -1.3282648012570993e-17}