{"w1": -66.86578140451647, "w2": -62.98583572664436, "b": 1.5829274243780582}