{"w": -0.31719652939397813, "b": -0.00046379180606895233}