{"w": 0.19576795783576648, "b": -7.70664500451661e-17}