{"w": 0.2049433617127758, "b": -0.009117803587701055}