{"w1": 1.6482631227801874, "w2": -14.383772110097658, "b": 3.787319958581814}