{"w1": -0.4720198782159255, "w2": 0.5717186139419574, "b": 0.0009510132199408896}