{"w": 0.48745201546443706, "b": 0.11304067517400213}