{"w": 0.12007431877555762, "b": -0.001380448057204442}