{"w": -0.5030623944428306, "b": -0.08580518142054751}