{"w": -0.5332447514651512, "b": 2.427431981876663e-17}