{"w1": -1.0095985685915667, "w2": 0.5019334788436579, "b": -0.0304104999921872}