{"cc": -0.8944314340481323, "alpha": -3.92648009709271e-17, "beta": -0.8944314340481323, "mx": -6.661338147750939e-18, "my": -3.3306690738754695e-17, "sx": 1.0, "sy": 1.0}