{"w": -0.8944314340481324, "b": -3.92648009709271e-17}