{"w": -0.8935378961519804, "b": -3.9258848812853e-17}