{"w": -0.89420750715854, "b": -0.002592751805250609}