{"w1": -0.4219740594481335, "w2": 0.5285282590786924, "b": 1.3127009637843236e-17}