{"w": 0.16391028884213657, "b": -1.166488767006415e-17}