{"w1": -0.6486284849452801, "w2": 0.19928296100300458, "b": -8.36213884548272e-17}