{"w1": -1.5694655030102873, "w2": -0.5672534556611446, "b": 0.037078440855171604}