{"w1": 7.027962257455533, "w2": -0.8138018679875255, "b": 0.7040689054080093}