{"w": -0.395525562044472, "b": 0.054531224255012}