{"w": 0.5520322769375384, "b": 0.00779861167417726}