{"w": -0.581892208941646, "b": 2.759237872856688e-16}