{"w": 0.3105378146861358, "b": -1.4609631888120174e-16}