{"w1": -0.3879386693599384, "w2": -0.5165223456026368, "b": 1.0932076550593524e-17}