{"w": -0.15005892869956527, "b": 0.2910527635920526}