{"w": 0.9144709764297841, "b": -0.007140704821854546}