{"w1": -0.3938239395738991, "w2": 0.11967900904220376, "b": 7.877974323930237e-18}