{"w1": -1.5212533979461222, "w2": 0.580287166996722, "b": 0.11418049391174691}