{"w1": -0.6431896388425259, "w2": 0.3613303980228715, "b": -0.008858015509811336}