{"w1": -0.9044679235939246, "w2": 0.9336317109049853, "b": 0.1287703853185688}