{"cc": -0.3801061063033532, "alpha": 1.947896633165519e-16, "beta": -0.3801061063033531, "mx": 5.329070518200751e-16, "my": -7.771561172376097e-18, "sx": 1.0, "sy": 0.9999999999999999}