{"w": 0.11240071702867115, "b": 0.09209335472656267}