{"w": 0.03922432873446598, "b": -5.253938410772598e-17}