{"w": 1.0000000000000002, "b": 4.052314039881821e-17}