{"w1": 0.5242797134055263, "w2": -0.09308507948195313, "b": -5.433429864394051e-17}