{"w": -0.08343483593174453, "b": 0.11488768210592432}