{"w": -0.11610899412520273, "b": -0.010536890891985708}