{"w1": 1.1397763078288659, "w2": 2.8527971451584366, "b": -0.008261628641080739}