{"w1": 0.6322542925746102, "w2": -0.8749096903900087, "b": -9.8879238130678e-17}