{"w": 0.2475659647496556, "b": -0.1462550378569457}