{"w": 0.2235048484479791, "b": -0.07786852523282253}