{"w": -0.4626951378145864, "b": -0.1465357789548004}