{"w": 0.5582694298992278, "b": -0.014664370366376342}