{"w": 0.007526798271049295, "b": 0.102840801356884}