{"w1": -0.6989589097880676, "w2": -0.896980601690024, "b": 0.003153474559388846}