{"w1": -0.9219614502609668, "w2": -1.019096237924483, "b": -0.052924650738449715}