{"w": -0.5810672378456498, "b": 0.012921964795867963}