{"w": -0.04889783875400365, "b": -3.238914484404286e-17}