{"w1": -0.4112477469689274, "w2": -0.8524739219112653, "b": 9.181882850045453e-17}