{"w": 0.974215861340499, "b": -0.0007821756049513733}