{"w1": 0.34039599655764513, "w2": 2.1086105698740845, "b": -0.11547506822508678}