{"w": 0.18159875119512425, "b": -0.14881622751761747}