{"w": 0.296678467820367, "b": 1.0733466095965372e-18}