{"w1": -1.9742676115401234, "w2": -2.357294417333613, "b": 0.0386330205278045}