{"w": -0.05694690889698717, "b": -0.17520887339747582}