{"w": -0.24253573723549965, "b": 1.6359215620455057e-17}