{"w": -0.29729333375298694, "b": -0.17427018038095332}