{"w1": 0.2900683646719629, "w2": -1.2930637827725247, "b": -0.14384117658008455}