{"w": 0.05267120227626665, "b": 0.01600930431074621}