{"w": -0.02569140435526837, "b": -0.006054033267875951}