{"w": 0.20050561004466091, "b": -0.18009315567759432}