{"w": 0.4588941318699474, "b": 0.03380702382477162}