{"w": 0.9528418272107452, "b": 0.005969455101129322}