{"w": 0.19052622359270893, "b": 0.06252994387643816}