{"w1": -0.39810028786192997, "w2": 0.3785862733934968, "b": -2.0097071895517255e-17}