{"w": 0.47460539707083044, "b": -0.07550893648692455}