{"w1": -0.3051920853746698, "w2": 0.5680104873674969, "b": 2.2620910925088282e-17}