{"w1": -0.6547855441397612, "w2": 1.7599213912592824, "b": 0.0754939847885496}