{"w": 0.34636683753162084, "b": 7.69526710139955e-17}