{"w": 0.35019546219529696, "b": 2.9159629893635042e-18}