{"w1": 1.2746744089164947, "w2": -0.038226792757020386, "b": 0.05151104817443601}