{"w1": 0.09152115124746278, "w2": -0.8114268064616165, "b": 1.1162351113943651e-17}