{"cc": 0.5306672362411923, "alpha": 2.6570836351741026e-16, "beta": 0.5306672362411922, "mx": 3.1086244689504386e-17, "my": 2.82204815071907e-16, "sx": 1.0, "sy": 0.9999999999999998}