{"w": 0.5145315779534142, "b": -0.015661884585028065}