{"w": -0.2192087831901581, "b": 0.019101315012312835}