{"w1": 1.2744226039143913, "w2": -0.26067783445977094, "b": 0.3550400454219265}