{"w1": 7.177510089157915, "w2": -1.9788374068014145, "b": 3.890590648302536}