{"w": 0.0024050469879631532, "b": 0.05208871660935287}