{"w": -0.05685003073707632, "b": 0.2029725888201195}