{"w": -0.14993531186303882, "b": -0.02312499266820877}