{"w": -0.6870086974047886, "b": 2.4786191210685955e-17}