{"w": 0.47000662961464196, "b": 0.001828196279596561}