{"w": 0.5188133425763216, "b": 2.587574506677355e-18}