{"w": 0.4763649781837135, "b": 3.011718870234525e-18}