{"w": -0.40239904520534286, "b": 5.0699771067855907e-17}