{"w": -0.3470052796401345, "b": 0.18229150880767972}