{"w": 0.40230818013921377, "b": -0.043777409510184294}