{"w": -0.10871182148809552, "b": -0.15955649366950658}