{"w": -0.14317967803202264, "b": 0.0010425951490859071}