{"w1": 0.6679075008816443, "w2": 0.09427942536689303, "b": 4.379798383054628e-18}