{"w1": 0.8803932530322606, "w2": 0.24135994360638915, "b": -0.009337479653306627}