{"w": -0.13614072432977212, "b": 0.12005523803965394}