{"w": -0.1276647439509745, "b": -0.011404456899610872}