{"w": 0.9277703647601405, "b": 0.008025462659149952}