{"w1": 0.3617319478046055, "w2": 0.5694334485097744, "b": -1.667162243681262e-17}