{"w1": 0.008586571130495586, "w2": -0.578506524400092, "b": 0.01373270859637464}