{"w": 0.12830248952653667, "b": -0.004884205127392149}