{"w1": -0.4176211507596284, "w2": -3.3857868657651164, "b": 0.03714229266017399}