{"w": 0.6759789088010902, "b": 3.4621569454865224e-17}