{"w1": -0.4253924787191057, "w2": -0.9504041021649433, "b": 0.0019186536317833645}