{"w": 0.17807885676263183, "b": -1.5991859275099016e-17}