{"w": -0.14075637992569318, "b": -1.5103763122476471e-18}