{"w": -0.23137215487303092, "b": -0.11074151112691658}