{"w": -0.36390113134062624, "b": -0.02700914835819907}