{"w": -0.008487988509166908, "b": -0.0026537230176662888}