{"cc": -0.22469180949073073, "alpha": 8.007332784742919e-17, "beta": -0.2246918094907306, "mx": 4.551914400963141e-16, "my": -2.2204460492503132e-17, "sx": 1.0000000000000004, "sy": 0.9999999999999999}