{"w": -0.5217153788309574, "b": -0.012387797600049207}