{"w1": 0.6835100587963541, "w2": -0.30069090214717864, "b": 2.9334026764661757e-17}