{"w1": -0.30344614554399546, "w2": 1.915898999597679, "b": 0.013262796842658743}