{"cc": 0.6286306212070185, "alpha": -5.695306110570521e-17, "beta": 0.6286306212070184, "mx": -2.3314683517128286e-17, "my": -7.16093850883226e-17, "sx": 1.0, "sy": 0.9999999999999998}