{"w": 0.6224065556505132, "b": -5.709817322434499e-17}