{"w": 0.5516517946952282, "b": -0.03601792200766277}