{"w": 0.7474667739695106, "b": 0.056922392863554216}