{"w": 0.9652700547963114, "b": -0.03815390340611491}