{"w": 0.9324139808666335, "b": -0.01964960271738464}