{"w1": -0.10563453653428785, "w2": -1.0816760331420403, "b": -0.04190886967311877}