{"w": 0.5248081851980925, "b": 0.05928317363484903}