{"w": 0.7774478771246262, "b": -0.006031494999649399}