{"w": 0.2442406859221024, "b": -0.11367234389476837}