{"w": 0.15540564371419802, "b": -0.10128044842302603}