{"cc": 0.3629810450157404, "alpha": 3.3002447541487486e-17, "beta": 0.3629810450157404, "mx": -2.220446049250313e-18, "my": 3.219646771412954e-17, "sx": 1.0, "sy": 1.0}