{"w1": -0.17640579244761198, "w2": 0.5229214911153417, "b": -5.644694211874054e-18}