{"w1": 0.6778502145383987, "w2": -0.12258749268740363, "b": 0.5981440962597472}