{"w": -0.046412351084728944, "b": 0.03920140769328346}