{"w": -0.06748024375162089, "b": -0.0003469116761789636}