{"w": -0.3677230423330949, "b": 3.4128936302964703e-18}