{"w1": 0.07017833386442272, "w2": -0.8670490676246118, "b": 8.67366102097688e-18}