{"w": -0.8038560978503528, "b": 0.0328951503499757}