{"w": 0.3216749665384285, "b": 4.347912777678625e-19}