{"w1": 0.6577831809859112, "w2": -0.2921061049824881, "b": -4.218839388607617e-17}