{"w": 0.22711394757174042, "b": -0.00864516538275493}