{"w": 0.3058802176112417, "b": -1.2225550278612134e-16}