{"w": 0.5261440126300361, "b": 0.05037446007665336}