{"w": -0.12805173260260197, "b": 7.324761479485707e-17}