{"w": -1.000000000000001, "b": 2.7478019859472636e-17}