{"w": 1.0000000000000013, "b": -3.441691376337976e-17}