{"w": 0.5189865562715346, "b": -5.339633059927526e-19}