{"w": 0.3828140970765578, "b": 0.11391804170747025}