{"w": 0.7698635615988159, "b": 0.037249500228138555}