{"w": 0.7585783690861895, "b": 0.02679347763897824}