{"w1": -30.76366674104039, "w2": -70.04605255476767, "b": 18.23834270141656}