{"w1": -0.6824414365616255, "w2": -1.0915435133233256, "b": 0.0031894259761003074}