{"w1": -1.7004947545706792, "w2": -3.8630732862692643, "b": 0.5501598081742148}