{"w": -0.07824786734471065, "b": -1.921587163837159e-18}