{"w": 0.2552121789904072, "b": 0.053781669950459486}