{"w": 0.26847175556549474, "b": 0.05624663115459553}