{"w": 0.6319527115883763, "b": 0.008524748121356136}