{"w": 0.005761637674349203, "b": 0.002674846453921572}