{"w": -0.5837961751437257, "b": -0.06716135574259463}