{"w": -0.10817970009514379, "b": 0.04626379047479291}