{"w": -0.632071918443564, "b": 3.456291580824526e-18}