{"w": -0.6324753787781645, "b": -0.0094725592172637}