{"w": 0.47636677852936216, "b": -0.12711547917597743}