{"w1": -0.011563121776407581, "w2": 0.6331331746609132, "b": -7.131891433887364e-18}