{"w1": -1.0580595045301966, "w2": 0.5857986461097734, "b": -0.0091571896306621}