{"w": 0.5775867862494597, "b": -2.201324855713682e-18}