{"w": 0.5822551362574194, "b": -0.04607148403163785}