{"w": 0.8469365901380765, "b": 0.014767414833388049}