{"w1": 0.4257680228225666, "w2": 2.2422735529591367, "b": -0.00719871817057456}