{"w": 0.7854293833834314, "b": 0.0011459518535383711}