{"cc": 0.7401129263795714, "alpha": 3.84501016711474e-17, "beta": 0.7401129263795715, "mx": 7.105427357601002e-17, "my": 9.103828801926283e-17, "sx": 0.9999999999999998, "sy": 1.0}