{"w": 0.2834187768698321, "b": 5.420545628389392e-17}