{"w": 0.4104774430654782, "b": 0.025742871093877268}