{"w": 0.5684133853413524, "b": -0.02877718415790093}