{"w": 0.547383384626169, "b": -2.27864245079236e-16}