{"w": 0.745327187600301, "b": -0.047409084753869915}