{"w": 0.8228417865998153, "b": -4.1305890497325e-17}