{"w1": -1.334626229568666, "w2": -0.6823920258888393, "b": -0.15695754881841312}