{"w1": -1.1891735217599413, "w2": -1.7822826138332386, "b": 0.026528765584846976}