{"w": 0.6813147074482095, "b": 0.021300235047587848}