{"w": 0.8011678596146182, "b": -0.0018496532596879844}