{"w1": -0.38672822436120924, "w2": -0.3002863351777761, "b": -2.3534047639412194e-17}