{"w1": -0.4206412343892624, "w2": -0.32370858677503106, "b": -2.5269821715493804e-17}