{"w": 0.40055125805127834, "b": 0.16935577349997988}