{"w": -1.0000000000000004, "b": -4.482525461924065e-17}