{"w": -0.6075221836990025, "b": -8.518547837663693e-17}