{"w": -0.7117340945572402, "b": -0.016449441600732483}