{"w1": 1.6266212813310896, "w2": -0.41835477005664845, "b": -0.0015723988747369387}