{"w1": -0.3863539105752589, "w2": 0.6345206424670212, "b": 8.420883746224103e-18}