{"w": 0.42466187107870534, "b": -0.012050022054529527}