{"w": 0.3310669847802783, "b": 0.001205414912375637}