{"w": 0.09066989270061532, "b": 0.09433238531367749}