{"w": 0.9999999999999996, "b": 2.466776782839022e-17}