{"w1": -0.0641858987106102, "w2": -0.3910567152921474, "b": -6.23632189987288e-18}