{"w1": -0.06002677168647, "w2": -0.3592038097943788, "b": -5.9189925012489406e-18}