{"w": -0.153811099374155, "b": -6.349528279268016e-17}