{"w": -0.16305540146020472, "b": 0.15716732249561308}