{"w1": -0.23861385361083834, "w2": -0.9689383910311635, "b": -1.0956445319820828e-16}