{"w": 0.26279961434842775, "b": 0.18993824719950056}