{"w": 0.3022933097056983, "b": -4.6340621489145393e-17}