{"w": -0.09244415381984837, "b": 1.173204475424765e-16}