{"w": -0.08210782898922515, "b": -0.026635442732754297}