{"cc": -0.04372068883869315, "alpha": 2.1289698006529185e-17, "beta": -0.04372068883869314, "mx": -3.9968028886505634e-17, "my": 2.3037127760971997e-17, "sx": 1.0, "sy": 0.9999999999999999}