{"w": -0.016497726724245623, "b": 0.07245076153021217}