{"w1": 0.2919427815831693, "w2": 3.1290776722645623, "b": 0.2931884551047506}