{"w": -0.13162955587529931, "b": -0.039017257418014366}