{"w": 0.16697538346144075, "b": -0.033786071756736334}