{"w": 0.13199087825578878, "b": 0.012536010493816557}