{"w1": -2.5155912552895434, "w2": 0.694124572994695, "b": -0.3951091396089632}