{"w": 0.7130679808914352, "b": -2.6644406222047227e-16}