{"w": 0.6482436189922137, "b": -2.6594027572651224e-16}