{"w1": -0.022718261456504348, "w2": 0.9541245701450456, "b": -0.009726350388879146}