{"w1": -0.8702397457056257, "w2": -0.0732764071418463, "b": 0.08045820283988049}