{"w": 0.2851557715826845, "b": 3.2873317936713556e-18}