{"w1": 0.3897184983621736, "w2": -0.42289914693333347, "b": -4.715716697570755e-17}