{"w1": 0.4961590948272183, "w2": -1.6362324071738408, "b": -0.011237130522537978}