{"w": -1.0000000000000029, "b": 4.884981308350701e-17}