{"w": 0.5003990418237547, "b": 0.00514471378537559}