{"w": 0.8302693702514135, "b": -0.013125942017347294}