{"w": -0.05758618592611534, "b": 0.1391666591862105}