{"w1": 0.31896057433181846, "w2": -1.4126336618108712, "b": -0.08421051265848448}