{"w": -0.6617591932866238, "b": -8.653159906716323e-18}