{"w": 0.46852045807434245, "b": 0.1025174506589196}