{"w1": 1.2698837028595529, "w2": -0.8781288357489709, "b": 0.016460423537291886}