{"w": 0.3683353672169528, "b": -0.0028862156393998344}