{"w": -0.07982237136711665, "b": 0.00213817077739501}