{"w": -1.000000000000004, "b": 6.106226635438373e-17}