{"w": 0.4367815815117586, "b": -0.0114254893822942}