{"w1": 0.6910817670465739, "w2": -0.10289218325799822, "b": -1.3225963398887133e-17}