{"w1": 0.8549586261926385, "w2": -0.17173824256724024, "b": -0.015156218828639115}