{"w1": 0.24031816887683416, "w2": -1.2824481971873467, "b": -0.05434072847064181}