{"w1": 3.664151165137401, "w2": -41.76301791680104, "b": -0.3286199903541621}