{"w1": -0.1967928577716406, "w2": 1.393444544275038, "b": -0.11359427327249122}