{"w": 0.664727312120254, "b": -1.4889098304482305e-18}