{"w": 0.6690907976559615, "b": 0.012799324837725562}