{"w1": 3.2627618838136185, "w2": -0.43452189937742663, "b": 1.3095916048670644}