{"w": 0.7284831453656623, "b": 3.348301662381694e-17}