{"w": -0.3100876584010803, "b": -0.07612893668427055}