{"w": -0.11558129326703369, "b": -0.0009028232465273095}