{"w": 0.18929840853779373, "b": -9.016568805946716e-18}