{"w": 0.6973655442884824, "b": -0.16441874780335006}