{"w": 0.20614320190613, "b": -0.0649903403809327}