{"w": 0.11272404188599217, "b": 0.019994132131230774}