{"w": 1.0000000000000007, "b": 1.108141356453984e-16}