{"w1": -0.28598865112319427, "w2": -0.4756206610734894, "b": 7.606584847968556e-18}