{"w1": -0.32036825125243135, "w2": -0.555885497987881, "b": -0.007631115983179348}