{"w1": 3.104963265625239, "w2": 2.043435269471891, "b": -0.6380401971784568}