{"cc": 0.21438980424529658, "alpha": -1.064200335611086e-16, "beta": 0.21438980424529658, "mx": -2.6645352591003756e-17, "my": -1.121325254871408e-16, "sx": 1.0, "sy": 1.0}