{"w": 0.15734493348513626, "b": -0.21229075375780446}