{"cc": 0.04424795018647178, "alpha": -1.283339281584894e-16, "beta": 0.04424795018647177, "mx": 3.9968028886505634e-17, "my": -1.2656542480726783e-16, "sx": 1.0, "sy": 0.9999999999999999}