{"w": 0.03642201929782612, "b": 0.012075372783797982}