{"cc": 0.2918993371014514, "alpha": 3.6161861753423336e-18, "beta": 0.29189933710145133, "mx": 1.3974932322469158e-16, "my": 4.4408920985006264e-17, "sx": 1.0, "sy": 0.9999999999999998}