{"w": 0.7912429509849651, "b": -2.5243461243050715e-17}