{"w": 0.5801300969677511, "b": 0.01821022003410021}