{"w": -0.5705394205059015, "b": 0.09214778754593}