{"w": -0.6577039610632003, "b": 2.5304363654571554e-17}