{"w": 0.8159306960847388, "b": 0.02262080333004586}