{"w": 0.1943519523954984, "b": 0.0005055962991343151}