{"w": 0.7438357190309182, "b": -0.09865020125321648}