{"w": 1.0000000000000024, "b": -8.715250743307504e-17}