{"w": 0.0878801421190425, "b": -0.10834875069545166}