{"w": -0.37031447629012776, "b": -1.3806538285416639e-16}