{"w": -0.37364397707595304, "b": -1.3886752084411236e-16}