{"w": -0.3717401175559288, "b": 0.025670533940573018}