{"w1": -0.5823737928719349, "w2": -0.8228239124351528, "b": 0.08021445031538214}