{"cc": -0.1675532015738799, "alpha": -4.761203254227437e-16, "beta": -0.16755320157387987, "mx": -2.2204460492503132e-17, "my": -4.723998969780041e-16, "sx": 1.0, "sy": 0.9999999999999999}