{"w": 0.9732409707157418, "b": -5.077317422847718e-17}