{"w1": -0.6979955382624832, "w2": -0.3825302818482559, "b": -0.008066181738365506}