{"w1": -0.4876992738026672, "w2": -0.5132016345475984, "b": -3.160474155524587e-16}