{"w1": -0.5129232518705331, "w2": -0.4757653106520838, "b": -1.68627046660562e-16}