{"w1": -0.8572976016780952, "w2": -0.7575477994690285, "b": -0.017601827291376722}