{"w": 0.789080484163791, "b": -0.02144495422767922}