{"w": -0.7677150836139046, "b": 0.03181545318147633}