{"w1": 0.5878538665801719, "w2": 0.3605081119314598, "b": -2.5085571588791674e-17}