{"w1": 0.863737480036205, "w2": 0.48883106555254296, "b": -0.030960789792751374}