{"w1": -0.8506144740003455, "w2": 0.796397573579444, "b": -0.0565157437557371}