{"w": 0.6992662156145364, "b": 0.03539434359008864}