{"w1": 0.586793031874677, "w2": 0.2834646478602935, "b": 0.003480101985415625}