{"w": -0.5789262676087382, "b": -3.6065167753679247e-16}