{"w": -0.5661008833890624, "b": -0.0023907291281679635}