{"w1": 1.1654310377508474, "w2": 2.4054776761631143, "b": -0.7722371382834411}