{"w": -0.37332549881237076, "b": -0.02503323285975645}