{"w": -0.20006917076303046, "b": 2.0009221587218841e-16}