{"w": 0.08128811866995705, "b": -5.333669590560655e-17}