{"w": -0.3086515222048012, "b": -0.17147154860380187}