{"w": 0.5424237537674964, "b": 0.002349805985434145}