{"w": -0.04563417410039429, "b": 0.04709392689808506}