{"w1": -0.21276379351548985, "w2": 2.7722905344681963, "b": 0.5729580629479738}