{"cc": -0.010326398117958088, "alpha": 3.205274957212937e-17, "beta": -0.01032639811795809, "mx": -1.214306433183765e-16, "my": 3.3306690738754695e-17, "sx": 0.9999999999999999, "sy": 1.0}