{"w1": 2.1485138240430066, "w2": 0.5129773683755408, "b": -0.09186694883833764}