{"w": -0.16648040534982378, "b": -0.2176589502251131}