{"w": 0.7269775165545301, "b": -7.669320807555247e-18}