{"w": -0.1395352873448389, "b": -0.013579733291182321}