{"w1": -1.2505071170006306, "w2": -1.170491961477607, "b": -0.03634218776570687}