{"w": 0.23398451301104897, "b": -2.49395130883064e-16}