{"w": -0.6973231371901321, "b": 0.03239740716582452}