{"w1": -0.4786259732337236, "w2": -0.35619554676281356, "b": -1.0133625113164875e-17}