{"w": -1.0000000000000016, "b": 3.7081449022480276e-16}