{"w": 0.6298565858408967, "b": 0.010288648113839697}