{"w": 0.10890242199034603, "b": -0.007604795888839139}