{"w1": -0.45737390129207506, "w2": -0.01790571009252379, "b": -0.0011386618155525274}