{"w1": -0.689948123680779, "w2": -0.013296251413967711, "b": 3.4888424216695745e-18}