{"w1": -1.8151745882156018, "w2": 0.2434862404888396, "b": 0.0567861736511011}