{"w1": -0.5532516912439206, "w2": 0.067680959956813, "b": -3.10711750264044e-17}