{"w": -0.5590015626418804, "b": -0.2422601449048324}