{"w": -0.5779590148954568, "b": -0.2598902722042701}