{"w1": -0.08812887133215606, "w2": 0.7068350710275186, "b": -5.127989269516876e-17}