{"w": -0.3678780297863174, "b": 9.126650680088229e-17}