{"w1": 0.53578146734424, "w2": 0.706433973982673, "b": -0.008212672535501307}