{"w": 0.9408355270751517, "b": -1.3753628353335746e-16}