{"w1": -54.54231294459896, "w2": -65.58703005749759, "b": 5.473052039067811}