{"w": 0.887727221673953, "b": 0.008637892868671494}