{"w1": -0.3393811757969377, "w2": -1.3402484703233484, "b": 0.233274028988303}