{"w": 0.8100011055502891, "b": 3.660409853596469e-17}