{"w": 0.3890377092950309, "b": -0.0388625558455614}