{"w": 0.38804650001698554, "b": -0.0389385922423324}