{"w1": -1.0695656427638247, "w2": -0.9413859379939875, "b": 0.23014534917190402}