{"w1": -3.6168193741741685, "w2": 0.059551150346927005, "b": -0.043871310579993536}