{"w": -0.3188761689640963, "b": 0.14907357689642592}