{"w": 0.28216112174080965, "b": 0.0817984478787348}