{"w": 0.29459646754044205, "b": 0.06322467069225368}