{"w": 0.36677741308441625, "b": 0.051681594153929825}