{"w": 0.3541124500939086, "b": 0.044534512303419635}