{"w1": -0.37138771973407, "w2": 0.38651435427337416, "b": -1.1691560628537614e-17}