{"w1": -2.67270765343549, "w2": -4.320060220795907, "b": -0.4475239351612641}