{"w": -0.42510514298779806, "b": 0.01938865193034213}