{"w": -0.2820765719723582, "b": -0.5511792597733842}