{"w": -0.14501315069660292, "b": -0.03204347300147782}