{"w": -0.4240694440482829, "b": 0.010280732797603352}