{"w": 0.12705760988812542, "b": 3.3946324383332804e-18}