{"w": 0.1264768045700448, "b": 0.0066515059772357474}