{"cc": 0.5990099191850053, "alpha": -2.4238040753855485e-18, "beta": 0.5990099191850052, "mx": 1.8873791418627663e-17, "my": 8.881784197001253e-18, "sx": 1.0, "sy": 0.9999999999999999}