{"w1": -12.504969311658957, "w2": -15.86888859045197, "b": 0.5433624304300144}