{"w": 0.4382380392670635, "b": -0.035487163113118676}