{"w": 0.5126544294184031, "b": 0.001444378184387446}