{"w1": 1.0599966583978957, "w2": -0.13514560166078737, "b": 0.07165454362272132}