{"w": -0.1953274957506201, "b": 9.547491806909532e-17}