{"w": -0.6185256798735056, "b": -0.002147368172035579}