{"w": -0.6218491125227888, "b": -0.002347311591385577}