{"w": -0.42351107389847126, "b": 2.263826443540096e-16}