{"w": -0.5844465794505, "b": 0.02537199367110432}