{"w": -0.3485148689404749, "b": 0.004417984980296773}