{"w": 0.7249684737934147, "b": -0.046213513456943286}