{"w": 0.678216150076882, "b": -2.7387279502277348e-17}