{"w": 0.7452924726119581, "b": -2.9546900155160464e-17}