{"w1": -0.19916371745815173, "w2": 0.587028035308561, "b": 8.665753332150248e-17}