{"w": -0.07022608653052875, "b": 0.03394681830334967}