{"w": -0.1807994258602089, "b": 0.07222940940608445}