{"w": 0.20592369373170336, "b": -0.022919847626286467}