{"w1": 0.555756203456915, "w2": -0.2275742512601908, "b": -3.8499659907486765e-17}