{"w1": -2.084172350809728, "w2": 0.7861379214197525, "b": 0.8006628426850847}