{"w": -0.1378332561080694, "b": 0.02063571809935296}