{"w": -0.586271892168458, "b": 0.0631698928574371}