{"w1": -0.43845363553006766, "w2": -0.48524244394767674, "b": -4.0442329913805896e-18}