{"w": -0.3149610851023168, "b": -5.4951526758105735e-17}