{"w": -0.2550147357412963, "b": -0.2400600898791968}