{"w": -0.6404171235999597, "b": -0.0729853117091349}