{"w1": -2.8886487594517756, "w2": 0.2680567534726074, "b": 0.09134578672230459}