{"w": -1.0000000000000004, "b": -1.7597034940308736e-16}