{"w": -0.5135748901948393, "b": -1.2304639445025938e-16}