{"w": 0.36499321044823246, "b": -0.11559579338214238}