{"w": -0.5490517890255581, "b": -0.14422854947338198}