{"w1": 0.6528207206369244, "w2": 1.901647041754644, "b": -0.0741197335253414}