{"w": 0.17683593892471278, "b": -0.05275873291968789}