{"w": -0.23304018150142075, "b": -0.11598994962970091}