{"w": 0.041941356045110935, "b": -6.1491312969328185e-18}