{"w": 0.018227017217054473, "b": 0.07966465103413593}