{"w": 0.2934762852054865, "b": -0.0015350161528818757}