{"w": -0.11988701517959498, "b": 0.0365884930889606}