{"w": -0.7245329586480767, "b": 0.011043876002827855}