{"w": 0.45614610410634715, "b": 0.10475138801843908}