{"w": 0.45439650477212956, "b": 0.1049635165469155}