{"w1": 0.9138606523031244, "w2": -0.9116878606337363, "b": 0.050868389023733196}