{"w": 0.13682008722096964, "b": 0.1830538699100693}