{"w": 0.15429770868305354, "b": 0.1623867037238098}