{"w1": 1.9753661005622856, "w2": 3.502204862178929, "b": -0.021817919662523166}