{"w1": -0.6459130854609018, "w2": 2.131855129222174, "b": 0.05021423085704682}