{"w": 0.5968421624185785, "b": -0.03817485620502339}