{"w": 0.9999999999999996, "b": 1.887379141862766e-17}