{"cc": -0.7057077213794687, "alpha": 1.8683686107818725e-17, "beta": -0.7057077213794686, "mx": -3.3306690738754695e-17, "my": 4.218847493575595e-17, "sx": 1.0, "sy": 0.9999999999999999}