{"w": -0.747136521594815, "b": -0.011061789143681158}