{"w": -0.6628157541165339, "b": 0.010531488777474975}