{"w": -0.7353673581834855, "b": 0.0019103579994152527}