{"w": -0.7715896925797224, "b": 0.00023609185064211915}