{"w": -0.32778779265263747, "b": 0.17338177499322355}