{"w": 0.17019036428374942, "b": -0.04888281135658324}