{"w": -0.6733561383385869, "b": 0.03177391157058689}