{"w": -0.692182062813271, "b": -0.011665661377044553}