{"w": -0.30362557749643004, "b": -0.08475276015097097}