{"w": 0.4195894225467746, "b": -0.007060662759197936}