{"w": 0.09753817504837868, "b": 0.12160982621051727}