{"w": 0.1319192389902688, "b": -0.005364569156882893}