{"w": 0.27967065915398115, "b": 0.004283428143156813}