{"w": -0.07170573943710422, "b": -0.036295571424819255}