{"w": 0.9999999999999999, "b": -9.65894031423886e-16}