{"w": 0.49829445534186434, "b": 0.054666844863315175}