{"w": 0.7035040846511141, "b": -0.005153316623867837}