{"w": -0.694570990329792, "b": -0.04401217873043106}