{"w": -0.6366516321015897, "b": 3.515664515345545e-17}