{"w": -0.7193371233018221, "b": -0.0516878270527837}