{"w1": -0.1418516543241706, "w2": 0.528016423398126, "b": 0.0003262566106285239}