{"w": 0.2505318611450654, "b": -2.7876281863713575e-16}