{"w": 0.17401726303438422, "b": 0.038650300588211055}