{"w": -0.07717337771063754, "b": 0.0778642245388989}