{"w": 0.5643954703565875, "b": -0.0011518759329352962}