{"w": 0.04675925325164012, "b": 0.02416458802797556}