{"w1": 0.0587722993071831, "w2": 0.7980918966017096, "b": -0.059574212106837186}