{"w": 0.5717124770006671, "b": 0.026723602330722934}