{"w1": 0.5027795963800962, "w2": 3.327494718803428, "b": 0.16025534574329553}