{"w": 0.3681435528152818, "b": -1.2371731135546078e-17}