{"w": -0.20559347847876083, "b": -0.0497133166178504}