{"w": -0.22447205933858086, "b": -0.04928195537290267}