{"w": -0.3414904206674389, "b": 2.1963016694650105e-17}