{"w": 0.2568414991085955, "b": -1.3212717375616027e-15}