{"cc": 0.268404187091628, "alpha": 3.808300964885807e-17, "beta": 0.26840418709162805, "mx": -3.3306690738754695e-17, "my": 2.914335439641036e-17, "sx": 1.0, "sy": 1.0000000000000002}