{"w": 0.49248110378153886, "b": 0.0033002266963661183}