{"w": -0.6166566933751183, "b": -0.04195527394757981}