{"w": -0.4394481577370204, "b": -7.075473597883864e-17}