{"w": -0.115944133248502, "b": -0.0024425358930858904}