{"w": 0.41478558140937694, "b": 4.157071069852559e-18}