{"w": 0.3770778012812518, "b": 4.0314789327353166e-18}