{"w": -0.09336663397323712, "b": -2.359513853637757e-16}