{"w": -0.08796402315715349, "b": 0.00011866520280962023}