{"w": 0.5876349108698301, "b": 0.0038941237310319114}