{"w1": -0.9436675538533396, "w2": -0.38281135208346767, "b": -0.07370400752562614}