{"w": 0.1165684828338081, "b": 0.017994198059044668}