{"w": 0.4654771142029087, "b": -0.03318942218073819}