{"w1": -0.5122765472802131, "w2": 0.2170882774760507, "b": -0.004432476590093239}