{"w": 0.33667068957282176, "b": -0.029137316159760344}