{"w": 1.0000000000000004, "b": 2.0983215165415465e-16}