{"w": 0.19896897198312327, "b": 1.0044541149270465e-16}