{"w": -0.2518841836858458, "b": -0.14716374895201847}