{"w": -0.2806699342738117, "b": -1.0066941821671361e-16}