{"w": 0.9257506321370703, "b": 0.003929400284810635}