{"w1": 1.3215621700199898, "w2": -0.36355367672608485, "b": -0.11716332716668781}