{"w": -0.3403464214112393, "b": -0.002392889275800218}