{"w": -0.5070663451743525, "b": 0.025614622561596745}