{"w": 0.04431988513667537, "b": 1.1579011818333239e-17}