{"w": -0.010025196696292957, "b": -3.595008454755259e-17}