{"w": -0.9999999999999996, "b": -6.772360450213451e-17}