{"w1": 0.7135371017013716, "w2": -0.8153257703503267, "b": 0.057994338714112526}