{"w1": 0.33421640104524974, "w2": -0.4035216796496493, "b": 0.009424557924652965}