{"w": 0.596939727108594, "b": -0.009874141799079219}