{"w": 0.18316613080327782, "b": -2.610123192967824e-16}