{"w": -0.5557915258640769, "b": -0.13967351782251003}