{"w1": -0.7794033122489795, "w2": -0.6140099118745793, "b": -0.03956841042367827}