{"w": -0.6110396820061661, "b": 0.004327744722526741}