{"w": 0.3546974362293652, "b": -3.609639084246026e-17}