{"w": 0.7692268554916154, "b": -4.392298658697086e-17}