{"w": 0.8025897638398544, "b": 0.0032982313273212487}