{"w": 0.5085457241684712, "b": -0.05340343375075766}