{"w1": -1.0694006170102843, "w2": 0.1641468813837091, "b": -0.06578692612405697}