{"w1": 0.5480419246110874, "w2": 1.4149785116957836, "b": -0.07565025312588833}