{"w": 0.9999999999999997, "b": -5.828670879282071e-17}