{"w": 0.983476924345041, "b": -0.0024698367656146624}