{"w": 0.8398594594522321, "b": 0.02774123113357832}