{"w": 0.745582152485378, "b": 0.007340383710453733}