{"w": 0.24137539366965652, "b": -0.0523646113651918}