{"w1": -0.576799755568295, "w2": -0.2972972340055555, "b": 0.019346606057492402}