{"w1": -0.30162078531502085, "w2": -0.5488485405429208, "b": 7.90276756377709e-17}