{"w": -0.19888538351516544, "b": -0.0292016851242873}