{"w": 0.20626087033840737, "b": -0.13018320576583978}