{"cc": -0.13171177478683097, "alpha": 4.5489845020288804e-17, "beta": -0.13171177478683097, "mx": 1.0935696792557792e-16, "my": 3.1086244689504386e-17, "sx": 0.9999999999999999, "sy": 0.9999999999999998}