{"w": 0.3762744595898576, "b": 0.12574436812984816}