{"w": 0.3593414642941138, "b": 0.12633971550901263}