{"w": 0.9816297654808659, "b": -0.011399833026972407}