{"w": 0.03184017147252463, "b": -0.002936177367196849}