{"w": -0.012411517292582979, "b": 0.007177718745234647}