{"w": 0.21551763959095385, "b": 7.743808160962132e-17}