{"w": 0.613000576878017, "b": -1.1641812726411042e-17}