{"w1": 5.315591566355028, "w2": -11.102749512290947, "b": 2.0315037548554358}