{"w": 0.3919185658615439, "b": -0.00617593594580465}