{"w": 0.04190700455660598, "b": -2.569026673879419e-16}