{"w1": 0.5149405757065197, "w2": -2.410188303401039, "b": 0.060235751107076296}