{"w": -0.013272374657607333, "b": -0.3073653815544436}