{"w": -1.0000000000000018, "b": 4.096722960866828e-16}