{"w": -0.02791063352427596, "b": 0.011225183599942309}