{"w": 0.8251158710891552, "b": -0.0493305168435149}