{"w": 0.8659051929419884, "b": -0.051496861636184325}