{"w": 0.4252465679354186, "b": -5.301623738434469e-16}