{"w": 0.5918300322850238, "b": -8.066169667442013e-18}