{"w": 0.5699937162058142, "b": -0.030119405880672866}