{"w1": 1.1376433432487363, "w2": -0.0460345947107733, "b": -0.044653868576244746}