{"w": -0.5405409806605489, "b": -8.221656474078342e-18}