{"w": -0.5154755769883629, "b": 0.004361088702987647}