{"w": -0.5435700981111468, "b": 0.005871357758516169}