{"w1": -2.4544974637124386, "w2": 4.127434275380548, "b": -0.4557639461725418}