{"w": -0.014594746713420776, "b": -3.644291872655242e-17}