{"w": 0.04430312404962558, "b": -0.0149836733914727}