{"w1": 0.27449749691196734, "w2": 0.4874290343909256, "b": -0.001852455190702998}