{"w": 0.9400724201241181, "b": 0.01567137542964972}