{"w": 0.3730375210867015, "b": -0.12539065164783214}