{"w": -0.13004898094007697, "b": -4.427438910763265e-17}