{"w": -0.24295842724315053, "b": -0.13069845581297024}