{"w": 0.999999999999991, "b": -2.2204460492502993e-17}