{"cc": 0.5656619495781285, "alpha": 9.464979463108569e-18, "beta": 0.5656619495781285, "mx": -8.881784197001253e-18, "my": 4.440892098500626e-18, "sx": 1.0, "sy": 1.0}