{"w": 0.5046541981033053, "b": 0.08596613470545844}