{"w": -0.5927968326901522, "b": 0.0007147649594000383}