{"w1": -3.8015231111202885, "w2": -1.359500442875225, "b": -0.2710015043833992}