{"w1": -0.8086809273246784, "w2": -0.27166560792403566, "b": 4.59289348420329e-17}