{"w1": -1.1296836715254441, "w2": -0.4334602553638104, "b": -0.0417095696477691}