{"cc": 0.4824110769574645, "alpha": -2.802194169123248e-17, "beta": 0.4824110769574645, "mx": 3.219646771412954e-17, "my": -1.2490009027033011e-17, "sx": 1.0, "sy": 1.0}