{"w": 0.32849566300990274, "b": 0.052655683739678355}