{"w": -0.0946452778453946, "b": -0.03719789913380501}