{"w": -0.3597876649888108, "b": -0.10715363796587343}