{"w1": 0.8905074530630872, "w2": -1.080281679237139, "b": 0.013145601082788349}