{"w1": 0.3547837354227971, "w2": -0.3314668935553602, "b": 0.006758054017565671}