{"w": 0.07334944490625366, "b": 7.415967830590102e-18}