{"w": 0.6265612379577034, "b": -0.00433633849105371}