{"w": 0.9834570386622885, "b": 1.7341141732832452e-17}