{"w": -0.14275866014916677, "b": 5.072571811181225e-18}