{"w1": -0.972562295027755, "w2": -0.7969165727819063, "b": -0.07183515562174299}