{"w": 0.7245523469337143, "b": -0.012557210018687783}