{"w": -0.43782323155029335, "b": -0.12127347435475014}