{"w": -0.45834222408208647, "b": 0.06943966659982717}