{"w1": -0.5057147455153943, "w2": 1.775279591540675, "b": -0.05737946377815155}