{"w": -0.14657723369321268, "b": 0.18339441729703274}