{"w": -0.18948138738525075, "b": -3.164135620181696e-17}