{"w1": 0.7508276072609196, "w2": -0.0074835997722191286, "b": 0.028904445459541683}