{"w": -0.757346450249522, "b": 0.004347675352494793}