{"cc": -0.7160149952167932, "alpha": -6.57585034911462e-17, "beta": -0.7160149952167931, "mx": -1.4765966227514583e-16, "my": 3.9968028886505634e-17, "sx": 1.0000000000000002, "sy": 1.0}