{"w": -0.8263274332898816, "b": -0.21069706628110474}