{"w": -0.6608891719834367, "b": 0.02215063632176449}