{"w": 0.9090909090909092, "b": -1.9681226345627772e-17}