{"w": 0.6163556144149737, "b": -0.002960249659574603}