{"w": 0.19816319259071077, "b": 0.25482854817752654}