{"w1": 0.5842846299504938, "w2": -4.682014044590872, "b": -1.3335126450590815}