{"w": -0.0257651230026624, "b": 0.11995378269162532}