{"w": -0.017423950962029935, "b": -0.021538242001621417}