{"w1": 0.7446083902396322, "w2": -0.3362960435193967, "b": 2.3334126732324624e-17}