{"w1": 0.8702729890407209, "w2": -0.42354716687786736, "b": 0.01600098411761734}