{"w": -0.05730320681129095, "b": 1.3809167596831547e-17}