{"cc": -0.9733037557703248, "alpha": -3.241752718831064e-17, "beta": -0.9733037557703248, "mx": -3.3306690738754695e-17, "my": 0.0, "sx": 1.0, "sy": 1.0}