{"w": 0.5501120414824552, "b": 0.07157840637932267}