{"w": 0.6141783315816184, "b": -1.0315174737617427e-18}