{"w": 0.5326531655004478, "b": 0.039854233142413695}