{"w": 0.6634783038753174, "b": -0.010112061297071743}