{"w": -0.09765211057671092, "b": -1.4677456726502194e-16}