{"w": 0.7722961184457822, "b": 3.69705451171526e-17}