{"w1": -0.8343279654145063, "w2": -0.8119771443842217, "b": -0.019327600171969515}