{"w": -0.02091280569433196, "b": 0.03866166771699808}