{"w": -0.0544225183714149, "b": -0.017341022157068293}