{"w": 0.2624736558274049, "b": 0.04673328963746287}