{"w": 0.26162045689446844, "b": -0.0038451652159579705}