{"w": -0.9393568365676997, "b": -0.0027566222754169534}