{"w1": -0.26557747854085517, "w2": -0.8130686803195513, "b": -0.025270593389391728}