{"w": 0.7122526126218106, "b": 0.04469905488292152}