{"cc": 0.5007308568411051, "alpha": -2.025812168951513e-17, "beta": 0.5007308568411051, "mx": -4.718447854656916e-18, "my": -2.2620794126737563e-17, "sx": 1.0, "sy": 1.0}