{"w": -0.4233310184519286, "b": -0.07819237817767455}