{"w": -0.4249260910903038, "b": -0.0781209151979337}