{"w": 0.26614406569852, "b": 2.0858926678274558e-17}