{"w1": -0.3160158347738406, "w2": -0.47143559685244174, "b": 9.429723654673853e-18}