{"w1": -0.2980362648325592, "w2": -0.43697270831812185, "b": 9.024710159951732e-18}