{"w": 0.20086003840919658, "b": 2.4823933801691247e-17}