{"w": 0.3651300617329731, "b": -0.019932256211175982}