{"w": -0.22885395075312864, "b": 4.5532767968030736e-17}