{"w": -0.14766712444664873, "b": -0.44364950704750616}