{"w1": -0.3906125329985368, "w2": 1.250796413178221, "b": -0.05103938837073433}