{"cc": -0.20095260131821152, "alpha": -1.2414403477383187e-17, "beta": -0.2009526013182115, "mx": 2.1094237467877975e-17, "my": -1.6653345369377347e-17, "sx": 1.0, "sy": 0.9999999999999999}