{"w": -0.19896297160218965, "b": -1.2456373199086097e-17}