{"w": -0.20876873314962494, "b": -0.05395980200257021}