{"w1": -0.44748619944937557, "w2": 0.3805409472204461, "b": -1.5307255372485474e-17}