{"w": 0.3388979126197817, "b": -0.0377084236553084}