{"w": 0.719140902129737, "b": 1.8963143830727953e-17}