{"w1": -0.43820820217872847, "w2": -0.5068218575010207, "b": -8.396498057353087e-17}