{"w": -0.23477895718772696, "b": -0.09106075311557577}