{"w": -0.23726430835489382, "b": -2.6871583920586528e-17}