{"w1": -0.6463014626685539, "w2": -0.07072654168548884, "b": 8.699826060895357e-18}