{"w1": 0.8914981052384289, "w2": 0.06840709554214972, "b": -0.03786925307496402}