{"w": 0.9999999999999999, "b": -7.528699885739324e-18}