{"w": 0.1548610890807362, "b": 0.01239515879699267}