{"w1": 0.5077563112506038, "w2": 0.5088363918438675, "b": 0.023595515925099668}