{"w": 0.9769820968984475, "b": 6.362628524820105e-17}