{"w": -0.3378938975262865, "b": -0.011841361479143279}