{"w": -0.3722695253017401, "b": 1.1096372758280414e-16}