{"w": -0.19419524333065324, "b": -0.035345741427779354}