{"w": -0.38288784329275866, "b": 0.005308027787547093}