{"w": 0.338427421630656, "b": 0.010961788165705364}