{"w": 0.2986004571222348, "b": 5.628805359468037e-18}