{"w": 0.029296078869039732, "b": -0.017808161319381677}