{"w": -0.027205960799036633, "b": 0.00045467265942525197}