{"w": -0.8863278755153113, "b": 0.017305433326364496}