{"w": -0.8545023984170766, "b": 0.047796774895986646}