{"w": 0.8370616480783174, "b": -0.0003309926091023714}