{"w": -0.23682184536352344, "b": 0.024395239185450234}