{"w": -0.22791920630342044, "b": -0.0011629452992019573}