{"w": -0.031164554491338814, "b": -0.018061355033139243}