{"w": 0.011753182035655969, "b": -0.09882085074379515}