{"w": -0.03311369820631099, "b": 0.006184615144612425}