{"w": -0.034657308764844, "b": 0.006514589130625029}