{"w": 0.09845063622972326, "b": 0.0011169121048199221}