{"w": -0.2863848015551579, "b": 0.0514175440692449}