{"w1": 0.6651275832394459, "w2": 0.08152600867853065, "b": 2.924182585154607e-17}