{"w": -0.6189419100565623, "b": -0.011523844903023796}