{"w": -0.25305098589943914, "b": -0.06859208152993106}