{"w1": -1.941044594698545, "w2": -3.5745290927309745, "b": 1.0717720181172847}