{"w": -0.21620704172806393, "b": 0.10979455790691461}