{"w": 0.33563280826806213, "b": 0.02963192187964601}