{"w": -0.47348288692330076, "b": -0.0009422960174039624}