{"w": -0.9718939145346779, "b": -0.00961623903869908}