{"w": -0.8852632016835974, "b": -2.925566317313167e-16}