{"w": 0.6076953872173042, "b": -0.49448966113645565}