{"w": 0.5792512853619854, "b": -0.0062376652432829735}