{"w": 0.5763785343366701, "b": -0.006330536139747194}