{"w": -0.5344696555415709, "b": 3.517489319071451e-16}