{"w": 0.4380505578330323, "b": 1.935263751959669e-17}