{"w1": 0.7464677225288607, "w2": 1.187731777425015, "b": -0.008172315387150627}