{"w": 0.10169087844068961, "b": 5.3723266454759946e-17}