{"cc": 0.6507682536353193, "alpha": -2.677926170025852e-16, "beta": 0.6507682536353193, "mx": 8.881784197001253e-18, "my": -2.6201263381153693e-16, "sx": 1.0, "sy": 1.0}