{"w": 0.3595480305558654, "b": -0.02505790929629471}