{"w": 0.5668888511140764, "b": 1.7683756679897303e-17}