{"w": 0.3520832455595358, "b": -0.02211332198096444}