{"w": -0.6122377687194445, "b": 0.0008425144378064117}