{"w1": 1.1480000909243908, "w2": -0.5753210756976667, "b": -0.08764790016153241}