{"w": -0.07837301360277468, "b": 8.313455737870189e-17}