{"w": -0.2686014189570375, "b": 0.31105787333367924}