{"w": -0.09970472973019709, "b": -0.06697586884122474}