{"w": -0.31294086637811247, "b": -0.1812206736803874}