{"w": -0.25261804251510145, "b": -0.16488953278096524}