{"w": -0.2540439531032372, "b": -0.16165505046902456}