{"w": -0.3250570459416301, "b": -0.0994647220467898}