{"w": -0.310752828943827, "b": -2.424465233818046e-16}