{"w1": -0.3727077609819036, "w2": -0.2067292955691651, "b": 6.83185278849141e-07}