{"w": -0.6155320170268397, "b": -0.036192890950241696}