{"w1": 1.3758386163689735, "w2": 0.24820667742883956, "b": 0.016734772929903247}