{"w1": 0.5437340278499794, "w2": 0.16015455154709185, "b": -0.0097613158895819}