{"w1": -0.4811944738307325, "w2": -0.49951206848790836, "b": -8.869164715852705e-17}