{"w1": -1.8149082898442985, "w2": -0.9997219695015864, "b": -0.07106539648909165}