{"w": -0.12254503450735463, "b": 0.007967625767159712}