{"w": -0.06056494785139693, "b": -1.42991712523401e-17}