{"w": -0.05054032640032383, "b": 0.0017121398487977926}