{"w": -0.9999999999999988, "b": 2.7755575615628914e-16}