{"w": -0.18971752343294085, "b": 2.5236711682210793e-16}