{"w": -0.23259435334744616, "b": -0.09352645001604423}