{"w": -0.23485744804967024, "b": -0.0917843832463341}