{"w": -0.043102990610248235, "b": -0.2874138849989744}