{"w": 0.719005136903446, "b": 0.000873938166741417}