{"w": 0.20042393365896505, "b": -0.2123242941371497}