{"w": 0.1881223516052768, "b": 0.01900356012057573}