{"w1": 0.7417199458531084, "w2": -0.4202405919600527, "b": 0.006102771432827239}