{"w": -0.1406119925600636, "b": -0.03868509263191057}