{"w": -0.19348971109780047, "b": -0.058863067457264856}