{"w": -0.11297650117939458, "b": -0.0761134901809464}