{"w": 0.7380711391863919, "b": 9.090161711030791e-18}