{"w": 0.610453846227918, "b": 0.12247022549898398}