{"w": -0.5124692575719302, "b": -0.0006688386550000044}