{"w": -0.07328669357438651, "b": -0.009133040893809858}