{"w": -0.10530943912208372, "b": 0.04790031440131938}