{"w": -0.2993488714457687, "b": -0.012068645775953898}