{"w": -0.4017430429007421, "b": -0.056829635938139014}