{"w": -0.0428957096820719, "b": 1.9263718237222687e-17}