{"cc": -0.29092295420715, "alpha": 1.224053495363038e-16, "beta": -0.2909229542071499, "mx": -1.2878587085651815e-16, "my": 1.5987211554602254e-16, "sx": 1.0, "sy": 0.9999999999999998}