{"w": 0.528978847157263, "b": -0.052507657762576564}