{"w": -0.5036422171993005, "b": 0.06896038663506279}