{"w": -0.5516556954914505, "b": -0.005798135791260818}