{"w": -0.22843869315322934, "b": -0.002295383912737015}