{"w": 0.5217701203783522, "b": -0.08829566295458752}