{"w": 0.4990390826206625, "b": -0.06437752459982192}