{"cc": -0.3016928287923911, "alpha": 8.944208192037863e-17, "beta": -0.3016928287923912, "mx": 2.375877272697835e-16, "my": 1.7763568394002505e-17, "sx": 0.9999999999999999, "sy": 1.0}