{"w": 0.3872894033156298, "b": -0.0028946055621862435}