{"w": -0.724049161071161, "b": -2.3120703338375332e-17}