{"w": -0.5389474701710614, "b": 0.05453190465011737}