{"w": 0.600815956910878, "b": 1.8553859976408716e-17}