{"w": 0.5377991753215563, "b": 0.07427547411966492}