{"w": 0.5189318139159602, "b": 1.7923087095742142e-17}