{"w1": 0.5821141607972014, "w2": 0.21138096665418638, "b": -7.845033262757048e-17}