{"cc": -0.28714887753789964, "alpha": -1.0378795957857137e-16, "beta": -0.28714887753789964, "mx": 2.0594637106796654e-16, "my": -1.6292522886374173e-16, "sx": 0.9999999999999998, "sy": 0.9999999999999999}