{"w1": -0.9256885487340804, "w2": -0.9547939844141327, "b": 0.1720529531671401}