{"w": -0.79413053039245, "b": -0.008555547643976374}