{"w1": -1.8534606995345009, "w2": -2.7200073779095315, "b": -0.04085252185819926}