{"w1": 1.9047944073507046, "w2": -0.9845832757606429, "b": 0.1403859477801573}