{"w": -0.024898581544082903, "b": 0.014161035400241509}