{"w": 0.3528486983121807, "b": 0.012124110315199499}