{"w": 0.2485230344209001, "b": 0.09999999999999992}