{"w": 0.8504557450346474, "b": 9.666024015070397e-17}