{"w": 0.8769505857320004, "b": 0.024432400167132093}