{"w": 0.4735846134941637, "b": -2.3459217445196735e-17}