{"w": 0.21678714752072306, "b": 0.005037410045540072}