{"w": 0.25305921982293167, "b": 0.0014815383687652836}