{"w": 0.2545403353888401, "b": 0.0015316227961669627}