{"w": 0.6577289283762595, "b": -0.021989072797878643}