{"w": -0.025834669152006624, "b": 0.030772412238044174}