{"cc": 0.04553640540434198, "alpha": -4.510406001391154e-17, "beta": 0.04553640540434197, "mx": 1.5265566588595904e-17, "my": -4.4408920985006264e-17, "sx": 1.0, "sy": 0.9999999999999998}