{"w1": 0.5899498609802989, "w2": 0.18445137153572636, "b": 3.3923902062122027e-17}