{"w1": 0.6722222905641865, "w2": 0.20810221570236917, "b": -0.016882076504554887}