{"cc": 0.4249497011064385, "alpha": 4.4601478881633563e-17, "beta": 0.42494970110643854, "mx": -3.441691376337985e-17, "my": 2.997602166487923e-17, "sx": 0.9999999999999998, "sy": 0.9999999999999999}