{"w": 0.38631791009676225, "b": 4.327189186192863e-17}