{"w1": -4.718028331065154, "w2": -1.567489386115188, "b": 0.5274336816801044}