{"w": 0.10208320107358809, "b": 0.2826502597457271}