{"w1": -0.07248675723332948, "w2": -0.3339473886872979, "b": -5.363397898187723e-18}