{"w1": -0.07201705378426392, "w2": -0.330999699593297, "b": -5.3167881101908674e-18}