{"w1": -0.33196610872120547, "w2": -1.1513897711792103, "b": -0.06461031632062228}