{"w1": 0.4720769540869906, "w2": -0.28831574209304855, "b": -2.1741814739023652e-17}