{"w1": -1.0516213402569652, "w2": -1.749647618693156, "b": 0.33893819334370046}