{"w": -0.1479856420653624, "b": 0.015119813855969033}