{"w1": 0.9789101523908368, "w2": 0.2028113096349896, "b": 0.0307114959981461}