{"w1": 0.8649083157376644, "w2": 0.4254799222332081, "b": 0.11230576181332412}