{"w": 0.5260470897069505, "b": -0.02713360238131246}