{"w": -0.27338166703458194, "b": -9.477642201137413e-17}