{"w": 0.3129303655975077, "b": 0.03712252516660334}