{"w": 0.27152609898112035, "b": -2.2167542522606692e-17}