{"w": 0.29359793164538367, "b": -0.008742174081809492}