{"w": 0.42124483028055365, "b": 0.012859373579908802}