{"w1": 0.6134024091922875, "w2": -0.5871774411169202, "b": 0.005802969765523417}