{"w": 0.9769166560054974, "b": -0.008455006778810854}