{"w": 0.9545675253314025, "b": -0.007610362922312019}