{"w": -0.14589989219079533, "b": -0.03391690517004291}