{"w1": -0.1775207753920729, "w2": -1.1021481785803071, "b": 0.01985782503020974}