{"w": 0.03486240408176431, "b": -8.394457394053416e-17}