{"w": -0.32706648635530217, "b": -0.16392756411674858}