{"w": -0.3005161316374334, "b": 0.013739743113705252}