{"w": -0.030917413924106966, "b": -0.17339299371828565}