{"w1": 0.03977759247470963, "w2": 0.731210331558607, "b": 9.964177602770593e-17}