{"w": 0.45237416696357363, "b": 0.005845117823802308}