{"w": 0.6876260940147084, "b": -5.546915348773881e-19}