{"w": 0.7176632648866789, "b": 0.008170387302463791}