{"w": -0.06883624902562649, "b": -1.6797544753343733e-16}