{"w": 0.9294631239066572, "b": -0.006008606404331807}