{"w": 0.9246494960133047, "b": -0.006032886039347862}