{"w1": -0.01756586515135391, "w2": -0.4703741190394292, "b": -0.00010169676000146982}