{"w1": -0.06109151679739583, "w2": 0.8608273992207346, "b": -0.04112641933842721}