{"w1": 0.05748092332268682, "w2": 4.284665654457088, "b": -0.9888612552995956}