{"w": 0.12943527205130922, "b": -2.707645864869371e-17}