{"w": -0.3724417554741179, "b": 0.11750374884746911}