{"w": -0.39163027789777, "b": -0.02878187397081649}