{"w1": -0.7098390577524226, "w2": -0.29438650043211656, "b": 9.44592662186832e-17}