{"w1": -0.9588002943557711, "w2": -0.2761188897359409, "b": -0.05265804380713421}