{"w": -0.010606263157263705, "b": -0.07105329337417914}