{"w": -0.002167820387586534, "b": 0.009010461162415577}