{"w1": 0.2718287983690097, "w2": -0.2858874956504578, "b": -2.036042987523662e-06}