{"w1": 0.014464781742291159, "w2": 2.0439718850366426, "b": -0.007147907222648708}