{"w1": 3.0598060115503354, "w2": -2.990358512182943, "b": -2.1206420086484936}