{"w1": -0.18591234591362935, "w2": 1.4637625954731615, "b": -0.08390190609977556}