{"w1": 0.8989872757423171, "w2": 0.24090617680296206, "b": -0.02670801730838754}