{"w": -0.2918260958213313, "b": 0.0768904188299899}