{"w": 0.07820059083632837, "b": 0.2820316703807306}