{"w": 0.08563162820895083, "b": 0.25713346304666235}