{"w1": -0.701370166722602, "w2": -0.2540162827578976, "b": -0.02035174263208258}