{"w": 0.6475596306112684, "b": 0.06961115621597977}