{"w": 0.6654147907670859, "b": 0.04486573703905153}