{"w": 0.049341941759113064, "b": 0.002703865939298479}