{"cc": 0.7767549309688853, "alpha": -1.533193728671062e-16, "beta": 0.7767549309688855, "mx": 1.4432899320127036e-17, "my": -1.4210854715202004e-16, "sx": 1.0, "sy": 1.0000000000000002}