{"w": 0.042404558675227785, "b": 1.8865981274126266e-16}