{"w": 0.036854211805158466, "b": 0.0017503977379861517}