{"w": -0.10231961823093162, "b": 0.012003595435758907}