{"w": 0.39622434368026405, "b": 0.014550046272411292}