{"w": 0.9999999999999997, "b": 4.524158825347513e-16}