{"w": 0.38009621687939704, "b": -0.007500076296442892}