{"w": 0.16397758932243095, "b": -0.08918873674419944}