{"w": 0.474727296172433, "b": -1.0959516461285933e-16}