{"w": 0.47854744280763023, "b": -0.0036787984364441643}