{"w": -0.28332853113167783, "b": 0.04379107698101162}