{"w": 0.2008658396280432, "b": 0.04980788742497991}