{"w": 0.7424903089601478, "b": -0.024853653493611447}