{"w": 0.7215900480224573, "b": -0.009288626831909662}