{"w": 0.13394399250155875, "b": -2.671701860047206e-17}