{"w": -0.09592463326452086, "b": 0.17357473118588404}