{"w": -0.003386205084884816, "b": -0.049598399224602456}