{"w": 0.3860819099078106, "b": -0.017952943867544823}