{"w": -0.4241961516568098, "b": -0.020289151367374986}