{"w": 0.6905774475212204, "b": 8.403950807054399e-18}