{"w": 0.8638274375992578, "b": -0.043260653633535484}