{"w": -0.10827095240692328, "b": 0.2885063041632049}