{"w": 0.5532615577610862, "b": -0.030714200557179962}