{"w1": 1.1836383725056643, "w2": 1.5504735724289525, "b": -0.05664839035518683}