{"w1": 0.8852415716427137, "w2": -0.09407295669927455, "b": -0.05275572544581432}