{"w": 0.01625363372484403, "b": 0.013155324737387113}