{"w": 0.01812623832875121, "b": -1.3852692304788695e-17}