{"w": 0.016180215020589136, "b": -0.004461588210256787}