{"w": -0.3441517592375839, "b": 0.24794180593701254}