{"w": -0.14464393750021043, "b": -0.1951306736757129}