{"w": -0.22975622556925662, "b": 1.0732628110984929e-16}