{"w": 0.5073348014582992, "b": 1.3403075761174887e-16}