{"w": 0.44132805913657974, "b": 0.2101681166488924}