{"w": 0.8331180740354971, "b": 2.219729091764146e-17}