{"w1": 0.8604551011708507, "w2": 0.6897924058598367, "b": 0.13113476279906233}