{"w": -0.7345202064353342, "b": -4.1806093323647954e-17}