{"w": -0.70210446916181, "b": -0.027370013449947734}