{"w": -0.47418534760639536, "b": 0.3827453593128237}