{"w": 0.7309223563462692, "b": -0.007002825356023992}