{"w1": 0.8202010647947784, "w2": -0.6751989905424984, "b": -0.007875833931526905}