{"w1": 0.8433994729069859, "w2": -0.6976369067624781, "b": -0.009133723219668273}