{"w": 0.8991817181997229, "b": 0.03414901901921774}