{"w1": -2.356995049691806, "w2": 1.2460242904919334, "b": -0.0013374744104109248}