{"w1": -2.314918593385028, "w2": 0.580013637742973, "b": 0.09357799504595782}