{"w1": -1.7603199839977433, "w2": 0.3654505786976108, "b": 0.18085792470261666}