{"w": -0.038304867515436776, "b": 0.003641315665953671}