{"cc": 0.7213075236817948, "alpha": -2.1185098961559667e-17, "beta": 0.721307523681795, "mx": 3.552713678800501e-17, "my": 4.440892098500626e-18, "sx": 0.9999999999999999, "sy": 1.0}