{"w": 0.7472301135930975, "b": -0.010127069947487442}