{"w": -0.3343240935187955, "b": 0.03354323772159951}