{"w": -0.3372402594803469, "b": -4.9018977898699945e-17}