{"w": 0.1532665852653616, "b": 7.999747475019468e-17}