{"w": 0.07358426321228287, "b": -0.02508646133338771}