{"w": 0.7478192747099275, "b": 0.019984886041021464}