{"w": 0.7383876049145105, "b": 0.040770000068767964}