{"w": -0.4652676555887546, "b": -0.004363145563239653}