{"w1": -0.4300572826568478, "w2": 0.49939352044421126, "b": -0.0012177621759539804}