{"w": 0.2696377123495838, "b": -0.029508905623831728}