{"w": -0.2720636976817385, "b": -0.028005290732315585}