{"w": -0.28274451061101785, "b": 0.010641231042169757}