{"w": 0.7126676959532102, "b": 0.0032535108242409162}