{"w1": 0.6359544229565037, "w2": -0.43730728380278205, "b": -3.523959525842539e-18}