{"w1": 0.9370616918057719, "w2": -0.6917063847967156, "b": -0.014472565987789628}