{"w1": -0.11308125696791613, "w2": 0.8310443733430853, "b": -0.04345316782493937}