{"w": -0.19781385856398637, "b": -0.09339738541630578}