{"w1": -0.7751788948629772, "w2": -0.7798237929339166, "b": 0.01664077715169246}