{"w": 0.9496841391757347, "b": -0.001679686208066255}