{"w": -0.3564307439761871, "b": 3.814302575430432e-17}