{"w": -0.04797385251717678, "b": 0.03361702449323794}