{"w": -0.2552239445273128, "b": -0.01430291098715422}