{"w": -0.04357747125767737, "b": -1.1239722919789986e-16}