{"w1": -0.5505356345721826, "w2": -0.39045076751548097, "b": 6.321548605927256e-17}