{"w": 0.9888730986444373, "b": -0.0005176668829085761}