{"w": -0.1742165148788762, "b": 0.010354671432639177}