{"w": 0.3008791561290198, "b": -2.710194867452616e-17}