{"w": 0.7021621899279533, "b": 0.0003032139524390084}