{"w": 0.10674380784020786, "b": -0.07377371589407242}