{"w": 0.10125915010798751, "b": -0.06996300429521986}