{"w": 0.02096755581507889, "b": -0.008258026322589828}