{"w": 0.2696317553961544, "b": 6.224655734900328e-18}