{"w": 0.03578459798512259, "b": -1.0638598097666568e-17}