{"w": 0.5363028106131374, "b": -0.1250906107384086}