{"w": -0.07381551623136831, "b": 0.029041532532962655}