{"w": -0.02729737250605658, "b": 0.2234154478400851}