{"w": -0.2618507395713646, "b": -0.061183659173204785}