{"w": -0.294734018506816, "b": -0.06968103859110014}