{"w": -0.34066482498436557, "b": -0.07322152162014861}