{"w": -0.30810781957535927, "b": 0.004896526411511649}