{"w": 0.0968307212750591, "b": -0.015770082458439146}