{"w1": -1.878260911233474, "w2": -2.308832899440991, "b": 0.015449204318815492}