{"w1": -0.9500830105862269, "w2": -1.2621929451290153, "b": 0.005979101166548706}