{"w": 0.384810317845881, "b": 0.03907481529240398}