{"w1": -0.9543682409103945, "w2": 0.3115218673357189, "b": -0.1677724219787597}