{"w1": -2.145679703485521, "w2": 0.8685183218688569, "b": -0.22562363732182572}