{"w": -0.24893870434114446, "b": -0.05156529491933208}