{"w": 0.7559264496563632, "b": 0.07173822429012065}