{"w": 0.15404602086810615, "b": -0.0928824148850822}