{"w": 0.36760444012109955, "b": 0.01897740309236644}