{"w": 0.40777594102458836, "b": -0.0018942623482874179}