{"w1": 0.6935891410093147, "w2": -0.27715993757318785, "b": -8.638819842076832e-18}