{"w1": -0.17783249289546949, "w2": 0.540007932261975, "b": 2.5343797756400563e-17}