{"w": 0.5580459199748746, "b": -0.016160665408624673}