{"w": 0.9808275977716229, "b": -3.938098891060608e-17}