{"w": 0.9845072809063565, "b": -0.010352117007614079}