{"w1": -0.9743476955247916, "w2": -0.6555133830324464, "b": -0.05732648308880411}