{"w": -0.9699482433072488, "b": 0.0011430035839637626}