{"w": 0.059248874336717626, "b": -3.105179846395303e-17}