{"w": 0.8663616806034741, "b": 0.005904684208123202}