{"w": 0.16334690678201563, "b": 0.05610843728149299}