{"w1": 1.9587726754114783, "w2": 0.9497939981326531, "b": 0.7300995316530706}