{"cc": -0.10926778937440332, "alpha": 4.35952981493409e-17, "beta": -0.10926778937440329, "mx": -1.7763568394002506e-16, "my": 6.300515664747763e-17, "sx": 1.0, "sy": 0.9999999999999998}