{"w1": 0.15897381205411557, "w2": 0.7534591325260943, "b": 7.114190836286645e-17}