{"w": -0.06242929422809995, "b": 1.4367807994346056e-16}