{"w": -0.0574844597652163, "b": 0.0047351506288287526}