{"w1": -0.5641275005949951, "w2": -0.3940538511816121, "b": 4.5327396512425145e-17}