{"w": -0.25955443531112404, "b": -0.2580347079904104}