{"w": -0.24952772902685771, "b": -0.24470268174948306}