{"w1": 0.8345535010841711, "w2": -0.6036228816944128, "b": 0.16069933050862784}