{"w1": -1.2187463778062817, "w2": -0.964178465632866, "b": -0.07973187876276347}