{"w": 0.69687202999236, "b": -0.06139827296144898}