{"w": 0.8977052463143737, "b": 0.021278379578310015}