{"w": 0.018691920957699625, "b": -8.711100303103137e-17}