{"w": -0.49814479458093364, "b": -5.782712163138149e-17}