{"w": -0.5234773776933824, "b": 0.057947905366415184}