{"w1": 0.10993278880012396, "w2": -0.672755854440199, "b": -1.2000457491123685e-17}