{"w": 0.05926933331146888, "b": 4.490205984872147e-17}