{"w": 0.05358431199206245, "b": -0.012013788477649445}