{"w": 0.2361903499158233, "b": -0.0023171023854178904}