{"w": 0.22639518507650805, "b": -0.021776773143149353}