{"w": 0.22639187780876732, "b": -0.021774702813261524}