{"w": -0.6777873689427666, "b": -8.193572580830485e-16}