{"w": -0.6726541676418961, "b": 0.0035781196615113538}