{"w": -0.5932035951617859, "b": 0.03325849117861844}