{"cc": 0.3171978821775016, "alpha": 4.696317163972463e-17, "beta": 0.31719788217750156, "mx": -7.105427357601002e-17, "my": 2.4424906541753444e-17, "sx": 1.0, "sy": 0.9999999999999999}