{"w": 0.08856514695932151, "b": -0.03179105691251743}