{"w": -1.0000000000000004, "b": 3.5388358909926875e-17}