{"w": -0.7024708505761021, "b": 2.7832203993636657e-17}