{"w": -0.7650672630036758, "b": 2.942192449807322e-17}