{"w": -0.8258463588533334, "b": -1.4802317105322427e-05}