{"w": 0.0797093670044022, "b": 8.934881301717204e-17}