{"w": 0.15631332083820831, "b": 0.00609871044534685}