{"w": -0.635812187237456, "b": 8.593689655779286e-18}