{"w": 0.12331632382694033, "b": -2.354363861589764e-17}