{"w": 0.12631065129405256, "b": -0.006129169355707893}