{"cc": 0.42280716466253726, "alpha": 9.894625770391902e-18, "beta": 0.42280716466253737, "mx": -4.4408920985006264e-17, "my": -8.881784197001253e-18, "sx": 0.9999999999999998, "sy": 1.0}