{"w": 0.5424960400648835, "b": -0.025824747298987427}