{"w": 0.4223847798826546, "b": 9.87586811807682e-18}