{"w": -0.36464280473580585, "b": -4.353620091675586e-17}