{"w": -0.06107816446092488, "b": 0.014915106534569244}