{"w": -0.24754530542120626, "b": 0.031125381422667093}