{"w": -0.3478187935335138, "b": 0.09712693004585252}