{"w": 0.44166636893471245, "b": 0.021126153479377824}