{"w": 0.31239790833610337, "b": -0.04369742496064787}