{"w1": -0.0902357276888155, "w2": -1.3229157093944872, "b": -0.09551718818674099}