{"w1": -0.6145596651927886, "w2": 1.797621286680078, "b": 0.18818328494128492}