{"w1": -0.0910182947396089, "w2": 0.5286999909972204, "b": -0.0156842996533835}