{"w1": -1.9425207789449153, "w2": 0.19187833705470556, "b": -0.5187617975969022}