{"w": 0.9090909090909092, "b": -1.6754274735252365e-17}