{"w": -0.4694621022516484, "b": -0.09356188678937806}