{"w": -0.5061637447273563, "b": -0.10655745486471076}