{"w": -0.5525276917950884, "b": -0.010043022333002813}