{"w": -0.5183426307683354, "b": -0.006603837026125054}