{"w1": 0.5159087526904146, "w2": -0.6315884125811856, "b": 2.5274361712707793e-17}