{"w1": 1.7761172915232106, "w2": -1.6388072253853687, "b": -0.645100470765912}