{"w": 0.1546634027467627, "b": -0.22630676564036992}