{"w": -0.06613607572811481, "b": -1.2662528369425319e-17}