{"w": -0.0019946095331399016, "b": -0.5840257092494711}