{"w": 0.5591592437864329, "b": 1.5250597874294425e-17}