{"w": -0.694460649650579, "b": 1.632998910104906e-16}