{"w1": -0.3099473342060508, "w2": -0.7132586965378189, "b": 0.028864570466601687}