{"w": 0.03830125360705775, "b": -0.014774049524844433}