{"w": 0.5696011991851754, "b": -0.029001240080924577}