{"w1": -0.7279071667720233, "w2": -1.7398672752851583, "b": -0.00470348030566925}