{"w1": -0.6128891670104898, "w2": -1.5412265314738771, "b": 0.007105257164182598}