{"w": 0.006661487893530826, "b": -0.08681241514316729}