{"w": -0.05870477793275538, "b": -0.11050203646457404}