{"w": -0.12949472203404613, "b": 0.002507989894887361}