{"cc": -0.2736295058759707, "alpha": -2.1318092115155862e-16, "beta": -0.2736295058759706, "mx": 6.38378239159465e-17, "my": -2.306488333658763e-16, "sx": 1.0, "sy": 0.9999999999999999}