{"w": -0.2733561497262443, "b": -2.1319837161331119e-16}