{"w": -0.26519395653706684, "b": -0.017570386715244145}