{"w1": -0.4320519094902602, "w2": -0.40198261919813666, "b": 1.3256218658814104e-16}