{"w1": -0.4054073787935943, "w2": -0.382850815065932, "b": 1.239033931678058e-16}