{"w": -0.13252205830486272, "b": -5.13915381000361e-17}