{"w": -0.35065567801030306, "b": -0.043144716412886336}