{"w": -0.3143588563711167, "b": 0.00163117869377507}