{"w": 0.8275143264870534, "b": -0.0036540264783392782}