{"w": -0.22215132854418432, "b": 3.7438400474700645e-17}