{"w": -0.7318237464137255, "b": -0.001480655868386055}