{"w": -0.22129731129987998, "b": 0.21364283362391956}