{"w": -0.09396634925479294, "b": 0.007211390234353385}