{"w1": -0.4412106030790737, "w2": -0.4464614989264326, "b": -2.0794898438226387e-17}