{"cc": 0.288373617124337, "alpha": -7.282548181621776e-17, "beta": 0.288373617124337, "mx": 9.992007221626408e-18, "my": -6.994405055138486e-17, "sx": 1.0, "sy": 1.0}