{"w1": 2.0308115624642973, "w2": -1.4666483359920612, "b": 0.27707375241416704}