{"w1": -0.4553687301092348, "w2": -0.36716636620478593, "b": 1.7751523023771984e-17}