{"w1": -0.45881925850548255, "w2": -0.36952645898111747, "b": 1.783308099918473e-17}