{"w1": -1.2228924465499256, "w2": -1.1941076877011885, "b": -0.0040192811191373246}