{"w": -0.9496745927192224, "b": 0.02193550486672291}