{"w": -0.9451514274137549, "b": 0.0003502420150888904}