{"w1": 0.5117626532217275, "w2": -0.5330395605002486, "b": 0.03249370845728859}