{"w": -0.05589134816965768, "b": -1.187874750632197e-17}