{"w": 0.015805341560334463, "b": 0.19918135233706172}