{"w1": -0.17336347272214528, "w2": -1.4057902425227629, "b": -0.0629563318641761}