{"w": -0.32331315242309167, "b": 0.06144153006298936}