{"w": -0.5092352399708423, "b": 1.3199638182859066e-17}