{"w": 0.3615722695186215, "b": 0.041715390219553894}