{"w": 0.33061458197817184, "b": -7.341118423779755e-18}