{"w1": -0.5946848700732228, "w2": 1.5412107118521443, "b": -0.005574921026117482}