{"w1": -0.2622661474852867, "w2": 0.5318142193064016, "b": 0.0025480707707803696}