{"w": 0.23173450566670095, "b": -0.008783253412328827}