{"w": 0.21363306843940802, "b": 0.004890350513151079}