{"cc": -0.5187860473715616, "alpha": 4.7368956565185174e-18, "beta": -0.5187860473715615, "mx": 3.053113317719181e-17, "my": -1.1102230246251566e-17, "sx": 1.0, "sy": 0.9999999999999998}