{"w": -0.5002744784940002, "b": -0.009951744791382255}