{"w": -0.07387707858828241, "b": 2.7945600187291306e-16}