{"w": 0.06879691649818581, "b": -0.19435557301024622}