{"w": -0.06852943136362272, "b": 0.037759735563986464}