{"w": -0.12343426294722348, "b": 1.275959727429159e-16}