{"cc": -0.7554656500420915, "alpha": 1.021710962588887e-16, "beta": -0.7554656500420918, "mx": 2.0872192862952942e-16, "my": -5.551115123125783e-17, "sx": 0.9999999999999998, "sy": 1.0}