{"w": -0.7623197763138616, "b": 0.048790452530179}