{"w1": 0.5297736829701752, "w2": 0.10702720905033919, "b": 1.780550621846704e-17}