{"w": -0.029143607641789106, "b": 0.2338972960169077}