{"w": -0.7674555291929936, "b": -0.0015235525675770685}