{"w": -0.807703777745555, "b": 0.0007946768842201911}