{"cc": 0.2538828532749799, "alpha": -3.9559485699835274e-17, "beta": 0.2538828532749799, "mx": 3.7747582837255325e-17, "my": -2.997602166487923e-17, "sx": 0.9999999999999998, "sy": 0.9999999999999999}