{"w": 0.25362922405092897, "b": -3.954991180969046e-17}