{"w": 0.3713017561932396, "b": -0.009275221547236744}