{"w": 0.5743082780266232, "b": 2.8821039008283565e-17}