{"w": 0.26352361357525916, "b": 0.04267553769660191}