{"w1": 1.143514433645946, "w2": -1.997464777859585, "b": -0.35316654816837123}