{"w": 0.08990928414288968, "b": -3.1111734181371605e-17}