{"w": 0.1479517217242428, "b": 0.1396820274996329}