{"w1": 0.7268188148853972, "w2": 1.5027849323836946, "b": -0.20143054810428723}