{"w": 0.45419837949364766, "b": 0.010887707188218793}