{"w1": 0.10755462038458043, "w2": 0.5173121048452985, "b": 2.569922479614336e-18}