{"w": 0.8033177597842076, "b": 0.007241871691941702}