{"w": 0.3255764710476998, "b": -0.03598172953164951}