{"w": 0.7889320853358861, "b": 5.045586644802292e-17}