{"w": 0.781120876570184, "b": 5.0022257256931103e-17}