{"w1": -1.136369564670489, "w2": -1.034751157635235, "b": -0.04056117134422408}