{"w1": -0.36250217919845196, "w2": -0.35199232445359413, "b": -2.7875825329279203e-17}