{"w": 0.6367198523353332, "b": -0.004856955555758165}