{"w": 0.6640098278727635, "b": 4.699796653399744e-17}