{"w": -0.7126446988662108, "b": 8.46069027596861e-17}