{"w": -0.7077005367108837, "b": -0.03379564124905915}