{"w": -0.6774068106296431, "b": -0.032370456929849876}