{"cc": -0.4153863227670687, "alpha": 5.749886943012843e-16, "beta": -0.4153863227670686, "mx": 1.2034817586936697e-15, "my": 7.507883204027621e-17, "sx": 1.0000000000000002, "sy": 1.0}