{"w": -0.5464634326380433, "b": -0.0399250306990802}