{"w": 0.7902627227322149, "b": -2.1489250863520672e-17}