{"cc": 0.6234979467646503, "alpha": -1.0050259737181827e-16, "beta": 0.6234979467646503, "mx": 1.6653345369377348e-16, "my": 3.3306690738754695e-18, "sx": 1.0, "sy": 1.0}