{"w": 0.5668163152405911, "b": -9.10632095131188e-17}