{"w": 0.6278163486912882, "b": 0.006371373172611456}