{"w": -0.27748276667331484, "b": 0.05784205305805966}