{"w": -0.1392821525554435, "b": -2.407939046048869e-17}