{"w": -0.17840274832258438, "b": -0.13031305069008697}