{"w": -0.433298002776137, "b": 0.015760486142297775}