{"w": -0.8909947649614464, "b": 0.027147524122809248}