{"w": -0.902466469262301, "b": 0.06963823640667653}