{"w1": -0.07584397343764915, "w2": -2.291935078702676, "b": -0.10460176526214574}