{"w1": 1.6269976426322446, "w2": -0.4933210087830084, "b": 0.16201894607432055}