{"w1": 0.8203454650277398, "w2": -0.265421398388275, "b": 0.11899478598600549}