{"w": -0.2935585777277254, "b": 0.011973255698971447}