{"w1": 0.4735946838505565, "w2": 0.27448370620366946, "b": -1.1400831636943992e-17}