{"w1": 1.6304989806836585, "w2": 0.7944979978039387, "b": -0.07143146645142263}