{"w": -0.372565746335653, "b": 0.05322211399611382}