{"w": -0.5347596020068683, "b": -0.005453448338622017}