{"w": 0.6257946769936873, "b": 0.011357570683010021}