{"w": 0.8512327870756328, "b": -0.007132461289189073}