{"w": -0.23210787656928117, "b": -0.03681874985318915}