{"w": 0.48159540374960874, "b": 7.728657079867142e-17}