{"w": 0.32678058886988476, "b": 0.06540664859134482}