{"w": 0.5462548588589826, "b": -0.013493493613064097}