{"w": 0.3454512106380779, "b": -0.18365350965729865}