{"w": -0.2499862088613564, "b": 1.554397977417304e-17}