{"w": 0.20417106903644394, "b": -0.0017551319056517266}