{"w": 0.30381746649953817, "b": 4.068852955110446e-18}