{"w": -0.6159229368600749, "b": 1.074867579482152e-17}