{"w": -0.6242996384927055, "b": 0.0034493502887938607}