{"w": 0.8869317895343725, "b": 3.181167609698374e-17}