{"w1": 1.2819323942932082, "w2": 2.175398285780809, "b": -0.3318803437981479}