{"w": 0.18152959121210674, "b": -0.006057011450374041}