{"w": 0.47901620864221833, "b": -1.6689311134236118e-15}