{"w": 0.45428985018157164, "b": -0.005210836598281512}