{"w": 0.1727943305901515, "b": 0.15505683142666737}