{"w": 0.18335879129780608, "b": 0.16041314472475843}