{"w": 0.1803920614220812, "b": 0.17975450767429801}