{"w": -0.031916321329575476, "b": -0.03193543114037748}