{"w": -0.05719057829883485, "b": 0.07096213277625689}