{"w": -0.052798499946512326, "b": 0.06799388082334201}