{"w": 0.18391673775418205, "b": -3.183951545971554e-16}