{"w1": 0.1411358960620142, "w2": 35.77119140912065, "b": 0.7543765409099261}