{"w": 0.4028750314805084, "b": 4.611824737533668e-17}