{"w": 0.11435315896367275, "b": 0.025433691078806386}