{"w": -1.0000000000000007, "b": 1.0103029524088932e-16}