{"w": -0.7241751891838616, "b": 0.0006518483958660032}