{"w": -0.7259116672204873, "b": 0.07051471987236557}