{"w": -0.41534226581048, "b": -0.00799477870409749}