{"w1": -0.6640709591432387, "w2": -0.3476576315382866, "b": -1.526786351346909e-17}