{"w1": 0.30658880595599947, "w2": -0.7127590133093402, "b": 0.011003253332225717}