{"w1": -0.6831498585219332, "w2": -0.22709593509446782, "b": 0.006555825475761595}