{"w": -0.01270208571983269, "b": -0.1654193193684461}