{"w": -0.009693680920146884, "b": 0.0461335338015377}