{"cc": -0.5546427288663067, "alpha": -6.01217380256528e-17, "beta": -0.5546427288663067, "mx": -8.43769498715119e-17, "my": -1.3322676295501878e-17, "sx": 1.0, "sy": 1.0}