{"w": 0.9999999999999996, "b": 1.1046719095020316e-16}