{"w": 0.441004226625203, "b": -0.00582329228460331}