{"w": -0.12278725047194124, "b": 6.2916807775183125e-18}