{"w": -0.11197954280175201, "b": -0.04761468595123389}