{"w": 0.2934203534458546, "b": -1.47132649355209e-17}