{"w1": -0.5510986166910568, "w2": 0.6145602054615036, "b": 1.3073085408615316e-16}