{"w": -0.6312096334768312, "b": 0.10088987941686155}