{"w": -0.21103119580332427, "b": -1.3557766982500127e-16}