{"w": 0.530672283016067, "b": 1.4698513303740638e-16}