{"cc": -0.054751305479093806, "alpha": 5.237241414184342e-18, "beta": -0.0547513054790938, "mx": -1.273980920757367e-16, "my": 1.2212453270876722e-17, "sx": 1.0, "sy": 0.9999999999999999}