{"w": -0.03260367856355355, "b": 0.07664961047677994}