{"w": -0.15372268836375172, "b": -0.011723263963097846}