{"w": -0.9999999999999999, "b": 1.8651746813702627e-16}