{"w": 0.0909150140862628, "b": -0.007779457563876557}