{"w": -0.01677260283702586, "b": 0.04754172209518112}