{"w": 0.044127877319463285, "b": -1.730599277307237e-17}