{"w": 0.09750214566807366, "b": -0.001336978732228743}