{"w": 0.27239706079637854, "b": 0.05184156979526885}