{"w1": 0.6719399033535903, "w2": -0.4367943238764774, "b": 1.1417629024865299e-17}