{"w1": 0.28754579872126534, "w2": -0.23102687918006018, "b": -0.00040559315231273604}