{"w1": 0.1286026703003231, "w2": -0.10348063450854753, "b": -5.135089761920394e-17}