{"w": -0.03916683260711049, "b": 1.9429455623644581e-19}