{"cc": 0.017435696847135435, "alpha": 1.1653919340818676e-17, "beta": 0.017435696847135435, "mx": -3.164135620181696e-17, "my": 1.1102230246251566e-17, "sx": 1.0, "sy": 1.0}