{"w1": -0.0036382856687560495, "w2": -0.7921030444715006, "b": 9.356091123604952e-17}