{"w": -0.027994237852863604, "b": -0.08191097574790852}