{"w": -0.0012622591190917395, "b": 0.02843786457818002}