{"w1": -3.1513252835459955, "w2": 0.915624191061108, "b": 0.31865455850646707}