{"w": 0.11613177385527425, "b": -0.06317828790706337}