{"cc": -0.7187662152718861, "alpha": 8.676317765113804e-19, "beta": -0.7187662152718861, "mx": 1.6653345369377347e-17, "my": -1.1102230246251566e-17, "sx": 1.0, "sy": 1.0}