{"w": 0.9229094954675778, "b": 8.00511486906191e-18}