{"w": 0.9121561956229964, "b": 0.0022079616042994347}