{"w": 0.22207961416242036, "b": -0.04004892954404998}