{"w": 0.7933942772185824, "b": -4.333903400077532e-16}