{"w": -0.2636730911909109, "b": -2.8572140817734057e-17}