{"w": 0.22932853256298374, "b": 0.01980596112317944}