{"w": -0.4884839107110956, "b": 1.511214145880973e-17}