{"w1": -0.40551916992092557, "w2": -0.7837240618782323, "b": 5.377934457479986e-17}