{"w1": 0.5000754594708423, "w2": -4.291943036828367, "b": 0.06551970695955517}