{"w1": 0.26450857551976575, "w2": -3.3542669827210254, "b": -0.08792909868358692}