{"w": 0.30669159594206885, "b": -0.07292510532315097}