{"w": 0.2802999415870023, "b": -3.4383160908184685e-17}