{"w": 0.2978959914982122, "b": 0.011833633439170233}