{"w1": -0.18284404270036048, "w2": 1.0932239588872108, "b": -0.09114782036020107}