{"w1": -0.1208299208676999, "w2": 0.49462324598056023, "b": 0.011241187715731436}