{"w": 0.7980864958719588, "b": -3.122957535927518e-16}