{"w": 0.8296207151343699, "b": 0.0013503014704148544}