{"w": 0.18335038379342317, "b": 1.0725078117687676e-16}