{"w": 0.19806844280236563, "b": 0.013824031281784242}