{"w1": -0.31796776798189347, "w2": 0.016525530953837065, "b": 1.7416667193519176e-17}