{"w1": -0.3571070717854648, "w2": 0.03784004625848256, "b": 1.8875544661497726e-17}