{"w1": -0.00025025841289559586, "w2": -0.8730407220096575, "b": 0.09407136804962828}