{"w": 0.7071261327447501, "b": 3.5860008733368116e-17}