{"w": 0.8239939018505772, "b": 0.02264132702118435}