{"w": -0.2534618874125063, "b": -0.1106447795714117}