{"w1": -0.7076076676649036, "w2": -0.4042246301887752, "b": -1.663437982520722e-17}