{"w1": -1.1490765002963252, "w2": -0.6538013269347976, "b": -0.05279074188002149}