{"w1": -1.9195921339974353, "w2": -0.6017242052636885, "b": -0.1586702676655959}