{"w1": -11.195544660768082, "w2": 16.197041782933677, "b": 0.0019332469486826789}