{"w": 0.03229943446633664, "b": -0.025225032063586287}