{"w": 0.004672171738851459, "b": -3.252980690613236e-17}