{"cc": -0.08320050025162276, "alpha": 9.19871560347198e-18, "beta": -0.08320050025162279, "mx": -2.964295475749168e-16, "my": 3.3861802251067274e-17, "sx": 0.9999999999999999, "sy": 1.0000000000000002}