{"w": 0.9673454074680747, "b": 6.284425402013847e-17}