{"w": 0.37717612324121863, "b": 0.0022884626466624387}