{"w": 0.1714597238278069, "b": 0.07153626364741245}