{"cc": 0.5289147511993344, "alpha": -4.1601261600910563e-17, "beta": 0.5289147511993344, "mx": -1.1102230246251566e-18, "my": -4.218847493575595e-17, "sx": 1.0, "sy": 1.0}