{"w": 0.6529801733347262, "b": -0.06088309404970124}