{"w": -0.5799885787837094, "b": 0.00608233703442046}