{"w": -0.5729660737073345, "b": 0.006147174930575191}