{"w1": -8.975325691538869, "w2": 4.489890068986768, "b": -1.142919522847853}