{"w1": -1.0892902263423871, "w2": 0.33490261811764843, "b": -0.018148900320390723}