{"w1": -1.2473629132154924, "w2": 0.6897105826394292, "b": -0.12948205301622168}