{"w1": -1.7657247379937375, "w2": 0.8515620249803325, "b": -0.229227060561733}