{"w": 0.02522292007043556, "b": -0.24211077784887053}