{"w": 0.6562475623381858, "b": -0.016423425338095377}