{"cc": 0.09780579248503392, "alpha": -4.0272212981392656e-17, "beta": 0.09780579248503392, "mx": 2.581268532253489e-17, "my": -3.7747582837255325e-17, "sx": 1.0, "sy": 1.0}