{"w": 0.05261999056417411, "b": -0.09464568222804763}