{"cc": -0.28142115739923634, "alpha": 7.085720780477087e-17, "beta": -0.2814211573992364, "mx": 2.6756374893466274e-16, "my": -4.440892098500626e-18, "sx": 0.9999999999999999, "sy": 1.0}