{"w": -0.13998770860893162, "b": 0.09747189472620721}