{"w": -0.28858791104667203, "b": -0.005656897567117163}