{"w1": 0.7156330659821242, "w2": 0.17209704263319575, "b": 1.7176791652488224e-17}