{"w": 0.9999999999999868, "b": 1.0373646386341326e-16}