{"w": -0.9999999999999988, "b": 1.0921819004749962e-16}