{"w": 0.3264629562148017, "b": -0.14819906757120913}