{"w": 1.0000000000000007, "b": -5.69683189510783e-17}