{"w": 0.07555643799766688, "b": -1.8908104176545172e-16}