{"w": 0.08022219624248965, "b": 0.0052362889177945335}