{"w1": 0.4535267658474067, "w2": -0.39541623358976496, "b": -4.5912615211004663e-17}