{"w1": -0.9238840550788582, "w2": 0.3559058388262346, "b": -2.8503233856925626e-17}