{"w": -0.4456428608416704, "b": -0.029202723143927634}