{"w": -0.44707847239281306, "b": -2.9395891651389834e-18}