{"w": 0.9822303573105547, "b": 0.005532167369037055}