{"w": -0.32891745904552583, "b": 2.230741520397479e-17}