{"w1": 2.530222940722311, "w2": 1.7399114511771394, "b": -0.4562241882632698}