{"w1": -0.06572746178114766, "w2": -0.06624831317505389, "b": 5.778788670155885e-18}