{"w": 0.6284145294909133, "b": 1.6268882619715677e-17}