{"w": 0.9304860760063504, "b": 0.009111676875587628}