{"w": 0.5987702501565472, "b": 0.04644733486089333}