{"w": 0.711493310512326, "b": 0.07068861503573144}