{"w": 0.3183280574081707, "b": -0.2060380138425032}