{"w": 0.8818181104689957, "b": -0.0008543547154815749}