{"w": -0.5810135721638644, "b": 2.009654355859696e-18}