{"w": 0.5003686763682414, "b": -0.023887383687697238}