{"w": 0.4647497576689774, "b": 1.9605781322723788e-17}