{"w": 0.10980791777746804, "b": 1.1037839914169365e-16}