{"w1": 1.208498299857649, "w2": 1.04587259318541, "b": 0.07315385765210997}