{"w": 0.15175255143966057, "b": -0.01888422523667072}