{"w": 0.8231069966260235, "b": -0.10135919019923055}