{"w": 0.8096306529862561, "b": -0.10165717432735209}