{"w": 0.7734029954035548, "b": 0.05082641501436026}