{"w": 0.27423773099776494, "b": 0.031426617904024214}