{"w": 0.32806406917257364, "b": 0.12273430364570048}