{"w1": -1.3379656841401686, "w2": -1.0586797535998085, "b": 0.08277524693897803}