{"w": 0.3502655954180975, "b": 1.1603894698371734e-17}