{"w": -0.9052544576216955, "b": -0.007608870182872865}