{"w1": -0.25769971016801285, "w2": -0.8704018264597775, "b": -6.083896919554226e-17}