{"w1": 0.39224593084134146, "w2": 0.6326447190853918, "b": 0.008457734541060686}