{"w": -0.3744405243823621, "b": -0.09939441619695777}