{"w": 0.40937519765434355, "b": -8.821415951701502e-17}