{"w": 1.0000000000000004, "b": -2.05391259555654e-17}