{"w": -0.9999999999999993, "b": 3.663735981263017e-17}