{"w": 0.3495314194127624, "b": -0.007896692100624783}