{"w": -0.7447427827449031, "b": 4.639895322299801e-16}