{"cc": -0.4460969197576481, "alpha": -9.819489323854307e-17, "beta": -0.4460969197576482, "mx": -1.1102230246251566e-18, "my": -9.769962616701378e-17, "sx": 0.9999999999999998, "sy": 1.0}