{"w1": 0.6263661872541003, "w2": 0.36459813038123323, "b": -1.3798939743412737e-17}