{"w1": 3.5862536250334256, "w2": 2.6336067885042436, "b": 1.2823762082455339}