{"w": 0.4969380401291037, "b": 0.08995262939943201}