{"w1": -0.1494257074785418, "w2": 1.6906414359822663, "b": -0.030345276578516635}