{"w": 0.3260141719592427, "b": -0.2103775577225341}