{"w": 0.2896640254109059, "b": 1.8349634542612542e-16}