{"w": 0.34508400022031344, "b": 0.15418550022771044}