{"w": 0.283164491006819, "b": -0.014736595052331084}