{"w1": 3.021892415513752, "w2": -2.177647944486856, "b": -0.8391993872565396}