{"w1": -0.3900881668469746, "w2": 0.4600422258735271, "b": 8.686752582465065e-18}