{"w": 0.928609868097803, "b": 1.411646091771296e-17}