{"w": 0.8780091193325648, "b": 0.013955332345767889}