{"w1": 0.01502489743092551, "w2": 1.1597521144546787, "b": 0.011564458938394634}