{"w1": 0.7897941579600983, "w2": -0.12277392539830467, "b": -1.2983975537266959e-17}