{"w": -0.4959966206237988, "b": 0.07252197165546884}