{"w": 0.9423768300632397, "b": -0.07109444770348117}