{"w": -0.11608293299519767, "b": 0.04359377665077544}