{"w": -0.9999999999999989, "b": -5.10702591327572e-17}