{"w": -0.25928676954843694, "b": 0.2385979539443321}