{"w1": 1.086984660630425, "w2": 1.0992985024932578, "b": -0.05386011735461589}