{"w": -0.5156988680624203, "b": 7.313528566699272e-17}