{"w": -0.5633544232369455, "b": 0.00018178999722773606}