{"w": -0.0699855044224346, "b": 0.03072421178460903}