{"w": -0.19146573358612684, "b": 0.02709218969945315}