{"w": -0.22100420110022811, "b": -0.01807545728958418}