{"cc": 0.17268497476212924, "alpha": 2.4496355420837504e-17, "beta": 0.17268497476212924, "mx": 1.8873791418627663e-17, "my": 2.7755575615628914e-17, "sx": 1.0, "sy": 1.0}