{"w": 0.9999999999999993, "b": 8.881784197001263e-18}