{"w": 0.1859074610141107, "b": -0.024280229778399415}