{"w": 0.2328198703151836, "b": 0.038458713463870704}