{"w": 0.24726646833600843, "b": 6.702254860560553e-16}