{"cc": 0.1224239649512509, "alpha": 3.608796824716431e-17, "beta": 0.12242396495125088, "mx": 2.220446049250313e-18, "my": 3.635980405647388e-17, "sx": 1.0, "sy": 0.9999999999999999}