{"w": -0.27267909617119496, "b": 1.1084579628056016e-18}