{"w": -0.30521775550807717, "b": -0.005662891796840909}