{"cc": 0.37397510505446696, "alpha": 8.303915445361618e-19, "beta": 0.3739751050544669, "mx": -2.220446049250313e-18, "my": 0.0, "sx": 1.0, "sy": 0.9999999999999999}