{"w": 0.35938051409226834, "b": 0.006498340015052515}