{"w1": -0.37814326330175446, "w2": 0.6016616951168545, "b": 6.355315414736594e-17}