{"w": -0.6807472017934165, "b": -0.02448685184331618}