{"w": -0.7047992435794319, "b": -0.062096073324275275}