{"w": 0.1185250497246967, "b": 0.0020655101587883163}