{"w": 0.1280782883046461, "b": -1.6653345369377347e-18}