{"w": 0.47044946779977725, "b": 3.3425914961526863e-16}