{"w": 0.21668924412407126, "b": 0.18852607815826647}