{"w": 0.4795673548245521, "b": -0.02660372250142613}