{"w": 0.48104788502900475, "b": 0.012810406302215808}