{"w": 0.01223093992631554, "b": -1.901069956660368e-19}