{"w": -0.026024474219899184, "b": -0.35542846672934664}