{"w": 0.3091376784922727, "b": -0.22944356169777289}