{"w1": -0.5610716321976577, "w2": -0.3908547349021056, "b": -2.131866604533424e-16}