{"w1": -1.201198327782119, "w2": -1.1091166139857125, "b": -0.011990312582546979}