{"w": 0.5616694223596245, "b": -2.5421363830409113e-17}