{"w": 0.57579743747499, "b": -0.009112546977182216}