{"w1": -0.6361483313480043, "w2": -0.14587860950349854, "b": 3.384235781763744e-17}