{"w": -0.3935650913387481, "b": -0.0431797231659073}