{"w": -0.2189320897604884, "b": -0.004374017421919164}