{"cc": 0.8619752642509113, "alpha": 3.599590205618286e-18, "beta": 0.8619752642509112, "mx": 9.992007221626408e-18, "my": 1.2212453270876722e-17, "sx": 0.9999999999999999, "sy": 0.9999999999999998}