{"w": 0.8534408556939714, "b": 3.684866077551537e-18}