{"w1": 1.6808990175799703, "w2": 2.2186387010644038, "b": -0.1123584577799108}