{"w": 0.23861582539067294, "b": -0.030450689848446576}