{"w": 0.5537054049005795, "b": -0.0018086860981744745}