{"w": -0.27032629960907717, "b": -0.1555304858324581}