{"w": 0.6377059644169647, "b": -0.029180856183985804}