{"w": 0.6040287753579608, "b": -0.05114042671398475}