{"w": 0.7863180753318612, "b": 0.008525767432426848}