{"w": 0.00582287579364423, "b": -0.0031011838872959325}