{"w1": -5.61693921685481, "w2": 1.553176426106749, "b": -1.7672462361965657}