{"w": 0.3986325031837806, "b": 0.033809011389655745}