{"w": 0.3894078078723193, "b": 9.649586438644028e-18}