{"w": 0.3913244091969547, "b": 0.046304413384340035}