{"cc": -0.6640661745405341, "alpha": 1.0337226168376707e-16, "beta": -0.6640661745405341, "mx": 2.4424906541753444e-17, "my": 8.715250743307479e-17, "sx": 0.9999999999999998, "sy": 0.9999999999999999}