{"w": -0.6708651450865246, "b": -0.0302649609579453}