{"cc": 0.6173704179802479, "alpha": -3.827597742129462e-17, "beta": 0.6173704179802479, "mx": 8.049116928532384e-18, "my": -3.3306690738754695e-17, "sx": 0.9999999999999999, "sy": 0.9999999999999999}