{"w": 0.639559614254799, "b": -0.07619320800400275}