{"w": 0.25346008381036494, "b": -1.2918352203803393e-17}