{"w": -0.07759622418183282, "b": -0.1329867144984838}