{"w": 0.007039780929466256, "b": 1.6294211741274926e-17}