{"w1": 0.4627771962107588, "w2": -0.00040056306719649733, "b": -1.2328637992411715e-17}