{"w": -0.25693490811472935, "b": -0.17511790407980393}