{"w": -0.5260245290524216, "b": 0.03734756082275688}