{"cc": -0.10622964918887404, "alpha": -1.8241901471893364e-17, "beta": -0.10622964918887405, "mx": -1.9262369477246467e-16, "my": 2.220446049250313e-18, "sx": 0.9999999999999999, "sy": 1.0}