{"w": 0.5445021163071332, "b": 0.029097129124862585}