{"w": 0.8014908926646184, "b": 0.0168389401736998}