{"w": 0.7851006395700566, "b": 0.0004371441113349972}