{"w": 0.7407106400876625, "b": 0.08168488959802622}