{"w": 0.5682294552979518, "b": 7.916310524648831e-19}