{"w": 0.21219908176412872, "b": 0.12118046216887092}