{"w": 0.7305602798584209, "b": 0.0038098992495809794}