{"w": 0.30517947579399607, "b": 0.19928440994792795}