{"w": 0.4233118740569065, "b": -0.026342073743679417}