{"w": -0.08857490591703668, "b": 1.5699822008450656e-16}