{"w": -0.03763542265568809, "b": 0.13885720086032963}