{"w": -0.5647517808242255, "b": 0.026106258983696725}