{"w": -0.5827460730811277, "b": 0.08278969557654937}