{"w1": -2.050360548991872, "w2": 2.565611149923823, "b": 0.059027816616942654}