{"w1": -0.6278867884879018, "w2": 0.762076217490418, "b": 0.019203839125146144}