{"w1": 0.24043327667996617, "w2": -0.699942643232141, "b": -0.15996084824947615}