{"w": -0.2708763588065057, "b": 0.005400716201521054}