{"w": -0.27940880338476465, "b": -3.432699959855417e-17}