{"w": -0.614942042648504, "b": 5.2451626830363727e-17}