{"w": -0.06681617185975733, "b": 0.06342517274544648}