{"w": -0.17487037335795183, "b": -0.005341559998167988}