{"w1": -0.6139920344913097, "w2": -0.3922574360913475, "b": 9.08484380295342e-19}