{"w": 0.05719675705825202, "b": -0.008839024716060597}