{"w1": 1.4192011829842197, "w2": 1.665808996527188, "b": 0.012601446921919834}