{"w": 0.25313010990799756, "b": -0.09583272239023716}