{"w": 0.17424732723017056, "b": 0.00601231220949644}