{"w": 0.1654889072529723, "b": 0.005619907656524194}