{"w": 0.5846296566069509, "b": 0.062447610042907095}