{"w": 0.8273122909942833, "b": -0.02751571233749349}