{"w": 0.5317553971937409, "b": -1.4665805715532106e-16}