{"w": 0.3350521244975, "b": -4.641533704373646e-16}