{"w": 0.3089379596534614, "b": 0.05477560270330923}