{"w": 0.28957964419063326, "b": 2.2948125723906937e-17}