{"w": 0.4077150472666214, "b": 0.08452197166833253}