{"w": 0.2633209810975167, "b": -0.020628325735121723}