{"w": -0.29668746850292144, "b": -0.006324579466520331}