{"w": -0.16553325322325604, "b": -0.023530706958251213}