{"w1": -0.9313803248606297, "w2": 3.400046216726469, "b": 1.223227953944466}