{"w1": -1.1514498426590984, "w2": 0.45432954026087646, "b": 0.02307943611809565}