{"w": -0.366624983297149, "b": -0.0025337686674466913}