{"w": -0.3937151350394431, "b": 0.003921459399461114}