{"w": -0.2793954963419049, "b": 0.0020994486958982126}