{"cc": -0.21229181766456331, "alpha": 5.661512371920519e-17, "beta": -0.21229181766456337, "mx": -3.663735981263017e-17, "my": 6.439293542825907e-17, "sx": 0.9999999999999998, "sy": 1.0}