{"w": 0.1504319427457412, "b": 0.0026429352398159808}