{"w": 0.14704147584744726, "b": 1.143462140793088e-17}