{"w": 0.4753116527614889, "b": -0.04015081301572922}