{"w": 0.06054941698918035, "b": -5.7905934961943285e-18}