{"w": 0.09331458994497377, "b": -0.12257625790962867}