{"w": 0.563032060457672, "b": 7.751984972782634e-17}