{"w": -0.1933144433356745, "b": 0.01674183929814323}