{"w1": -0.302615253715841, "w2": -0.7223443145517666, "b": 4.202169002380158e-17}