{"w": -0.2724897087386084, "b": -0.04009082188575249}