{"w": -0.23080832194721115, "b": 0.0018561666775468166}