{"w": 0.49089799161712505, "b": -0.06907025038402168}