{"w": 0.5430775284381864, "b": -1.2661680700800552e-17}