{"w": 0.11470490269204958, "b": 0.0012659457854980888}