{"w": 0.029208802760298042, "b": 0.025868071239662834}