{"w": 0.03147841645738945, "b": 1.6365645884813175e-17}