{"w1": 0.7540198357272438, "w2": 0.295709857501935, "b": -0.039083673551450045}