{"cc": -0.3892988317860523, "alpha": 2.2550631404707846e-17, "beta": -0.38929883178605224, "mx": 9.214851104388799e-17, "my": -1.3322676295501878e-17, "sx": 1.0, "sy": 0.9999999999999999}