{"w": -0.35390802889641104, "b": 1.9289421613779682e-17}