{"w": 0.24792946798869814, "b": 0.005381913330484767}