{"cc": -0.45863094651161895, "alpha": -5.784262013033727e-17, "beta": -0.45863094651161895, "mx": 9.325873406851315e-17, "my": -1.0061396160665481e-16, "sx": 0.9999999999999999, "sy": 0.9999999999999999}