{"w": 0.3509481926552046, "b": 0.35625357773059274}