{"w": 0.9164012501674422, "b": -0.0015270787958534945}