{"w1": 25.33515154838083, "w2": 6.877590002374931, "b": -1.2629068345735655}