{"w": 0.7696069476725972, "b": 0.06783358829283896}