{"w": 0.6799407320532455, "b": 0.001062481624377172}