{"w": -0.20097895346940348, "b": -0.006959993289923946}