{"w": -0.4230443685716412, "b": -0.06964786521908084}