{"cc": -0.04801762203662886, "alpha": -1.844476602600905e-16, "beta": -0.04801762203662887, "mx": 1.9984014443252817e-17, "my": -1.8540724511240113e-16, "sx": 0.9999999999999999, "sy": 1.0}