{"w": -0.26996452493531503, "b": 0.06733350455548776}