{"w": 0.06087304265120984, "b": 0.05602298601481796}