{"w": 0.03614520259358372, "b": -0.0063316452491489015}