{"w": 0.3089027528979057, "b": -0.17788425345647316}