{"cc": 0.04808191628849724, "alpha": 1.852842735552543e-17, "beta": 0.04808191628849727, "mx": -1.590741427470732e-17, "my": 1.7763568394002505e-17, "sx": 0.9999999999999998, "sy": 1.0000000000000002}