{"w": 0.029555251566388163, "b": -0.06904240209229724}