{"w": -0.7986944813518393, "b": -0.0008976731900880164}