{"w1": -1.0647848739321024, "w2": -1.2279423727876508, "b": -0.25205865265375155}