{"cc": -0.5534032886294202, "alpha": 2.758692152072583e-16, "beta": -0.5534032886294201, "mx": 6.716849298982197e-17, "my": 2.3869795029440865e-16, "sx": 1.0, "sy": 0.9999999999999998}