{"w": -0.23720590613715115, "b": 6.4468910675134146e-18}