{"w": -0.20800974389343777, "b": 0.0896017508769849}