{"w1": -1.5647530753286658, "w2": -0.49369015496608676, "b": -0.03737973225120238}