{"w": -0.45045253592961604, "b": 0.21810323268950116}