{"w": -0.4402954881773442, "b": -0.01126187734787707}