{"w1": -0.6878890284974769, "w2": -1.6919982638623556, "b": 0.03023374102504579}