{"w1": 0.33083679810415395, "w2": 0.37106455090458945, "b": 0.0019477977020190135}