{"w1": 0.3140062186135654, "w2": 0.3527458563116164, "b": 0.002209308309439697}