{"w": 0.04777974792667634, "b": -9.670298884853351e-17}