{"w": 0.01757166752507396, "b": 0.24865863113779701}