{"cc": -0.9813299847723449, "alpha": -2.0949142302447062e-17, "beta": -0.9813299847723449, "mx": -7.771561172376097e-18, "my": -1.3322676295501878e-17, "sx": 0.9999999999999999, "sy": 0.9999999999999999}