{"w": -0.9612717096532475, "b": -0.009545422547817262}