{"w": 0.9999999999999999, "b": -3.1752378504279476e-16}