{"w": 0.5749835142712678, "b": -0.04380080698173968}