{"w": 0.2610813391804862, "b": -0.04030903175020259}