{"w": 0.37954544726369976, "b": -0.14444588823769255}