{"w": -0.32936201742014987, "b": -1.5319840691850072e-16}