{"w": -0.30703954685850965, "b": 0.0027684163703422934}