{"w": -0.25868362804793527, "b": 0.019347690758156823}