{"w": 0.6031972692024353, "b": -0.07028705741160168}