{"w": 0.5360938469317128, "b": 0.0020967867780292073}