{"w": -0.3659157588748329, "b": 0.009889596713517228}