{"w": -0.4158693837761802, "b": -0.04274681558561755}