{"w1": 0.33675783465869175, "w2": 0.590554381841436, "b": -0.012537009314244396}