{"w": -0.7665031116127874, "b": 0.025865747408349186}