{"w": -0.7358646017761625, "b": -0.008362798132446928}