{"w": -0.9618897125099641, "b": 0.0017145995166213976}