{"w": 0.8629201053333972, "b": 1.3627054806045987e-17}