{"w": 0.33490040077500716, "b": 0.010494390351061929}