{"w": -0.3676544035952794, "b": 0.008085820944195842}