{"w": 0.5398964239652205, "b": 0.00648037613811314}