{"w": 0.018083982043467558, "b": 0.007661916059893809}