{"w": 0.0017253134778335323, "b": -0.04294264420623605}