{"w": -0.002757967128661289, "b": -0.039355460311235546}