{"w": 0.4327556288203826, "b": 0.07225044370523409}