{"w": 0.42520835374148214, "b": 0.07916226730015344}