{"w": 0.6894925134541982, "b": 0.00689487991695842}