{"w1": 0.768808087242816, "w2": -0.35171650497758994, "b": 0.00947597034146108}