{"w": -0.1413543707877991, "b": 4.3978257868787735e-18}