{"w": 1.0000000000000009, "b": 5.5511151231261574e-18}