{"w": 0.6952797816717694, "b": -3.2774717496439803e-16}