{"w": -0.6990149064537148, "b": -2.4770003858042438e-17}