{"w": 1.0000000000000164, "b": 9.992007221627398e-18}