{"w1": -0.21870037848360893, "w2": 0.6517691204537113, "b": -0.034151158855541264}