{"w": -0.3662434873039455, "b": 0.0316688306059635}