{"w": 0.23875663099781308, "b": 0.058998151208800635}