{"w": 0.1957856353533587, "b": 0.009810100312652392}