{"w1": 2.393623195363985, "w2": 0.9416168804403995, "b": 0.6536717739538135}