{"w": 0.2922583162708877, "b": 0.19516134137655636}