{"w": -0.2802054906984596, "b": 0.06118314399745617}