{"w": 0.2147962725413785, "b": 1.2117580219073151e-16}