{"w": 0.9999999999999991, "b": 2.697841949839129e-16}