{"w1": 0.5571980548443743, "w2": 0.3828335525682296, "b": 1.0673225999861736e-17}