{"w1": 1.8325341256152037, "w2": 1.325783866613263, "b": 0.1422194380572499}