{"w": 0.13626221102510083, "b": 3.752066067115573e-17}