{"w": 0.2571276555228634, "b": -1.4166304025833357e-16}