{"w1": 1.4249147371074349, "w2": 0.4248313303971957, "b": 0.17207597966583166}