{"w": -0.23139460214633947, "b": -0.06480654026705916}