{"w": 0.38459086446008683, "b": -0.131886700447992}