{"w": 0.055173116608857195, "b": 2.5205816107154123e-17}