{"w": -0.05209905724909556, "b": -0.08620881692125566}