{"w": -0.0623608382947387, "b": -0.054566422113771114}