{"w1": 0.7866500144291706, "w2": 1.005366153473198, "b": 0.006179319037446772}