{"w": 0.19323761196362155, "b": 0.06773650773465986}