{"w1": 0.456868325827153, "w2": 0.37004411952520333, "b": -6.73105624447406e-18}