{"w1": -5.114892641786076, "w2": 0.4590829235875319, "b": 0.9782542983435828}