{"w": -0.16166537757829658, "b": 0.009124867902963343}