{"w": -0.17449847553903922, "b": 0.009562236949917535}