{"w": -0.16865628869130886, "b": 2.6061653179454936e-17}