{"w": 0.5962212551005377, "b": -0.01625662886105988}