{"w": 0.6008226109549288, "b": -0.0169329284355962}