{"w": 0.4055157306663665, "b": 0.019784951707840157}