{"w": 0.44524589155536964, "b": -0.032218070327050666}