{"w1": 1.0934817589643384, "w2": -2.9679554980814684, "b": 0.8607806173302128}