{"w1": -0.16701759837606459, "w2": 0.7478205348456499, "b": 0.020444784066947917}