{"w1": -1.7468760111174895, "w2": 3.8935880395913802, "b": -0.13004957052409472}