{"w1": -0.9838789441265965, "w2": 1.9000676385879556, "b": -0.0787889285196883}