{"w": 0.8305349765936505, "b": -1.1439987261227122e-17}