{"w": 0.8231341698715288, "b": -1.1255114975693866e-17}