{"w1": 0.8116099914530608, "w2": -0.22218478348785473, "b": -4.845187066116619e-17}