{"w1": 1.2118141681606516, "w2": -0.4568656716388383, "b": -0.005956128450028325}