{"cc": 0.16273118220528124, "alpha": 3.1164891467821905e-17, "beta": 0.16273118220528124, "mx": 1.9984014443252817e-17, "my": 3.441691376337985e-17, "sx": 1.0, "sy": 1.0}