{"w": 0.4852051885341199, "b": 0.000310345065733661}