{"w": -0.6028408567832456, "b": 0.004597246931297615}