{"w": -1.0000000000000009, "b": 1.4932499681208367e-16}