{"w": -0.05041595613784361, "b": 0.004075142931946052}