{"w1": -1.5514258905908462, "w2": 0.07073102509615939, "b": -0.010941545040939558}