{"w": 1.0000000000000022, "b": 2.6645352591003793e-17}