{"w": 0.14079490111941786, "b": 1.1382804052562852e-17}