{"w": 0.1253794042316122, "b": -0.06350946879138525}