{"w": 0.43588996817078957, "b": -8.728585110100566e-18}