{"w": 0.3588028401678875, "b": -1.7192038193804603e-16}