{"w": -0.2905347530770086, "b": 0.26222835679694406}