{"w": -0.0029686867024778935, "b": 0.054458947189884026}