{"w": 0.023648348114132012, "b": -0.028551000978530715}