{"w": -0.3957692174631455, "b": -0.00022245357276036264}