{"w1": -0.6756348110068876, "w2": -0.6011981013003141, "b": 0.00037732554051834663}