{"cc": 0.27982869185281756, "alpha": 8.724070690562036e-18, "beta": 0.2798286918528175, "mx": -1.3322676295501878e-17, "my": 4.996003610813204e-18, "sx": 1.0, "sy": 0.9999999999999999}