{"w": -0.33799778802512637, "b": 0.12248119324138684}