{"w": 0.29587789814597376, "b": -0.01580427100644584}