{"w": 0.2377684469080358, "b": 2.686262862091774e-17}