{"w": 0.6758933563528052, "b": 0.01491912119395037}