{"w": -0.6616540608500464, "b": 0.050759139983658996}