{"w": -0.5743158629041958, "b": 8.30423392236338e-18}