{"w": -0.33175901726894197, "b": -1.0498878296319789e-16}