{"w": -0.3821230993273149, "b": -0.010946796960087858}