{"w": -0.08896308790573772, "b": 0.019734632494568194}