{"w1": 0.8686582776082821, "w2": 0.1945013202587314, "b": 0.10416556913052798}