{"w": 0.3953332158707825, "b": 0.11974924362835074}