{"w1": -0.1274383331654697, "w2": 0.4736140211135985, "b": 8.816406932513068e-19}