{"w": -0.5861196396953512, "b": -4.2533801905483493e-17}