{"w": 0.7735333350190086, "b": 0.03596658031608417}