{"w1": -0.22380882609062797, "w2": 0.5839372545916086, "b": -0.005718303970728151}