{"w1": 0.692509654444993, "w2": 0.1767296888352128, "b": 2.9151936937006685e-17}