{"w": 0.27392572378763674, "b": 0.015148549586816294}