{"w": 0.9776769228213024, "b": 1.1964617328233977e-17}