{"w": 0.9735086138523311, "b": 0.014733238430017531}