{"w": -0.4137347618343733, "b": -6.822012478593234e-17}