{"w": 0.4005772784583669, "b": -0.07734403223204914}