{"w": -0.5321201271776651, "b": -0.011495905529849703}