{"w": -0.20335866107917114, "b": 0.003066353542908979}