{"w": 0.8728126834365214, "b": 4.986289973969533e-17}