{"w1": -0.7843377752384721, "w2": -1.5693544837153794, "b": 0.058513138159458605}