{"w1": -0.23121527324265215, "w2": -0.8029809015273297, "b": -0.05968890224797193}