{"w1": -0.3555612685400019, "w2": -0.9059811053137845, "b": 0.0017071155934007625}