{"w1": -0.48643106435889655, "w2": -0.5199251774666157, "b": 2.374586695606982e-16}