{"w": 0.009385621386110715, "b": 0.018221475003107678}