{"w": 0.9999999999999974, "b": -3.0114799542957284e-17}