{"w1": 2.7365351013620955, "w2": -1.5565122558709146, "b": -0.07729154831016609}