{"w1": 1.0906910182450287, "w2": -0.31098889720911127, "b": 0.038434988061149485}