{"w1": -0.7175041398046158, "w2": -0.08400208157665508, "b": -6.55651133464655e-17}