{"w1": 0.2577347510964906, "w2": 0.45484688972722026, "b": 0.008480925624394287}