{"w1": -1.179609921812954, "w2": 0.7504862702828553, "b": -0.008222625292670893}