{"w1": 1.5493032610934292, "w2": -1.3886179203691789, "b": -0.1095740976289403}