{"w": -0.9060061897086414, "b": -0.024998457050660863}