{"w": 0.32808619232817354, "b": 0.04160150813746409}