{"w": 0.17269778498092025, "b": -0.012176550948739817}