{"w": 0.2041614031821216, "b": 0.014526093898649034}