{"w": 0.20413853237885704, "b": 0.014546445341401603}