{"w": -0.4272586632812632, "b": -0.07258289724550214}