{"w": 0.5211076702091976, "b": 0.07034802007331853}