{"w1": -1.4292628808841326, "w2": 0.16018155644985377, "b": -0.19869427548076052}