{"w1": -2.75177230227031, "w2": 1.88118401057492, "b": 0.29254028565540796}