{"w1": -0.40687713729986064, "w2": -0.3708397484975454, "b": 2.099482219402323e-17}