{"w1": -0.45510890028639217, "w2": -0.41301210583750264, "b": 0.028526015336024182}