{"w": -0.32107703109129626, "b": -0.12259512732898449}