{"w": 0.6336698716172154, "b": 1.0381145729072363e-16}