{"w": 0.7536038776631543, "b": -0.02799013518851012}