{"w": -0.9999999999999993, "b": 3.6082248300317595e-17}