{"w1": -0.8684869379779949, "w2": -1.355519227653847, "b": -0.011563673072812503}