{"w": 0.9775366663524575, "b": -1.5792515447005576e-17}