{"w": 0.9834314907333691, "b": -0.004509476073873327}