{"w1": 0.5123274477939598, "w2": -0.7197029593429545, "b": -0.027262400982251724}