{"w": 0.7602241327235136, "b": 0.022580423484803516}