{"w": 0.6555328279858251, "b": -2.5115611048613154e-17}