{"w": 0.6123898255004203, "b": 0.0025046041606308083}