{"w1": -0.06706269660924198, "w2": 0.6034881631333585, "b": -3.396119527570088e-17}