{"w": 0.3162642002140132, "b": 7.82004667766039e-17}