{"w": 0.17267124833970618, "b": 4.131824320489022e-17}