{"w": 0.5352670157264724, "b": 0.07394404185717408}