{"w": -0.3846823595525368, "b": -0.05157541994426934}