{"w": 0.572856303695511, "b": 0.00767641489827896}