{"w": 0.5801354918805303, "b": -6.315490098407382e-17}