{"w1": 0.5780366189978801, "w2": 0.5317280558008267, "b": -4.3876486285566036e-17}