{"w": 0.31462524283650434, "b": 0.08374663628620521}