{"w1": -0.11691068539587252, "w2": 0.31285220945153525, "b": 9.37443290772036e-18}