{"w1": -0.12599602497018306, "w2": 0.31607873777257595, "b": -0.0024376472340575106}