{"w1": -0.12202734774258323, "w2": 0.301119283110401, "b": -0.0018323540067227626}