{"w": 0.27397722416483716, "b": 0.07826449050232687}