{"w": -0.37602860785896686, "b": -0.011288805883456635}