{"w": 0.31027591349424133, "b": -0.06422168019152963}