{"w": 0.3075723153160938, "b": -0.06385614522156466}