{"w": 0.18681809798898305, "b": -9.089345363467934e-17}