{"w1": -0.6421094033535141, "w2": 4.3735440439051825, "b": -1.139331260473934}