{"w": -0.4050415818839869, "b": -1.3386283391980485e-16}