{"w": 0.577526935532383, "b": -1.9911818579693233e-16}