{"w": 0.5631325092102437, "b": -0.00499497263463591}