{"w": 0.26928949562572024, "b": 0.013540062285370845}