{"w": 0.3440844156996686, "b": -0.004226223229416563}