{"w": -0.034486108724675585, "b": -0.00023989750640767665}