{"w": 0.40081875944458245, "b": 0.04434447624296045}