{"w1": 0.37117345746820873, "w2": -0.5284280877967548, "b": 4.009346670499517e-17}