{"w1": 0.8372776203974014, "w2": 3.1188672388814345, "b": 0.1182357344135795}