{"w": -0.18617448384547022, "b": 0.06933714199276234}