{"w": -0.207132140568032, "b": 0.048769174236063806}