{"w1": -0.5882440399957338, "w2": -0.35578227270691853, "b": -1.2821682182004259e-17}