{"cc": -0.04972584565521647, "alpha": -1.1788620537737533e-16, "beta": -0.04972584565521647, "mx": -7.105427357601002e-17, "my": -1.1435297153639113e-16, "sx": 1.0, "sy": 1.0}