{"w": 0.1156334950103038, "b": 0.0016090271120821897}