{"w1": 0.6837007887228939, "w2": -0.488595376358246, "b": 0.02142231229034721}