{"w": -0.08849137146102982, "b": 7.122773960560227e-19}