{"w": -0.12956858441171282, "b": 0.06804429887007873}