{"w": 0.2767322586700887, "b": -0.060577557732300905}