{"w": 0.40284165896618845, "b": 0.020007673177766132}