{"w": 0.5247754332022028, "b": -0.0016455321073882631}