{"w": -0.3278166864950649, "b": 0.0632181018553697}