{"w": -0.37154697209711895, "b": -0.011630708610049788}