{"w": 0.9079307852732171, "b": -0.0028029932924046146}