{"w": -0.14140976179326328, "b": -3.351279501971583e-16}