{"w": -0.44871416016813503, "b": 0.07390734515099072}