{"w": 0.01622848106580542, "b": -0.0046176549027704865}