{"w": 0.7585255392506333, "b": 4.406204497210845e-17}