{"w": 0.6149968412604442, "b": 0.05177896483055444}