{"w": 0.7813542199738275, "b": -0.007346152040208737}