{"w": 0.12418058720002605, "b": 1.204588469149928e-17}