{"w": 0.25879409731105124, "b": -0.1710415700724956}