{"w1": 0.5626722154572191, "w2": 0.14951211703687584, "b": 9.723854506117175e-18}