{"w1": 0.6317325951228069, "w2": 0.144516816316074, "b": -0.002991240815231406}