{"w": -0.4473073928467166, "b": 1.0278016223769111e-16}