{"w1": -0.3966558849528919, "w2": -0.33090973345088115, "b": -0.014337300609164143}