{"w": 0.12144355839915644, "b": 0.17040586808035063}