{"w": -0.26891939091751255, "b": 0.02558250471193227}