{"w": 0.1530960898460453, "b": -5.637183084909085e-17}