{"w": -0.44063611014138626, "b": -0.0067321516200966255}