{"w1": -0.4873107784712414, "w2": -0.3934939890703491, "b": -0.0023769942902499494}