{"w": 0.56044502940803, "b": -0.0005981880121880279}