{"w": -0.3999608172868751, "b": -0.005739355401184375}