{"w1": -0.7642900844675414, "w2": -0.7419649277113377, "b": 0.0074405271554826066}