{"w": -0.8454302612814706, "b": -0.003306464219483866}