{"w": -0.8838975481168242, "b": -3.65583337103741e-17}