{"w": -0.330419296792691, "b": 0.022477005337834817}