{"w": -0.5849435925121155, "b": 0.009940922475633818}