{"w": 0.211087730294913, "b": -0.014817614950720093}