{"w1": -0.2030480409711403, "w2": -0.46979507449395136, "b": 2.2485409276605238e-17}