{"w": 0.3346670646476847, "b": 0.020482709575774624}