{"w": 0.8250139886072893, "b": 9.694739470550593e-18}