{"w": 0.10084854217276114, "b": -0.2690396011817082}