{"w": 0.08485504615590052, "b": -1.291185505511008e-17}