{"w": -0.01989840115066865, "b": 0.050913419831584546}