{"w": -1.0000000000000857, "b": -4.246603069191414e-17}