{"w1": -1.1359290521240524, "w2": -0.11851526030785972, "b": -0.012116824569281115}