{"w": -0.506785861258097, "b": 0.04563539123021893}