{"w": 0.6341015177301836, "b": -0.052544969825654014}