{"w": 0.6801564115293931, "b": 0.032348618043630296}