{"w1": -18.976755648560967, "w2": -14.274497557823654, "b": -2.3026539807227873}