{"w": 0.8510667337833148, "b": -1.0865367764775228e-18}