{"w1": 0.40164456069787674, "w2": 0.5950158619629689, "b": -7.63806821184145e-19}