{"w": 0.002012773901380549, "b": 0.0552181519285313}