{"w": -0.16150305722268996, "b": -0.005778967386190719}