{"w": -0.1311073713298344, "b": 3.0494063463168424e-17}