{"w": 0.3073761658154819, "b": -1.6648782525498247e-17}