{"w": 0.30433283744107104, "b": -1.6604858473472287e-17}