{"w": 0.3195915626792231, "b": 0.010328437053185539}