{"w": 0.31810444027979434, "b": 0.010259369756795433}