{"w1": -0.5455895228736009, "w2": -0.4065271512854492, "b": -8.800780134527697e-17}