{"w1": -0.5497136642766891, "w2": -0.40869805755444566, "b": -8.873314611890691e-17}