{"w1": 0.8693415157181378, "w2": 0.306521280761154, "b": 0.15721814596622385}