{"w": -0.29924594764127205, "b": -0.07046669032942865}