{"w": -0.5113512944180104, "b": 2.9722410598725067e-16}