{"w": 0.24780934212557781, "b": 3.6913933405334383e-16}