{"w": -0.28560195892011625, "b": 0.00311979074890667}