{"w": 0.9999999999999918, "b": -8.437694987151083e-17}