{"w": 0.05133257221348444, "b": 0.0023725751812430085}