{"w": -0.012646037936835126, "b": 0.11600428942974773}