{"w": -0.06876496441928935, "b": 0.11446408682416746}