{"w": -0.08173987690847752, "b": 0.12861065370719507}