{"w": -0.4795037089502961, "b": 0.08124356147588485}