{"w1": -0.3971696503935706, "w2": 2.7241092114183956, "b": -0.9324204196810857}