{"w": 0.47382914754295424, "b": -0.044262491219558976}