{"w": 0.4429333225565719, "b": -0.04413774972479353}