{"w1": -3.100324554604265, "w2": -1.3060115545961208, "b": -0.4205837034006431}