{"w1": 0.19699139957256137, "w2": 1.762235509601032, "b": -0.07751229425200198}