{"w": -0.17643208450348602, "b": 0.05649115408189336}