{"w": -0.9999999999999997, "b": -5.3151927303929364e-17}