{"w": -0.17887797992683344, "b": 0.050770007979817004}