{"w": -0.19357282810096343, "b": 0.05171417609616136}