{"w1": 0.15443231223239393, "w2": 0.9131829816456173, "b": -0.02273891477924187}