{"w": 0.6926374301105286, "b": 6.065356162379845e-18}