{"w": 0.5441114695219961, "b": 0.013379674902011529}