{"w": 0.5025364734990239, "b": -0.00336507340189093}