{"w": -0.6921470668219497, "b": 0.020953384842780046}