{"w": 0.8444916705055294, "b": 0.0017965916445634603}