{"w": -0.18725187763414256, "b": 1.428294327164337e-16}