{"w": -0.4040398089724533, "b": -0.04323151540804726}