{"w": -0.4691851809861024, "b": 3.230933996872711e-17}