{"w": -0.44691336233697504, "b": -0.07083729865154753}