{"w": 0.1933916685010542, "b": -0.09535038300159811}