{"w": 0.26297479251925576, "b": 0.01595405381242051}