{"w": 0.4607888909802824, "b": -0.0026813945937959292}