{"w": 0.6431090644576518, "b": 0.0015081242559050897}