{"w1": -0.44672732903180473, "w2": 0.7109300249113149, "b": -0.008531566702162999}