{"w": 0.21844700152071625, "b": 0.05725193511032133}