{"w": 0.10832703338938998, "b": -0.0006402157727066135}