{"w1": -1.571882831191644, "w2": 1.5375335532905818, "b": -0.6310958912719264}