{"w": -0.7714157383003307, "b": 7.166212617766262e-17}