{"w": -1.000000000000001, "b": 1.1934897514720428e-17}