{"w": -0.4728151676990052, "b": -0.02981686251052927}