{"w": -0.4924628229129164, "b": -0.0038465228144170093}