{"w": -0.2467298736525454, "b": 0.02523171003828944}