{"w": -0.23145938763198898, "b": -1.821044720749384e-17}