{"w": 0.7511120369098466, "b": -2.792842087304519e-18}