{"w": 0.6213518138791158, "b": 0.03256128559269622}