{"w": -0.5856001863922184, "b": -0.006353735331447785}