{"w": -0.2078196914300115, "b": 0.052056854072563774}