{"w": 0.7232287481858416, "b": -0.04843334777940931}