{"w": 0.0017980632347581013, "b": 0.030886366122481346}