{"w": -1.0000000000000062, "b": 3.808064974464327e-16}