{"w": -0.27404365246379636, "b": 0.05609845442223788}