{"w": 0.8422656551258768, "b": -5.575084776800673e-17}