{"w": -0.7303570003996492, "b": -0.04321693021350288}