{"w": -0.5775267426695799, "b": 0.09455553506963196}