{"w": 0.9999999999999982, "b": -2.1371793224034292e-17}