{"w": -0.15817652478584232, "b": -0.16100771719909585}