{"cc": 0.3014318553153441, "alpha": 3.745810449055633e-17, "beta": 0.30143185531534417, "mx": 8.326672684688674e-18, "my": 3.9968028886505634e-17, "sx": 0.9999999999999999, "sy": 1.0}