{"w1": 0.45784049779733754, "w2": -1.6765345601298682, "b": -0.056724121096664436}