{"w": -0.33403860078022085, "b": -0.18071396477121546}