{"w": -0.45067447738429917, "b": 1.0079789544304697e-16}