{"w": -0.48610212072837755, "b": 0.06409652648137205}