{"w1": -0.8719369566864397, "w2": 0.4575862337707434, "b": -5.3630397468594034e-17}