{"w": 0.6050053941026565, "b": 0.011117563718355912}