{"w": -0.5207596970716926, "b": -0.09282888805138774}