{"w": -0.6888827165456907, "b": 0.031228524567040256}