{"w1": 0.510861238512338, "w2": 0.2810402134391045, "b": 0.0017084155321999278}