{"w": 0.4848507870910783, "b": 0.055021259051707884}