{"cc": 0.5511908087816735, "alpha": 6.777648703522813e-17, "beta": 0.5511908087816734, "mx": -4.4408920985006264e-17, "my": 4.3298697960381107e-17, "sx": 1.0, "sy": 0.9999999999999999}