{"w": 0.5422331127279739, "b": -0.0024469938621136944}