{"w1": -0.3089513561707204, "w2": -0.5488825037895418, "b": 2.5495528493959138e-17}