{"w1": 0.5333066265986237, "w2": -0.34283460393819276, "b": 4.6616830188732713e-17}