{"w": 0.2179636350088779, "b": 0.014870233249655092}