{"w": -0.006485537689410941, "b": 0.0017693739657385146}