{"w1": -0.5824205817670978, "w2": -0.08956807235882752, "b": 0.0020036096333279733}