{"w": 0.6394820563033108, "b": -0.008406421969732271}