{"w": 0.6355232788800872, "b": 0.015994114564119144}