{"w": -0.3563697951626863, "b": 0.09013778883205355}