{"cc": 0.7237024481630145, "alpha": 1.8187104887862267e-18, "beta": 0.7237024481630147, "mx": 5.551115123125783e-19, "my": 2.220446049250313e-18, "sx": 1.0, "sy": 1.0000000000000002}