{"w": -0.10847228399384022, "b": 0.018696150252573537}