{"w": -0.13461028394071292, "b": 0.05251090150116741}