{"w1": 0.302410830024175, "w2": 0.5874916113549695, "b": -1.2794811426003963e-17}