{"w": 0.3949734317768861, "b": 0.1583908195718611}