{"w": 0.3949974287089198, "b": 0.15840694584267448}