{"w": -0.2879568407467261, "b": 0.03126109371339054}