{"w": 0.6214878041231211, "b": 0.012451838344258965}