{"w1": -0.34690353867065105, "w2": 1.9294618242792976, "b": 0.2108410690891835}