{"w": 0.10835664581123981, "b": 0.025475993171692225}