{"w": 0.10795874320291436, "b": 0.025142045356245507}