{"w": 0.5035420026217318, "b": 0.04236499565838145}