{"w": 0.5825252154534984, "b": 2.182182547588616e-17}