{"w": 0.4755194286647921, "b": -0.01874153648160015}