{"w": 0.4645069423568154, "b": -0.013601099822986885}