{"w": -0.399456014851576, "b": 0.012334730134196049}