{"w": 0.29945935297109155, "b": 3.3983628851564195e-17}