{"w": 0.19102168961980054, "b": 0.18811633374294814}