{"w": 0.22514149581922116, "b": -5.672144981778333e-17}