{"w": 0.8072777672712087, "b": -0.013993387293044106}