{"w": 0.8020875485454427, "b": -2.1451226042946825e-18}