{"w": 0.7291704986776749, "b": -4.7761337029501204e-18}