{"w": -0.5106122424511844, "b": 0.05339783413414287}