{"w1": 0.08623293580718726, "w2": 0.38430763684304586, "b": 2.8055990805303794e-17}