{"w1": 0.0848781737854008, "w2": 0.459300193244607, "b": -0.00967830447246101}