{"w1": 0.0879490063391587, "w2": 0.4351386392861319, "b": -0.008395880221600064}