{"w": 0.20641387170889136, "b": 8.009656616272227e-17}