{"w": -0.7515588680753421, "b": 0.011377106860610123}