{"w": 0.9170938646254203, "b": 0.0008990134652247892}