{"w": -0.5809666662877525, "b": -0.08715387096578164}