{"w": -0.5846360479360218, "b": 9.121402688235541e-17}