{"w": -1.0000000000000002, "b": 2.132322096670692e-16}