{"w": -0.7044916050801245, "b": 1.1741982432212593e-16}