{"w": -0.5301536878683163, "b": 0.013222623897959022}