{"w": -0.5264079577834657, "b": 0.013455976111226411}