{"w": -0.4396301560288143, "b": 0.0986231385343197}