{"w": -0.13685842705837015, "b": -1.374224729031135e-16}