{"w": -0.12779863054756616, "b": -0.013209970493864423}