{"w": 0.0918292781128321, "b": -0.11945062182061003}