{"w": -0.06216336916265402, "b": 0.0015947048715189492}