{"w": -0.3071680762397565, "b": 3.370851873802231e-17}