{"w": -0.06728286599384385, "b": 0.018838401507394548}