{"w": 0.7814089411716731, "b": -0.07184770313281831}