{"w": 0.7750395455641621, "b": 0.01934501435868339}