{"w": -0.19002446582177795, "b": -9.92610006563391e-18}