{"w": -0.22588967151115377, "b": 0.029082896644261308}