{"w": 0.4352915738110233, "b": -5.351113122714067e-17}