{"w": -0.01647806351152666, "b": -2.6960985125553598e-18}