{"w": -0.018264981972866915, "b": -0.002061200390796575}