{"w1": -0.15265686895898176, "w2": 0.535101252842736, "b": -0.012353544985567524}