{"w": -0.10316709399164567, "b": -4.138965641731291e-18}