{"w": 0.054989077758390695, "b": 0.016822314526393507}