{"w1": 0.25885756405298566, "w2": -0.5124795762447673, "b": -1.852595553191788e-17}