{"w1": 0.2691158667505281, "w2": -0.5550603994681034, "b": -2.1139341187559824e-17}