{"w": -0.8656452546022592, "b": 0.008978611200597286}