{"w": 0.7194729219332435, "b": -0.030303158554241847}