{"w": 0.06436805566438705, "b": 0.019522611428957882}