{"w": 0.5639212517107859, "b": -0.014760932932684122}