{"w": 0.6905863621688999, "b": 0.003811434352315554}