{"w": 0.3647002653316504, "b": 0.019021708890870143}