{"w": 0.6200081069241752, "b": -0.004564871337236948}