{"w": 0.49757414834242286, "b": -0.002127263265537984}