{"cc": 0.20214570922547084, "alpha": -2.1814220406245144e-17, "beta": 0.20214570922547082, "mx": -2.6645352591003756e-17, "my": -2.7200464103316335e-17, "sx": 1.0, "sy": 0.9999999999999999}