{"w1": -0.011774426910777486, "w2": -0.8306011305348919, "b": 2.885470839847647e-16}