{"w1": -0.005759525074468341, "w2": -0.9154934533169433, "b": 0.02192401874862649}