{"w": 0.20631045458753006, "b": -0.03207994260262581}