{"w": 0.45807591925479585, "b": -0.06369067878581733}