{"cc": -0.08573165170042162, "alpha": 9.452871718942968e-18, "beta": -0.08573165170042162, "mx": 6.661338147750939e-18, "my": 8.881784197001253e-18, "sx": 1.0, "sy": 1.0}