{"w": -0.0833617897335484, "b": -0.0006041133128159235}