{"cc": -0.7096471024886074, "alpha": 2.0403471712218148e-16, "beta": -0.7096471024886075, "mx": 4.463096558993129e-16, "my": -1.1268763699945338e-16, "sx": 0.9999999999999999, "sy": 1.0}