{"cc": 0.9870859345429517, "alpha": 4.4332403303830554e-17, "beta": 0.9870859345429518, "mx": -3.8163916471489756e-17, "my": 6.661338147750939e-18, "sx": 0.9999999999999999, "sy": 1.0}