{"w": 0.17907623950154483, "b": 0.18047393947612056}