{"w": -0.9999999999999977, "b": 6.339373470609643e-16}