{"w": -0.08398242327404634, "b": 6.39497109799257e-16}