{"w": -0.2022740081498231, "b": 0.011770010566363415}