{"w1": 0.20453601338769706, "w2": 0.6591789536576659, "b": 3.3968003242646015e-17}