{"w1": 0.3967860139403571, "w2": 2.0743561037842606, "b": 0.07670802115494668}