{"w1": 0.44581832758546075, "w2": -0.18170596002341707, "b": 0.017675993917996773}