{"w1": -0.793185083742656, "w2": 0.30219205800057514, "b": -9.057902225989232e-18}