{"w1": -0.09961093332918089, "w2": 0.6107857554387996, "b": -2.2549119259992563e-17}