{"cc": 0.42384309284558597, "alpha": -1.4150988515581776e-16, "beta": 0.42384309284558597, "mx": 2.7755575615628914e-16, "my": -2.3869795029440865e-17, "sx": 1.0, "sy": 1.0}