{"w": 0.4110072109460742, "b": -0.08189151360056243}