{"w": -0.25038378764956676, "b": -0.011603376748406183}