{"w": 0.9542707219031729, "b": 0.0013826103489737345}