{"w": -0.2996928401369871, "b": -0.15125706111692044}