{"w": -0.5663280106806213, "b": 3.9327998979363803e-17}