{"w": -0.3701233270853067, "b": -0.053605635551746196}