{"w": -0.7326221335619779, "b": 0.005039765618228933}