{"w": 0.2202983833857711, "b": 6.127136365884903e-17}