{"w1": 0.49855141748954124, "w2": 0.086520317008493, "b": -2.683919878243834e-17}