{"w": -0.18495753692535385, "b": 3.4895841887211586e-17}