{"w1": -1.0799137462451842, "w2": -1.405905138796956, "b": -0.2616514663006562}