{"w": -0.2599422026342234, "b": -0.005113611933189733}