{"w": 0.3703559813153817, "b": -1.9757478493520958e-17}