{"w1": 0.8283329871165462, "w2": -0.056459772186596174, "b": -2.7299289605395914e-17}