{"w1": 0.9836114387844234, "w2": -0.09765114244958259, "b": 0.006306695028690079}