{"w": 0.7320379741554086, "b": 0.005544873591901292}