{"w1": -1.051524178671571, "w2": -1.5557286659710494, "b": 0.004334208106821835}