{"w": 0.9999999999999991, "b": 9.992007221626424e-18}