{"w": 0.07452595760385254, "b": -0.09465455852634747}