{"w": -0.713082228608928, "b": 0.04129150824921635}