{"w": -0.2931571311374649, "b": 0.03680259211952408}