{"w": 0.5038046155204174, "b": -0.027704056300681453}