{"w": 0.38451435726378663, "b": -0.00105701482881583}