{"w": 0.2547661108816243, "b": -0.1355726502790527}