{"w": 0.4460820989885982, "b": 0.013498960136165509}