{"w1": -0.3168591352699256, "w2": 0.5623348440224699, "b": 1.2389390845783489e-18}