{"w": -0.13152487861615458, "b": -0.10306225112548159}