{"w": 0.4072830021409324, "b": 1.2639625132403655e-16}