{"w": 0.08147560031898399, "b": -0.13210000911585915}