{"w": -0.11303242626502974, "b": -7.68120643947037e-17}