{"w": -0.014868046602410668, "b": -0.11405565176768138}