{"w1": -0.21388728147583155, "w2": -0.7676050775167479, "b": -2.6097240126354616e-16}