{"w": 0.9999999999999988, "b": -3.332056852656253e-16}