{"w": 0.3890224696267131, "b": -0.06768586681868241}