{"w1": -0.20265114532756892, "w2": -0.46090819552944023, "b": 4.377802803886518e-17}