{"w": -0.7661673446813194, "b": -0.0003733349285042558}