{"w": -0.7768338382652764, "b": -0.0045615485475537475}