{"w": -0.044575373224152344, "b": -0.12499227777882299}