{"cc": 0.12050488710343757, "alpha": 5.890977179217536e-17, "beta": 0.12050488710343757, "mx": -4.662936703425657e-17, "my": 5.329070518200751e-17, "sx": 1.0, "sy": 1.0}