{"w1": 1.7376311675627003, "w2": 4.152218598545788, "b": 0.087992661627128}