{"w": 0.13043061428683259, "b": 0.06637975880303054}