{"w": -0.5053507373234293, "b": 6.503451069997987e-17}