{"w": -0.07266302052198423, "b": 3.304239133528978e-16}