{"w": 0.5926970029286691, "b": 0.20638596719516453}