{"w": 0.22437166124418428, "b": -0.04913651558513732}