{"w": 0.2158284051922075, "b": 0.004025595026140814}