{"w": -0.430223194760072, "b": 0.016999340575409264}