{"w": 0.8081723082761118, "b": -1.8151073810264897e-17}