{"w": 0.3777605582725462, "b": 3.071502329849182e-17}