{"w": 0.385950622114389, "b": -0.2091098492503024}