{"w": 0.5316271907366343, "b": 0.0732087269447809}