{"w1": -0.5890325205560041, "w2": -0.25264875215516275, "b": -6.859340651539893e-18}