{"w1": -1.4738154674249273, "w2": -0.6598309421076107, "b": -0.1098062399515305}