{"w": 0.14679197871985586, "b": -0.3053203575326723}