{"w": -0.5068130263434177, "b": -3.7733127618351374e-16}