{"w": 0.31577944563150256, "b": -0.05070062530246033}