{"w": 0.39064677751878407, "b": 9.561969880484128e-17}