{"w1": -0.6577708983246496, "w2": -1.7138742125879507, "b": 0.226596632658265}