{"w1": -0.9478093275733429, "w2": 2.7034925398851812, "b": -0.6705316132914173}