{"w": 0.3399876617115364, "b": 0.023816746345523915}