{"w": 0.016907340402150358, "b": -0.0050984101934279415}