{"w1": -0.6569204844737148, "w2": -0.29222260540246664, "b": -2.3001093467855705e-17}