{"w": -0.4109637553138683, "b": -0.051746118362971515}