{"w": -0.31299638631779086, "b": -5.117046004449693e-17}