{"w1": 1.7753780806068242, "w2": -0.46436515838241965, "b": 0.06624752644645025}