{"w": -0.7566140054581002, "b": 0.014298798689939773}