{"cc": 0.7274515417689119, "alpha": -2.677451499368819e-16, "beta": 0.7274515417689119, "mx": 3.0891955660194983e-16, "my": -4.302114220422482e-17, "sx": 0.9999999999999999, "sy": 0.9999999999999998}