{"w": 0.9920227947975585, "b": 0.0017112888951878293}