{"w": 0.218327888669827, "b": 0.03920545775433082}