{"w": -0.7388611251892183, "b": 0.001775538609320396}