{"w": 0.3750839168044469, "b": -0.008980935493576453}