{"w": -0.02537470590609872, "b": 0.2666004293621443}