{"w1": 0.6414390543183596, "w2": -0.04111418695206629, "b": 2.1765768075661907e-17}