{"w1": 1.4389011468460178, "w2": -0.23947530510705906, "b": 0.05649614044110482}