{"cc": -0.593076535448584, "alpha": 8.828844566689701e-18, "beta": -0.5930765354485839, "mx": -2.4424906541753444e-17, "my": 2.3314683517128286e-17, "sx": 1.0, "sy": 0.9999999999999999}