{"w": -0.5599255585485998, "b": 0.0013061928335349991}