{"w": 0.14271478703304177, "b": -5.600172901527294e-17}