{"w": -0.4858275296919247, "b": -0.08214577426358576}