{"w": -0.5966558019450304, "b": -4.248549939011865e-17}