{"w": -0.14856962490829992, "b": 2.251612396571767e-17}