{"w": -0.9580764464453716, "b": 4.478127694044989e-17}