{"w1": 1.718083888082802, "w2": -1.4236218173002417, "b": -0.045960413208692374}