{"w": -0.5324057135521699, "b": -0.020568691833093067}