{"w": 0.1018958709566164, "b": -0.14150935559688382}