{"w": -0.5470707215472425, "b": -0.07967945843076797}