{"w1": 0.06179965433768346, "w2": -6.13581643842346, "b": 0.30031467681638174}