{"w": -0.004098126764144297, "b": 0.057829847340451775}