{"w1": -0.3848718158749447, "w2": -0.6171876416208714, "b": 2.647673771564937e-17}