{"w": 0.044111933600654234, "b": 3.0385829015688366e-16}