{"w": 0.0462116711906858, "b": 4.4296557991790886e-07}