{"cc": 0.4346787394455871, "alpha": -6.012694262877236e-17, "beta": 0.43467873944558705, "mx": 2.331468351712829e-16, "my": 4.121702978920894e-17, "sx": 1.0, "sy": 0.9999999999999999}