{"w": 0.4378699640168905, "b": 0.06274673692613819}