{"w": 0.43424449495063633, "b": -6.002569989908405e-17}