{"w": 0.12226105061479316, "b": 2.13900382920587e-17}