{"cc": 0.34238365905517804, "alpha": -3.441691376337985e-17, "beta": 0.34238365905517804, "mx": 0.0, "my": -3.441691376337985e-17, "sx": 1.0, "sy": 1.0}