{"w": 0.3272172808429595, "b": -0.013288645034185927}