{"w": 0.9151026949762747, "b": -3.123308199790347e-17}