{"w1": -0.5932169710779308, "w2": -0.9177323646705178, "b": -0.010726530238823567}