{"w1": -0.2009750826346208, "w2": -0.37832178298075547, "b": -1.1969827688473877e-06}