{"w": 0.40000427308807357, "b": 0.031190530887124368}