{"w": 0.18339477238767285, "b": 3.88373425460588e-18}