{"w": 0.3369960628224774, "b": -0.014432983925401204}