{"w": 0.1548902392368835, "b": 0.25632499033655776}