{"w": -0.7217521270974486, "b": 2.621098964038198e-17}