{"w": -0.7298347536231261, "b": 0.0024884928635764752}