{"w1": -0.43262265175917775, "w2": 0.5833509152717115, "b": -0.00729997125326845}