{"w1": -0.5509044733047939, "w2": 1.3490790337689909, "b": -0.06710692433530702}