{"w": 0.11644700634909128, "b": 0.011265248660754915}