{"w1": -0.44054161454589114, "w2": -0.5418771118992762, "b": 1.2766344603893767e-17}