{"w": 0.0978624284084336, "b": -0.01916001065185942}