{"w": 1.0000000000000024, "b": 1.6653345369372556e-18}