{"w1": 0.48098032654541273, "w2": -2.728887936210158, "b": -0.1501194758877967}