{"w": 0.6251717069634829, "b": 6.508777798377155e-17}