{"w": 0.36381586882143435, "b": 0.022618494429783483}