{"w": 0.3433527704441673, "b": -0.003709258627451318}