{"w": -0.3983430755259597, "b": -0.007431451948547191}