{"w1": -2.8173320519353897, "w2": -3.173705627398473, "b": -0.6265811511196844}