{"w": 0.6253408400079017, "b": 0.014431711386337857}