{"w": -0.6967131545494009, "b": -0.03021422042066424}