{"w": -0.714613701597028, "b": -7.753469455355476e-17}