{"w": -0.7075383184128987, "b": -7.630534740912093e-17}