{"w": -0.41058185986572415, "b": -0.07131646989880325}