{"w": 0.4143934253210636, "b": -0.2667544782388953}