{"w": 0.6927420897865226, "b": -0.022110582434856873}