{"w": 0.7666964502331725, "b": -0.0854620181600919}