{"w": 0.6733170731972153, "b": 0.0061175080176606965}