{"w1": -0.7443312991262404, "w2": 0.2647273388909934, "b": 3.276485093265777e-17}