{"w": -0.33859269009813386, "b": -3.3840258731596406e-17}