{"w": -0.3210165600697383, "b": 0.007378399123601353}