{"w": 0.021089349380422603, "b": -0.001974281543202814}