{"w1": 0.5810997387118773, "w2": -0.4917520206139109, "b": -7.647927083489627e-17}