{"w1": 0.5300197816082323, "w2": -0.4489490861598539, "b": -6.976502957365167e-17}