{"w1": 0.5760526840860419, "w2": -0.4875266195041496, "b": -7.581593361529072e-17}