{"w": 0.7985488059639756, "b": 2.7443306664912275e-17}