{"w1": -0.911293627708033, "w2": -0.868728125547959, "b": -0.05889622673303609}