{"w": -0.9999999999999984, "b": -1.6348034037605427e-16}