{"w1": -0.46104826750531996, "w2": -0.5312975826738506, "b": -5.4686467016225185e-17}