{"w": 0.5581653249467433, "b": 0.09970315608006561}