{"w": 0.875854442829666, "b": 0.03129460446567086}