{"w1": -1.023633427117475, "w2": 1.020797566821809, "b": 0.034680616109488416}