{"w": -0.05079464108453909, "b": 0.006706515362143214}