{"w1": 0.6134039509669973, "w2": 0.17465778837588733, "b": -0.0005524710751192187}