{"w": -0.901652971102133, "b": -0.005419564302010035}