{"w": 0.9999999999999817, "b": 7.188694084447881e-17}