{"w": -0.12311127043913084, "b": 0.05349756370611891}