{"w": 0.052161271519935756, "b": 3.3055206607099726e-17}