{"w1": 0.8444734354118302, "w2": -3.1019358363969483, "b": 0.6289094523995932}