{"w": -0.08365116913428128, "b": 0.28026508727040655}