{"w": -0.08263864465842229, "b": 0.00704672159016454}