{"w": -0.10453861237941747, "b": -7.62617426900233e-17}