{"w": 0.18058700028877725, "b": 0.1298875723343596}