{"w1": -0.43977885432534486, "w2": 0.7282915116264841, "b": -0.14037729474802146}