{"w": -0.3683362859311927, "b": -2.1033263708660993e-17}