{"w": 0.0008247879267234313, "b": -0.07510516601892632}