{"w": -0.6281464036867526, "b": -2.860094437577697e-17}