{"w": -0.6619326431693981, "b": 0.061405157569156835}