{"w1": -1.139709978961877, "w2": -0.007852515628671997, "b": -0.003339213384268633}