{"w1": -1.5744965865888805, "w2": 0.16921543907020412, "b": -0.021489990935771867}