{"w1": -0.7863434525419541, "w2": 0.06875920290581146, "b": -0.0025929357717712764}