{"cc": -0.9304574149336347, "alpha": 2.6490937032738492e-17, "beta": -0.9304574149336347, "mx": 2.220446049250313e-18, "my": 2.4424906541753444e-17, "sx": 1.0, "sy": 1.0}