{"w": -0.9503552596262956, "b": -0.010682163470192177}