{"w": -0.36700954000532937, "b": 0.0015894814460924262}