{"w": -0.22733352929965792, "b": 4.7840104567723666e-17}