{"w": 0.024628343494805756, "b": 5.3940773843575066e-17}