{"w": -0.020076144470515082, "b": -0.01912474636078841}