{"w": 0.26030108720484235, "b": 1.2428108754161098e-16}