{"w": 0.8197982501467056, "b": -0.03892719368531626}