{"w1": 0.2675507335772468, "w2": 0.7167787948721347, "b": 2.73355449002635e-17}