{"w": -0.8274438962284634, "b": -0.002810486591706534}