{"w": 0.25214772982014116, "b": -0.08562638415484371}