{"cc": 0.12975395544956253, "alpha": 2.6761217717035325e-16, "beta": 0.12975395544956253, "mx": 1.0658141036401502e-16, "my": 2.814415367424772e-16, "sx": 1.0, "sy": 1.0}