{"w": 0.06868488435987544, "b": -0.054578507010425804}