{"w": -0.4924708953647812, "b": -0.018848592854936452}