{"w1": -0.059326524635374564, "w2": 0.5896505065809302, "b": -1.816406866872133e-17}