{"w1": 0.26015122113597655, "w2": -0.5566389899699571, "b": -0.03262295538323445}