{"w": -0.74427837527438, "b": -3.3734821451907743e-16}