{"w": 0.2401985680460568, "b": 0.009376240624430104}