{"w": -0.7674518651761125, "b": -0.015693827143879263}