{"w": -0.750537369761963, "b": -0.0018911707997117779}