{"w": -0.11858263846315917, "b": -0.02227807825107151}