{"w": 0.970833445689363, "b": 0.003107981961993453}