{"w1": 40.94981751766523, "w2": 0.3074741181752918, "b": -8.50369543124441}