{"w1": 0.5635783811022139, "w2": -0.51162684710486, "b": -2.644357856620024e-17}