{"w1": 1.105494235673011, "w2": -0.7098333293385741, "b": -0.03310476802650292}