{"cc": -0.005181770647945097, "alpha": -2.058807115682874e-17, "beta": -0.0051817706479450965, "mx": -1.1657341758564144e-16, "my": -1.9984014443252817e-17, "sx": 1.0, "sy": 0.9999999999999999}