{"w1": -0.693373550484715, "w2": -0.8765153196405998, "b": -0.08554549072358414}