{"cc": 0.7007695519532161, "alpha": 2.7974202723365524e-17, "beta": 0.700769551953216, "mx": 4.440892098500626e-18, "my": 3.1086244689504386e-17, "sx": 1.0, "sy": 0.9999999999999999}