{"w": 0.6370632290483784, "b": 2.8257115629378145e-17}