{"w": 0.7075764295395944, "b": 0.02810098982308527}