{"w": -0.4711951597866316, "b": 5.032088373748128e-17}