{"w": -0.20648262382709415, "b": -4.6818627748894986e-17}