{"w1": 0.9679542114674872, "w2": 3.102999905848484, "b": -0.06065791153019337}