{"w1": 0.26375161482289167, "w2": 1.3650277827503303, "b": -0.005834639300435968}