{"w": 0.47240634382094254, "b": -0.0014473720809490094}