{"w": 0.15248992806478984, "b": 0.0012240959654507178}