{"w": 0.03614553376091727, "b": 0.10067741053561687}