{"w": 0.033849273221463305, "b": 0.10074015701732303}