{"w": 0.012779785717706755, "b": -0.014832944284401916}