{"w": -0.3577461971556707, "b": 0.0067861052923231515}