{"w": -0.39593857253692344, "b": 0.1299902548253047}