{"w": 0.46960529378067734, "b": 1.3312442737549945e-18}