{"w": -0.9999999999999999, "b": -9.04831765069502e-17}