{"w": -0.4811980074989952, "b": -0.001164453783691479}