{"w": -0.3076142486816027, "b": -0.005901811426516405}