{"w": 0.49529222310557186, "b": -0.057752432082714786}