{"w": 0.5096081811829347, "b": 2.342135575686893e-17}