{"w": 0.4831067845612148, "b": 0.019300233432991636}