{"w": -0.29946535414218295, "b": -0.06275489685188335}