{"w1": 6.381940991361856, "w2": 0.4958985310189826, "b": 0.2503439908339817}