{"w1": 2.6395050536177074, "w2": 0.34236696785955023, "b": -0.02882585795326817}