{"w": -0.48941911551720724, "b": 0.011861992851347994}