{"w": -0.48933842410608375, "b": 8.170003376600459e-17}