{"w1": 14.494480107511494, "w2": 33.52148380788992, "b": 4.7600841552473305}