{"w1": 0.5401408909544572, "w2": 1.0218161485547124, "b": 0.04150238117134946}