{"w": 0.5560595864036659, "b": -0.06507964104787092}