{"w": -0.7590426193974553, "b": 0.0075934018013498125}