{"w": 0.6490547332600363, "b": -2.999701080286163e-18}