{"w": 0.1267592133062972, "b": 1.5824477918435436e-17}