{"w": -0.4687255461830331, "b": 0.03236294485531832}