{"w": -0.5338803259151113, "b": 1.1316045292155594e-16}