{"w": -0.48534575083191955, "b": 9.419321355434517e-17}