{"cc": -0.3487970788729048, "alpha": -8.359288572449131e-17, "beta": -0.34879707887290473, "mx": -2.3647750424515833e-16, "my": -1.1102230246251566e-18, "sx": 1.0, "sy": 0.9999999999999999}