{"cc": -0.0728026430467078, "alpha": 2.906105310925188e-17, "beta": -0.0728026430467078, "mx": 1.1324274851176597e-16, "my": 2.0816681711721685e-17, "sx": 1.0, "sy": 1.0}