{"w": 0.0011719078852445361, "b": 0.05501979412156349}