{"w1": -1.5870234695313359, "w2": 1.2907236906009225, "b": 0.4703675392053004}