{"cc": -0.5818529873613613, "alpha": 4.3321948054518903e-17, "beta": -0.5818529873613613, "mx": 1.5543122344752193e-17, "my": 3.427813588530171e-17, "sx": 1.0000000000000002, "sy": 1.0000000000000002}