{"w": 0.47303785102556445, "b": -4.4321204689463296e-16}