{"w": 0.2914122679423251, "b": 0.007946814987010824}