{"w": 0.8094544512917005, "b": 0.018487825847560424}