{"w": 0.3934445769475799, "b": -0.0018432876946837015}