{"w1": 0.10985320204666339, "w2": 1.3688261233715635, "b": -0.2889998795072145}