{"w": 0.2566105226346043, "b": 0.005169300411959853}