{"cc": -0.09057516046426187, "alpha": 1.657483296245196e-16, "beta": -0.09057516046426187, "mx": 1.5987211554602254e-16, "my": 1.5126788710517758e-16, "sx": 1.0, "sy": 1.0}