{"w": 0.7330393924106214, "b": 0.07763069042124285}