{"w": 0.7317779347568376, "b": 0.10648717041471101}