{"w1": 1.7705882949806198, "w2": 3.7104214553169896, "b": 0.002819031555835712}