{"w1": 0.5124127140103841, "w2": 1.1302367672816516, "b": -0.007488242684491757}