{"w1": -1.1887302273583504, "w2": -0.7371738206188649, "b": 0.024252513067539692}