{"w1": -3.1401196559236717, "w2": -1.0853943565721729, "b": -0.4698246094868851}