{"w": 0.742002699398856, "b": -4.1600161625421304e-17}