{"cc": 0.694118345992699, "alpha": -6.7214242198331e-17, "beta": 0.6941183459926988, "mx": 4.884981308350689e-17, "my": -3.3306690738754695e-17, "sx": 1.0, "sy": 0.9999999999999999}