{"w": 0.6941183459926986, "b": -6.721424219833099e-17}