{"w": -0.07560958792253276, "b": -9.694148109056242e-18}