{"w": -0.04355243837950135, "b": -0.005879361221109929}