{"w1": 0.5996655673279399, "w2": -0.6875496022081764, "b": -0.18697800389972058}