{"w": -0.3439625654555746, "b": 0.4039003921718867}