{"w": 0.5542383379988592, "b": 0.1536004825483434}