{"w": -0.028913018077399287, "b": 0.03969513051915953}