{"w": 0.05191648443150519, "b": -0.24901516773488316}