{"w": -0.0449936035990797, "b": -0.002161045017206698}