{"w1": -1.6473020824842408, "w2": -0.4270203995915915, "b": -0.09947096754661357}