{"w": -0.3639570216536473, "b": -1.910376596618301e-16}