{"w": -0.6994949804170181, "b": -1.9288443679497127e-16}