{"w": -0.5928894426486341, "b": -0.04389748611919413}