{"cc": -0.7906368059653239, "alpha": -6.719867809147955e-16, "beta": -0.7906368059653242, "mx": 2.9309887850104134e-16, "my": -9.037215420448775e-16, "sx": 0.9999999999999998, "sy": 1.0}