{"w": -0.7971216619250686, "b": 0.004690912831845348}