{"w1": 0.8521749909133445, "w2": 0.2706204411450252, "b": 8.824843179328032e-17}