{"w": 0.6652733388283653, "b": 2.9219221161604137e-18}