{"w": 0.7002101164303286, "b": -0.010668993329597747}