{"w": 0.13514050761901883, "b": -0.021575506212223327}