{"w1": -0.5872976104177762, "w2": -1.0523874969695812, "b": -0.00415183074337812}