{"w1": 1.0186229118333554, "w2": -0.6985302997388101, "b": 0.041437951640756865}