{"w": -0.4110421634722692, "b": -5.521141748972993e-17}