{"w": -0.9387045189889546, "b": 0.003288796261706842}