{"w": -0.9742166167042374, "b": -0.004898376234757312}