{"w": -0.9939110050725257, "b": -0.01740648701104074}