{"w": -0.8829302739712899, "b": -0.0017628780095172304}