{"w": -0.40973073410321803, "b": 1.0957787881119889e-16}