{"w": -0.3541621563449993, "b": -0.0016314216032172096}