{"w": 0.3811905714653807, "b": -0.024073393692756205}