{"w": 0.4175783540528261, "b": 4.9252277067524594e-17}