{"w": 0.440500056015795, "b": -0.046845757579466296}