{"w1": -0.5285779276232414, "w2": -0.04783237315597543, "b": -2.3553567659773953e-17}