{"w1": -1.6985845468208611, "w2": 0.03942470197829537, "b": -0.15878833633294043}