{"w": -0.23663621049305505, "b": 0.05760380044592982}