{"w": 0.8000317744376952, "b": 0.0509388191004216}