{"cc": -0.6074469175518198, "alpha": 5.814498424693391e-17, "beta": -0.6074469175518198, "mx": 5.551115123125783e-17, "my": 2.4424906541753444e-17, "sx": 1.0, "sy": 1.0}