{"w1": 0.19884415883762901, "w2": 0.4688274384340653, "b": 1.8186175934595005e-17}