{"w1": 0.18406115510338805, "w2": 0.4462546740481861, "b": -1.0426647195499461e-06}