{"w1": 0.20082701597905986, "w2": 0.4718265350540472, "b": -1.3829022001421443e-06}