{"cc": -0.5169972234570686, "alpha": 7.865914716559778e-17, "beta": -0.5169972234570687, "mx": 5.551115123125783e-17, "my": 4.9960036108132046e-17, "sx": 0.9999999999999999, "sy": 1.0}