{"w": -0.5822504545732027, "b": 0.011279864569463324}