{"w": -0.47971772667947127, "b": 0.003603565017181762}