{"w1": 0.7572508503523844, "w2": 0.15572543207742387, "b": 1.2472447974003293e-16}