{"w": 0.5078519884373272, "b": -0.08187463900406192}