{"w": 0.5005920514341562, "b": -0.08512655350102938}