{"w": -1.0000000000000009, "b": -7.771561172376078e-18}