{"w": -0.3901500391004039, "b": -0.04170888473229867}