{"w": 0.27122605165860614, "b": 0.09094180194424979}