{"w1": 0.18475093042462973, "w2": 0.4944702024289361, "b": 0.007593026646407427}