{"w1": 1.0547141946556007, "w2": -0.5843146566188374, "b": 0.038585291030798205}