{"w1": 0.8133617604134484, "w2": -0.4458691335075688, "b": 0.05061539610875852}