{"w": 0.9564967896820767, "b": -0.002471534411275427}