{"w1": 0.7938603157831482, "w2": -1.2864607525975948, "b": 0.10373150409320032}