{"w": 1.000000000000002, "b": -1.7659484985443908e-16}