{"w": -0.7708946400998808, "b": -0.08451430530355834}