{"cc": -0.7128103638113485, "alpha": -7.771561172376097e-18, "beta": -0.7128103638113484, "mx": 0.0, "my": -7.771561172376097e-18, "sx": 1.0000000000000002, "sy": 1.0}