{"w1": 0.481086876608047, "w2": -0.025209202920270624, "b": -0.006339457865693149}