{"w": 0.5817896866383335, "b": -0.008148888516797584}