{"w1": 0.45383344585363783, "w2": -0.1884908906330458, "b": 7.984457551504564e-19}