{"w": 1.0000000000000002, "b": 1.4321877017664522e-16}