{"w": -0.4579873841499896, "b": 0.06548045312613661}