{"w": 0.10974609759812856, "b": -0.008041307422296237}