{"w": 0.5526411204788982, "b": -0.05590925952651898}