{"w": -0.9207503639983798, "b": 0.03629756660745655}