{"w": 0.7568413102837526, "b": 0.028052047746821095}