{"w": 0.7147239543015274, "b": -0.003417975426086954}