{"w1": -0.6282754755312351, "w2": -0.17445346286578176, "b": 4.210280126223462e-17}