{"w1": -0.7135305760930325, "w2": -0.149138009039684, "b": -0.01340564177917932}