{"w1": 31.759073253541366, "w2": 12.136915286710584, "b": -1.2639006151224055}