{"w1": -0.08964658265028776, "w2": 1.4219578505171764, "b": -0.11491565813259606}