{"w": 0.293308483788013, "b": -0.07618892077502575}