{"w1": -1.2170666314379257, "w2": -2.850922725318221, "b": -0.004577185076938536}