{"w1": 0.2987618427548709, "w2": 0.310956813663326, "b": 1.1624457066446906e-17}