{"w1": 0.13913114422181208, "w2": 1.9363259221686637, "b": 0.376870314973034}