{"w": 1.0000000000000016, "b": 5.4678483962788984e-17}