{"w1": 0.35412400932155974, "w2": -2.2650929478965782, "b": 0.14917644203894914}