{"w1": 0.3389816157136014, "w2": -1.5591096721642657, "b": 0.05697703241510538}