{"w1": -0.39059356243522225, "w2": -0.3540288157383143, "b": 0.0055439495200967776}