{"w": 0.7825929974872452, "b": 0.015079614288132535}