{"w": 0.7653245130584284, "b": 0.0031101393642482995}