{"w": 0.7998060080922326, "b": -0.0013104029176563975}