{"w": 0.9999999999999978, "b": 7.194245199571013e-16}