{"w": 0.5707647943979351, "b": 0.04105862282010237}