{"w": -0.062354789740299114, "b": 0.0033151084463268338}