{"w1": -0.4548795133001906, "w2": -0.36913639382516467, "b": -1.703369286145417e-17}