{"w": -0.36346337246884663, "b": -8.024028631146557e-17}