{"w": 0.4989207769018421, "b": -0.019618035880047704}