{"w": 0.8107387976991423, "b": -0.004493275582396506}