{"w": -0.07502328074531106, "b": 0.22923657788291174}