{"w": 0.07708859218568014, "b": -0.06796090490680567}