{"w": -0.25671174195205726, "b": -0.00825678259894921}