{"w": -0.6506203618168531, "b": -0.047931671744332036}