{"w": -0.6979939511894242, "b": 5.9309524236518194e-18}