{"w": -0.4429817320336624, "b": 0.002918598718109327}