{"w": -0.9999999999999996, "b": -1.1990408665951682e-16}