{"w": 0.9734833025027044, "b": -0.007526812404746535}