{"cc": -0.5561513826324832, "alpha": -3.606389519265732e-16, "beta": -0.5561513826324832, "mx": -3.1308289294429413e-16, "my": -1.865174681370263e-16, "sx": 1.0, "sy": 1.0}