{"w": -0.5561513826324833, "b": -3.6063895192657323e-16}