{"w": -0.5546031236594304, "b": -0.11184857523703187}