{"w": -0.20286801532710885, "b": -0.0041591891164162766}