{"w": 0.4302068835123772, "b": -0.016880820784399033}