{"w1": -1.482214247999831, "w2": -1.2609891824517583, "b": 0.09511854229017574}