{"w": -0.0016562281684487587, "b": -0.0027959785845607468}