{"w": -0.22844087254351972, "b": 0.008499958221851144}