{"w": -0.764036175234851, "b": 0.008783087252855752}