{"w": -0.25853253247414293, "b": -0.07954888635161415}