{"w1": 0.3544706663125666, "w2": 0.9381086101657627, "b": 0.007147484540412304}