{"w1": -0.4266849715853345, "w2": 1.8369160658802632, "b": 0.008766616501572367}