{"w": 0.7039919402929999, "b": 0.0017965658924656758}