{"w": -0.037870409820617665, "b": -7.356387956955019e-18}