{"w": -0.616335065340636, "b": -0.1822577603297726}