{"w": -0.36778296474698347, "b": 0.056259889370493414}