{"w": -0.3992479430516228, "b": 0.06015217724305488}