{"w": -0.3694393069865543, "b": 0.07329513416879913}