{"w": 0.7680847757125816, "b": 0.031065052127302224}