{"w": -0.3956280402023002, "b": -0.07362471330978766}