{"w1": 0.3689063562884055, "w2": 1.1596353437252014, "b": 0.05132900292571123}