{"w": 0.6544180721994953, "b": -0.06888113788831114}