{"w1": 0.24583548605502978, "w2": 0.7374573420013624, "b": -1.6373424638083498e-17}