{"w1": -0.47984533816887753, "w2": 0.33861437185641086, "b": 3.823603538525435e-18}