{"w": -0.768664773609546, "b": -0.0026830649011888464}