{"w1": -0.3425030764341049, "w2": 0.4462759344808917, "b": 0.0013239104230169385}