{"w": -0.40118869249266564, "b": 0.05793858981203903}