{"w1": 0.3664551321035711, "w2": -0.40208195569547844, "b": 4.1159337153495734e-17}