{"w": 0.2935434316416877, "b": 0.018070369505266463}