{"w1": -0.036858219184793053, "w2": 1.0871963260563906, "b": 0.10323169796983118}