{"w": 0.9035749429574854, "b": 0.0020520219026310053}