{"w": 0.6000988876378778, "b": 0.05587163496494761}