{"w": 0.17729289775105853, "b": -0.035176492659424546}