{"w": 0.12662310003306024, "b": 0.0019070161552467459}