{"w": -0.4744380686153193, "b": -0.04301010614281492}