{"w1": -1.2645479478565576, "w2": 0.3815294576776252, "b": 0.03560796387936633}