{"w1": -0.497848551850125, "w2": 0.39408995097425004, "b": -0.002545319204223204}