{"w": -0.5344150086935968, "b": 0.0541678838434905}