{"w": -0.06509076344568576, "b": 0.09829229979483134}