{"w": 0.252247244419519, "b": -0.08753503908951978}