{"cc": 0.6188614807852126, "alpha": 4.131125099485045e-18, "beta": 0.6188614807852125, "mx": 3.9968028886505634e-17, "my": 2.886579864025407e-17, "sx": 1.0, "sy": 0.9999999999999998}