{"w1": 0.5840405463091043, "w2": 0.1617500790333715, "b": -4.3260821288594135e-18}