{"w1": -0.9565621978170389, "w2": 0.32726529741840776, "b": 7.546899652710606e-19}