{"w": -0.41451932095552063, "b": 0.0071702393200980315}