{"w": 0.4906943366296588, "b": 1.6232541559595897e-17}