{"w": 0.4411457076351858, "b": 0.11942682041054065}