{"w1": 22.77506033284635, "w2": 11.956059691990028, "b": 0.7004006232762374}