{"w1": 1.2061410885463655, "w2": 0.6279527206305977, "b": 0.014716659156565125}