{"w": 0.7041671398058449, "b": 2.9457934396001127e-17}