{"w1": -0.5482410581192984, "w2": 0.03089400468136081, "b": 0.014102301018163411}