{"w1": -0.5913312496413744, "w2": 0.049281300118519444, "b": 0.017625448866167237}