{"w1": 0.19961432779699723, "w2": -0.7673101685800262, "b": -3.698318637260808e-18}