{"w1": 0.6947089841045154, "w2": -0.32763098739493196, "b": -1.333328518517981e-18}