{"cc": 0.7712872730823477, "alpha": -7.218263967763652e-17, "beta": 0.7712872730823477, "mx": 3.9968028886505634e-17, "my": -4.135580766728708e-17, "sx": 1.0, "sy": 1.0}