{"w": 0.7636507654280671, "b": -7.18774235191182e-17}