{"w": 0.7533525300256968, "b": 0.02183211255989781}