{"w1": -0.5705687344511643, "w2": -2.934568194528724, "b": 0.3915400921937541}