{"w": -0.06353667177965812, "b": -0.009473534583240559}