{"cc": 0.2436257263331592, "alpha": -3.8925425584572006e-16, "beta": 0.2436257263331592, "mx": 2.7755575615628915e-18, "my": -3.885780586188048e-16, "sx": 1.0, "sy": 1.0}