{"w": 0.24121359042887042, "b": -3.8924756082367137e-16}