{"w": 0.22671114225245548, "b": 0.008263807320385745}