{"w1": -0.384208442701669, "w2": -0.7686276345112019, "b": -0.03039055253246204}