{"w1": 0.6000671262336157, "w2": 0.249171861109638, "b": 3.0836117156049886e-17}