{"w": 0.2505088022210805, "b": 0.08130567336937262}