{"w": 0.3910240189923678, "b": -2.3551342802748786e-17}