{"w": 0.4062175216412466, "b": -0.009140921738597358}