{"w": 0.4791382370220659, "b": 0.004320802852626388}