{"w": -0.049552381412467206, "b": -0.2544106160920282}