{"w": -0.11184968273786297, "b": 2.757973883135897e-17}