{"w": 0.42870837886941726, "b": 6.505928210655785e-16}