{"w1": 0.59105951859583, "w2": -1.7021787609832852, "b": -0.2392358145601496}