{"w1": 0.1293430318290543, "w2": -0.4899294851766331, "b": 1.2225398071798643e-17}