{"w": -0.7748049895429141, "b": 1.4920185022404907e-16}