{"w1": -0.42667700394185365, "w2": -0.5770406393297782, "b": 0.015527105564810701}