{"w1": -0.3951876625875427, "w2": -0.5381282273776518, "b": 0.010429913817383615}