{"cc": 0.12433420685472786, "alpha": 1.951468286597749e-16, "beta": 0.12433420685472786, "mx": 3.7747582837255325e-17, "my": 1.9984014443252818e-16, "sx": 1.0000000000000002, "sy": 1.0000000000000002}