{"w": 0.16344985684842592, "b": 0.2569999123163615}