{"w": 0.6904939467909399, "b": -9.71755633691121e-19}