{"w": -0.26048586620790576, "b": -0.029060007279519906}