{"w1": -0.08071344351746298, "w2": -0.5649824247997446, "b": 7.401624065508912e-17}