{"w1": -0.07974285804616349, "w2": -1.3886961664608788, "b": 0.05518684127727578}