{"w1": -0.09619118392674306, "w2": -0.8698618330018183, "b": 0.008905210132220705}