{"w1": 1.704224685460098, "w2": -1.0741768708996142, "b": 0.07970403915063062}