{"w": 0.8351529426974269, "b": -0.06483743889185707}