{"w": -0.5014651528760626, "b": -2.971473237329894e-17}