{"w": -0.39257030884463956, "b": -0.0014687445358316908}