{"w": -0.4937040240658533, "b": 4.7476014177614595e-17}