{"w": -0.52458636038331, "b": -0.004392831085274916}