{"w": -0.4905319736917895, "b": -0.00441885308097828}