{"w": 0.5452826467794755, "b": -1.178197669897219e-17}