{"w": 0.5517681819053426, "b": 0.010623295102139295}