{"w": -0.1964225741335627, "b": 0.024303451504402447}