{"w": -0.1905545416589177, "b": -0.041322213371289704}