{"w": -0.014612007947001099, "b": 0.022989377325943715}