{"w": -0.04582797421383606, "b": -1.1157451316804762e-17}