{"w": 0.4789087444499743, "b": 0.05705754973542782}