{"w1": -0.6792277700825194, "w2": -0.6992536965396062, "b": 0.048804667132983495}