{"w1": 0.09880076875732743, "w2": -0.7257869258869343, "b": -0.005492525819664}