{"w": 0.6448178402533971, "b": 0.04994694465971051}