{"w": 0.005983390663641435, "b": -0.031002470349580855}