{"w": 0.04527286952016985, "b": -0.014763108819232599}