{"w": 0.022202523127612183, "b": -1.9478202435702334e-17}