{"w": 0.09624800118231006, "b": -0.04765382139814908}