{"w": -0.21381538542164694, "b": 6.956421767351502e-17}