{"w": 0.09503191002944725, "b": 0.23331105733425722}