{"w": 0.0031939308958631417, "b": -1.071664963412571e-16}