{"w1": 1.057921677668748, "w2": 1.6688263626684527, "b": 0.14775487708625065}