{"w1": 0.5010889728889794, "w2": 0.8048222463663544, "b": -0.004762119673207877}