{"w1": 1.8093546427036629, "w2": 0.5407518935054552, "b": -0.017195796537887116}