{"w1": 0.651914405289825, "w2": -0.5310133220713975, "b": 0.026527485044852146}