{"w": 0.5087926804379248, "b": -0.030974452655258503}