{"w": 0.9999999999999999, "b": 1.619537837171947e-16}