{"w1": -0.0016798963686964685, "w2": 0.4963514358896273, "b": 3.763706300730523e-18}