{"w": 0.5519674380990021, "b": 0.05765632799494116}