{"w": 0.6212706863932868, "b": -2.2411990356654517e-16}