{"w": -0.22458250280027764, "b": -1.4841946424204677e-16}