{"w": -0.4241272407704505, "b": 0.2829837910711884}