{"w": 0.19302881738385624, "b": 8.904094860320651e-17}