{"w": 0.8752592202612565, "b": -0.01385115538406434}