{"w": 0.8995505070754805, "b": -0.0018852874635466917}