{"w": 0.15769593513237587, "b": 0.04239583519546489}