{"w1": -1.275806085325804, "w2": -1.5625676659625758, "b": 0.29458026869938647}