{"w": -0.5970453153838243, "b": 0.04653868469445821}