{"w": -0.9741122095131448, "b": -1.68466487532472e-16}