{"w": -1.0000000000000002, "b": -1.687538997430238e-16}