{"w": -0.9644675341714308, "b": -1.6835941012617795e-16}