{"w": -0.9581948251760863, "b": 0.009158689028128917}