{"w": -0.9818618055226855, "b": -0.010859309808816386}