{"w1": -0.5337427407989934, "w2": -0.36896276118429966, "b": -0.02443007136754575}