{"w": 0.1149560734212925, "b": 1.8561802847572574e-16}