{"w": -0.7979472965434862, "b": -3.8869200655081226e-17}