{"w": -0.0035575268102881223, "b": -3.268227443971643e-17}