{"w": -0.10512059299657321, "b": 0.09018920819274351}