{"w1": 0.33795919849595535, "w2": 0.7225077949917408, "b": 1.156016400586151e-16}