{"w1": 0.34678832600729653, "w2": 0.7432983914219945, "b": -0.01527682886602144}