{"w": 0.01803223160455466, "b": 0.03204042859812305}