{"w": -0.05247728262881768, "b": 0.049380881912398866}