{"w1": 0.9606027267388563, "w2": 0.3121383481718344, "b": -0.041500271036459875}