{"w": -0.415617904832993, "b": 0.09070939484100099}