{"w": -0.3118032668051113, "b": -0.04489983462043934}