{"w": -0.2889140767606181, "b": 0.012134413160369204}