{"w1": -0.5594151699007546, "w2": 0.39049669979392915, "b": 4.1666362856034863e-17}