{"w1": 0.23281768793817328, "w2": -0.7647991434436646, "b": 6.691196934197582e-17}