{"w": 0.49236370985908606, "b": 0.008400713513853408}