{"w": -0.0287074211469736, "b": -0.05361131130319226}