{"w": 0.7498050874426907, "b": 6.403794007139163e-18}