{"w1": -0.5993261673441775, "w2": -0.2777956599397341, "b": -2.3614026283491946e-18}