{"w1": -0.5515562150290767, "w2": -0.274718659371657, "b": 8.500708489632968e-20}