{"w": -0.33988885661490864, "b": -0.000756272931649002}