{"w": 1.0000000000000007, "b": 1.5987211554602268e-16}