{"w": 0.3068559087523087, "b": -0.15831797052805416}