{"w": 0.09674439208277545, "b": -6.449418923302087e-17}