{"w1": -2.188484627210564, "w2": 0.11681539134581873, "b": -0.061576643044585475}