{"w1": 1.8975097251307023, "w2": -4.735348207098139, "b": 0.3567279046945145}