{"w": 0.5879595150187963, "b": 0.014145603584403251}