{"w": 0.3174868405948639, "b": 0.043480174649207164}