{"w1": -0.24730813678745736, "w2": 0.4162740443785241, "b": -2.7995666595136195e-18}