{"w1": -3.3330542080040098, "w2": -0.07561967553815975, "b": 0.23900645643924667}