{"w": 0.7762988015110012, "b": -0.0040285646768916}