{"w": 0.0771439869562511, "b": -0.0008426047993339153}