{"w": -0.042235259273862145, "b": -0.021661251034230184}