{"w1": 0.4567638725275809, "w2": 0.7125102756193136, "b": -8.596102279178503e-17}