{"w": 0.14511938063107388, "b": 0.1846412264247186}