{"w": -0.2580586527890032, "b": -1.5166525093972727e-16}