{"w1": -0.4659134938419544, "w2": -0.47241792601587035, "b": 1.8439101502880083e-16}