{"w1": -2.2573458458928237, "w2": -2.223646027875393, "b": -0.32991647082673325}