{"w": -0.22216706911098583, "b": -2.7132049498455535e-18}