{"w": -0.2201873625545513, "b": -2.6890278760350485e-18}