{"w": 0.37298705433673895, "b": -0.14116959406663548}