{"w": 0.7478184609980775, "b": 5.870425342446968e-17}