{"w": 0.12614433459791746, "b": -0.008748215021736463}