{"w": 0.2630580653643896, "b": -1.5719196547136243e-17}