{"w": 0.23938283948159453, "b": -1.5903190013354206e-17}