{"w": -0.147276160985508, "b": -0.08620653545227526}