{"w": -0.3613415118438405, "b": 0.25069153263286964}