{"w": -0.5217285095077355, "b": 3.0371714727925197e-16}