{"w": -0.3561413481510349, "b": -0.04698002306338813}