{"w": -0.6146649734939481, "b": -0.003223249963225032}