{"w1": -0.3154909578284391, "w2": 0.5431523351097237, "b": -1.7735223656619126e-17}