{"w1": -0.8577454887171597, "w2": 1.4766415366056675, "b": -0.025976588771705722}