{"w": -0.8733211972191842, "b": -0.01562507478640271}