{"w": 0.3427791102511724, "b": -5.014368288744433e-17}