{"w": 0.2890830396971744, "b": 0.000986163496841943}