{"w": 0.29002135335562285, "b": 0.0012762403183192855}