{"w": 0.5691805585193533, "b": 6.661338147750939e-18}