{"w": 0.55966120186558, "b": 0.0002913139291203029}