{"w1": -0.2979087555367128, "w2": -0.75642039920862, "b": 0.0013378436268112453}