{"w1": -1.823329519159895, "w2": 0.7308557498108581, "b": 0.043599232019958065}