{"w1": -0.8417491844772418, "w2": 0.3701235342367682, "b": -0.0008574052610475164}