{"w1": 0.4301109014438918, "w2": -1.300394156989423, "b": -0.18921446353251592}