{"w1": 0.246652528999985, "w2": -5.039702556426863, "b": -2.2420020110666794}