{"w1": 0.29549511051064214, "w2": -2.298255304092135, "b": -0.9538533319777632}