{"w": 0.7121080026386993, "b": 0.0612900903684651}