{"w": 0.4535543640978506, "b": -0.011030306560322717}