{"w": 0.4725037422768216, "b": -1.8877831033688344e-16}