{"w": -0.10549117887413229, "b": -0.0006156668864884147}