{"w": -0.08832564393414075, "b": 0.14955868195206945}