{"w": -0.20932384870914592, "b": 0.15481897614647308}