{"w": -0.1780710804004845, "b": 0.15590797850634297}