{"w": -0.9656216233981174, "b": -0.028209492149773974}