{"w": 0.34798569237434784, "b": -4.568395057574848e-16}