{"w": 0.7982561802406062, "b": -0.045746745041420844}