{"w1": 0.7543867662470923, "w2": 0.013502055874026373, "b": -2.0153367403229825e-17}