{"w": -0.026819135093369556, "b": -0.04548183236431272}