{"w": 0.10530300389913659, "b": 0.09083505718884574}