{"w": 0.280056922494489, "b": 0.012978751644365865}