{"w1": 0.3874227080192715, "w2": 0.9303979385162015, "b": 3.330370560126826e-17}