{"w": 0.9776004559479267, "b": 2.2602356325266607e-17}