{"w": 0.30734014466575466, "b": 0.20462800481088408}