{"w": 0.4705417833364968, "b": -0.06103197036009745}