{"w": -0.7932574561208517, "b": -0.004887602204338513}