{"w": -0.44845350958146635, "b": 0.0012347814234590915}