{"w": -0.4779501630273214, "b": 3.5139419966715376e-16}