{"w": -0.9999999999999999, "b": 3.4638958368304885e-16}