{"cc": -0.6096802499777014, "alpha": -2.0134378331681052e-17, "beta": -0.6096802499777013, "mx": 1.8873791418627663e-17, "my": -3.164135620181696e-17, "sx": 1.0, "sy": 0.9999999999999998}