{"w": -0.05078393848088697, "b": 0.04623326792224126}