{"w": -0.16883417831694214, "b": 0.03128101126333216}