{"w": 0.573691052378777, "b": 0.0007178438396190923}