{"w": -0.5488686850381114, "b": 2.46793493908143e-17}