{"w": 0.07434225564631834, "b": 0.036221152888048246}