{"w": 0.14723614725821668, "b": 0.045521685556546294}