{"w": 0.6407410905626317, "b": 2.1135271395490453e-18}