{"w": -0.4215835323907919, "b": -0.017120273459034635}