{"w": -0.8257162470846305, "b": -0.016279262902051034}