{"w": 0.9405371738288607, "b": -0.0118279891182993}