{"w": 0.9084826914309215, "b": -0.011064201809135789}