{"w": 0.8661368236099681, "b": -0.009702378055584472}