{"w1": 1.114383467419305, "w2": -0.4310304388395798, "b": 0.044549794981301634}