{"w": -0.21590292318747697, "b": 2.945218010131405e-17}