{"w1": -0.06758409295474811, "w2": 0.9010742715342968, "b": -4.926933599676814e-17}