{"w": -0.03230777805716541, "b": -0.17588911217817574}