{"w": -0.03361929527506633, "b": -0.17590816697771816}