{"w": -0.7070947335666773, "b": 0.07645985130653533}