{"w": -0.797597965946903, "b": -1.0213658616540191e-16}