{"w": 0.9482618583404044, "b": -1.6691038125999223e-17}