{"w1": 0.30638720057906677, "w2": 0.4010465155905119, "b": -2.2541801629028148e-17}