{"w1": 1.1501888897185566, "w2": -0.03187121551827549, "b": -0.008138079922533514}