{"w": -0.9661050516417912, "b": -0.0020344256182641745}