{"w": -0.9667248716587736, "b": -0.0025013254971072707}