{"w": 0.5466812022860464, "b": 1.8592793123524956e-17}