{"w": 0.18286605715844473, "b": -0.058414381085724165}