{"w": 0.849220527909642, "b": -3.17423633798301e-17}