{"w1": -0.5563622372396354, "w2": 0.4454750321472921, "b": 3.0969849277416347e-18}