{"cc": -0.5367071858853316, "alpha": -5.307945706576288e-17, "beta": -0.5367071858853316, "mx": -2.6645352591003756e-16, "my": 8.992806499463769e-17, "sx": 1.0, "sy": 1.0}