{"w": -0.43892027734627964, "b": -0.1265182529729264}