{"w": -0.07052496129313551, "b": 0.05841557439927218}