{"w": -0.3498258603395764, "b": 0.13523887416245473}