{"w": -1.0000000000000007, "b": -1.3322676295501885e-16}