{"w": -0.440149301477718, "b": -0.055509746671011787}