{"w1": 1.2535793947827427, "w2": -1.2140549370834068, "b": 0.23435243976721917}