{"w": -0.2536361611330449, "b": -0.04762964318696385}