{"w": -0.2621955070506844, "b": -0.08846691548403862}