{"w": -0.06048832470730412, "b": -0.020392038004341154}