{"w1": 0.8528504260175928, "w2": -0.4783986429704995, "b": -0.013700920149219448}