{"w1": -1.8251613989662105, "w2": 0.8340881612681903, "b": 0.03185232520975614}