{"w": -0.4736709589799318, "b": 0.06846120616297816}