{"w": -1.0000000000000024, "b": 2.77555756156298e-18}