{"w": 0.3656108050738787, "b": -0.01817188923310971}