{"w": -0.03756941854376401, "b": 0.08431076386097272}