{"w": -0.6357992300754931, "b": -1.3212974293638107e-17}