{"w": -0.6414656526923904, "b": 2.8919359522457167e-18}