{"w": 0.17520175785650818, "b": -1.4992490756793503e-17}