{"w": -0.7886057752406913, "b": 4.9992909042103785e-17}