{"w": -0.7971396661980888, "b": 0.06551985089473633}