{"w": 0.23143509220660313, "b": 0.23089454123375372}