{"w": 0.9999999999999991, "b": -2.0816681711713846e-19}