{"w": 0.22285170859445036, "b": 0.22520552836749608}