{"w": 0.6175998742890197, "b": -9.950260358582263e-18}