{"w": 0.6331395527385683, "b": 0.3782159960802811}