{"w": -0.4843148325606063, "b": 0.25154220548080575}