{"w": 0.9999999999999993, "b": 3.108624468950437e-17}