{"w": 0.5293570933174356, "b": 2.0635872861994546e-17}