{"w": 0.021739560374834325, "b": 0.016750420928207554}