{"w": 0.3524182166648732, "b": 1.1440666673278862e-16}