{"w": 0.3679749017551149, "b": 0.0035254782061397427}