{"w": 0.12600203721865585, "b": -0.00955253259394797}