{"w": 0.7591031543400238, "b": 0.053422650703337245}