{"w": 0.8241214719526495, "b": -0.008929818925855756}