{"w": 0.9462928102124607, "b": -7.232912889898643e-17}