{"w1": 0.7602817894672741, "w2": -0.4923563341469559, "b": 0.12095970298016502}