{"w": 0.24703948399513065, "b": -0.0003808330007664777}