{"w": 0.03956948002486961, "b": 0.03040510044617893}