{"w": 0.6484284209610788, "b": -0.004218238491034111}