{"w": 0.27284236062949613, "b": -0.003492213856148583}