{"w": 0.16046168503163594, "b": 0.04065935331535522}