{"w": 0.15997813988731355, "b": 0.041358520352673026}