{"w1": -1.2605418356565716, "w2": 0.49789649355373683, "b": 0.07977378535791721}