{"w1": -0.4191907393053502, "w2": 0.21911827627545408, "b": 0.0037761631164014136}