{"w": 0.25323486405676243, "b": 0.01634942464812352}