{"w": -0.8088704816320886, "b": 0.008673402381706705}