{"w": -0.005890645811752712, "b": -0.18902677702537407}