{"w": 0.7635597720178994, "b": -0.03803669884172417}