{"w": 0.7595144905613816, "b": -0.03854285177531718}