{"w1": 0.03708369901985563, "w2": 1.4514344266056463, "b": -0.04243731977080878}