{"w1": -0.02199718837668686, "w2": 0.5406973808417094, "b": -0.017445978116273353}