{"w": -0.9999999999999999, "b": -8.548717289613706e-17}