{"w": -0.2900610490996155, "b": 4.194300586424995e-17}