{"w": -0.6374582376122541, "b": 0.005795743653423491}