{"w": -0.3360734339840261, "b": 3.929480690573037e-17}