{"w": 0.20606530703200618, "b": 3.068221407840314e-18}