{"w": -0.06694826992604538, "b": 0.0012747743462555722}