{"w": 0.40451692590830207, "b": -0.009589236665895801}