{"w": 0.5197214385166434, "b": -0.03843909558531619}