{"w": 0.5283378033671833, "b": 0.004853266601643525}