{"w": 0.650265026548119, "b": -0.1047493394868875}