{"w": 0.07049416155093308, "b": 4.167004978653188e-17}