{"w": -0.3893384008690655, "b": -1.3739072430276945e-18}