{"w": -0.6780586344661744, "b": 0.13871561339679692}