{"w": -0.697619208100492, "b": 3.320096233940771e-17}