{"w": 0.5613013422350287, "b": 0.09668946347448465}