{"w1": 0.5946081368829423, "w2": -0.4394641080646467, "b": 5.439747514890248e-18}