{"w": -0.0843422074284546, "b": 0.01235423293506082}