{"w": -0.5478061602480965, "b": -0.00610486052394338}