{"w1": 12.410512735984458, "w2": 0.0036359111585621503, "b": 1.6418159701749733}