{"w": 0.3247060219289245, "b": -0.17223254253927645}