{"w": 0.32824931163574916, "b": -0.1953729800507732}