{"w": 0.650366916893739, "b": 0.0061912454545816386}