{"w": -0.23358827890672956, "b": -0.07222938953391887}