{"w1": -0.6449898345882241, "w2": 0.18952590901544508, "b": -1.0680852233369535e-16}