{"w": 0.639913615070191, "b": 0.007453466492633004}