{"w": 0.4612895552982136, "b": 0.18206329100574178}