{"w": 0.442819738941962, "b": 0.29288554094062474}