{"w1": -10.823467613003672, "w2": 34.6282948466162, "b": 9.337553133070067}