{"w1": -0.09902816565822863, "w2": 0.6543028960521926, "b": 0.009305677578285224}