{"w": -0.33568774580279326, "b": -0.011784893633997666}