{"w": -0.30069778043918377, "b": -0.045257082080423894}