{"w": -0.015814927417465183, "b": 1.3637172969736768e-16}