{"w1": 0.3417510137401018, "w2": -0.5273736400966933, "b": -0.007293181945915099}