{"w": -0.11549712412954664, "b": 0.14593203723924697}