{"w1": -1.827678054362741, "w2": -0.3885506924157139, "b": -0.0711117993763729}