{"cc": 0.7552886873717599, "alpha": 4.1089995156111136e-17, "beta": 0.7552886873717598, "mx": -2.220446049250313e-18, "my": 3.9412917374193055e-17, "sx": 1.0, "sy": 0.9999999999999999}