{"w": 0.5923762423928443, "b": 2.1407782105496328e-16}