{"w1": 1.373653217468912, "w2": -0.8180002120078521, "b": -0.12399604129695559}