{"w": -0.2492180627355305, "b": 0.09937834645937726}