{"w": -0.7713127752874979, "b": 0.01809351873056422}