{"w1": 0.8312424475569447, "w2": -0.011668334574106832, "b": -2.489667791589101e-17}