{"w": -0.9109391454601898, "b": -4.521445923359683e-16}