{"w": 0.49553947025864736, "b": -3.2636146663078274e-16}