{"w1": 1.882569226049264, "w2": -1.7663772030243938, "b": 0.22283061987231187}