{"w1": -0.18716222383865158, "w2": -0.7310124519202897, "b": -3.2672864480433415e-17}