{"w1": -0.5248984557034714, "w2": -1.461275862412964, "b": 0.18151327314979815}