{"w": -0.2366724064394134, "b": -0.013619361819322696}