{"w": -0.3360885911456053, "b": -0.06541447204225098}