{"w": -0.3019121299972079, "b": -0.12788663140302078}