{"w": -0.3128730610659539, "b": 0.013595770232327572}