{"w": 0.5336914929446025, "b": 0.03778603674336131}