{"cc": -0.5730123963864521, "alpha": 5.3428207684017105e-17, "beta": -0.573012396386452, "mx": -1.3322676295501878e-17, "my": 6.106226635438361e-17, "sx": 1.0000000000000002, "sy": 1.0}