{"w": -0.9999999999999999, "b": 4.7739590058881737e-17}