{"w": -0.3227800539852205, "b": -0.07661327798515008}