{"w": -0.2856839540288634, "b": -0.1720091376124773}