{"w": -0.1641602423100382, "b": -0.032506663231695695}