{"w1": 0.38122029179632955, "w2": -1.756992298043509, "b": 0.07047394585309874}