{"w": -1.0000000000000009, "b": 5.55111512312588e-19}