{"w": 0.6923064618964122, "b": 0.0007863614135606156}