{"w1": 5.685327598217947, "w2": 13.578302505389688, "b": 0.40053445546856337}