{"w1": 0.5323992182110874, "w2": 1.2242503700635803, "b": 0.012425296039636796}