{"w1": 0.054671981512091926, "w2": -0.7375758327798472, "b": 3.12981926541319e-17}