{"w": 0.4053431664086931, "b": -0.013798471921438949}