{"w": -0.0003583114643813659, "b": -0.18244121128345153}