{"w": 0.053429976152878284, "b": -8.556798946428274e-17}