{"w": 0.16475362115223469, "b": 3.7120129857741454e-17}