{"cc": -0.0020303429801388495, "alpha": -4.225046360767794e-17, "beta": -0.0020303429801388495, "mx": -3.053113317719181e-17, "my": -4.218847493575595e-17, "sx": 1.0, "sy": 1.0}