{"w1": -2.3711537351050755, "w2": -0.6415023945865912, "b": -0.12579277740920392}