{"w": -1.0000000000000004, "b": -9.880984919163895e-17}