{"w": -0.06242381341370018, "b": 0.1054367001467702}