{"w": -0.47016984836931897, "b": 0.09771421284228696}