{"w": -0.37837729024546357, "b": 0.2147299637704284}