{"w1": -0.33843697428671, "w2": -0.6556222330029046, "b": -5.217544681877745e-17}