{"w": 0.3199824807750177, "b": -0.12753769835855563}