{"w": -0.02662415781158057, "b": -0.0013087115526946398}