{"w": -0.6219637409917117, "b": 0.11075032138286107}