{"w1": -3.4875615512701033, "w2": 1.7331740724744777, "b": 0.006059900655965678}