{"w1": -0.8438158932669695, "w2": 0.36439050993576017, "b": -5.1760838856081804e-17}