{"w1": 0.729167789724594, "w2": 0.013242672511098865, "b": -3.5838422487799786e-17}