{"w1": 0.36365862226281664, "w2": 1.4231359923524636, "b": 0.06481565699847802}