{"w": 0.6906590722905847, "b": 5.220921425975301e-16}