{"w1": 15.735777922350177, "w2": -23.575794470240552, "b": -0.23876435988398448}