{"w1": 1.0232974813671631, "w2": -0.9519353541618096, "b": 0.04420934928667884}