{"w1": -0.5091716328501849, "w2": 0.14291594733382376, "b": 6.386857405024825e-18}