{"w1": -1.013010116417579, "w2": 0.3725000765039185, "b": -0.3342719062033505}