{"w": -0.39069912342432983, "b": 0.0344343709549356}