{"w": -0.41099169240302236, "b": -1.5693807728230155e-16}