{"w": 0.3405326211628308, "b": 0.07524268439916115}