{"w": -0.151827099994042, "b": 0.08002758865358321}