{"w": 0.06418372939563831, "b": 0.23057179434112676}