{"w": 0.0624140510973162, "b": -3.164120352589584e-16}