{"w": 0.05914161365018242, "b": -0.03489367088010504}