{"cc": -0.6567180581464038, "alpha": 1.082051729864727e-17, "beta": -0.6567180581464037, "mx": -8.881784197001253e-18, "my": 1.6653345369377347e-17, "sx": 1.0, "sy": 0.9999999999999998}