{"w": -0.6754400936238273, "b": -0.011249574217200053}