{"w": 0.10107637098469319, "b": -0.001274768583762246}