{"w": -0.2336285941410782, "b": -8.568175099203169e-17}