{"w": 0.6658912269143732, "b": 0.013480506249070788}