{"w1": -1.5016775907743598, "w2": -1.5770265950642663, "b": 0.02809708987887012}