{"w": -0.23891371896357552, "b": 0.08989213013566524}