{"w": -0.2410626330497336, "b": 0.10166746247267144}