{"w": 0.6462527858849708, "b": -0.003208938708328136}