{"w1": 0.9224581717893324, "w2": -0.08093920068216677, "b": 0.07342465018654917}