{"w": 0.08583237745899432, "b": -1.613715160163745e-16}