{"w": 0.7546261976542554, "b": -0.002526504390894941}