{"w": -0.13142887068314793, "b": -0.0017056713818785207}