{"w": 0.6898354419040887, "b": -3.56217164336403e-18}