{"w": -0.008544461780873529, "b": -0.10006736177607992}