{"w": -0.009204757260136082, "b": -0.10010195657670505}