{"w": -0.3072732723180368, "b": -0.0499980582975067}