{"w": -0.2593259987193236, "b": 0.007106272084767094}