{"w": 0.7676575384716142, "b": -0.006458390743778229}