{"w": -0.41530284495652436, "b": 0.2194051746220663}