{"w": -0.48570274310907735, "b": 0.017654509065621087}