{"w": 0.7092996720420777, "b": -0.00986424072144285}