{"w": 0.2333119700177067, "b": 0.018789590450487906}