{"w": 0.7091719466386968, "b": 0.005211412891238602}