{"w1": -2.8601690720272432, "w2": 2.3023080937147684, "b": 1.034595001621932}