{"w": 0.5998661357461904, "b": 0.0026115778339416834}