{"w1": -0.353235575552167, "w2": -0.18786937136729628, "b": -0.0020652807937005507}