{"w1": -0.349583584308737, "w2": -0.18644511942563702, "b": -0.0017453476549500239}