{"w1": 0.9563895635008225, "w2": -0.0923081035520953, "b": -0.006540955491846856}