{"w": 0.6177069732674095, "b": -0.01730968238908528}