{"w": 0.8499988792596694, "b": 2.2426539937036308e-17}