{"w": 0.780453516411151, "b": 2.4588444103565722e-17}