{"w1": -2.0379435547883227, "w2": -6.777772338484617, "b": -1.9216880620691246}