{"cc": 0.7081713229513601, "alpha": 3.30258973647851e-17, "beta": 0.7081713229513602, "mx": -1.9984014443252817e-17, "my": 1.8873791418627663e-17, "sx": 0.9999999999999999, "sy": 1.0}