{"w": 0.611408704808248, "b": 0.092488211744263}