{"w": 0.024691123832050587, "b": -0.05498264076619412}