{"w": 0.13505177837740723, "b": -0.0053244386456261505}