{"w": 0.7377903681569437, "b": -1.3709202173177867e-17}