{"w": -0.9188795878120347, "b": 0.022580766138757546}