{"w1": 0.6238958601356689, "w2": -0.2121535174540709, "b": -0.025337863743665683}