{"w": -0.4072935441004449, "b": -0.0181172389144713}