{"w": -0.46727333074671323, "b": 0.0035154373643144846}