{"w1": 0.6309224185589996, "w2": -0.24223198161005804, "b": 3.5626898098216277e-19}