{"w1": 0.709641311561265, "w2": -0.3031070923243632, "b": 0.003729295454234005}