{"w1": -0.4223549948575376, "w2": -0.5874608355961766, "b": -7.08689265125782e-17}