{"w1": -3.347559560224268, "w2": -0.2934146373139658, "b": 0.28696920563245526}