{"w": -0.3697097244491998, "b": -5.3730816389379015e-17}