{"w": -0.36841882208274757, "b": 0.010743686623687146}