{"w": -0.18431971417291318, "b": 1.756688496050238e-16}