{"w": 0.3469832712178208, "b": 7.383938153821929e-17}