{"w1": 0.24961661893584347, "w2": -0.42907485804973905, "b": 2.2770592474230024e-17}