{"w1": 0.9810310782598147, "w2": 0.5429380646834412, "b": 0.06961529566986394}