{"w1": -0.7461188208578599, "w2": -0.23154101938771035, "b": -1.4254449724606745e-17}