{"w": -0.5148962806157362, "b": 0.03471882486809999}