{"w1": -0.7911102920604008, "w2": 1.435046025674532, "b": 0.0459813462583781}