{"w": 0.3809579369497214, "b": 0.0319167310963917}