{"w": -0.18834191100145078, "b": 0.049013813375267785}