{"w1": -0.1115908727258628, "w2": -0.693727351550976, "b": -2.7759916010028885e-17}