{"w": 0.5059502795384282, "b": -0.041265099026611365}