{"w": 0.020536069572002307, "b": 1.5383525023833204e-17}