{"cc": 0.07519970133003931, "alpha": 4.1744964252183165e-16, "beta": 0.0751997013300393, "mx": 4.052314039881821e-17, "my": 4.2049697057677805e-16, "sx": 1.0, "sy": 0.9999999999999998}