{"w": 0.06836336484549026, "b": 4.177266723450086e-16}