{"w1": -0.42054466644295246, "w2": -0.4430553788422996, "b": 1.2933424885151752e-16}