{"w1": -1.6574845545408927, "w2": -1.4939945772483976, "b": -0.15680656565456225}