{"w1": -0.9240784312056326, "w2": -1.011218987667937, "b": -0.19862058400486599}