{"w1": -2.092583895345213, "w2": -0.6978157682067293, "b": -0.028271851403694256}