{"w": -0.2124263817714192, "b": 0.011554717733261327}