{"w": -0.1890023571725861, "b": 0.01977567596421765}