{"w": -0.1841069570587244, "b": -0.3010287442610248}