{"w": 0.01560093076043353, "b": -3.729396734551056e-16}