{"w": 0.015446466099439143, "b": -3.729406166513328e-16}