{"w": 0.12339547762132481, "b": -0.008018669428991765}