{"w1": -0.7723164326555454, "w2": 0.12042279508367512, "b": 5.0303892712777e-17}