{"cc": 0.7369930195328243, "alpha": 2.3819138595908094e-16, "beta": 0.7369930195328243, "mx": -3.216871213851391e-16, "my": 1.1102230246251566e-18, "sx": 0.9999999999999999, "sy": 0.9999999999999998}