{"cc": 0.9803337897454021, "alpha": 2.838545329275504e-17, "beta": 0.9803337897454021, "mx": -2.4424906541753444e-17, "my": 4.440892098500626e-18, "sx": 1.0, "sy": 1.0}