{"w": 0.4233688945117029, "b": 7.271539411862521e-17}