{"w": 0.21480644162127296, "b": 0.014496833672753498}