{"w": 0.2595422637963213, "b": -0.0003620843591341169}