{"w": 0.4154456613639637, "b": 7.593061947674854e-17}