{"cc": 0.7588107979364844, "alpha": -3.152703320057483e-17, "beta": 0.7588107979364844, "mx": 2.7755575615628915e-18, "my": -2.942091015256665e-17, "sx": 1.0, "sy": 1.0}