{"w": 0.7976606470761227, "b": -0.00484078798184965}