{"w": -0.22379839591812042, "b": -2.3700074592178153e-17}