{"cc": 0.1340807580444811, "alpha": 3.4965801714766254e-17, "beta": 0.1340807580444811, "mx": 8.326672684688674e-18, "my": 3.608224830031759e-17, "sx": 1.0, "sy": 1.0}