{"w": 0.9999999999999984, "b": 2.7755575615628926e-17}