{"w": -0.41497284697753006, "b": -0.006275813966558866}