{"w": -0.32602036786938093, "b": 0.14694825952797222}