{"w": -0.4982346001651125, "b": -4.59213764934838e-17}