{"w": 0.08810765680567488, "b": 2.2933164515974113e-17}