{"w1": -2.031010958494995, "w2": -1.806213931153024, "b": 0.2603689781692678}