{"w1": -1.4928056509701138, "w2": -1.5786410117493443, "b": -0.05301732105001067}