{"w": 0.2182934432308987, "b": 4.661314687946922e-17}