{"w1": 0.5108137507156367, "w2": 1.4740843631424874, "b": -0.094484329168558}