{"w": 0.052212137658401964, "b": -1.1812968196110606e-16}