{"cc": 0.6641048215812899, "alpha": 4.5345483716457794e-17, "beta": 0.6641048215812899, "mx": 4.440892098500626e-18, "my": 4.829470157119431e-17, "sx": 1.0, "sy": 1.0}