{"w": 0.6639530860222647, "b": -0.01671225737416216}