{"w": -0.34731236088842643, "b": -0.014632865589500743}