{"w": 0.4288845653826491, "b": 0.1863071567227989}