{"w": 1.0000000000000007, "b": 2.930988785010414e-16}