{"w": -0.4125458255802372, "b": -0.04598920766932988}