{"w": -0.4010011028504199, "b": -0.06862803629831926}