{"w": -0.4139464347287981, "b": -2.0772693398442758e-16}