{"w": 0.023291085689332955, "b": -1.5505543617420517e-16}