{"w": -0.06302762548481791, "b": 1.7317604681875247e-16}