{"w": 0.4415347133956518, "b": -8.01334907879142e-17}