{"w1": 0.5067143422740217, "w2": 0.3295159712575002, "b": 2.685500433507266e-18}