{"w1": 0.5409271653116912, "w2": 0.3429208257667661, "b": -0.008788724609080197}