{"w": 0.6501955768698633, "b": -0.04946356287144779}