{"w": 0.6532548271699238, "b": 0.0028421467587964873}