{"cc": -0.6493977443927565, "alpha": 6.700999738638659e-17, "beta": -0.6493977443927565, "mx": 7.882583474838611e-17, "my": 1.582067810090848e-17, "sx": 1.0, "sy": 1.0}