{"w": -0.5257101240885794, "b": 0.1823872193103949}