{"w": -0.5755502941678536, "b": -2.595257071576745e-16}