{"w1": -14.691327364326314, "w2": -3.860614458940586, "b": -0.6133166670805618}