{"w1": -0.6494487980968023, "w2": -0.36844971252207426, "b": -6.002420635345765e-17}