{"w1": -0.348944522187949, "w2": 0.007488498323805315, "b": 3.474995072068982e-18}