{"w": 0.7911589475197578, "b": 0.02783946342813608}