{"cc": 0.6271369416158177, "alpha": -2.5832114632003426e-17, "beta": 0.6271369416158178, "mx": 3.344546861683284e-17, "my": -4.8572257327350596e-18, "sx": 0.9999999999999999, "sy": 1.0}