{"w": 0.19961492560492256, "b": 2.766828359040992e-16}