{"w": 0.2105959620561106, "b": -0.003937333532026493}