{"w": 0.6811916556008825, "b": 0.04062659124711466}