{"w1": 6.733710305019314, "w2": 2.2613775658957085, "b": -0.7526844961076476}