{"w1": 2.0651107578901793, "w2": 0.6267848291204161, "b": -0.31127211809438315}