{"w": -0.48512250367968784, "b": 0.10410370122915504}