{"w": -0.05497569266387459, "b": 0.028414717176896476}