{"w": -0.011976849749939409, "b": 0.04082899331560115}