{"w1": 0.8799770164333045, "w2": -0.4063770744012081, "b": 7.805564388177464e-17}