{"w": 0.1550055479256719, "b": 0.14531547543895382}