{"w": 0.17093660956405926, "b": 0.1713897922227552}