{"w": 0.24810793468003162, "b": -0.01590218912032925}