{"cc": 0.6656035103855515, "alpha": 2.8872880683746484e-17, "beta": 0.6656035103855515, "mx": 6.661338147750939e-18, "my": 3.3306690738754695e-17, "sx": 1.0, "sy": 1.0}