{"w": 0.28377646092970704, "b": -0.0027674236885660134}