{"w": 0.2924939543196612, "b": -8.175918878582857e-17}