{"w": 0.27033955380161306, "b": -0.08037139721846}