{"w": -0.9778194553382121, "b": 2.5091873241498214e-17}