{"w1": 0.3027158975620892, "w2": -0.40129075519003865, "b": 4.7096512113343257e-17}