{"w": 0.0164341251175457, "b": -3.761487400430346e-17}