{"w": 0.2674389587578548, "b": -0.16378640823693347}