{"w": -0.037447596880561665, "b": -0.011937626097902717}