{"w": 0.06034774261939842, "b": 0.0914941422961964}