{"w": 0.09745562572041865, "b": 0.14190570717328146}