{"w": 0.2444641081195517, "b": 1.871374787883283e-16}