{"w": -0.7430005770351653, "b": 0.003910240679744919}