{"w1": 0.130537781492027, "w2": -0.4313502466705569, "b": 0.00637594995953932}