{"w": 0.8202349194750511, "b": -1.04784188483804e-17}