{"w": 0.8372761893081443, "b": -0.00594212056767485}