{"w1": -1.270944746562164, "w2": 0.3676489332382282, "b": -0.0016366216058640148}