{"w1": -3.7497805611749953, "w2": 1.0073875084228705, "b": 0.707736209143643}