{"w": 0.06884377941221426, "b": -3.522140899198239e-17}