{"w": 0.541776913094145, "b": 0.02791668408408579}