{"w": 0.903690852420161, "b": 0.007852017222325683}