{"cc": 0.9818302126242116, "alpha": 3.4372076572922967e-17, "beta": 0.9818302126242116, "mx": -4.829470157119431e-17, "my": -1.3045120539345589e-17, "sx": 1.0, "sy": 1.0}