{"w": 0.9882919687592223, "b": 0.003715242726555446}