{"w": 0.892572920567465, "b": 3.0061422289989454e-17}