{"w1": -0.8929587668751938, "w2": 1.6991544088869994, "b": 0.33452341784327105}