{"w1": 0.24456153582422063, "w2": -0.5798524366886066, "b": -8.955731532615653e-18}