{"w1": 0.27158203295346717, "w2": -0.5856660091023362, "b": -0.01296709488096173}