{"w": 1.0000000000001847, "b": 1.9705879811205194e-11}