{"w": -0.14766604943556558, "b": 4.440964355507891e-16}