{"w": 0.19066588659989636, "b": -0.21544945008447658}