{"w": -0.13560476230950783, "b": 0.08932108896135803}