{"w": 0.9665355619443474, "b": -0.01699915118852277}