{"w": 0.8897162996414746, "b": -2.786354700413141e-17}