{"w": 0.8824561246303042, "b": 0.022257762542293086}