{"w1": 2.7678311092146166, "w2": 0.5948149490949508, "b": -1.1817649029168966}