{"w1": 0.7075627803712832, "w2": -0.264405691595139, "b": -6.785106343834612e-17}