{"cc": -0.5168327669782329, "alpha": -2.5327743521657363e-18, "beta": -0.516832766978233, "mx": -4.440892098500626e-18, "my": -2.3757580104588617e-19, "sx": 0.9999999999999999, "sy": 1.0}