{"w": 0.042088489176193386, "b": 6.119120957415175e-17}