{"w": 0.7305816138179156, "b": 0.004790437758709265}