{"w": 0.20701485192419325, "b": 0.06663085301857483}