{"w": 0.7668808397334917, "b": 3.361368808601009e-17}