{"w": -0.17509809878036198, "b": 0.00366031054454287}