{"w": -0.19547849966604258, "b": -0.0019142781460320182}