{"w1": 4.152951871107993, "w2": -1.8383621442123346, "b": 1.045230173015189}