{"w1": 1.3547522169915458, "w2": -0.5499971938972112, "b": 0.06309713647731716}