{"w1": 3.0371515569788814, "w2": -1.1048373033401433, "b": 0.8817666892124573}