{"cc": -0.06826831725519847, "alpha": 9.232465726785489e-17, "beta": -0.0682683172551985, "mx": -5.551115123125783e-18, "my": 9.270362255620057e-17, "sx": 0.9999999999999999, "sy": 1.0000000000000002}