{"w": -0.062062106595634936, "b": 9.235910865770449e-17}