{"w": 0.31422583899323364, "b": -0.11835689807254009}