{"w": 0.14035701054380484, "b": -1.4064703282527168e-16}