{"w": 0.27541902554662323, "b": -0.12463050432649471}