{"w": 0.9012542429212413, "b": -0.001861597458765817}