{"w": -0.25590965333227184, "b": 0.4670667266361732}