{"w": -0.12876113126302732, "b": -0.03352569045554907}