{"w": 0.7674421932331449, "b": -0.00357296943604367}