{"w": 0.775981909969106, "b": 0.0013809712944793198}