{"w1": -1.028888623108095, "w2": -1.0511316976420169, "b": 0.17661585809688937}