{"w": 0.07064459161585464, "b": 0.18854727823067371}