{"w": -0.03170295243190491, "b": -1.352802740735179e-16}