{"w": 0.010038468476759595, "b": 5.4529628860591465e-17}