{"w": -0.2651641350741043, "b": 0.026604086203303012}