{"cc": 0.5009769648995772, "alpha": -6.481875974059393e-17, "beta": 0.5009769648995772, "mx": 9.714451465470119e-18, "my": -5.995204332975846e-17, "sx": 1.0, "sy": 1.0}