{"w": -0.5525191361725725, "b": -5.996815188660256e-17}