{"w": -0.6852704163882208, "b": 0.009376488261749964}