{"w": -0.20663271983569817, "b": 0.08079859515311401}