{"w1": 0.24609053522808352, "w2": 2.1647253597643807, "b": 0.014495760213615412}