{"w1": 0.017440411526755, "w2": 0.48816375387874117, "b": -3.3273012949893835e-17}