{"w": 0.3580704572552301, "b": 0.0002598080250879342}