{"w": 0.39083307683142127, "b": 4.981459655017696e-16}