{"w": -0.962394239921259, "b": 0.00011299707597826096}