{"w": -0.9677298620145512, "b": -1.3251022195103327e-17}