{"w1": 0.04959102107066768, "w2": -0.6791784361720642, "b": -0.02102393396044424}