{"w": 0.4769983726848329, "b": 0.044811877983801846}