{"w1": 0.1069615383155707, "w2": 0.46159148683547585, "b": -2.4799248214039723e-17}