{"w1": 0.4406721759140269, "w2": 1.371066797015022, "b": 0.04307329608148878}