{"w": -0.0551080642199314, "b": 0.06489767141452155}