{"cc": -0.43491596386095455, "alpha": 1.3322676295501878e-17, "beta": -0.43491596386095455, "mx": 0.0, "my": 1.3322676295501878e-17, "sx": 1.0, "sy": 1.0}