{"w": 0.14755763372829567, "b": -0.0005225804378192062}