{"w1": 0.06325436352427524, "w2": -0.20086166722078322, "b": 3.9528836499533315e-07}