{"w": 0.2302471236970998, "b": -0.05960108843517474}