{"w": 0.2583334014720262, "b": -0.129637686405366}