{"w": 0.24334482074718478, "b": -0.12313726874669935}