{"w": 0.406025888326983, "b": -0.044946814473637166}