{"w1": -19.476034281506966, "w2": -22.85180826414307, "b": -1.5637280820200175}