{"w1": -0.7042662867470528, "w2": -0.6913520680501518, "b": -0.04453953923792193}