{"w": 0.9669423612283865, "b": 6.531965169436431e-17}