{"cc": 0.005379206655455132, "alpha": 2.909460545262546e-17, "beta": 0.005379206655455132, "mx": -4.253541963095131e-17, "my": 2.886579864025407e-17, "sx": 0.9999999999999998, "sy": 0.9999999999999999}