{"w": -0.06711656850948719, "b": -3.271939955209677e-05}