{"w1": 1.3108470264352141, "w2": -0.2520648872668294, "b": 0.04102235022069411}