{"w": 0.597952536384265, "b": 0.07134751302518476}