{"cc": -0.26853643289680806, "alpha": 1.153386431098541e-17, "beta": -0.2685364328968081, "mx": -6.661338147750939e-18, "my": 1.3322676295501878e-17, "sx": 0.9999999999999999, "sy": 1.0}