{"w": -0.268536432896808, "b": 1.153386431098541e-17}