{"w": -0.2616021425189118, "b": 0.007626077698322461}