{"w": -0.5005807998717982, "b": 8.937811202144806e-17}