{"w": -0.5278797287874749, "b": -1.8438784284778616e-16}