{"w": -0.5117191826943704, "b": 0.031792932792721273}