{"w": 0.05652418884972517, "b": 0.3432946443449362}