{"w": -0.22095750658260782, "b": -5.600177545380138e-17}