{"w": -0.23157653894698613, "b": -0.03318100331977037}