{"w": 0.25159733499325787, "b": 0.03416378956316413}