{"w": 0.34419067039058987, "b": -2.2587967126764385e-16}