{"w": 0.34966669745482104, "b": -0.05811805730636921}