{"w": -0.03115838300317064, "b": -0.044517829920963}