{"w": 0.0032330523518402173, "b": -0.005155604319610929}