{"w1": 0.9088740606735771, "w2": -0.4019488097853298, "b": 8.944992691365325e-18}