{"w": -1.000000000000001, "b": 6.854239398279558e-16}