{"w1": -7.3228263635105755, "w2": 1.1719274261235924, "b": -0.9538543987696309}