{"w1": -2.577559910370544, "w2": 0.5352350144975172, "b": -0.20075299855493203}