{"w": 0.04662152032019223, "b": 4.1131936110782465e-16}