{"w": 0.04713300108309278, "b": 3.2427980397303074e-06}