{"w1": 0.6832521387414048, "w2": 2.68050563422876, "b": 0.0815418225739373}