{"w1": 0.7707660866949679, "w2": -0.273565693519834, "b": -7.295578785433433e-17}