{"w1": 4.9453977403445695, "w2": -1.9603489625940302, "b": -0.5683811000949375}