{"w": 0.32143004006385884, "b": -0.015880573726377842}