{"w": 0.40333158413662185, "b": -0.09530304256973676}