{"w": 0.3838255174146322, "b": 0.012086807272599632}