{"w": -1.0000000000000007, "b": 1.755540157688528e-16}