{"w": -0.3430781455033341, "b": -0.004108491708859824}