{"w": -0.23115956167069018, "b": -1.504111222249867e-17}