{"w": -0.029361852335903937, "b": 0.07595277883756257}