{"w": -1.0000000000000016, "b": 3.108624468950437e-17}