{"w": -0.11508369227749546, "b": 0.007161185889326467}