{"w": 0.3099528167862591, "b": -0.06501103763811474}