{"w": -0.935137211485191, "b": -0.011914625082201645}