{"w": -0.952963624057359, "b": -0.03075166171818655}