{"w1": 0.3661875158455369, "w2": 0.647107961541563, "b": -0.004450927891562725}