{"w1": 0.6435943658975357, "w2": -0.15325600730433667, "b": 4.7294058500736794e-17}