{"w": 0.06479750885032726, "b": -6.124903273837584e-17}