{"w": -0.5952605872525359, "b": 0.0026587884901919058}