{"w": -0.09577086956229842, "b": -1.3877787807814457e-17}