{"w1": -0.5168745446111515, "w2": 0.43889149850706716, "b": 2.4035263827402706e-17}