{"w": -0.2904912754216924, "b": 0.01018961029486291}