{"w1": -1.171577527653896, "w2": 0.5914817235491732, "b": 0.057031630375308985}