{"w": 0.036586138870692675, "b": 0.009698772588682007}