{"w": 0.3395162968474371, "b": -0.31094146143114076}