{"w": 0.4297356921141971, "b": -1.9029809523476e-17}