{"w": 0.3380404376306628, "b": -0.0068777025007241265}