{"w": 0.41434835005838544, "b": -5.3635320958345223e-17}