{"cc": -0.015957765828895583, "alpha": -1.6025915166033443e-16, "beta": -0.015957765828895583, "mx": -7.199796314694141e-16, "my": -1.4876988529977099e-16, "sx": 1.0, "sy": 1.0}