{"w": 0.5509319632759739, "b": 0.08801731184377662}