{"w": 0.18722118805710358, "b": -1.7926105565421326e-16}