{"w": 0.06207349300652076, "b": 0.06100280086540777}