{"w1": -0.5390099492880622, "w2": -0.4824258891809472, "b": 4.5764332095738177e-17}