{"w": 0.8467518031398142, "b": -0.00650298188244125}