{"w": -0.39514370645745917, "b": 1.0245539412485114e-15}