{"w1": 0.5301477383036768, "w2": -0.25904674876786554, "b": 1.1343391849715528e-17}