{"cc": -0.3024198387313499, "alpha": 4.0738131869217244e-17, "beta": -0.3024198387313499, "mx": 2.2648549702353194e-16, "my": -2.7755575615628914e-17, "sx": 1.0, "sy": 1.0}