{"w": -0.2996968551688127, "b": -0.08618229313748474}