{"w": 0.6306298219382815, "b": 0.00034107240550592527}