{"w": -0.31969282577106534, "b": 0.0844112496417814}