{"w1": -0.19313096366283325, "w2": -0.6459403022758775, "b": -0.026965905244972582}