{"w": 0.0708979300940461, "b": -0.0080588626955308}