{"w": 0.8049950082603301, "b": -0.007084008138400247}