{"w1": 0.14355363352851774, "w2": 1.1359730079764745, "b": 0.23775003394065058}