{"w1": 1.124815968610112, "w2": 0.5181419954432738, "b": -0.006701585164789247}