{"w1": -1.0622577114965637, "w2": -1.4609693584617878, "b": -0.06393720035876842}