{"w1": -0.73445355376798, "w2": -0.6527738007732008, "b": -0.11687132570401312}