{"cc": 0.5949276890231516, "alpha": 3.847808215678788e-17, "beta": 0.5949276890231517, "mx": -3.1086244689504386e-17, "my": 1.9984014443252817e-17, "sx": 0.9999999999999998, "sy": 1.0}