{"w": -0.42242453588238493, "b": 0.020103920121014005}