{"w": 0.6636485373264494, "b": -0.12361074218167423}