{"w": 0.6680057636670751, "b": -0.11107582151150615}