{"w1": -0.7967831536580096, "w2": -2.0207188758099632, "b": 0.1748984493231304}