{"cc": 0.668082556713795, "alpha": 4.471545196248487e-18, "beta": 0.668082556713795, "mx": -2.1649348980190553e-17, "my": -9.992007221626408e-18, "sx": 0.9999999999999999, "sy": 0.9999999999999999}