{"w": 0.6073477788307228, "b": 3.1566767946234976e-18}