{"w1": -2.0984817233400044, "w2": 4.478149748645592, "b": -0.3404140868125405}