{"w": -0.5181507915497557, "b": -2.6937565495424764e-16}