{"w": 0.545287847149573, "b": 0.030128513406485813}