{"w": 0.9025897377447858, "b": -0.01994493584067069}