{"w": 0.1594863336127176, "b": -0.054546164528897136}