{"cc": -0.14439485860901327, "alpha": -3.179918938835359e-17, "beta": -0.14439485860901327, "mx": -5.10702591327572e-17, "my": -2.4424906541753444e-17, "sx": 1.0, "sy": 1.0}