{"w": -0.25479978482390453, "b": 0.15605980122386512}