{"w": -0.3606124656431762, "b": -6.417487734975183e-17}