{"cc": -0.015288213732167141, "alpha": -6.3438532119101554e-18, "beta": -0.015288213732167141, "mx": -1.5543122344752193e-17, "my": -6.106226635438361e-18, "sx": 1.0, "sy": 1.0}