{"w": 0.3233576312149451, "b": -1.261116242130764e-17}