{"w": 0.24215928211732107, "b": -0.008066221202438596}