{"cc": -0.6479802693259819, "alpha": 3.694033629803408e-18, "beta": -0.6479802693259817, "mx": 3.9968028886505634e-17, "my": -2.2204460492503132e-17, "sx": 1.0, "sy": 0.9999999999999999}