{"w1": -1.2755504341486197, "w2": 1.0597229226048785, "b": -0.08183119305011827}