{"cc": 0.6141429061882142, "alpha": 1.75357198125829e-16, "beta": 0.6141429061882142, "mx": -1.8429702208777598e-16, "my": 6.217248937900877e-17, "sx": 1.0, "sy": 1.0}