{"w": 0.26217283891832416, "b": 1.0388491158953852e-16}