{"w1": 0.026709133005835835, "w2": -0.7675619928122339, "b": -2.2443600260932116e-17}