{"w": 0.28484581095789796, "b": 0.024014167748980554}