{"w1": 0.9599344322808406, "w2": -1.7247234767748465, "b": -0.055838277556030214}