{"w": 0.06847274047994431, "b": -0.006087837930050258}