{"w1": 0.5334506208904414, "w2": 0.8188005972359265, "b": 0.05899726884099368}