{"w": -0.30237674193683234, "b": -0.06003763907515685}