{"w": 0.2721973508901178, "b": -0.07558661278041542}