{"cc": 0.17748060012764855, "alpha": 1.4525177277349178e-17, "beta": 0.17748060012764855, "mx": -6.30745455865167e-17, "my": 3.3306690738754695e-18, "sx": 0.9999999999999998, "sy": 0.9999999999999999}