{"w": 0.3802687431394977, "b": -0.029368738458638275}