{"w": -0.040381179780659714, "b": 0.006714877831891779}