{"w": -0.5081276266489866, "b": -6.016860680754874e-17}