{"w": 0.7481773219040154, "b": 0.0016266891745119923}