{"w": 0.11925311333024795, "b": 0.24326266336602348}