{"w": 1.0000000000000013, "b": -2.3980817331903403e-16}