{"w": 0.2897350798004068, "b": 0.09422029511018669}