{"w": 0.7030745444989707, "b": -0.0008940367673834215}