{"w": -0.602944072126618, "b": -0.060397170570089406}