{"w": -0.9999999999999999, "b": -2.764650487707687e-16}