{"w": 0.9701949130390143, "b": -0.001151249034929339}