{"w": 0.48775695305653916, "b": -0.0626146166389672}