{"w": 0.258766374037523, "b": 0.04843765689698097}