{"w": 0.9076949422314894, "b": 0.0053341085466813275}