{"w": -0.9022843707343403, "b": -1.3730852256606796e-15}