{"w": 0.23216692094549793, "b": 0.1242162753616788}