{"w": 0.21005784200388, "b": 0.09377340998554373}