{"w": 0.2609072804779151, "b": -8.195946904821369e-19}