{"w1": -1.135743410950241, "w2": -2.450311949929119, "b": 0.3443602222020344}