{"w": 0.04700949987035057, "b": 0.10410507975038011}