{"w1": -0.2967528219066083, "w2": -0.7354372432666912, "b": 0.022531427465670495}