{"w": -0.7592287088360813, "b": 2.0930302667279908e-17}