{"w1": 0.14023311829521082, "w2": -0.45324609663311316, "b": -1.6719490225412424e-17}