{"w1": 0.22082602223709769, "w2": -1.2335964001941275, "b": 0.18743832148546652}