{"w": -0.261260630801548, "b": -0.15199354206239263}