{"w": 0.0949832764918552, "b": -0.04075338097943492}