{"w": 0.08744335167517263, "b": 6.891533326991975e-17}