{"w1": -0.5002022842120337, "w2": 0.10284622335347757, "b": -3.581218683998819e-18}