{"w": 0.12825008919400482, "b": -0.24975446236185456}