{"w": 0.28386400102976483, "b": 0.061144711460146974}