{"w": -0.46414763968927103, "b": -8.941168454305662e-17}