{"w": -0.8954773016662478, "b": -0.000736665263614062}