{"w1": 0.20754494753234767, "w2": 0.5754333975492326, "b": -3.153492462064621e-17}