{"w1": 0.5976330176822121, "w2": 1.4342682263365967, "b": -0.1392709752926656}