{"w": 0.2670104950265311, "b": -0.006742311156021988}