{"w": 0.1524999612598277, "b": 0.007784562547904881}