{"w": 0.7211924369901876, "b": 0.04041148561585269}