{"w1": 0.38425418750091694, "w2": -0.4581049131182364, "b": -0.014877385396817357}