{"w": -0.351234661046506, "b": 4.998400327682216e-18}