{"w": 0.029755233954529094, "b": 0.2552105411408544}