{"cc": -0.7442455141830167, "alpha": -1.043070152513197e-17, "beta": -0.7442455141830168, "mx": 3.885780586188048e-18, "my": -1.3322676295501878e-17, "sx": 0.9999999999999999, "sy": 1.0}