{"w": -0.9549548869142959, "b": 0.0016323637202229403}