{"w": -0.9707488688236393, "b": 0.003782423169608364}