{"w1": -0.23544391528377775, "w2": 0.8505260243133574, "b": 0.040914190072200325}