{"w": -0.091591550385511, "b": -0.004142262728038932}