{"w": -0.21046423739695114, "b": 0.03204683836130649}