{"w": 1.0000000000000004, "b": -3.7303493627405273e-16}