{"w": 0.2769142198576134, "b": 4.794827616087023e-18}