{"w1": 0.428366102139962, "w2": -0.525556845170164, "b": -1.9023276382588695e-18}