{"w1": 1.3330370525574025, "w2": -1.635586547263761, "b": -0.15971627572415617}