{"w": 0.23634134055152578, "b": -0.027355202997610184}