{"w1": 1.8996467344586014, "w2": 0.7236309856050893, "b": 0.13255415203657525}