{"w1": 1.6856645191326067, "w2": 0.7796347262840688, "b": 0.10782825001647844}