{"w1": 0.8379079421965394, "w2": 0.3211772750687267, "b": 0.020014300057535316}