{"w1": 0.03918246841910083, "w2": 0.7027666625544267, "b": 0.015004510261756976}