{"w1": -0.419548250214833, "w2": -0.5567311736934376, "b": 1.3223961568636934e-16}