{"w": 0.6653125848593332, "b": -0.016528732767044387}