{"w": 0.5165940302436773, "b": 0.016085628113829964}