{"w1": -0.6061082362658377, "w2": -1.751972091640686, "b": 0.30958344955452605}