{"w": -0.27014790520435755, "b": 1.9209321442465304e-17}