{"w1": 0.26330341469207275, "w2": -0.511190331094034, "b": -4.7022029721380156e-18}