{"w1": 0.24829864121056897, "w2": -0.47186004859978903, "b": -4.54747492659425e-18}