{"w": 0.9999999999999977, "b": 3.608224830031746e-17}