{"w": 0.03624811993107683, "b": 0.18734732111900412}