{"w": -0.29465832775163403, "b": -4.190200510065481e-17}