{"w1": 2.1019672096554087, "w2": -2.339450991695386, "b": -0.0191898124625395}