{"w": -0.493188626261216, "b": -5.587567164288656e-17}