{"w": -0.017353375086077174, "b": 0.024843601421880877}