{"w": -0.14483533901930778, "b": -0.0870742594079648}