{"w": -0.17982425360435625, "b": -0.049136738530075934}