{"w": 0.47303106149535973, "b": 9.088757926640594e-18}