{"w1": -0.6629869988155245, "w2": -0.3123919826200739, "b": -6.205375685063084e-17}