{"w1": -0.003110962282560777, "w2": -0.44721570570504104, "b": -0.006340793065286926}