{"w": 0.38905686814246865, "b": 9.288586231044668e-17}