{"w1": -0.44952546494540435, "w2": -0.5326110454210831, "b": 2.1744894048193397e-16}