{"w1": 0.5121586400977506, "w2": 1.2740652373459127, "b": -0.12519765747896952}