{"w1": -0.9352224729696054, "w2": -0.839533300887613, "b": 0.027618040734810105}