{"w": -0.7103671773062048, "b": 2.724113257116905e-16}