{"w": -0.6719985337708372, "b": -0.09870114433415104}