{"w": -0.5870092540809562, "b": -0.00042345823781748254}