{"w1": -0.07724144418947913, "w2": -0.547982937913772, "b": 5.744033137028961e-18}