{"w1": -0.0544141678817135, "w2": -0.492171286610201, "b": 4.959696526595913e-18}