{"w1": -0.07317339505917664, "w2": -0.5530291947130277, "b": -0.01034091664896053}