{"w": -0.7421771059450785, "b": -6.700025020003423e-16}