{"w": -0.7067181351706685, "b": 0.0018207858445604076}