{"w1": -0.7237669371462025, "w2": -0.48687020407172754, "b": -0.019085231891826225}