{"w": 0.9585716553634787, "b": 0.017832193120163084}