{"w": -0.05213273034722005, "b": 0.019097074878846473}