{"w1": -0.9284366429961503, "w2": -2.8048861922633193, "b": 0.05544305027375617}