{"w1": -0.3940902414087764, "w2": -1.270679408970792, "b": 0.017797968489106798}