{"w": -0.8859907325109172, "b": 3.689850254064408e-19}