{"w": -0.9407359082630465, "b": 0.03550829232019681}