{"w": -0.9535813344125265, "b": 0.004754919952532938}