{"w": -0.9925975268702482, "b": -0.005341077223179641}