{"w": 0.42800976553450665, "b": 0.02933957644300146}