{"w": 0.49510712278895436, "b": 0.04229302529269903}