{"w1": 17.834540824726833, "w2": 141.8970317443443, "b": -55.710079811851095}