{"w1": 0.17592083108298248, "w2": -1.4717589181642545, "b": -0.08687035202257769}