{"cc": 0.1724436658520575, "alpha": -2.6245133055889988e-17, "beta": 0.1724436658520575, "mx": 5.88418203051333e-17, "my": -1.609823385706477e-17, "sx": 1.0, "sy": 1.0}