{"w": -0.307009370015497, "b": -1.0794966316538673e-05}