{"w": -0.21308931581531484, "b": 0.17336379575916794}