{"w": 0.8182100347541543, "b": 0.012574720634281722}