{"w": 0.8602121654773247, "b": 0.0027012998453146073}