{"w": -0.14419766366042294, "b": 8.587780830550836e-17}