{"w": 0.2614849532120163, "b": -2.5346829826671373e-17}