{"w": -0.7014807487226766, "b": 1.8818663801235542e-16}