{"w": 0.21376424519845152, "b": 0.026541041614331365}