{"w": -0.6027145122510104, "b": -4.0450223126777445e-18}