{"w": -0.6564217460159519, "b": -4.999054432913965e-18}