{"w": 0.3429750035754985, "b": 0.02799100493179473}