{"w": -0.7337084241311987, "b": 0.036196672082008566}