{"w": -0.24547152712709794, "b": 0.14662528498991503}