{"w": -0.20442359024335902, "b": -0.048172304002491645}