{"w": 0.68744776984162, "b": 0.007753606122366362}