{"w": 0.6577888449597055, "b": -0.0002676801361128703}