{"w": -0.015606770109593339, "b": -0.0072263848824424305}