{"w": 0.0427097042208154, "b": -0.03974853073654601}