{"w": 0.6690508715114326, "b": -0.03164719102763254}