{"w": 0.6647399708866991, "b": -0.0314727952708306}