{"w": 0.6113141225477683, "b": 0.0022408351950719803}