{"w": -0.3908857181868391, "b": 3.645778314839761e-16}