{"w": -0.4229550232897058, "b": 0.06777227470724088}