{"w": 0.9529621063285039, "b": -0.0011501936019435856}