{"w": 0.9504954974182094, "b": -0.0014638905069710492}