{"w": 0.02937055470509881, "b": -3.45139299375572e-18}