{"w": 0.03620390871512965, "b": -0.006720489942800372}