{"w": 0.6838233764281987, "b": 2.0714640682924184e-17}