{"w": -0.6267663975690708, "b": 0.06374684535465483}