{"w1": -0.5488067807993348, "w2": -1.4637065854248015, "b": 0.10215562179554903}