{"w1": -0.23886133244008423, "w2": -0.697920355675082, "b": -0.013281256501478485}