{"w": 0.10711140893240396, "b": 0.00484188768866354}