{"w": 0.1076729465572362, "b": 0.004940526530225392}