{"w": -0.2504082668243973, "b": 0.061224205153024}