{"w": -0.5147979998205294, "b": 6.128927475359996e-17}