{"w": 0.03331884967027052, "b": 0.1118296638741114}