{"w": 0.3131553930893576, "b": -0.07699249477399661}