{"w1": -0.550171913234685, "w2": 1.5493746164510713, "b": 0.04918692775013201}