{"w": -0.17616346540138392, "b": 0.0668281736843381}