{"w": -0.12980023380771094, "b": -0.010227791170283912}