{"cc": 0.9770468687891363, "alpha": -6.947432170104234e-17, "beta": 0.9770468687891363, "mx": 6.88338275267597e-17, "my": -2.220446049250313e-18, "sx": 0.9999999999999999, "sy": 0.9999999999999999}