{"w": 0.9731979813598711, "b": 0.0290874839505013}