{"w": -0.3135063252753527, "b": 0.18690998809120463}