{"w": -0.4462278943551365, "b": -0.02089881891439365}