{"cc": 0.7684065691750601, "alpha": -2.91927649906942e-17, "beta": 0.7684065691750603, "mx": 1.7763568394002505e-17, "my": -1.5543122344752193e-17, "sx": 0.9999999999999998, "sy": 1.0}