{"w": -0.17915083809046808, "b": 0.050305301704738625}