{"w": -0.11743975428867728, "b": -0.0021944025960608875}