{"w": -0.18080090591746112, "b": 0.03681690468790855}