{"cc": 0.33723579420183286, "alpha": -1.5741770899369126e-16, "beta": 0.33723579420183286, "mx": -5.995204332975846e-17, "my": -1.7763568394002506e-16, "sx": 1.0, "sy": 1.0}