{"w": 0.9999999999999967, "b": 3.90243393155741e-16}