{"w": 0.642621919759935, "b": -0.021716048855928427}