{"w1": -0.2972436507077829, "w2": 1.048546385454267, "b": 0.03587645592088839}