{"w": 0.06754075150099195, "b": -0.2144349939635347}