{"w": 0.3684789044103714, "b": 5.668173389795766e-18}