{"w": 0.1958876263028827, "b": -1.1770768983939163e-16}