{"w": 0.6759196993200357, "b": 2.436550874883393e-18}