{"w1": -0.8497155038171454, "w2": 0.09844625016137845, "b": 0.015300000442520334}