{"w1": 0.5064295030553172, "w2": -0.42133492903900754, "b": 3.4085313275343844e-17}