{"w1": 3.2013368403331746, "w2": -5.134701620612034, "b": -1.3918661506673244}