{"w1": 0.9080977289259763, "w2": 0.4232678182634692, "b": 0.15489643020036806}