{"w": 0.8407936244191837, "b": -2.3785514484054317e-17}