{"w1": -1.2246071030175654, "w2": -0.31168779070581937, "b": 0.20002722609503104}