{"w": 0.1682509385678672, "b": -0.012385877971486103}