{"w1": 0.450364457793424, "w2": -0.3914806027564043, "b": -1.3436556480362924e-17}