{"w1": -0.11633187346665455, "w2": 0.5531647135063852, "b": -0.010544318771487773}