{"w": -0.12201555288970775, "b": -0.08064898862349011}