{"w": -0.18336877652647393, "b": -1.2779516970175916e-16}