{"w": -0.23777848063969398, "b": -0.06825323242540082}