{"w": -0.5687784690043955, "b": -0.0065066941633918195}