{"w": -0.12709055896933996, "b": -0.00549109909765233}