{"w": 0.3436645539529709, "b": -0.023299708256586116}