{"w": 0.27539637450188775, "b": 1.4235867774557398e-16}