{"w": 0.8826911258842148, "b": 0.007003523161169204}