{"cc": 0.9820299593844054, "alpha": 7.463984480110242e-19, "beta": 0.9820299593844054, "mx": 2.6090241078691177e-17, "my": 2.6367796834847467e-17, "sx": 1.0, "sy": 1.0}