{"w": 0.47943344008426625, "b": 2.0649361998198815e-17}