{"w": 0.479462223531748, "b": -0.12891071559552092}