{"w1": 0.8941817568995157, "w2": 0.46084267357900244, "b": -0.0826996901811367}