{"w": -0.6102746687895305, "b": -2.727886582207701e-16}