{"w": 0.2698552139619322, "b": -0.03444556581939784}