{"w": 0.23758276451494723, "b": 0.0031208089971383884}