{"w1": 2.1684376406187797, "w2": -0.6269843107982491, "b": -0.46637802902970626}