{"w": -0.06122658408900106, "b": -0.022131528745651274}