{"w": 0.4413244046642812, "b": -0.09776284766388794}