{"cc": 0.007016244418519918, "alpha": 2.0431916218993532e-17, "beta": 0.007016244418519918, "mx": -6.38378239159465e-17, "my": 1.9984014443252817e-17, "sx": 1.0, "sy": 1.0}