{"w": 0.006378404016836296, "b": 2.0391197875744378e-17}