{"w": 0.24402396944341836, "b": -2.6450685593162594e-18}