{"w": -0.6707116459027325, "b": -0.012362106659393093}