{"w": 0.7821206607563905, "b": -1.127688337193975e-16}