{"w": 0.2860201635304056, "b": 0.08532509299248406}