{"w": 0.660129123270057, "b": 0.03062471377184184}