{"w": 0.4109215939637945, "b": -0.01154316503212073}