{"w": -0.0778039846247293, "b": -2.5746031273159334e-17}