{"w": 0.18079650800662642, "b": -0.003987510720003827}