{"w": -0.07614452941554621, "b": -2.4858830288327505e-17}