{"w1": 0.026055808755492633, "w2": -0.5019823059993903, "b": -4.86348713587772e-18}