{"w1": 0.014661252717527629, "w2": -0.5906634413729913, "b": -0.005796616358787393}