{"w1": -0.07284544761957404, "w2": 0.5012361884570459, "b": 0.0006953843013951001}