{"w": -0.3121568687816438, "b": 0.1614588594263566}