{"w": -0.24839122985772227, "b": 0.00132719053584689}