{"w1": -0.8881641770500112, "w2": -0.7024397341488391, "b": 0.057758165769781225}