{"w": -0.34885627315772005, "b": -0.010201861025063985}