{"w1": 0.7773382510517006, "w2": -6.543950247909768, "b": -0.8273234268974661}