{"w1": -2.7120248389584503, "w2": 1.1918831997451285, "b": 0.06854616838264552}