{"w1": 0.7375705292313931, "w2": 0.12588217962412585, "b": -4.835862748217089e-17}