{"w": -0.2615703210098409, "b": 0.008436348289316851}