{"w": 0.5387308764901448, "b": -0.03663816904537068}