{"w": 0.40410365154642086, "b": 0.003851442485073974}