{"w": 0.9271885301209152, "b": -0.00504997480382996}