{"w": -0.41264105629256187, "b": -0.051660660970752816}