{"w1": -0.29378602624928185, "w2": 1.2171073432155521, "b": -0.05956886709856736}