{"w": 0.09008347924653791, "b": -0.15621022869216894}