{"w": 0.03589156919070076, "b": 0.020294387218858796}