{"w": -0.9581992677295322, "b": 0.011866899291156176}