{"w": -0.9726180855071784, "b": -0.005155065444109319}