{"w": -0.3252962304654029, "b": -0.04566806363584231}