{"w": -0.1059518047830621, "b": -0.1418749540529317}