{"w": 0.05595978826081355, "b": 1.5006590674546328e-16}