{"w": -0.4506411232066444, "b": 0.16560606255942378}