{"w": 0.8193514201341852, "b": 0.008457094101207726}