{"w1": 0.41645521682194436, "w2": -0.29190472565038333, "b": 4.459745994035063e-17}