{"w": 0.2544630911596833, "b": 0.10488758520930612}