{"w1": -1.0952080267598903, "w2": -1.7420619924885632, "b": -0.1916896346535586}