{"w1": -2.1041627398660516, "w2": -3.1615115098875686, "b": 0.09196373045190437}