{"w1": 0.08655540372894002, "w2": -0.7296725662516662, "b": -0.006416221458787952}