{"cc": 0.615200437652013, "alpha": 2.612578522167615e-16, "beta": 0.6152004376520132, "mx": -3.885780586188048e-16, "my": 2.2204460492503132e-17, "sx": 0.9999999999999999, "sy": 1.0}