{"w": 0.5592731251381936, "b": 2.3952572569637426e-16}