{"w": -0.17632565183938556, "b": -4.6433606235752446e-17}