{"w": -0.19376445257075342, "b": -4.641424527765863e-17}