{"w1": -1.0406437999275648, "w2": 1.011517121030552, "b": 0.04862295647865819}