{"w": 0.16506485081599465, "b": 0.02646514576069725}