{"w1": 4.700964239132425, "w2": 0.703893296927931, "b": -0.34525906270235573}