{"w": 0.7790432561713387, "b": -0.06275934427148155}