{"w": 1.0000000000000004, "b": -5.2327933652840397e-17}