{"w": 0.7325008264964324, "b": 0.008433675126837764}