{"w": -0.2138826200869066, "b": -0.3362948854823469}