{"w1": 0.19616831742871912, "w2": -0.3905108383324557, "b": -2.9827623204400796e-17}