{"w": 0.43795640848546263, "b": -0.006526352519571944}