{"w1": 1.5794572528045774, "w2": 3.2569350207625525, "b": -0.09268959004116943}