{"cc": -0.39592371492689127, "alpha": -2.30102150726562e-16, "beta": -0.3959237149268912, "mx": -9.325873406851315e-17, "my": -1.9317880628477724e-16, "sx": 1.0, "sy": 0.9999999999999999}