{"w": -0.4016675060825772, "b": -0.0070709913559250746}