{"w": -0.20832355090721935, "b": 0.12979645757149527}