{"w1": 1.2686777474019855, "w2": -1.6649810499676307, "b": -0.035807822826754716}