{"w": 0.0004669792116161484, "b": 4.715755249266993e-16}