{"w": 0.01460074494826326, "b": -0.034924362198722296}