{"w": 0.8332622576613572, "b": 0.014170785188559673}