{"w1": 6.069645547394251, "w2": 15.13623651650473, "b": -6.782723968070241}