{"w1": -0.5264026645100068, "w2": -0.07114242339791109, "b": 1.1341014678349762e-17}