{"cc": 0.8202167278951515, "alpha": -3.430389876956398e-17, "beta": 0.8202167278951514, "mx": 9.325873406851315e-17, "my": 4.218847493575595e-17, "sx": 1.0, "sy": 0.9999999999999999}