{"w": 0.3395681642243433, "b": -0.00785862849645245}