{"w": 0.36202735398500435, "b": -1.4126538503378426e-17}