{"w": -0.9999999999999999, "b": 1.2767564783189293e-17}