{"w": 0.6590172238876817, "b": -5.65795581037338e-17}