{"w": -0.14294958205505648, "b": -0.045768965470627934}