{"w": 0.4092408053206877, "b": -0.06867480819548313}