{"w": 0.26731226217457316, "b": 0.0510881734144732}