{"w1": 0.2434681518763299, "w2": 0.8618440395617085, "b": 2.0342374414598185e-17}