{"w": 0.9344204750300964, "b": 0.013509886368580963}