{"w": -0.021490379918942742, "b": -4.3605611357476304e-17}