{"cc": -0.3702291652942981, "alpha": 1.1663276803571547e-16, "beta": -0.3702291652942981, "mx": 1.6209256159527285e-16, "my": 5.662137425588298e-17, "sx": 1.0, "sy": 1.0}