{"w1": -0.6670587653165063, "w2": -0.9932482238391537, "b": 0.03518687551177485}