{"w1": -0.9233691605305455, "w2": -1.2962989032693333, "b": -0.09717973525014945}