{"w1": -5.2660918914470125, "w2": 7.047675507029338, "b": 2.774988970117498}