{"w1": -0.5845025220695939, "w2": 0.948665900904911, "b": 0.17578101821365646}