{"w1": -0.3895704927497655, "w2": 0.2599805466029509, "b": 1.5738337230050692e-06}