{"w": -0.4542621575063487, "b": 0.02736586967845892}