{"w": -0.16899906567092035, "b": 0.0641822454643983}