{"w": 0.05101878605828929, "b": 0.03297718500020895}