{"w": 0.051002154614809954, "b": 0.03300278474172604}