{"w": 0.5779120578273163, "b": 4.9523754692804545e-17}