{"w": -0.01489012531172218, "b": -0.18658576783610825}