{"w": -0.015656826820201673, "b": 0.05208214113970657}