{"w": 0.09615260451644038, "b": -0.026238889852392044}