{"w": 0.2562348901276062, "b": 0.046840458821764186}