{"w": -0.3414192058388434, "b": 0.040387555335945034}