{"w": 0.9489412784539479, "b": -0.0016154747621171478}