{"w1": -0.604107678159553, "w2": -0.979229971695809, "b": -0.07717623212019341}