{"w": 0.58096223540586, "b": 0.005634780089955365}