{"w": 0.5570376203892208, "b": 0.0011191527691571251}