{"w1": -0.4396852780431967, "w2": -0.2957360949617151, "b": 0.005113261921708939}