{"w": -0.13550658943596672, "b": -0.024854409518281443}