{"w": -0.7850398851936641, "b": -0.0038478433197338333}