{"w": 0.6281258604332615, "b": -0.0014375802054339415}