{"w": 0.8509555776288888, "b": 0.012808777378461285}