{"w": 0.09036537924510799, "b": -1.3234296552088334e-18}