{"w1": -0.08725351854703839, "w2": -0.6909187720200978, "b": -8.06538895449399e-19}