{"w1": -0.2909638116623636, "w2": -1.0447301613490045, "b": 0.06610324006123233}