{"w1": 0.37586499814371965, "w2": 1.576177570161508, "b": 0.24684799302638527}