{"w1": -0.24807319851099213, "w2": -0.6142485030044883, "b": 2.095801427951224e-17}