{"w": -0.6307044091748596, "b": -0.026545527127487478}