{"w": -0.5986212878295205, "b": -1.217171797708211e-16}