{"w": 0.11616385975960944, "b": -0.24713468084781806}