{"w": 0.3749495331046694, "b": -0.03030437737374097}