{"w": -0.7249611172575523, "b": 0.020898710075358706}