{"w": 0.8131911638838234, "b": -0.3009918951887124}