{"w": 0.760865597443193, "b": 0.03236753639263736}