{"cc": 0.28677099104063175, "alpha": 1.4310664566985022e-17, "beta": 0.2867709910406317, "mx": -3.441691376337985e-17, "my": 4.440892098500626e-18, "sx": 1.0, "sy": 0.9999999999999998}