{"w": 0.025052801817337683, "b": 0.20531841316658472}