{"w": -0.35559746974748146, "b": 0.1314202152556123}