{"w": -0.38317894583930917, "b": -0.2209987220761022}