{"w1": 1.534534270961842, "w2": -0.21735888021467642, "b": -0.03277895587806334}