{"w1": 0.8256653434512183, "w2": -0.09346224696621382, "b": 0.02143446426569346}