{"w": 0.6953065162541078, "b": -0.0018551126904552701}