{"w": 0.12265719434435128, "b": 0.035131522165809496}