{"w": 0.1220967138255698, "b": 0.03586069277713441}