{"w1": -1.433358502080044, "w2": -0.19444170389433724, "b": -0.20065458672952122}