{"w": -0.24094128922346708, "b": 1.840514906619836e-17}