{"w": -0.20295288374511325, "b": -0.13153225542392072}