{"w1": 0.4737580375180503, "w2": 0.6193855221854004, "b": -5.5393783431446456e-17}