{"w": 0.5585528677395256, "b": -0.09740618303082534}