{"w1": 0.5368066540314743, "w2": 0.24351389365802917, "b": 1.672464817730151e-17}