{"w": -0.2622131324260885, "b": 0.005601256121771432}