{"w1": 2.913366641855326, "w2": -1.043236352352476, "b": 1.2853194229514457}