{"w1": 0.3700066430476929, "w2": 0.15209980722665586, "b": -1.989160886228427e-17}