{"w": -0.3248932926534017, "b": -0.048529743477090825}