{"w": -0.10937945742740339, "b": -2.982158426250122e-16}