{"w": -0.4073522190543413, "b": -0.10826254590207408}