{"w": -0.3697331062673467, "b": 0.022997923787712017}