{"w1": 0.4957315513272864, "w2": -0.3140698949388007, "b": 5.736654125518684e-18}