{"w": -0.2890943140200216, "b": -6.792872502361966e-17}