{"w": -0.3148409240506219, "b": 0.12433212113974174}