{"w": 0.2949297368431653, "b": -1.8648626502722603e-18}