{"w": 0.28440502758881775, "b": 0.008309011449112336}