{"w1": -1.1725980374180605, "w2": 0.47133905271868576, "b": -0.005565683132894704}