{"cc": 0.9760044286975963, "alpha": 1.4797190143781217e-17, "beta": 0.9760044286975961, "mx": -3.1086244689504386e-17, "my": -1.5543122344752193e-17, "sx": 1.0, "sy": 0.9999999999999998}