{"w": 0.988986849900492, "b": 0.014592369601143004}