{"w": 0.9614153560397058, "b": -0.0006714730724169812}