{"w": 0.015830461401645766, "b": -0.06383647858832463}