{"w": 0.20809131153425003, "b": 2.1440801664950158e-16}