{"w": 0.18936309349616756, "b": 2.176932314719221e-16}