{"w1": 0.08134496602279803, "w2": 0.8167593312499718, "b": -4.793834819385755e-18}