{"w1": 0.15672563539434284, "w2": 1.5539854913139637, "b": -0.03434823744510131}