{"w": 0.6313007752169997, "b": 0.0018456717631656558}