{"w": -1.0000000000000009, "b": -1.5459855617905306e-16}