{"w1": 0.3152311694300359, "w2": -4.289925266711374, "b": -0.4598440971888269}