{"w": -0.17525220362871685, "b": -1.2487209004278057e-17}