{"w": -0.18468594623500234, "b": -0.002713510595710499}