{"w1": 0.11756733873243905, "w2": 0.5550553884994329, "b": 2.0864157864438166e-17}