{"w1": 0.44251309444662384, "w2": 1.162306412830909, "b": -0.08481398185036182}