{"w1": -1.178741418695858, "w2": -0.9054792773366095, "b": 0.14428998956442662}