{"w": 0.9718699909418371, "b": 0.016245233295984596}