{"w1": -0.5118619345298391, "w2": 0.09022158315952668, "b": -1.2250755029107175e-17}