{"cc": 0.299335562870204, "alpha": 1.002779440056676e-16, "beta": 0.299335562870204, "mx": -4.440892098500626e-18, "my": 9.894862706971708e-17, "sx": 0.9999999999999999, "sy": 0.9999999999999999}