{"w": 0.7835303379802588, "b": 0.003520994484893347}