{"w": 0.5231636149115267, "b": -0.011359380417524476}