{"w1": -1.145003911589256, "w2": -0.007775805786357777, "b": 0.030602035851740574}