{"w": 0.8268000886648394, "b": 2.2116000126906517e-16}