{"w": 0.4319151288446942, "b": 0.06441587503639366}