{"w": 0.06650940763944446, "b": -0.03827049325059923}