{"w1": 0.8373390154305682, "w2": -0.2523692359098633, "b": -7.462988836979716e-18}