{"w": 0.5017490564875824, "b": -0.013216027300308724}