{"w1": -1.984759699564559, "w2": -0.6885657028581826, "b": 0.05972038757100335}