{"w": 0.5453407172642114, "b": 0.03069593687647676}