{"w1": -0.7315321785528344, "w2": -1.1147453678813624, "b": 0.009857902665907775}