{"w": 0.1764417880577463, "b": 0.02294230320338429}