{"w": 0.1657353738991417, "b": 0.022307171635516286}