{"w": 0.7632148398313194, "b": -2.757754526904627e-16}