{"w": -0.17233788860572163, "b": -0.24181172918436977}