{"w": 0.3213164220543108, "b": -0.00916989792233048}