{"w": 1.000000000000003, "b": 4.440892098500622e-17}