{"w": 0.10587292381481692, "b": -0.01184304518549256}