{"w1": -1.2715763222418122, "w2": -0.9611507390905238, "b": -0.07043629997295184}