{"w1": -0.43837886226231465, "w2": -0.3402792037742611, "b": -0.012654973295602796}