{"w": -0.7854605230344494, "b": -3.971603729416014e-17}