{"w": 0.40666735328375425, "b": -0.07097446150224831}