{"w": -0.3793461933947082, "b": 0.015636083095180997}