{"w": 0.4053382968802206, "b": -0.015153258124167561}