{"w": 0.4082180488463436, "b": -0.015103440053539325}