{"w": 0.6146240503937236, "b": -0.0050658112614496015}