{"w1": 1.4682193163204202, "w2": -1.1083133637387073, "b": -0.0033670371916692254}