{"w1": 0.5551370164740203, "w2": -2.4558896174959193, "b": 0.03852541313812809}