{"w1": 0.15182143396819095, "w2": 0.00030797514081068434, "b": 1.7390680071256423e-17}