{"w": -0.9265708126316524, "b": -0.0039244915236837504}