{"w": 0.041207853477259145, "b": 0.0007541010154348257}