{"cc": 0.2670225700246558, "alpha": -1.9856698217978858e-16, "beta": 0.26702257002465574, "mx": -8.737455203799982e-16, "my": -4.318767565791859e-16, "sx": 1.0000000000000002, "sy": 1.0}