{"w1": -0.08519819593609067, "w2": -0.6686610078631652, "b": 2.7348385106364132e-17}