{"w": -0.07695529024952173, "b": 1.2400043902742654e-16}