{"w1": 0.8183757480205588, "w2": -0.7173451811906193, "b": 0.04852375012401708}