{"w": -0.299452076143393, "b": -0.0019308284562711692}