{"w": -0.290512775445107, "b": -0.07668625917352956}