{"w": 0.4121590273509746, "b": -0.0868573696526467}