{"w1": 0.21740949884751493, "w2": 0.7081020006605584, "b": -3.5479001972386293e-16}