{"w1": -1.2686464758194491, "w2": -2.4074178757011135, "b": 0.08297721911122581}