{"w": 0.8973948618502356, "b": 0.011999302235543501}