{"w1": -20.239532408173037, "w2": -15.414389579204943, "b": -1.6487455522927978}