{"w": -0.4819700484684978, "b": -0.013606038164908324}