{"w": -0.3275718175205415, "b": -1.1098337365539619e-16}