{"w": -0.31783809466803054, "b": 0.0010377299443841241}