{"w1": 0.797837112543608, "w2": -0.8197386954221678, "b": -0.07262094781022795}