{"w": -0.9999999999999958, "b": -1.6653345369377196e-17}