{"cc": 0.7153378014907728, "alpha": 9.48644350554465e-18, "beta": 0.7153378014907729, "mx": 9.436895709313831e-18, "my": 1.6237011735142913e-17, "sx": 1.0, "sy": 1.0000000000000002}