{"cc": 0.38350331599050735, "alpha": 7.67148826754831e-17, "beta": 0.38350331599050747, "mx": -2.0872192862952942e-16, "my": -3.3306690738754695e-18, "sx": 0.9999999999999997, "sy": 1.0}