{"w": 0.26049675383226417, "b": -0.12076089584197977}