{"w": -0.4479912649185322, "b": 2.1777969986941423e-17}