{"cc": 0.5404864986555852, "alpha": -4.270992050913268e-17, "beta": 0.5404864986555851, "mx": 6.772360450213455e-17, "my": -6.106226635438361e-18, "sx": 1.0, "sy": 0.9999999999999999}