{"w": -0.4835871215742408, "b": 0.06646397051840196}