{"w": 0.5178884637472959, "b": -4.826539811913077e-17}