{"w": -0.4184955338985701, "b": 1.1841972839233035e-16}