{"w1": 3.2101250965829236, "w2": -1.0250020492272427, "b": -0.548814709327521}