{"cc": -0.5200810318454989, "alpha": -4.308475006331015e-17, "beta": -0.520081031845499, "mx": -9.992007221626409e-17, "my": 8.881784197001253e-18, "sx": 0.9999999999999999, "sy": 1.0}