{"w": -0.5040140575060402, "b": -0.08110874741795734}