{"w": -0.24248472805789759, "b": -0.001218857405829661}