{"w": 0.26382736721172284, "b": -1.1193109564856914e-17}