{"w": 0.07269677960020622, "b": 0.14194548487384437}