{"w": 0.04256363983569687, "b": -0.012509605381627778}