{"w": 0.3282247687474107, "b": 4.2314668498176396e-17}