{"cc": 0.25195911294663786, "alpha": -6.596474271624528e-17, "beta": 0.25195911294663786, "mx": -4.773959005888173e-17, "my": -7.799316747991725e-17, "sx": 1.0, "sy": 1.0}