{"w": -0.457285335397817, "b": -1.0640279193223462e-16}