{"w": 0.12090173988378713, "b": 0.012672097379440082}