{"w": -0.5376445648650574, "b": 3.737143807326869e-17}