{"w": -0.6978009306813624, "b": 0.035883790787350156}