{"w1": 0.8381774531151164, "w2": -1.0721242792085426, "b": 0.0739213934641075}