{"w": 0.6381437543022342, "b": 0.027807580787670372}