{"w": -0.3128182811185275, "b": -5.01491123231531e-17}