{"w": -0.3082622336823004, "b": 0.0014186602886116246}