{"w": 0.659143645692219, "b": -4.4609374531419945e-17}