{"w1": 0.6158013823097681, "w2": 1.6801874104063483, "b": -0.08962133305614457}