{"w": 0.20546657990329364, "b": 0.030118261607269936}