{"w": 0.1801530231368555, "b": -0.0012352506060091702}