{"cc": 0.644633643036364, "alpha": -2.5311477343582676e-17, "beta": 0.644633643036364, "mx": -3.4694469519536144e-19, "my": -2.55351295663786e-17, "sx": 1.0, "sy": 1.0}