{"w": 0.5219812207473151, "b": 0.0058062947369967284}