{"cc": 0.22304879816071155, "alpha": 5.498277646207279e-17, "beta": 0.22304879816071155, "mx": 1.9151347174783951e-16, "my": 9.769962616701378e-17, "sx": 1.0, "sy": 1.0}