{"w": -0.0036880037431827883, "b": 0.051656015370198816}