{"w": -0.020885152117658717, "b": 2.952690705280975e-17}