{"w": -0.028957364048936007, "b": 0.04176263216841132}