{"w": 0.2559949224311855, "b": 0.1628682431133447}