{"w": -0.5974209698737115, "b": 0.021083201121260508}