{"w": -0.31768692581134894, "b": -7.478975899519436e-17}