{"w": 0.9096956345234352, "b": 0.008021866394678563}