{"w": 0.11081745796173202, "b": 0.00946143586114832}