{"w": 0.9999999999999996, "b": 4.3298697960381094e-16}