{"w": -0.1693109620379554, "b": 6.34004804744331e-17}