{"w1": -0.20533158823132527, "w2": 0.6506269302322092, "b": -1.497418111971699e-17}