{"w": -0.3888273829223923, "b": -3.454218386675147e-17}