{"w": -0.6400645116314, "b": -0.3067388526699675}