{"w1": -0.5383970712726237, "w2": -0.3075206418471935, "b": 0.004007021719480197}