{"w1": -0.5347185447835198, "w2": -0.3055682042417279, "b": 0.003894471811718883}