{"w1": -3.473796270313051, "w2": -0.15730586841314664, "b": -1.0211293939513963}