{"w": -0.9225925623287852, "b": -0.008461740016385349}