{"w": -0.8747566673561604, "b": -0.002482151510635278}