{"w": -0.44714726325426263, "b": 0.13976312850224254}