{"w1": 0.16153397393299807, "w2": -0.4434666504773598, "b": 0.008592521100916552}