{"w": -0.8835491654357551, "b": 0.02536819406707792}