{"w1": -0.4362961387502064, "w2": -0.5539987975611286, "b": 2.0682202770536093e-17}