{"w1": -0.779850558480701, "w2": -0.8531583046583854, "b": -0.02830846536745934}