{"w": 0.3645373014390903, "b": 7.623122590408564e-17}