{"w": 0.3616341438577026, "b": 9.249045928323787e-17}