{"w1": -0.663131350716916, "w2": -2.710161485534334, "b": -0.02843223365176847}