{"w1": -0.5747443965837598, "w2": -0.24258560463317644, "b": 5.083714545997975e-17}