{"w1": -1.677030247257731, "w2": -0.788917843630255, "b": 0.07081259850739213}