{"w": 0.003031371521571809, "b": -1.5369857894139535e-16}