{"w1": 0.32769885454297154, "w2": 0.7794616799708982, "b": -3.5000710552681864e-17}