{"w1": 0.5075345983314092, "w2": 1.0569123551634418, "b": 0.011459048212573958}