{"w1": 0.11881823314543646, "w2": 0.012632206746460508, "b": 1.2194846681079508e-08}