{"w": 0.796344144829725, "b": 0.030445858477209202}