{"w": 0.06244213646297858, "b": -0.01749537293080849}