{"w": 0.07519279406714402, "b": 0.044704166161189496}