{"w": 0.014604065302873214, "b": -0.005405671927676937}