{"w": 0.5035468971899693, "b": -3.952711493505524e-17}