{"w": 0.9800333830506727, "b": -2.3403353108572344e-17}