{"w1": 0.48537014887361324, "w2": 0.21747801155700258, "b": 8.202719828409915e-18}