{"w1": 0.530806653662008, "w2": 0.22697061644458139, "b": -0.0072293578539103995}