{"w": -0.2688180975899277, "b": 0.011772516498927747}