{"w1": 0.36942925193617276, "w2": -1.0631048075862666, "b": -0.05074730374604438}