{"w1": 0.4964451487318125, "w2": -1.5580164289670286, "b": -0.10369312286398441}