{"w": -0.007741414641842176, "b": 0.020985385688682884}