{"w": -0.12192052689242314, "b": 0.06215407492131756}