{"w": -0.12080116833128596, "b": 0.20573951551246994}