{"w1": -0.6210650827738077, "w2": -0.3140641343152351, "b": 6.041540400647874e-17}