{"w1": -1.9647138431198943, "w2": -0.9128317831502565, "b": 0.43841506400785324}