{"w1": -2.442963249044551, "w2": -1.3129929299036922, "b": -0.045123672671638554}