{"w1": -1.0562280273193014, "w2": -1.0943629272646995, "b": 0.007244782653313169}