{"w": -0.028525727324367138, "b": 0.047480369097154404}