{"w": -0.32843730246071856, "b": -0.016454547646920337}