{"w": -0.5298198124435081, "b": 0.005080179786115462}