{"w1": -1.0356703263992522, "w2": -0.18178130853138233, "b": -0.06012286236030589}