{"w": -0.4348621913737662, "b": 0.013045606551483895}