{"w": 0.3674949130711844, "b": 0.035351119857448016}