{"w": 0.3532772538461042, "b": -0.01301010521199833}