{"w": 0.37905399304056137, "b": 0.0007841964471257794}