{"w": 0.5100144088836689, "b": 3.637620105774235e-18}