{"w": -0.17793882073755, "b": 0.0016323386987516528}