{"w1": 1.2072473280317861, "w2": -0.14734042413226855, "b": -0.09629074303215981}