{"w1": 2.012670176969946, "w2": -0.27716188966848393, "b": -0.24774644314127992}