{"w": 0.6814798451221684, "b": -7.623547786273481e-18}