{"w": 0.5163253478017035, "b": -0.01052380825699422}