{"w1": -2.0779141574961795, "w2": -0.12066694934862861, "b": 0.01027133039637717}