{"w": 0.8682345166061538, "b": 3.060915039987699e-16}