{"w": -0.8608289489514617, "b": -0.008659177751628597}