{"w": 0.8531047896565515, "b": 0.012147975644732238}