{"w": 0.7966203424016994, "b": 0.01345605284662987}