{"w": 0.7874922468342503, "b": 0.017572347112616127}