{"w1": 0.27082076934403676, "w2": -0.2542853072735739, "b": -2.992829252209789e-18}