{"w": 0.11273099401514641, "b": -0.23041896266266437}