{"w": -0.23912099422392288, "b": -0.02446370772483585}