{"cc": 0.6202239525707036, "alpha": -2.884981768634757e-16, "beta": 0.6202239525707037, "mx": 1.7874590696465021e-16, "my": -1.7763568394002506e-16, "sx": 0.9999999999999999, "sy": 1.0}