{"w1": -0.7411311941792915, "w2": 0.03629714435831067, "b": 1.2543803367660508e-16}