{"w": 0.784898957896463, "b": 0.02447285741167718}