{"w": 0.3842381716326336, "b": 1.4848600831208878e-17}