{"w": 0.3445604828161498, "b": 0.05954203242481987}