{"w1": -0.9083495473060414, "w2": 0.30900005214038584, "b": -0.09625484953598938}