{"w1": -0.6420298063446206, "w2": 0.13737905727562244, "b": 0.029786028256232677}