{"w": -0.5601464861554173, "b": -0.025255730667130383}