{"w": -0.07637772970186747, "b": 0.001895291011706067}