{"w": -0.08016775727392872, "b": 0.0019619223134892394}