{"w": -0.05734372369929633, "b": -0.0514180312067942}