{"w": -0.060863810753735946, "b": 1.7408289213622344e-17}