{"w": -0.06080300774598997, "b": 1.7428608188271324e-17}