{"cc": -0.00863316248372918, "alpha": -2.453992337093064e-17, "beta": -0.00863316248372918, "mx": -1.3322676295501878e-17, "my": -2.4424906541753444e-17, "sx": 0.9999999999999999, "sy": 0.9999999999999998}