{"w": -0.013114549182168861, "b": -0.001328537320197741}