{"w": -0.013011241666902054, "b": -0.0013289352381546738}