{"w": 0.43416969443488007, "b": -0.12334035203446773}