{"w1": -0.9060166507584557, "w2": -0.7264614902616177, "b": 0.05367131539293779}