{"w": 0.2901332744890818, "b": 8.553156221804919e-18}