{"w": -0.799251018508123, "b": -0.01997940340875537}