{"w": -0.8021882334790706, "b": 0.015554415352205378}