{"w": 0.12298544225945414, "b": 0.0183858069378391}