{"w": -0.06240957561457156, "b": 0.10335680809817711}