{"w": -0.507343624751695, "b": -2.4694660909142155e-18}