{"w": 0.030076102270164645, "b": -0.06413534476361449}