{"w": 0.10270429009741311, "b": 0.03419734883309522}