{"w": 0.21914692045462641, "b": 1.7503639446953056e-17}