{"w": 0.26692112479704205, "b": 0.2262423668878208}