{"w": -0.008828207003720232, "b": -0.03348753938003717}