{"w": 0.7913104973332878, "b": 4.3295929397371683e-16}