{"w": 0.7955539695019179, "b": 0.008861478379694148}