{"w1": 61.12896077385502, "w2": 16.229910338974634, "b": 18.17474329251338}