{"w1": 0.7145221294109322, "w2": -0.4384125710933227, "b": 1.4945948826634377e-17}