{"w": -0.21576424270077452, "b": -0.07434520643817702}