{"w1": -2.3898233832880686, "w2": -0.5395673566623658, "b": -0.2004548651111669}