{"cc": 0.8089849433940586, "alpha": 1.4969354351498637e-17, "beta": 0.8089849433940587, "mx": 1.4432899320127036e-17, "my": 2.6645352591003756e-17, "sx": 0.9999999999999999, "sy": 1.0}