{"w1": -0.15058236908921266, "w2": -0.6971781658979982, "b": 3.417638780875101e-17}