{"w1": -0.6836740672935521, "w2": -1.1311588898922835, "b": 0.027353177321074906}