{"w": -0.8765110588476419, "b": -0.015477754291747355}