{"w1": 1.2666972784427641, "w2": -0.546814457088646, "b": -0.015714152076558643}