{"w1": 2.619916082009347, "w2": -0.21902416539729655, "b": -0.40913127399923416}