{"w": -0.39010940215183293, "b": 0.10670053055015587}