{"w": -0.6165961411178972, "b": -0.015697125165298156}