{"w": 0.6536450620251325, "b": -0.0020350187609949892}