{"w": 0.3489783198587615, "b": 1.933602931354341e-17}