{"w": -0.37734988566690314, "b": 0.027081760477590328}