{"w": 0.17555963915509087, "b": 0.11079684008945172}