{"w": -0.4596312354168614, "b": -0.1996521151607169}