{"w": -0.5877985391228758, "b": -0.028150485759506558}