{"w": 0.07641078139013273, "b": -0.04732553569955997}