{"w1": 3.6908013737660044, "w2": -0.620126723506435, "b": -0.055369981129564906}