{"w1": 0.6470390020476174, "w2": -0.1340966320259846, "b": 9.64061869783067e-17}