{"w1": 1.42225150918897, "w2": -0.18981638939737272, "b": -0.010165597470159998}