{"w": -0.2517425062151808, "b": -0.018519282911246288}