{"w": -0.23977160867656697, "b": -0.016836801997447796}