{"w1": -0.9391836769300601, "w2": 0.09785272304392542, "b": -8.215628736361824e-17}