{"w": -0.4925575857451407, "b": 1.654187068047838e-16}