{"w": -0.8462033899580814, "b": 0.03398970355165441}