{"w1": -0.02709691254238685, "w2": -0.5003863683688649, "b": -4.451341426851962e-18}