{"w1": -0.5078932056603346, "w2": 0.35307167962483843, "b": 0.04210993312104505}