{"w1": 0.5308605043700326, "w2": 1.0072813469625228, "b": 0.005925356572538502}