{"w1": 0.636345594725427, "w2": 1.1914424849282157, "b": -0.00224744017647234}