{"w1": 0.0847632559273483, "w2": -0.8560333598322285, "b": 0.0037239666422094198}