{"w1": -0.017397556333388336, "w2": -0.46815728464374173, "b": -5.205135201147293e-05}