{"w1": 0.3398178917455377, "w2": 0.48156511185693884, "b": -0.0013043937159149671}