{"w1": 0.16586960654426075, "w2": -0.7108134223916575, "b": 1.4383758946150417e-16}