{"w": 0.6550582988662761, "b": 2.5700219348309277e-17}