{"w": 0.5955075444238872, "b": 2.4915624771518594e-17}