{"w1": 2.9742290522027868, "w2": -1.9677848286848254, "b": -0.0015951029676930517}