{"cc": 0.35792272775496514, "alpha": -6.252277488118749e-17, "beta": 0.35792272775496514, "mx": 9.325873406851315e-17, "my": -2.914335439641036e-17, "sx": 1.0, "sy": 1.0}