{"w": 0.3230090034344763, "b": 0.029457212645592916}