{"w": 0.36337941720541733, "b": 0.06266709450695995}