{"w": 0.35827096158264715, "b": -0.06538295654801055}