{"w": 0.4074730086795149, "b": -0.05896771187939252}