{"w": 0.1881680108122071, "b": -0.15886208141028296}