{"w": 0.18412869215404798, "b": -0.17766728916476143}