{"w": 0.16956333706178525, "b": 0.032507956994403175}