{"w": -0.5570298862283249, "b": 0.012458431377431451}