{"w": -0.5166187002934757, "b": 0.011827040488836418}