{"w1": -0.8309137913520966, "w2": 0.300221825752204, "b": -1.619341013876016e-16}