{"w1": -0.4771795822588, "w2": 1.6242177111848566, "b": 0.1474240374152483}