{"w1": 0.28241677633732426, "w2": -0.46798986584305413, "b": -1.0248495625983583e-17}