{"w1": 0.28849524261496523, "w2": -0.46846637891868786, "b": 0.007176696712288029}