{"w": -0.6390119759142705, "b": -1.3060077847663445e-19}