{"cc": -0.23382395671997683, "alpha": -2.7799664167726614e-17, "beta": -0.23382395671997683, "mx": -1.4432899320127036e-17, "my": -2.4424906541753444e-17, "sx": 1.0, "sy": 1.0}