{"w": 0.5612845955106374, "b": -7.490390670418063e-17}