{"w": 0.49675941461621526, "b": -4.296050734478499e-17}