{"w": 0.1440745397523154, "b": 5.0461473053552434e-17}