{"w": -0.24389277515535032, "b": 2.747592184860223e-17}