{"cc": 0.40533730611951113, "alpha": 1.215319726944318e-17, "beta": 0.40533730611951113, "mx": 1.1102230246251566e-17, "my": 1.6653345369377347e-17, "sx": 1.0, "sy": 1.0}