{"w": 0.40633076353755165, "b": -0.01777243216115865}