{"w": 0.37913297404993473, "b": 0.0017598914128592613}