{"w": 0.9090909090909091, "b": 4.584716444872521e-17}