{"w1": 0.03461764863404865, "w2": 0.9638488282082353, "b": -0.09381320421140794}