{"cc": -0.6566308651165311, "alpha": 1.3619725254542611e-17, "beta": -0.6566308651165311, "mx": -1.3100631690576846e-16, "my": 9.96425164601078e-17, "sx": 1.0, "sy": 1.0}