{"w": -0.4913397188693548, "b": 0.08405898278908437}