{"w": -0.41167861111558957, "b": -2.5339016687365912e-17}