{"w": 0.3898249927766946, "b": 0.006687515855345057}