{"w1": -0.1412386865114106, "w2": 1.3903882499907347, "b": -0.10595136135815268}