{"w1": -0.20474936533399957, "w2": 2.558210470711415, "b": -0.7494204131148771}