{"w1": -0.1753966298515575, "w2": 2.725642417618126, "b": -0.7858088413757017}