{"cc": -0.10430668828708918, "alpha": -1.3936961065907968e-16, "beta": -0.10430668828708915, "mx": 6.88338275267597e-17, "my": -1.4654943925052067e-16, "sx": 1.0, "sy": 0.9999999999999998}