{"w1": 0.5752025567511542, "w2": 0.17413091212096932, "b": -5.561710232109125e-17}