{"w1": 2.416476708594588, "w2": 0.34647420635044995, "b": -0.20019714572449232}