{"w": 0.6849124928113495, "b": -0.029981129766898637}