{"w": 0.21141548200312563, "b": 0.2076955393818571}