{"w": 0.0649413414105422, "b": -0.12001896983530824}