{"w": -0.23698124654731728, "b": 0.073540147719512}