{"w": -0.1427836224894768, "b": 0.007726516600922159}