{"w": -0.3283285597546981, "b": 0.009062512083482492}