{"w": 0.25623922897222795, "b": -0.12111799627973285}