{"w": 0.25744094464030837, "b": -0.12098044259732457}