{"w": 0.4756099058852384, "b": 1.0572168169700432e-16}