{"w": 0.8259354376728124, "b": -2.9392401156839306e-17}