{"w": 0.27678719380262934, "b": 0.08658026140084805}