{"w1": -1.963266296693999, "w2": 0.3259642533876485, "b": 0.04381729499172212}