{"w": 0.3820915880458481, "b": -0.012736745132605696}