{"w1": -0.45372661270882164, "w2": 0.2737806767724364, "b": -2.7236136978213962e-17}