{"w": 0.724958703455977, "b": -0.0012725292717174637}