{"w": 0.44998768136253037, "b": 1.2711711721084272e-16}