{"w": 0.3888569020000344, "b": 0.2267273769927112}