{"w": 0.2896440820926706, "b": 0.1217639299652947}