{"w1": -0.046544396477815164, "w2": -0.31233655704920854, "b": -0.006430730011461272}