{"w1": -1.684844092758689, "w2": -44.42567789585337, "b": -4.490291642769256}