{"w": -0.15882253267618246, "b": -2.0689328173678333e-17}