{"w": -0.14900016139421138, "b": -3.9401816935782506e-17}