{"w": -0.14885131008412722, "b": -3.940016435426549e-17}