{"w": 0.21730584685941012, "b": -0.08295721304141879}