{"w": -0.07841148406350036, "b": -1.3044102743494434e-16}