{"w": -0.0860691257960145, "b": -0.0036730915664759042}