{"w": -0.086232314763053, "b": -0.003608214079691672}