{"w": 0.04702243769120695, "b": -0.008442067173298665}