{"w": 0.8707444886945371, "b": -0.0583154501271812}