{"w": 0.8643805150860766, "b": 0.005178216630569096}