{"w": 0.06742783621894516, "b": -0.009911301883645113}