{"w": 0.03143794731810439, "b": -1.0881521087342381e-16}