{"w": -0.48340203237363605, "b": -1.130953289451998e-16}