{"w": -0.47861587363726316, "b": -1.1305281931617074e-16}