{"w1": -0.418484140983246, "w2": 0.5408882191688973, "b": -9.146559675848329e-17}