{"cc": 0.7816704542599527, "alpha": -2.087269747174584e-18, "beta": 0.7816704542599527, "mx": 1.3322676295501878e-17, "my": 8.326672684688674e-18, "sx": 1.0, "sy": 1.0}