{"w": -0.36501663121537203, "b": 0.008018623974824265}