{"w": -0.402522761511565, "b": 6.383463348824143e-17}