{"w": -0.893654048534445, "b": -4.2615064421903806e-17}