{"w1": 1.9401264570943928, "w2": -3.156448786663071, "b": 0.44820430417664336}