{"w1": 0.7743348194698266, "w2": -1.6346787810083312, "b": 0.1706229495299194}