{"w": -0.13696449394653168, "b": -0.13234679918151399}