{"w": -0.028692531742989566, "b": 0.010217060804841926}