{"w": 0.043347492641798255, "b": 0.001916031505925989}