{"w": -0.346276008495546, "b": 2.4245269628340573e-17}