{"w1": 3.3504710663691526, "w2": 0.15711373413338575, "b": -0.38132405335367164}