{"w1": -0.3900964974736064, "w2": 0.5206799834808062, "b": -4.566327580016546e-17}