{"w": -0.20133193098784025, "b": -0.030067514597991764}