{"w": -0.1601905592481622, "b": -1.599848400369223e-16}