{"w": -0.10139731136292962, "b": -0.0003842929272456497}