{"w": -0.007336877364752081, "b": -0.20153517750134842}