{"w": -0.11567576745367285, "b": -6.817007340781471e-17}