{"w1": -0.6031913313570827, "w2": 0.45769345012789175, "b": -0.0003796262805223485}