{"w": 0.177884774743604, "b": 0.29992793087436515}