{"w": -0.8266828357116514, "b": -0.002339534054374525}