{"w1": -3.747647537253856, "w2": -0.8135459097329016, "b": -1.1383606961276012}