{"w": -0.11274979821347883, "b": -4.077374032199905e-18}