{"w": 0.3455297826075667, "b": -0.0072582660276396945}