{"w1": -0.7943566306015682, "w2": -2.123885014559397, "b": -0.08483313939301441}