{"w": -0.4462861464104204, "b": -0.006229489237661978}