{"w": -0.5612316864003541, "b": -0.022802452922598485}