{"w": 0.6474528900694134, "b": 0.015134272124545442}