{"w": 0.4251835238507014, "b": 1.0294481870115378e-16}