{"w1": -0.5301724981992428, "w2": 2.3848828363482455, "b": 0.06035272780278214}