{"w": 0.5518432705832544, "b": -0.022737672611232863}