{"w1": -0.8103583405413143, "w2": -0.22787116475701563, "b": -3.930367519772563e-17}