{"w1": -0.47252423631980467, "w2": -0.5324658117563927, "b": -9.646467140248192e-17}