{"w": 0.8057693568419187, "b": -0.010875527790235436}