{"w1": 0.050091829643876117, "w2": -1.8802118137850505, "b": -0.0018847288810482747}