{"w": -0.08012166267235434, "b": -0.07772138495659921}