{"w": 0.5960120734623743, "b": 6.944307421111692e-17}