{"w": 0.5954166568055688, "b": 6.940142835837419e-17}