{"w": 0.583463909965665, "b": -0.03429228311181486}