{"w": -0.01680007777110942, "b": 1.677746785022824e-16}