{"w": 0.29247068517423835, "b": -0.010182101291919751}