{"w": 0.9612299643254043, "b": -0.012526831180401786}