{"w1": 2.3372832186188495, "w2": -1.831339805928855, "b": 0.22171737627453292}