{"w": 0.5232700947988146, "b": 2.6338059697439787e-18}