{"w": 0.13962437233561406, "b": -1.872681230040637e-17}