{"w": 0.14592706577411974, "b": 8.374027394223215e-17}