{"w": 0.02209379490140448, "b": 1.3911373250723123e-17}