{"w": -0.019478071225941362, "b": 0.003352388382872773}