{"w": 0.3713950939905478, "b": -2.862631409094961e-18}