{"w": 0.33763190362777085, "b": -2.7033215559613423e-18}