{"w": 0.04257664516720929, "b": 0.2171770769494408}