{"w": 0.184054205686616, "b": -6.279356371568616e-17}