{"w1": -0.41236070550140025, "w2": -0.994443951040152, "b": -0.04790128888509924}