{"w": -0.7812287023374458, "b": -0.34043801290630493}