{"w": -0.7240979026551773, "b": 0.03365776250793853}