{"w1": -0.5649527160167876, "w2": 0.16905843516727903, "b": -5.619827780448523e-17}