{"w1": -1.4434612387840784, "w2": 0.15921100821225945, "b": 0.008063577740837042}