{"w1": -0.5977754683129294, "w2": -0.400982650084509, "b": 1.64654392621064e-16}