{"w1": -1.5445883554661786, "w2": -0.9035612487852843, "b": 0.053912795707742045}