{"w": -0.39945419722962294, "b": 0.18972018838661098}