{"w": -0.4715060546002604, "b": -2.4528989950312053e-17}