{"w": -0.07700563723535427, "b": -0.016365194923746128}