{"w": -0.09302457398325834, "b": -0.055193457596261625}