{"w": 0.1976826047136561, "b": 0.20872157487146467}