{"w": -0.7385544324262755, "b": -0.005144009439811399}