{"w1": -0.6929672816840841, "w2": -1.5468945079391476, "b": 0.21376104176013663}