{"w1": -0.22742535333178562, "w2": -0.6368069191849567, "b": 0.022590545994092145}