{"w1": -0.31265822445262303, "w2": -1.0719771963969909, "b": -0.12663080572125698}