{"w": 0.5248451967305509, "b": -1.2484148552832633e-16}