{"cc": -0.029606460736111017, "alpha": 1.0714019652859217e-16, "beta": -0.029606460736111017, "mx": 1.8873791418627663e-17, "my": 1.0658141036401502e-16, "sx": 1.0, "sy": 1.0}