{"w": -0.031792239828919856, "b": -0.023723225160765304}