{"w": 0.0811714941402854, "b": -0.03585618795969118}