{"w": 0.448215687354431, "b": -4.36552752571844e-18}