{"cc": 0.1488977837100745, "alpha": -2.716375292622057e-18, "beta": 0.14889778371007453, "mx": 3.3306690738754695e-18, "my": -2.220446049250313e-18, "sx": 0.9999999999999998, "sy": 1.0}