{"w": 0.13536162155461318, "b": -2.6712908159518983e-18}