{"w": 0.15164850358759127, "b": -0.2874476650202261}