{"w1": -0.9459082731699813, "w2": 1.058931448107474, "b": 0.09025038150603501}