{"w": -1.000000000000002, "b": 2.342570581959086e-16}