{"w": -0.0633304309761391, "b": 0.09178312269122332}