{"w": -0.47875569493723436, "b": -0.002920391912047369}