{"w": 0.7196889769601503, "b": -0.04131035433486367}