{"w1": -0.9454210118703952, "w2": -0.3713240122682334, "b": 0.020146129402771645}