{"w": -0.3743124494441934, "b": 7.349884196938111e-18}