{"w": -0.8920963197531084, "b": -0.003985256049503376}