{"w": -0.04688008163008538, "b": -8.649034805743113e-17}