{"w": -0.06798755313720192, "b": -0.00020000288610486083}