{"w": 0.15304166752383927, "b": -0.018943768477237284}