{"w": 0.04205868475412319, "b": 0.004994783408726111}