{"w": 0.17231735766118922, "b": -0.1309135085253613}