{"w": 0.17232645857302206, "b": -0.13090099461917562}