{"w": 0.06326000634710377, "b": 0.007481999178742557}