{"w1": -0.6547586633000078, "w2": -0.024006504739620533, "b": 3.22317494275663e-17}