{"w1": -0.9705593677946417, "w2": 0.06248568590057425, "b": -0.03705918059756348}