{"w": -0.724073389752444, "b": 0.043554008469427495}