{"w1": 0.3480939550113183, "w2": 0.40794875083427545, "b": 2.456576330894127e-17}