{"w1": 0.9792138164455115, "w2": 1.2759032255115257, "b": -0.01272004073291888}