{"w": -0.7594791987522024, "b": -0.43601993783646464}