{"w": -0.7325389635664503, "b": -0.4193570692589076}