{"w": -0.6629977483482058, "b": -0.0031043091501273307}