{"w1": -1.7924478460300168, "w2": -4.693948047886185, "b": 0.09211396231224445}