{"w1": -1.0012044516109577, "w2": -2.869873857628241, "b": 0.09232323776004674}