{"w1": -0.43794512984209183, "w2": -1.2818722278890553, "b": 0.018208711816245567}