{"w": -0.0871143802398508, "b": 0.007844490007785747}