{"w": -0.07505782776285981, "b": -0.003205992006816583}