{"w": -1.0000000000000009, "b": 4.191091917959972e-17}