{"w": -0.3037629853024636, "b": -0.12626381710957352}