{"w": -0.3175149354823582, "b": -0.14612906558870925}