{"w": -0.39262443979345435, "b": 0.030192500721280255}