{"w": -0.39465955091678134, "b": 0.030329669171972776}