{"w": 0.741059709981173, "b": 0.013134400879702456}