{"w": 0.7857801531536355, "b": 0.008955249149497281}