{"cc": 0.41034953018716425, "alpha": -6.012439763037609e-17, "beta": 0.4103495301871642, "mx": 1.6653345369377347e-17, "my": -5.329070518200751e-17, "sx": 1.0, "sy": 0.9999999999999999}