{"w": 0.5887503022495348, "b": -0.013102589276059562}