{"w1": -0.2978424947022953, "w2": -0.4580574377967238, "b": 1.8822036379706498e-17}