{"w": 0.9594300268658484, "b": 0.001858433607945696}