{"w": 0.47422250395693977, "b": -0.09801253331266964}