{"w": -0.049221186576854245, "b": 0.23573435391878428}