{"cc": -0.1689776956354993, "alpha": 1.4317258654035327e-16, "beta": -0.1689776956354993, "mx": -1.9984014443252817e-17, "my": 1.4654943925052067e-16, "sx": 1.0, "sy": 1.0}