{"w": 0.422558059948823, "b": -0.1598285388868553}