{"w1": -0.14428241243915185, "w2": -0.8225099991358549, "b": -0.009831265266444426}