{"cc": 0.9850313641205475, "alpha": -1.9029253825922137e-17, "beta": 0.9850313641205475, "mx": 4.5241588253475126e-17, "my": 2.55351295663786e-17, "sx": 1.0, "sy": 1.0}