{"w": 0.1979072072477363, "b": -4.1436524082837202e-16}