{"w": -0.046165185198130315, "b": -0.13567268135321212}