{"w": -0.9999999999999999, "b": 5.695444116327052e-16}