{"cc": 0.24184047907764433, "alpha": -4.4909679169331385e-17, "beta": 0.24184047907764433, "mx": 6.661338147750939e-18, "my": -4.3298697960381107e-17, "sx": 1.0, "sy": 1.0}