{"w1": -0.8951791639667963, "w2": -0.7133359100188101, "b": -0.009580183295774048}