{"w": -0.3386096242776433, "b": 0.08604304191049503}