{"w": -0.3232822341523553, "b": -8.825614300680591e-17}