{"cc": -0.1776865954646096, "alpha": 8.096376238223258e-17, "beta": -0.1776865954646096, "mx": 9.325873406851315e-17, "my": 6.439293542825907e-17, "sx": 0.9999999999999998, "sy": 0.9999999999999999}