{"w": -0.17860428889750884, "b": 0.10179049238383446}