{"w": -0.07975862671366656, "b": -0.011544188485892096}