{"w": -0.7361420879286381, "b": -0.2545562553969235}