{"cc": 0.7860552787684475, "alpha": -1.7703761430373327e-16, "beta": 0.7860552787684476, "mx": 1.0658141036401502e-16, "my": -9.325873406851315e-17, "sx": 0.9999999999999999, "sy": 1.0}