{"w": -0.19765922904433508, "b": -0.05910416917999817}