{"cc": 0.6138094419859061, "alpha": -3.182842563377492e-16, "beta": 0.6138094419859063, "mx": 3.8469227803261673e-16, "my": -8.215650382226158e-17, "sx": 0.9999999999999999, "sy": 1.0}