{"w": 0.6258216530893431, "b": -0.04757870575826259}