{"w": 0.15639788987210432, "b": 0.01716496499942329}