{"w": 0.045517491501895754, "b": -0.04008785156069872}