{"w": 0.22701404933065633, "b": 0.0019676696067394556}