{"w": 0.6459380636513683, "b": 0.015874907408566636}