{"w": -0.00877058186090021, "b": 0.0072215354870351365}