{"w": -0.39074555317110726, "b": 2.3602946545784968e-17}