{"w": -0.386876785317928, "b": 2.325933093398263e-17}