{"w": -0.40532784598974575, "b": -0.11637445768710822}