{"w": -0.4821554256773898, "b": -0.021190987193080612}