{"w": -0.1476314481870943, "b": -0.148453071651566}