{"w": -0.17332088823533628, "b": -0.1825432013711714}