{"w": 0.5258292251235317, "b": -0.007078015925131564}