{"w": 0.5674729756073901, "b": 0.0007934630886521135}