{"w1": -0.629714745462052, "w2": -0.7275503751823573, "b": -0.10185965208212663}