{"w": -0.25387480523250694, "b": -0.008931786495408808}