{"w": -0.23146897888707546, "b": -0.008200761142531307}