{"w": -1.0000000000000004, "b": 6.850076061937219e-16}