{"w": -0.23383556908691916, "b": -0.0763087492956149}