{"w1": -1.8322814757962518, "w2": 0.442714667298313, "b": -0.06243302129212327}