{"w": -0.48800110264968666, "b": 2.2932903905609098e-17}