{"w": 0.5199695458367304, "b": 0.0008811125532855833}