{"w": 0.8478421591630724, "b": 0.007720634746837708}