{"w": 0.7763450661020803, "b": 0.0016174606546555661}