{"w": 0.654126208053406, "b": -0.05500913007030854}