{"w": 0.43947234120862594, "b": -0.0036815532039231724}