{"w": 0.6038277637878858, "b": -0.004308664505088683}