{"w": 0.03136381989215135, "b": -0.07447381354309922}