{"w": 0.7103322753575552, "b": -0.06350971951474349}