{"w": 0.504059060008219, "b": 0.05718306722701172}