{"w": 0.6367616133477526, "b": 0.03192211201572903}