{"w": 0.47524540399595305, "b": 0.0019464556404416348}