{"w": -0.16683846099660468, "b": -0.04329456029465251}