{"w1": -0.6514153432606852, "w2": -0.6840394583608634, "b": 0.06374694512878376}