{"w1": -1.55848187199379, "w2": -0.7439853692492965, "b": -0.022277881381539077}