{"w": -1.0000000000000007, "b": 4.107825191113079e-17}