{"w1": -0.2155306912628271, "w2": -0.6084156083265666, "b": -0.03792320834972399}