{"cc": 0.24428074238268013, "alpha": 2.6433122259178793e-17, "beta": 0.24428074238268008, "mx": 5.995204332975846e-17, "my": 4.107825191113079e-17, "sx": 1.0, "sy": 0.9999999999999998}