{"w": 0.2440367056770031, "b": 2.6447752758331588e-17}