{"w": -0.7869314401286011, "b": 0.0017114574119217012}