{"w": 0.927506617423994, "b": 0.0031659685546486954}