{"w": 0.8259096517383475, "b": 4.6033909899779694e-17}