{"w": 0.38657789591968494, "b": 0.04714910840438569}