{"w": -0.8324800027654408, "b": -1.9046702032674161e-16}