{"w": -0.8091305989574998, "b": 0.014634399032889591}