{"w1": -0.23758246624521923, "w2": -1.1002164052023047, "b": -0.3121584012316577}