{"w1": 0.17538666592468488, "w2": -0.4155137557131628, "b": 3.0527473847130615e-06}