{"w": 0.7318178527955108, "b": 0.000347717554839584}