{"cc": -0.42555505070569505, "alpha": -3.670406399444983e-17, "beta": -0.42555505070569494, "mx": 1.7985612998927537e-16, "my": -1.1324274851176597e-16, "sx": 1.0, "sy": 0.9999999999999998}