{"w": 0.1245002120453188, "b": 0.1163721746459303}