{"w1": -0.3274507783928217, "w2": -1.170326837399981, "b": -0.023290158221891153}