{"w": 0.11855095967978829, "b": -0.24454667011168346}