{"w": 0.2766024924054522, "b": 1.8089730065242663e-16}