{"w": 0.2801245696443251, "b": 0.05779885766409625}