{"w1": 0.7539481442967639, "w2": -0.029072781348701126, "b": -4.1543736918621196e-17}