{"w1": 0.9234056514161101, "w2": -0.15732564375079058, "b": -4.608383438083735e-17}