{"w": -0.38201817846046693, "b": 0.0619922815984934}