{"w": -1.0000000000000004, "b": -1.5092094240998257e-17}