{"w": -0.3127031241742694, "b": 2.2204460492503132e-17}