{"w1": 1.8487132092614933, "w2": -0.22832943655631968, "b": -0.03058719805115391}