{"w1": 0.986416867196268, "w2": -0.13951127656384976, "b": 0.04461030111214813}