{"w1": -0.9106800664012752, "w2": 0.705697613073702, "b": 0.11870943504611724}