{"w": -0.13424400433584183, "b": 0.06566181825427042}