{"w1": -0.7324647105826161, "w2": 0.23485685592507433, "b": -0.02785044756188099}