{"w1": -0.9290000538534813, "w2": 0.24182793030954447, "b": 0.004638147086039665}