{"w1": -1.0528669676438436, "w2": -1.1362610480722473, "b": 0.22992578797624652}