{"w": 1.0000000000000002, "b": 6.092348847630547e-17}