{"w": -0.1465247274983419, "b": 1.8370123896698056e-16}