{"w": 0.035924974137107865, "b": -0.04392301818370606}