{"w1": 0.33818390231391743, "w2": 0.1868314329779758, "b": -7.636419549958582e-18}