{"w1": 0.5245530217081169, "w2": -0.14532746100328398, "b": -5.908916621548299e-17}