{"w": 0.02135613128839254, "b": -0.039401362241783165}