{"w1": -0.9858640031103936, "w2": -1.58517830592058, "b": -0.03090225733333883}