{"w": -0.5935130182734748, "b": -0.041086660969723826}