{"w": 0.6856993147417723, "b": -2.1696339917257514e-16}