{"w": -0.0424955376939382, "b": -0.6032959855634491}