{"w": 0.04526035840220488, "b": 0.09143163041703314}