{"w": 0.08979656220580745, "b": 9.100670245942589e-17}