{"w1": -0.01346792246036881, "w2": -0.6519191596379341, "b": -1.4430656031658247e-17}