{"w1": -0.033751408333948046, "w2": -0.6444401953204248, "b": -0.00802497684034106}