{"w": 0.5605122400885033, "b": -0.05062271401234675}