{"w": 0.6203149316859123, "b": -4.08228563997838e-17}