{"w": 0.6271195904645034, "b": -0.00862757775263831}