{"w": -0.2533351856300976, "b": -4.285451620971781e-17}