{"w": -0.11676597916189943, "b": -0.12012507228209585}