{"w": 0.38022717057552025, "b": 1.4937894412602823e-17}