{"w1": -22.118920339467078, "w2": -10.500895724617996, "b": -0.7269242921806759}