{"w": 0.41834374080734316, "b": 0.013572957451874803}