{"w": 0.4215596704164195, "b": 0.01341611331390615}