{"w": 0.4458734551328951, "b": -0.004327754299183967}