{"cc": 0.0336149792055246, "alpha": 3.0769530246384634e-17, "beta": 0.0336149792055246, "mx": -3.2085445411667025e-16, "my": 1.9984014443252817e-17, "sx": 1.0, "sy": 1.0}