{"w": -0.34986991048268967, "b": -2.7018707145189247e-16}