{"w": 0.4868084134854835, "b": 7.035128462818198e-17}