{"w1": 2.0796791888736985, "w2": 0.3358159144640942, "b": 0.10915344960570465}