{"w1": 1.846573945943285, "w2": 0.3547753771025758, "b": 0.06956770196891639}