{"w1": 0.4038470113577156, "w2": 0.3656114453762438, "b": -0.008112600309522882}