{"w": 0.09395334936239151, "b": -0.003287908068912073}