{"w": 0.8993246557553507, "b": 0.013542176482302716}