{"w": -0.32927175782308116, "b": -3.1086244689504386e-17}