{"w": 0.09375183454605322, "b": 0.060398277970295074}