{"w": 0.09630740635460225, "b": -2.39972157418462e-17}