{"w": -0.17362869839146303, "b": -0.02541073813493812}