{"w1": -0.5485035003951871, "w2": -0.2625244481229664, "b": 2.892816893808267e-17}