{"w1": -1.3258651746404153, "w2": -0.5430697865720618, "b": -0.06447200516075564}