{"w": 0.7066079537398966, "b": -0.004880202022514246}