{"w1": -0.019640275107553142, "w2": -0.6705055266930275, "b": 5.4786112693319915e-18}