{"w": 0.9252963740797064, "b": 0.006449566613945032}