{"w": -0.5380593648031783, "b": -1.51543820201669e-16}