{"w": -0.6317326777762388, "b": -0.00640580740000002}