{"w": 0.8987435339861611, "b": -0.021216742025833804}