{"w1": -0.027854922588889098, "w2": -0.564076539712545, "b": -1.130235182932538e-16}