{"w1": -0.061563322350841505, "w2": -1.242975525210719, "b": -0.1439251423957744}