{"w1": -0.43926378395437166, "w2": -0.49890987782177487, "b": -6.947409841889126e-17}