{"w1": -0.8394528906780668, "w2": -0.753786038416938, "b": -0.01087350511482434}