{"w1": -0.07251575374158252, "w2": 0.5540911928085339, "b": -9.900445751203962e-18}