{"w": 0.5797099941783066, "b": 2.1995294733198872e-17}