{"w": 0.9072723846595201, "b": 0.004826372075514618}