{"w": 0.8970603725909497, "b": -0.002371538912164916}