{"w": -0.2887992041895203, "b": -9.374718802299234e-18}