{"w": -0.9775965049139065, "b": 3.261455199804989e-16}