{"w": -0.4091417856576979, "b": 0.0584829822733299}