{"w1": -0.7743382618624447, "w2": -2.6962058455719973, "b": -0.18709605594342738}