{"w1": -0.5689314241830126, "w2": 0.4662096572875336, "b": 5.830400851721792e-17}