{"w1": 1.0798613811895335, "w2": 2.2720658613318987, "b": 0.9359575612301155}