{"w": 0.03553778010553662, "b": 0.1419982426974681}