{"w": -0.015361499083951236, "b": 0.1336754735275314}