{"w": -0.15953396362592281, "b": -0.029242396781932908}