{"w": -0.952897742427338, "b": -0.0016839748929210613}