{"w": -0.9999999999999982, "b": -4.968248035197574e-17}