{"w": 0.14755547656596474, "b": 0.16687199256074395}