{"w": 0.9999999999999989, "b": -7.889522368742518e-17}