{"w": 0.16436062649064834, "b": 0.17869209760881397}