{"w": 0.16437998140393542, "b": 0.17872925763135036}