{"w": 0.14633820290703967, "b": -0.009474796272532521}