{"w": 0.34500263124256997, "b": 0.002435782469482152}