{"w": -0.06994313522094114, "b": -0.16997212699498124}