{"w": 0.5346629865724796, "b": -0.0280208018568188}