{"cc": 0.7877662061310909, "alpha": -2.40590110112951e-16, "beta": 0.7877662061310908, "mx": 2.2648549702353194e-16, "my": -6.217248937900877e-17, "sx": 1.0, "sy": 0.9999999999999999}