{"w": 0.6467383276520354, "b": -0.008392646229365707}