{"w": 0.6878332955223514, "b": -0.008505916527388585}