{"w": 0.6969828495703669, "b": -0.05300847406948035}