{"w1": 0.5177694734056587, "w2": -0.17952541316164236, "b": 1.3183698397116069e-17}