{"w1": -0.9112350598113511, "w2": 2.396382759725853, "b": -0.5818016979149675}