{"w": -0.005174619392431035, "b": 1.0701802896509434e-16}