{"w": 0.5913208652584301, "b": -0.08003950234031174}