{"w": -0.6109185383847437, "b": 0.0010390320934384398}