{"w1": 0.6694272321489493, "w2": -0.11875700839409711, "b": 0.008018670886883073}