{"w": 0.5328111734495431, "b": 0.036216139475204884}