{"w1": 1.3058667196756943, "w2": 0.3907378164559056, "b": 0.057059445377473345}