{"w1": 0.8036658151686646, "w2": 0.37627757094539593, "b": -0.052223522497208935}