{"w": 0.42871967263843797, "b": 1.9948190198397422e-17}