{"w": 0.4245964342256475, "b": 0.005041952215116038}