{"w": -0.5369047919767327, "b": -0.02846720473981018}