{"w": -0.5829212720566972, "b": -0.019104135561753763}