{"w1": -0.3095410021663475, "w2": -0.5994067482978471, "b": -6.4261550029893554e-18}