{"w1": 1.5773214959269009, "w2": -1.0420228651246564, "b": -0.07092865019143986}