{"w1": 0.7037523119779954, "w2": -0.5129963037309712, "b": 0.004487384356711255}