{"cc": 0.3538484418234424, "alpha": -1.3651437552022256e-17, "beta": 0.3538484418234424, "mx": -1.5543122344752193e-17, "my": -1.915134717478395e-17, "sx": 0.9999999999999998, "sy": 0.9999999999999999}