{"w": 0.45889352394838734, "b": -0.03905682010107164}