{"w": 0.29148804173446785, "b": 0.06475531096025292}