{"w": 0.2407891588318327, "b": 0.037575535598426656}