{"w": 0.7962449345320902, "b": 0.04430470872251686}