{"w": 0.2965603262230968, "b": 0.01617910973131731}