{"w": -0.8159176217718175, "b": -3.485331014570644e-17}