{"w": -0.9772760013244298, "b": 3.827430005944806e-16}