{"w": -0.9187354278211589, "b": 0.0034191389584649363}