{"w": -0.15809211623283517, "b": 0.00948421716666692}