{"w1": -0.43496949472015733, "w2": -0.3323056976218046, "b": 8.771471302760944e-17}