{"w1": -1.5656449756421544, "w2": 0.09501900152281968, "b": -0.15780007085761696}