{"w": -0.8592506090056367, "b": 0.0031981534416185933}