{"w": 0.46421047727308584, "b": -0.09992505868579679}