{"w": -0.9999999999999989, "b": 2.4980018054066e-16}