{"w": -0.473384969874035, "b": 0.002388374622583152}