{"w1": -1.788665376392677, "w2": -0.49130098470128447, "b": -0.012685422153074192}