{"w": -0.2010456129795119, "b": 0.018908251676263768}