{"w": 0.05059662139265785, "b": -0.004160893451229001}