{"w": 0.7241035909656184, "b": 0.1152752629246061}