{"w": 0.7610438690104415, "b": -0.018231542379467974}