{"w": 0.6585621641823051, "b": -1.4623017556443354e-18}