{"w": -0.5207988628743807, "b": 0.02775192417993899}