{"w": -0.4926123018623089, "b": 0.025214921891022795}