{"w": 0.8951551602421145, "b": 2.238347427622957e-17}