{"w1": -0.8447268492076684, "w2": 0.6421503813898426, "b": 0.013662236418836498}