{"w": 0.1769484259586169, "b": 5.185471201070007e-17}