{"w": 0.17797201235363783, "b": 0.0007784602355403736}