{"w": -0.07107202052285072, "b": -7.658467300621707e-17}