{"w": -0.260094435803815, "b": -1.5941569992513327e-16}