{"w": 0.13434641732001842, "b": -4.420915278666632e-17}