{"w1": 0.03733831843046263, "w2": 0.7998332733729586, "b": 7.31950660395561e-17}