{"w": 0.0025908695587263547, "b": 0.021275164381806863}