{"w": -0.38552701225075814, "b": -3.911198695527416e-17}