{"w1": 0.4766577804802975, "w2": -0.3536848890962084, "b": -5.325790225402353e-18}