{"w1": -1.8337765566208124, "w2": 0.7840159664464899, "b": -0.13136245289386844}