{"w": -0.014433001704588885, "b": 0.0035266269500585116}