{"w": -0.8191988563725707, "b": -2.2829006226586997e-16}