{"w": -0.15594627110998294, "b": -0.12378895117160227}