{"w": 0.5949213445897756, "b": -0.03408264526564258}