{"w": 0.5491357253708559, "b": 0.00025104916318321666}