{"cc": 0.0012900988331207251, "alpha": 2.230472131250322e-18, "beta": 0.001290098833120725, "mx": -7.771561172376097e-18, "my": 2.220446049250313e-18, "sx": 1.0, "sy": 0.9999999999999998}