{"w1": 0.30765002502749084, "w2": 0.5373748996313024, "b": -1.7902676636268097e-17}