{"w1": 0.363103181717503, "w2": 0.6335044998498377, "b": 0.016218344836248143}