{"w1": -0.35683183048767997, "w2": -2.338026805240659, "b": 0.0013937751340396057}