{"cc": 0.4930722701560035, "alpha": -6.972100212113041e-17, "beta": 0.4930722701560035, "mx": 3.219646771412954e-17, "my": -5.384581669432009e-17, "sx": 1.0, "sy": 1.0}