{"w": -0.3515515954280902, "b": -0.22808843905834686}