{"w": 0.059386942381998827, "b": 2.0346644572623022e-17}