{"w1": 0.5204873457787665, "w2": -0.22732681995463877, "b": 8.36348361248744e-18}