{"w1": 0.5941573052164418, "w2": -0.2646797478128407, "b": -0.013345897449936889}