{"w": -0.6903005579183713, "b": -0.04754840537069992}