{"w": 0.21973593229929067, "b": -0.16668595292897842}