{"w": -0.16181052684251304, "b": 0.042908731760602795}