{"w1": -2.004021710139456, "w2": -1.5338582237762117, "b": -0.09885124337163353}