{"cc": 0.42981215199606404, "alpha": 5.105097441677209e-17, "beta": 0.42981215199606404, "mx": 1.5543122344752193e-17, "my": 5.773159728050814e-17, "sx": 1.0, "sy": 1.0}