{"w": 0.06573289091631344, "b": 0.08721882931429897}