{"w": 1.0000000000000002, "b": -1.607047828144914e-16}