{"w": 0.33719462471235734, "b": -1.489863528079659e-16}