{"w1": 1.5704823589331187, "w2": -0.35977614816786935, "b": -0.06154427829089328}