{"w": 0.17809493856192682, "b": -0.00019804878454357045}