{"w": 0.10580150462762668, "b": 0.0009473009448322245}