{"w": 0.1998121646535922, "b": -0.10640685992555876}