{"w": 0.6662360584193043, "b": -0.012598775334527322}