{"w1": 0.6366628365183801, "w2": 0.4910664594656627, "b": 0.03195570136469179}