{"w": -0.3990116869932623, "b": -1.79768350160826e-17}