{"w1": 0.14897192882641025, "w2": -1.3486474452075174, "b": 0.23550693109142368}