{"w": 0.4933208546743239, "b": 0.009867937473477223}