{"w": 0.4958990618640047, "b": 0.009906058328720883}