{"w": 0.5057184489156562, "b": 0.04690444436392518}