{"w": 0.6050279296026894, "b": -2.1449012706350434e-17}