{"w": 0.367048914370017, "b": 0.05174375143952488}