{"w": 0.3962466183100186, "b": -0.006869485760863335}