{"w": 0.696055712700004, "b": 3.057782210209169e-17}