{"w": -0.20528353208889855, "b": 1.0587292592213526e-16}