{"w": -0.4705564171712829, "b": 0.06468253733814902}