{"w": 0.3683991581211781, "b": 0.014044388267380413}