{"w": -0.4232933863445756, "b": 0.0011517763014566723}