{"w": 0.5771948143519531, "b": 1.063674415316667e-17}