{"w": 1.0000000000000007, "b": 2.242650509742816e-16}