{"w": 0.4278129218076125, "b": -0.009258568864257253}