{"w1": 0.7613430318445353, "w2": 1.9013589024755606, "b": -0.2722287144884986}