{"w": 0.5259485327768315, "b": 4.6744601668432895e-17}