{"w": 0.5754646880740996, "b": -0.01286796431499447}