{"w": 0.11463258080950094, "b": -0.261608587077241}