{"w": -0.11853089135345546, "b": 0.0029089805787487766}