{"w": 0.6455363164180462, "b": -6.619695425310992e-18}