{"w": 0.43355520821168675, "b": 0.11577017365377679}