{"w1": -2.468604780047139, "w2": 0.6786224521854834, "b": 0.008178322465225138}