{"w1": -1.7676166445430472, "w2": 0.4868547727927495, "b": -0.11412808855146021}