{"w": 0.1390292790792992, "b": 0.0017875729538141482}