{"w1": 0.2870807207306184, "w2": -0.43480481678223293, "b": -4.973829096994873e-19}