{"w1": -0.5687361848047214, "w2": 0.025861953701445665, "b": -0.008231984824548087}