{"w1": 0.3753152299782909, "w2": 0.9356859644939249, "b": 0.01873205823314751}