{"w": -0.20925212431760368, "b": -0.006606322332532454}