{"w": -0.19329518419680344, "b": 0.01691429733691873}