{"w": 0.6504961768683414, "b": 0.03213268982602777}