{"w1": 0.06237285334797429, "w2": -0.6837150174334974, "b": -5.1004546123193307e-17}