{"w1": 0.06178515013079041, "w2": -0.677619431221295, "b": -5.0548591815347593e-17}