{"w": -0.6517162830456567, "b": 0.012671391468143311}