{"w": 0.007294787335594101, "b": 5.4523092646371915e-17}