{"w": 0.06703939345345158, "b": -0.25283753985945856}