{"w": 0.0069822970106269795, "b": 0.046798874242857585}