{"w": 0.11953090913351792, "b": -0.06992968554115185}