{"w": 0.1200524572457102, "b": -0.06878796944067789}