{"w": 0.9175150343922186, "b": 0.011465632538532286}