{"w1": -0.6525687434433675, "w2": -0.1162176892887999, "b": 0.010453667006776171}