{"w1": 0.47823121663844564, "w2": 1.7357714097276822, "b": -0.22007282974092487}