{"w": 0.3771698538941163, "b": 0.09396775077714224}