{"w": -0.03358419550784484, "b": 0.04540717671991244}