{"w1": 0.5015011773035809, "w2": 0.1905927423099562, "b": 0.0031134630820909247}