{"cc": -0.5717684152515702, "alpha": 2.079400949908178e-17, "beta": -0.5717684152515701, "mx": 4.9960036108132046e-17, "my": -7.771561172376097e-18, "sx": 1.0, "sy": 0.9999999999999999}