{"w1": -0.34190631114254544, "w2": 1.280275340063409, "b": 0.16199226747543993}