{"w1": 0.48393088394673384, "w2": -0.554820900043684, "b": -1.1984201512702523e-17}