{"w1": 1.1404179897715045, "w2": -1.0229806731648312, "b": -0.21386510082838733}