{"w1": 0.9245325110736308, "w2": -0.8920633957123889, "b": -0.21161539366391172}