{"w": 0.6150645610941418, "b": -0.1246136658705358}