{"w": -0.587379130561433, "b": 6.441463018700533e-17}