{"w": -0.014287366067688682, "b": 0.07725574105375287}