{"w": 0.7189166907978836, "b": -1.1306325656209107e-17}