{"cc": -0.06957762080788557, "alpha": -5.719471965322728e-17, "beta": -0.06957762080788557, "mx": -1.0796918914479648e-16, "my": -4.9682480351975756e-17, "sx": 1.0, "sy": 1.0}