{"w": -0.4576654722632844, "b": -3.0693971467421303e-16}