{"w": -0.27704679087939343, "b": 0.23477882038875922}