{"w": 0.1348387106021273, "b": -0.002261787403523008}