{"w": 0.5335642623098554, "b": -0.013719184401795492}