{"w": 0.6539656571483886, "b": 4.9554255303332546e-18}