{"cc": -0.42283751598929187, "alpha": -3.4382718326167636e-17, "beta": -0.422837515989292, "mx": 3.552713678800501e-17, "my": -4.9404924595819467e-17, "sx": 0.9999999999999998, "sy": 1.0}