{"w": -0.418651005929992, "b": -3.4531453041708744e-17}