{"w": 0.1477595981214091, "b": 0.01102793397972672}