{"w1": 0.5095839254223707, "w2": 0.24744683079153776, "b": -3.510976628579663e-17}