{"w1": 1.254295007360929, "w2": 5.721360009928948, "b": 0.9336408791702652}