{"w": 0.36341496269079565, "b": 0.09128077941458473}