{"w": -0.5684697544668735, "b": -5.1144379654198426e-17}