{"w": -0.42682065529435814, "b": -3.325226577226784e-17}