{"w1": -0.5351611713976975, "w2": -0.08857329075163509, "b": 1.6365932485005117e-17}