{"w": 0.8493408512992547, "b": 7.979649519004421e-17}