{"w": 0.9999999999999996, "b": 8.63198401646059e-17}