{"w": 0.9999999972390118, "b": 7.809632298671142e-10}