{"w": 0.3774030455553403, "b": 0.07060458573371145}