{"w": -0.8247358151019079, "b": 0.03540709889797899}