{"w": -0.06260651827670695, "b": -3.8994928113351815e-17}