{"w1": 0.6833824076590346, "w2": -2.1161940767776977, "b": 0.08386651746131976}