{"w": 0.03509504244386297, "b": -0.04935348298621789}