{"w": 0.5011932801782518, "b": -0.08538416830088015}