{"w": 0.4131353939993267, "b": 2.4029761878162912e-17}