{"w": 0.44976138178702985, "b": -0.01143123898209307}