{"w1": 3.824982983243048, "w2": -3.1197677186620183, "b": 0.2222839004770188}