{"w1": 0.5011928315063041, "w2": -0.4487269490524854, "b": 1.7285517259822114e-17}