{"w1": -1.5232713651730818, "w2": 0.38708857933412066, "b": 0.0594413839047041}