{"w1": 0.4346683927108681, "w2": -1.1810319234183078, "b": -0.017002301950870984}