{"w": 0.044013749237798515, "b": 0.27574585101700444}