{"w": 0.05196652302359646, "b": 2.3936872443647086e-17}