{"w": 0.05552775607676092, "b": 0.0036337465003114244}