{"w": 0.9727962218127506, "b": -1.3383080817302439e-17}