{"cc": 0.7451164204229439, "alpha": 5.583963979234926e-17, "beta": 0.7451164204229439, "mx": -3.219646771412954e-17, "my": 3.184952301893418e-17, "sx": 1.0, "sy": 1.0}