{"w": 0.46064917294622254, "b": 0.036381167913355224}