{"w": 0.48907970656631433, "b": 0.043876961211223656}