{"w1": -1.8052239768268998, "w2": 1.0109830779647082, "b": -0.009112301376915688}