{"w1": -0.6554488315291397, "w2": 0.38182401359377705, "b": 0.0074011966370036986}