{"w": 0.7551558584884979, "b": -0.10029337346621488}