{"w": 0.23590968670545212, "b": 0.019608796725016753}