{"w": 0.2971776098324101, "b": -0.003733010253862197}