{"w1": -18.89838206344314, "w2": -14.222046024182314, "b": 1.4225730852228295}