{"w1": -0.15302384394148827, "w2": -3.575081146397635, "b": 1.458564710940116}