{"w": -0.1318599896897397, "b": -0.21744597824537096}