{"w": 0.7412566628790265, "b": 3.5787129105568876e-17}