{"w": 0.5418827179133406, "b": 0.16495913689484606}