{"w": -0.17473423597465812, "b": -0.08207805623359214}