{"w": 0.5805178503999966, "b": -0.06429243978235895}