{"w": 0.9646283712401783, "b": 0.00912490573873104}