{"w1": -2.041678408777126, "w2": 1.066431026604699, "b": -0.04228113970827199}