{"w1": -0.7163398004847816, "w2": 0.3689064191357542, "b": -0.02167198369115913}