{"w": -0.6419810569830211, "b": 0.023914441417114768}