{"w": -0.17206390198199276, "b": 0.023046243886133844}