{"w": -0.9999999999999969, "b": -1.2212453270876375e-17}