{"w": -0.031646124176768826, "b": 9.50645569894241e-17}