{"w": 0.46820311732302844, "b": -0.025261544014886894}