{"w1": -13.243895073237953, "w2": -20.84820413187266, "b": 4.698396460928997}