{"w1": 1.0412914439989307, "w2": -0.0628002935785926, "b": -0.2649471945440609}