{"w": 0.07603633890516097, "b": -1.498555285108502e-17}