{"w1": 0.5872269497680424, "w2": -0.29820141543288775, "b": 2.410188202264474e-17}