{"w": 0.300314029469069, "b": 5.613606824742748e-17}