{"w": 0.19129164213276323, "b": 0.05512659490102438}