{"w": 0.08978377769014553, "b": -9.96603379986303e-18}