{"w1": -2.3613592636349994, "w2": 27.352543472885905, "b": -11.262286201659085}