{"w1": -0.31090343034481077, "w2": 1.2117069080559237, "b": -0.19846096300584112}