{"w1": -0.2749975312847519, "w2": 1.783904515705338, "b": -0.692531291063587}