{"w1": -1.326178091972626, "w2": 0.6155925008864787, "b": 0.03810585795945916}