{"w1": -0.24452348624589867, "w2": -0.887225444072062, "b": 2.7332856547895974e-17}