{"w1": -0.5254902672941282, "w2": -1.910652821634125, "b": 0.18166235092911215}