{"w": -0.2917834811187687, "b": -0.19908417617065097}