{"w": -0.18430570507309307, "b": 0.14214902209178204}