{"w": -0.3965064948366605, "b": 0.06231854716166084}