{"w": -0.2669776691267136, "b": -0.0037166268757556874}