{"w1": 0.2842434336792212, "w2": 0.9446027771330524, "b": -0.008293274812203107}