{"w": 0.054788796030563275, "b": -0.20008745228580277}