{"w": 0.1293659736576599, "b": -0.20873884606023707}