{"w": 0.09329460126615478, "b": -0.20239993872093082}