{"w": 0.06709067981932523, "b": 0.040633563621807686}