{"w": 0.6536130085381437, "b": 0.07484165257773168}