{"w": 0.5915237192047818, "b": 0.08152874859629708}