{"w": -0.05272782753061443, "b": 2.9608541452134e-17}