{"w": -0.5072051310963982, "b": -0.021235002957512017}