{"cc": -0.16990354730350388, "alpha": 1.96418091065935e-17, "beta": -0.16990354730350388, "mx": 3.7192471324942746e-17, "my": 1.3322676295501878e-17, "sx": 1.0, "sy": 1.0}