{"w": -0.18020352805130296, "b": 0.09535745777684332}