{"w": -0.16973381349001396, "b": 1.96354962866024e-17}