{"w": -0.19044154632394686, "b": -6.962447851468792e-17}