{"w": -0.2092764245318097, "b": -7.091049981500929e-17}