{"w1": 0.18653405059683223, "w2": 1.3736999968336892, "b": 0.027885108769869944}