{"w1": 0.2450243756342564, "w2": -0.5759184071912921, "b": 1.849815583280172e-17}