{"w1": 0.5095451095398306, "w2": -0.5974561656323443, "b": 3.6891386636286737e-17}