{"w": -0.466330976987303, "b": -4.889453593284592e-18}