{"w": -0.42817662432470543, "b": -5.3977716830728e-18}