{"w1": -0.5208262854332942, "w2": 0.518733379345546, "b": 4.043450870877666e-17}