{"w": -0.03133231701964726, "b": -0.0054290375367877786}