{"w": 0.32290846372557586, "b": -0.11175705165586262}