{"w": -0.8085378876955324, "b": -0.035910013606565}