{"w": -0.48796605488151207, "b": -0.08674680216203641}