{"w": 0.26025407977374837, "b": 2.0702838557110098e-17}