{"w1": -1.4449411493680961, "w2": 0.019215715163229747, "b": -0.11214772829175211}