{"w": 0.4586317612413575, "b": 0.015196247970240048}