{"w1": -0.5490396616183465, "w2": 0.14205807080136887, "b": 1.100589183936624e-17}