{"w1": 3.647840518109565, "w2": 0.9672426496079184, "b": 0.10754745273989272}