{"w1": -0.05060684878328337, "w2": 0.6156176410166035, "b": 2.533542721259209e-17}