{"w1": 0.3814628612294936, "w2": -1.9385025475982727, "b": -0.23630374337097754}