{"w": 0.8469362074502081, "b": 2.0833549472031487e-17}