{"w": 0.7584101307395077, "b": -3.100476846987739e-17}