{"w": -0.12408454356319917, "b": -0.016255713982822963}