{"w1": -2.4437040831177708, "w2": 0.08488183592213237, "b": -0.003027855514591887}