{"w": 0.04306075023529741, "b": -0.011349255125539692}