{"w": -0.017390812974857794, "b": -0.15668291570041729}