{"w": 0.39756504494829115, "b": -0.005688870355482657}