{"w": 0.1480089955457603, "b": -0.17642909798552614}