{"w": 0.9999999999999962, "b": 3.885780586188024e-17}