{"w": 0.12004001640128893, "b": 0.030309182135782264}