{"w": 0.7176362556926421, "b": 0.018776244083146487}