{"w": -0.11685750542310541, "b": -4.0010545033775927e-17}