{"w": 0.053071122593465025, "b": -0.003164299571023703}