{"w1": 0.5507712505899811, "w2": 0.36066472149791085, "b": 0.0003221377870105159}