{"w": 0.9234383359963133, "b": -0.01619579374109368}