{"w": 0.5423933263605931, "b": -2.0548807007444564e-17}