{"w1": -4.393576816626945, "w2": -51.639050886691706, "b": 3.607524548043798}