{"w": 0.5094351876817328, "b": -0.2530101592927838}