{"w": 0.3242853273381428, "b": -0.07367616854048709}