{"w": -0.07688482184889592, "b": -0.01752641099849875}