{"w": 0.859576483203625, "b": 0.023528752772394065}