{"w": 0.8876465967135792, "b": 0.018158430645142998}