{"w": 0.8580449872234973, "b": -0.008195313834710552}