{"w": -0.49349990886739165, "b": -0.005479312393878144}