{"w": 0.21618212485878863, "b": 0.07171717093721917}