{"w": 0.1987715294763831, "b": 1.5543122344752193e-17}