{"cc": -0.04584585030904545, "alpha": 7.940262501072814e-18, "beta": -0.04584585030904544, "mx": 1.7319479184152443e-16, "my": 0.0, "sx": 1.0, "sy": 0.9999999999999999}