{"w": -0.04106034129305279, "b": 0.0010324993681119256}