{"w": -0.3383190244307958, "b": -3.855729828819192e-18}