{"w": -0.7734694860373267, "b": -0.07962699000987353}