{"w": -0.7081569212677474, "b": 0.013184597235589943}