{"w1": -6.1669316374063525, "w2": 19.39536458957212, "b": 4.049833230962599}