{"w": 0.4818597047054635, "b": 0.007722912949028719}