{"w": 0.8872308723623477, "b": -1.6778544251347565e-17}