{"w": -0.37935191378489685, "b": 0.03877965304830766}