{"w": 0.6289388605426532, "b": -0.035314747338502}