{"w": 0.6112277922475599, "b": -0.028795336729894712}