{"w": 0.013104702707891224, "b": 0.031789227346882276}