{"w": 0.012551075741694678, "b": 0.031812575528899135}