{"w1": -0.2380602802362709, "w2": -0.5596025241297446, "b": -1.5679870265945116e-18}