{"w": 0.33481894671872386, "b": -2.4504075926688735e-17}