{"w": 0.2852026865007628, "b": -0.013442801300017924}