{"w1": 5.111639154445929, "w2": -0.9738226585265389, "b": -1.6256366733196805}