{"w": 0.6646615751771, "b": 0.0068013420861735355}