{"w": 0.6652653636608807, "b": -0.0033909425385724584}