{"w": 0.6979215528633216, "b": -0.0033350717228348625}