{"w": -0.5193104226139712, "b": -0.005355482913320495}