{"w": -0.0675462875931504, "b": 1.9323190949284955e-16}