{"w": -1.0000000000000007, "b": -2.8949065367100956e-16}