{"w": 0.8280830900503416, "b": -0.01963258086899311}