{"w": 0.7709522242965792, "b": 0.0065665604253117025}