{"w": 0.4173623513762591, "b": -0.09090011239089467}