{"w": 0.8011666515515672, "b": -0.0010164373932596044}