{"w": -0.49669670997164167, "b": 0.04837124872975771}