{"w": 0.24384334115100775, "b": -0.09206983810815662}