{"w1": -0.49838360948234195, "w2": 0.4234037807630885, "b": -1.206527115358056e-17}