{"w": 0.2163362197852366, "b": -0.17949622758178782}