{"w1": -0.5549289611988185, "w2": -0.2890940272930579, "b": 0.003976528317638083}