{"w": 0.0007004844190499392, "b": -0.21600377354887165}