{"w": -0.03403737116200254, "b": -0.1345401225049634}