{"cc": 0.7708345293733855, "alpha": -2.174152231906288e-18, "beta": 0.7708345293733855, "mx": -2.886579864025407e-17, "my": -2.4424906541753444e-17, "sx": 1.0, "sy": 1.0}