{"w": -1.000000000000001, "b": 7.016609515630996e-16}