{"w": -0.07738402911928827, "b": -0.016523152692285874}