{"w": 0.7704088006613494, "b": 0.007374290070310124}