{"w1": -0.2842027391249378, "w2": 0.5037160539831962, "b": 2.5790020873179325e-17}