{"w": 0.9848408354142307, "b": 0.000640650239810289}