{"w": 1.0000000000000004, "b": 3.053113317719183e-17}