{"w": -0.5497490366266393, "b": 1.2836630067442705e-16}