{"w": 0.8105139074842048, "b": -3.008312334271075e-16}