{"w": 0.14672146945060502, "b": -0.08507288785284059}