{"w": 0.1927899242906372, "b": -0.012130342286625658}