{"w": 0.5942533153361229, "b": 1.6362378598625603e-17}