{"w1": 1.4411148778429632, "w2": -4.504716792955282, "b": 1.0576380306206765}