{"w": -0.09361458227928333, "b": 0.09171705160344386}