{"w": 0.8574193506014527, "b": -2.5378982032377563e-17}