{"w1": -0.5450777152596874, "w2": -0.937060123043083, "b": 0.0015199699501833985}