{"w1": -0.7366779211595225, "w2": 0.5238376802229422, "b": 0.00043392083176245857}