{"w": 0.7242722131593906, "b": -0.0161715697536442}