{"w1": -0.9344335958154876, "w2": 0.2309760639713704, "b": 2.643692229953301e-17}