{"w1": -1.3173480239941489, "w2": -0.5592314316731614, "b": -0.17640144685308792}