{"w1": -0.32610365661458535, "w2": -0.45718913518895604, "b": 9.539374356229691e-18}