{"w1": -0.6931497038227448, "w2": -1.5375868232827616, "b": -0.2267372319370431}