{"w1": -0.4311905240879411, "w2": -0.7977298152856191, "b": -0.17939516500000302}