{"w": 0.39707410910379665, "b": 1.162370385718847e-17}