{"w": 0.4709708222626551, "b": -0.0023404190286970203}