{"w": 0.49067082564669073, "b": -0.004830564651429028}