{"w": -0.3057659257983891, "b": -0.211704747169549}