{"w1": -0.15736284301820352, "w2": 0.7675531792174127, "b": -4.5574158598239133e-17}