{"w1": -0.7350729694960252, "w2": 3.138624275905589, "b": -0.21079402324251378}