{"w": 0.36566054069385656, "b": 1.4194264502787234e-16}