{"w1": -1.7478352790612153, "w2": -1.2494608700711778, "b": 0.09432171567241818}