{"w": -0.4581469081309508, "b": -3.5138072271158044e-17}