{"w": -0.34447893561378995, "b": 0.13115533165934368}