{"w": -0.7383706120473452, "b": 0.31475774376479193}