{"cc": 0.6516518930225097, "alpha": -6.56131966329527e-18, "beta": 0.6516518930225096, "mx": 6.661338147750939e-18, "my": -2.220446049250313e-18, "sx": 1.0, "sy": 0.9999999999999999}