{"w": 0.6029699895915724, "b": -0.0044821556494424476}