{"w": 0.6516518930225094, "b": -6.5613196632952686e-18}