{"w": -0.015492727448587366, "b": 6.320021224698669e-17}