{"w": 0.41203912178511887, "b": -1.0845266579230977e-17}