{"w": 0.31120966253219506, "b": -4.81931703146398e-17}