{"w": -0.9999999999999992, "b": -1.065814103640149e-16}