{"w": -0.15485529470669968, "b": 0.12046675682078656}