{"w": -0.16631021977166602, "b": 0.17143980062153494}