{"w": -0.3053783922985237, "b": 0.061314035092747354}