{"w": -0.2298080819679115, "b": 0.03175099390848438}