{"w": -0.08467392041916146, "b": -7.378699637356018e-17}