{"w1": 0.1807436528975227, "w2": 1.5560782014354506, "b": 0.013837352132720096}