{"w": 0.2082991535352504, "b": -0.006484960325743175}