{"w": 0.15048861954348533, "b": -0.0019587124426585895}