{"w": 0.028469123050182867, "b": 4.178950905328984e-17}