{"w": -0.023715232689110688, "b": -0.27021089177997193}