{"w": -0.09756280176284508, "b": 0.03500554457071439}