{"w": -0.2855002116063833, "b": 7.533085830519282e-17}