{"w": -0.3213541031693557, "b": -0.016373207894141817}