{"w": 0.011049158044224133, "b": -0.15722165897705892}