{"w": 0.04387628047595795, "b": -0.15673787129748254}