{"w": 0.03678601586726462, "b": 0.034089568329585165}