{"w": 0.17874794392434445, "b": 0.00745546382903781}