{"w": 0.09822073250397505, "b": 0.11694104461645045}