{"w": 0.1712866022314733, "b": 5.054862404805183e-05}