{"w": 0.8065555464438195, "b": 5.552293168328679e-17}