{"w": 0.8439506820847937, "b": 0.003099442068916974}