{"w": 0.02386286017385956, "b": 2.5060740864915752e-17}