{"w": 0.6072721102735428, "b": -0.02939495958764747}