{"w": -0.009772314085780496, "b": 1.4536598245120766e-16}