{"w": -0.031110982812436634, "b": -0.042668195541191875}