{"w": 0.4111159442403708, "b": -0.039184345950029745}