{"w": 0.35162823211112737, "b": -0.02670807668520713}