{"w1": 0.22706441955214038, "w2": 0.9611314415121925, "b": 0.19425637529248221}