{"w1": -0.14592888672433185, "w2": -0.7085004669604071, "b": 1.1415501253559646e-16}