{"w": 0.8551476461698154, "b": -0.00205211633956098}