{"w": 0.8828310957103153, "b": 0.0199742445253503}