{"w": -0.38731428601220586, "b": -7.848905660233746e-17}