{"w": 0.30236897911147875, "b": -0.059690348158074}