{"w1": -2.8669004148373607, "w2": 1.002676013161366, "b": -0.10966959355763785}