{"w1": -10.40786188555556, "w2": -5.621433370316705, "b": 4.487274203329427}