{"w": 0.22285033273247046, "b": 1.4255630365725211e-16}