{"w": 0.5953048134720268, "b": -0.048308726292324404}