{"w": 0.6323840922974805, "b": -9.643658104478282e-17}