{"cc": 0.43307217568032064, "alpha": 3.858029626641077e-17, "beta": 0.43307217568032064, "mx": -3.524958103184872e-17, "my": 2.3314683517128286e-17, "sx": 1.0, "sy": 1.0}