{"w": 0.43293713728867056, "b": -0.002313839929043163}