{"w1": -0.5331828543121954, "w2": -0.4128066986378716, "b": 2.7650302727566315e-16}