{"w": 0.1993558801961114, "b": 0.06997297396822844}