{"w": -0.31708833435559974, "b": 0.0003925575903173917}