{"cc": -0.7731468800725001, "alpha": -3.623643749554595e-17, "beta": -0.7731468800725, "mx": -6.661338147750939e-18, "my": -3.1086244689504386e-17, "sx": 0.9999999999999999, "sy": 0.9999999999999998}