{"w": 0.9507268489259942, "b": 0.00039551439272405946}