{"w": 0.3015537174036247, "b": 0.15482377817432147}