{"w": 0.30389692961311293, "b": 0.10873117745478043}