{"w": 0.525532098151236, "b": -2.4053574488617066e-16}