{"w": -0.24128375063582425, "b": -4.779060472215445e-17}