{"w": -0.7251228102737806, "b": 0.03172438577381538}