{"w": 0.35167052347132116, "b": 0.06528894439452107}