{"w1": -0.35571015999903355, "w2": 0.14070972689280292, "b": 0.005532580775529736}