{"w": 0.24180047631124027, "b": 0.134830742726014}