{"w": 0.16328843408895452, "b": -0.11417398869985917}