{"w": -0.005430557634675421, "b": 0.014988644458375755}