{"cc": 0.06565088573383683, "alpha": 6.317201903940088e-17, "beta": 0.06565088573383683, "mx": 2.55351295663786e-16, "my": 7.993605777301127e-17, "sx": 1.0, "sy": 1.0}