{"w": 0.024678834307651196, "b": -0.21803243958884036}