{"w": 0.21061376818439081, "b": 0.02408023620474129}