{"cc": 0.10790193981044288, "alpha": -1.3395371263714925e-16, "beta": 0.10790193981044287, "mx": 3.3084646133829665e-16, "my": -9.825473767932635e-17, "sx": 1.0, "sy": 0.9999999999999999}