{"cc": -0.11560547935327384, "alpha": 1.1403833736085569e-17, "beta": -0.1156054793532738, "mx": 1.2212453270876722e-17, "my": 9.992007221626408e-18, "sx": 1.0000000000000002, "sy": 0.9999999999999999}