{"w": -0.1415897084457691, "b": 0.2010188697939288}