{"w": -0.10461547187848912, "b": -0.0136718477446182}