{"w1": -36.82626355540954, "w2": -9.568170955976422, "b": 0.9123896869925866}