{"w1": -0.9658715731851102, "w2": -0.6067944357601438, "b": -0.038237609951417374}