{"w": 0.056844723805536734, "b": -0.06261708981414989}