{"w1": 1.0438165751470287, "w2": 0.5321161532654042, "b": 0.02412598319359338}