{"w": -0.1963561943474133, "b": 0.058119847956480654}