{"w1": 0.941328996327548, "w2": 0.21461363954329896, "b": 0.047882080553605884}