{"w": 0.44794354987519436, "b": 0.01502840592550053}