{"w": -0.06394091450349634, "b": -0.05022409609904313}