{"w": -0.13721456676661242, "b": 7.360018106350307e-17}