{"w1": 1.4305545573470655, "w2": -0.13021698065840712, "b": 0.05351133315302403}