{"w": 0.26706076214483404, "b": 0.3029366168979416}