{"w": -0.29191062428523984, "b": 0.04569841013314796}