{"w": 0.5707853344049939, "b": -0.005537612503094244}