{"w": -0.062447265876962685, "b": 8.438257034871952e-17}