{"w": 0.5510719661926631, "b": -1.3027268716114874e-18}