{"w1": 1.2307100248028124, "w2": 5.11661332094122, "b": -0.8799992320391439}