{"cc": 0.2887484570599554, "alpha": -1.447304383732347e-17, "beta": 0.2887484570599554, "mx": 6.550315845288423e-17, "my": 4.440892098500626e-18, "sx": 1.0, "sy": 1.0}