{"w": 0.9999999999999999, "b": 2.635391904703965e-16}