{"w": 0.04569497095652583, "b": -3.4337652122633986e-19}