{"w": -0.04702035349093025, "b": -0.2633035063401578}