{"w1": 0.3965773953532817, "w2": -1.4289038868531405, "b": -0.1948074303056207}