{"w": 0.42181256350932805, "b": -3.139696990973075e-17}