{"w1": 0.24631147642463475, "w2": -1.0888341308973806, "b": -0.08070564476194544}