{"w": 0.3019042438118679, "b": 0.05962262273704219}