{"w": 1.0000000000000002, "b": 6.966649479522858e-17}