{"w": 0.009427060431806756, "b": -0.11767431468354406}