{"w": -0.020803293431352145, "b": -0.12525724358441956}