{"w1": -0.24308343815548375, "w2": 1.3937581183120205, "b": -0.03164683592366571}