{"w": 0.12174031843109567, "b": 0.2847742072461603}