{"w": -0.21224129358684604, "b": 7.603609837722961e-17}