{"w": 0.048912578285030164, "b": -2.386379426262194e-17}