{"w": 0.3681151399108021, "b": 0.1023397617283263}