{"w": 0.09031981274610623, "b": 0.0005665128725931192}