{"cc": -0.3741002344136328, "alpha": -8.482432550769572e-18, "beta": -0.3741002344136328, "mx": 1.8873791418627663e-17, "my": -1.5543122344752193e-17, "sx": 1.0, "sy": 1.0}