{"w1": -1.5899554060362655, "w2": 0.595735072253637, "b": 0.08672857681236565}