{"w": 0.05955857852528982, "b": -0.24171150087769894}