{"w1": -0.08370345366383722, "w2": 0.5584727768012395, "b": 0.015041132304150141}