{"w": -0.21753818617198975, "b": 0.0024293957850479355}