{"w": 0.37457172101495256, "b": 0.06009105960617357}