{"w1": 0.13153484838557147, "w2": 0.5875368375263408, "b": -1.6405181330634958e-17}