{"w": -0.17764848615107, "b": -0.2032415696357924}