{"w": 0.031241565526420944, "b": 7.545808334756525e-18}