{"w": 0.04027158727113157, "b": -0.00018913626862881734}