{"cc": -0.47779251139933054, "alpha": -2.7921537641390905e-17, "beta": -0.47779251139933043, "mx": 4.574118861455645e-16, "my": -2.4646951146678477e-16, "sx": 1.0000000000000002, "sy": 1.0}