{"w": -0.16870812086723508, "b": 3.051253510621303e-18}