{"w": 0.17331257262760827, "b": -2.86291124047619e-17}