{"w": -0.23036060670560365, "b": 0.03112781071696704}