{"w": -0.2281980380862434, "b": 0.030877074354900547}