{"w": -0.2205095177870179, "b": -0.0027485843873731523}