{"cc": -0.4270102403746431, "alpha": 2.4702462297909733e-17, "beta": -0.4270102403746431, "mx": 0.0, "my": 2.4702462297909733e-17, "sx": 1.0, "sy": 1.0}