{"w": -0.7372362521600827, "b": -2.937594048261996e-17}