{"w": -0.10146780453011642, "b": -0.23837080189517942}