{"w1": -0.7783359431133017, "w2": -0.25294029286790404, "b": 0.01685896437964198}