{"w": -0.5073939706985985, "b": -0.01067340121586088}