{"w": 0.062311818576270724, "b": -4.8753695149254644e-17}