{"w": -0.09751957271612091, "b": 0.2617657577992229}