{"w": -0.09410648218118621, "b": 0.2549897714292445}