{"w": 0.08569543016340513, "b": -0.06330026420978051}