{"w": 0.2946208562872438, "b": -3.431920340728462e-17}