{"w": 0.21926103921988202, "b": -7.499015260595156e-17}