{"w": -0.24425472636022422, "b": -0.09480274719218382}