{"w": 0.10033966555955927, "b": 0.03409476676113874}