{"w": 0.29449573460788236, "b": 0.057850294629682775}