{"w": 0.5801623678801928, "b": -0.0005993937325195699}