{"w": 0.4915187889006668, "b": 0.014839927998391879}