{"w": 0.638574594328532, "b": 0.00533186979602467}