{"w": 0.4444489632492514, "b": -0.016875195424773545}