{"w": -0.34297911894490646, "b": 0.021901761924156}