{"w": -0.5276932963464378, "b": -0.010448468417538515}