{"w": -0.5214831632002133, "b": -0.008129849359292562}