{"w": 0.02993714280116552, "b": 3.4339615188601243e-17}