{"w": -0.23210390915943424, "b": -4.591420422444032e-18}