{"w": -0.09677207583262087, "b": -0.011244482157012766}