{"w": -0.3607804079145998, "b": 0.1279495103252006}