{"w": -0.259154467048472, "b": 1.1932864814701356e-16}