{"w": 0.5756877613602517, "b": 3.3419744189129664e-16}