{"w": 0.04996968054794313, "b": -6.461484538776903e-17}