{"w1": 0.03573072627602854, "w2": -0.7136704933432936, "b": 3.398995055307307e-17}