{"w1": -1.2562830977635957, "w2": -0.9743711057686409, "b": -0.07561596729272797}