{"w": -0.6301089196894458, "b": 0.061087952798075384}