{"w": -0.12974877987285033, "b": -0.012218281628324307}