{"w": -0.1183874033503944, "b": -1.7843259712693076e-17}