{"w": -0.7676674661888561, "b": 0.007392496917365885}