{"w": -0.4049089784175526, "b": -4.754179847553375e-18}