{"w1": -1.3684975589235582, "w2": 0.32126368491823654, "b": 0.11794942180300516}