{"w1": 0.0675693791546673, "w2": -1.5274745543231134, "b": 0.09407729917884433}