{"w1": -0.0009110975780878103, "w2": -0.8615255759555487, "b": -0.0009205096595261541}