{"w": 0.38469721230374965, "b": 1.356076559903802e-16}