{"w": 0.9849036267480853, "b": -0.0013436923427153618}