{"w1": -0.7072187537782628, "w2": -0.6047555001834339, "b": -0.0023613882582857477}