{"w1": 0.48517413545271243, "w2": 0.44475551832784443, "b": -4.515597425319965e-17}