{"w": -0.5255577556152823, "b": 0.003974911508316961}