{"w": 0.03200429307422881, "b": -0.016495015107358645}