{"w1": 0.0632371631721624, "w2": 0.7826025867929987, "b": 0.003813776822054477}