{"w": -0.2591109676620327, "b": -1.256486155198804e-16}