{"w": -0.2790674059683033, "b": 0.0234195999759126}