{"w": -0.27188089765389917, "b": -0.13233642756919584}