{"w": 0.3441312626781416, "b": 5.239159694874138e-17}