{"w": 0.9223818404283423, "b": -6.928218707377832e-17}