{"w1": -0.5606267101516813, "w2": -0.15760507060615656, "b": 1.166849085839409e-17}