{"w1": 0.25372693141722835, "w2": 0.7856497730101334, "b": 6.833343465331892e-17}