{"w": 0.9721973392851415, "b": 4.132419462175459e-17}