{"w1": -0.6234581389359707, "w2": -0.06597200067503281, "b": -2.96152040406269e-17}