{"w": -0.9573470445879871, "b": 0.013777992148129296}