{"w": -0.5709887748608264, "b": 0.10380788579251145}