{"w": 0.07033126359790969, "b": -0.005192505894103237}