{"w": 0.00580809755932917, "b": 0.13282539555797385}