{"w": 0.13652880635626116, "b": -0.014139155378444021}