{"w": -0.766060398531484, "b": 0.023600196850801565}