{"w1": 1.6057907340221504, "w2": -0.7955635741292855, "b": 0.2522324800928354}