{"w": 0.03374320397231686, "b": 1.41668893930993e-17}