{"w": 0.17627741825391838, "b": -5.025148971250472e-16}