{"cc": 0.9822636165195664, "alpha": 2.5802839651878112e-17, "beta": 0.9822636165195664, "mx": -5.551115123125783e-19, "my": 2.5257573810222312e-17, "sx": 1.0000000000000002, "sy": 1.0000000000000002}