{"w1": 0.32949673274697416, "w2": -4.499437215635807, "b": -1.1754609386324866}