{"w": -0.20253086498191591, "b": -0.00245388488687015}