{"w1": -2.5222673816486716, "w2": 2.1264944146782883, "b": -1.0969755712401734}