{"w": -0.7215704017949592, "b": -0.004515379370377729}