{"w": 0.7011256523230711, "b": 0.0482513389622942}