{"w": -0.11202043588028383, "b": -0.26390204298420095}