{"w": -0.10668518133780532, "b": -0.2757594458649107}