{"w": 0.02848754315347378, "b": -0.06835862089358125}