{"cc": 0.18041053111223404, "alpha": 4.598607162759357e-18, "beta": 0.18041053111223404, "mx": 1.837419105754634e-16, "my": 3.7747582837255325e-17, "sx": 1.0, "sy": 1.0}