{"w": 0.47638569154212396, "b": -0.007963052995821115}