{"w1": 0.21527409932417252, "w2": 0.7030706498060049, "b": -0.03065533139337348}