{"w": 0.05495861837112739, "b": 0.20391029276502065}