{"w": -0.08235246539913618, "b": -0.006420554278076249}