{"w": -0.2662122674636941, "b": -0.11491505805393887}