{"w": -0.6793196272783786, "b": -4.2607278450844576e-16}