{"w": 0.3040771137744015, "b": -0.05871827258222051}