{"w1": -29.057824388962366, "w2": -11.412898798677633, "b": 2.010521751965415}