{"w": -0.1978018200657516, "b": -3.575894327283113e-17}