{"w": -0.20157088085429453, "b": 0.01055164894438602}