{"w1": -0.21893410204313357, "w2": -0.8086880119095682, "b": -9.64362859424517e-18}