{"w1": -0.5381604362764213, "w2": -0.10621310085872344, "b": -1.5721136528080572e-18}