{"w": 0.4090952687091536, "b": 1.022417622410454e-16}