{"w": -0.5707221411098512, "b": -1.4231830528738067e-16}