{"w": -0.560747637040225, "b": -0.035206424774816635}