{"cc": 0.3119745547224073, "alpha": -1.5653211268902127e-16, "beta": 0.3119745547224073, "mx": 1.7763568394002505e-17, "my": -1.509903313490213e-16, "sx": 1.0, "sy": 1.0}