{"w": -0.3595096085166576, "b": 0.02613776200895083}