{"w1": -1.7883437180740174, "w2": -2.171736636455333, "b": -0.022343451116750224}