{"w1": -5.1896347641282965, "w2": 1.025799273020861, "b": -0.2881253506835295}