{"w": 0.2309713395822658, "b": 0.11956745100577071}