{"w": 0.9471926983023659, "b": -5.44567420399513e-16}