{"cc": -0.7195151679820477, "alpha": -4.004931092510396e-17, "beta": -0.7195151679820475, "mx": -1.5543122344752193e-17, "my": -2.886579864025407e-17, "sx": 1.0000000000000002, "sy": 0.9999999999999998}