{"w": -0.7195151679820476, "b": -4.004931092510396e-17}