{"w": -0.6742579350498001, "b": 0.0018599680179377518}