{"w": 0.06151060813147158, "b": 0.08290461977559349}