{"w": -0.6165327746199745, "b": -0.03700178774960887}