{"w": -0.043850736029391366, "b": 0.12802339173610022}