{"w": 0.2162527349037853, "b": -0.03948130315946395}