{"w": 0.7753058645270644, "b": 0.02622125458964667}