{"w": 0.8451290578964366, "b": 0.01355147692137472}