{"w1": -0.3921236580868738, "w2": 0.2329530235716225, "b": -0.004800901524374013}