{"w": 0.8059999835047523, "b": 5.745071040659959e-17}