{"w1": -0.835330729456772, "w2": 0.2382252360498071, "b": -0.00831358612303877}