{"w": -0.46179242712777774, "b": -0.03420289644252436}