{"w1": -15.461507223601439, "w2": -31.7432547064128, "b": -2.946377752141048}