{"w1": 0.4170610664319324, "w2": -0.5764100058212883, "b": 0.0018108061227657046}