{"w": -0.31981095474918864, "b": 2.141324656241199e-16}