{"w": -0.4778661614207047, "b": 6.824972686724106e-17}