{"w": -0.07793063605708778, "b": 0.012587553466793343}