{"w": -0.08852097389016118, "b": -0.011279198735080237}