{"w": 0.9999999999999991, "b": -1.8873791418627616e-17}