{"w": 0.24923601976263712, "b": 2.0301435056553412e-17}