{"w": -0.14614177469806908, "b": 0.060625300317577756}