{"w": 0.08525604121815615, "b": -0.02338883603886263}