{"w1": -0.30858528453304673, "w2": -0.6648475881498982, "b": -9.107224409091542e-17}