{"cc": 0.6338311170152894, "alpha": 3.496596629221772e-17, "beta": 0.6338311170152894, "mx": -6.217248937900877e-17, "my": -4.440892098500626e-18, "sx": 1.0, "sy": 1.0}