{"w": 0.6338311170152895, "b": 3.496596629221773e-17}