{"w": -0.26962121533043076, "b": 0.07111395461587}