{"w": -0.033595113472224894, "b": 0.15046054722960223}