{"w": -0.37520606331554907, "b": 3.4495650720725167e-16}