{"w": -0.0348582702854863, "b": -0.19355076614701264}