{"w": 0.0010698214814612098, "b": -0.1732865992869486}