{"w": 0.30742388662231573, "b": 0.20857555319217486}