{"w": -0.030295024140983364, "b": -0.002314063524369747}