{"w": 0.8626894787568132, "b": -3.883467828719166e-17}