{"w": -0.4963809782924723, "b": 1.3990544955383706e-16}