{"w": 0.25744415266156734, "b": -7.645318163173986e-17}