{"w": -0.13839834997977482, "b": 0.0037982671350871716}