{"w": 0.24210054880740534, "b": -5.2026480819297264e-17}