{"w": 0.20093724186425838, "b": 0.05819778507631499}