{"w": 0.15657706057135093, "b": -0.010443724614211496}