{"w1": 0.38037166904062986, "w2": -0.6797451806464807, "b": -1.79791429523425e-17}