{"w": 0.32811141243706116, "b": 0.226082322204731}