{"w": 0.29320899379322846, "b": -0.04379440765281681}