{"w1": 0.5590976242001026, "w2": -0.17318940397826393, "b": 0.0019697393279650977}