{"w1": 1.2291322969538798, "w2": -0.5780684438360579, "b": 0.040681170670376444}