{"w": -0.06081388765001352, "b": 4.2833693346567114e-17}