{"w": 0.9999999999999996, "b": 1.110223024625139e-18}