{"w1": 0.5467304114271297, "w2": -0.3339578810967658, "b": -0.005053689029740363}