{"w": 0.501652018807319, "b": -0.07945789687232238}