{"w1": -0.5403210661369386, "w2": -1.9966998673899552, "b": -0.07315284489409893}