{"w": 0.4565120289731835, "b": -2.55351295663786e-17}