{"w": 0.19385723783811917, "b": -0.009304479053697669}