{"w": -0.284876635210398, "b": -0.014896507487289386}