{"w": -0.6311149852050152, "b": 2.1575463145129765e-17}