{"w": -0.6554087704406912, "b": -0.008485136189864692}