{"w": 0.462562311374545, "b": -4.7712339446838056e-17}