{"w": 0.05422710653024566, "b": -0.2627636551696564}