{"w": 0.05275489200378553, "b": 1.3615004535343968e-16}