{"w": -0.610481396255774, "b": -0.03410872851542403}