{"w": 0.5635483053490108, "b": 3.027035813245741e-16}