{"w": 0.6365129697900278, "b": 0.08311039638942552}