{"w": -0.9999999999999996, "b": -2.930988785010413e-16}