{"w": -0.5572775372263017, "b": -0.04163450407477169}