{"cc": -0.9683604666380734, "alpha": 1.8637696038331906e-16, "beta": -0.9683604666380732, "mx": 4.440892098500626e-18, "my": 1.8207657603852566e-16, "sx": 1.0, "sy": 0.9999999999999998}