{"w": -1.0080055824126894, "b": 0.0027196277195288276}