{"w": 0.2782309299786012, "b": -0.00412125174923806}