{"w1": -2.464817894579173, "w2": -2.021863520380446, "b": -0.06639559328370091}