{"w": -0.06257543483394688, "b": 0.002343423239101504}