{"w1": 1.6603233269797042, "w2": 0.0014658534225991705, "b": 0.06349951868518022}