{"w1": -1.158884899384297, "w2": -0.24902453475882486, "b": 0.03124326077295678}