{"w1": -0.027781261204748414, "w2": 0.8834597822109801, "b": -0.02615734654569004}