{"w": 0.6937197536354506, "b": -0.007578339227428295}