{"w": -0.5273406766834143, "b": -0.0454438665247522}