{"w": -0.2904068517467437, "b": 0.1018128398653095}