{"w": -0.2901142738064321, "b": 0.10590466868978989}