{"w": -1.0000000000000009, "b": 2.0206059048177862e-16}