{"w": -0.3442325760567989, "b": -0.10437268828276292}