{"w1": 0.4161366760371175, "w2": 3.0550403399325905, "b": -0.06720169377780846}