{"w1": 0.4401090942425234, "w2": 2.1556371841806063, "b": -0.017937580480392852}