{"w": -0.15115766083629203, "b": -0.04369050258946753}