{"w": -0.015521414239387504, "b": -0.00029138399124528473}