{"w1": -0.3045713937440773, "w2": 0.778502688523353, "b": 0.006432415675466846}