{"w": 0.39705629083626526, "b": -1.2979852668562369e-17}