{"w": 0.7739190356344797, "b": 1.761878995828736e-16}