{"w": -0.669141395189517, "b": 0.01633191609471988}