{"w": -0.6735169467968035, "b": 4.450277230572676e-17}