{"w": 0.7069828056949887, "b": -5.295265472504796e-18}