{"w": -0.03462688954892149, "b": -0.17797691605262092}