{"w": 0.9822590693264022, "b": -3.443661015309196e-17}