{"w": 0.9812777915348679, "b": -3.4437699590289675e-17}