{"w": 0.06204226208667097, "b": 0.041043483052350276}