{"w": 0.059467806044170055, "b": 2.3323622059283736e-16}