{"w": 0.2305966143162665, "b": -0.019783107148406122}