{"w": 0.401884488240904, "b": 1.1889982958686715e-17}