{"w": 0.27617047943157114, "b": 0.05358074209788621}