{"w1": -0.42922595987070405, "w2": 0.29337980002360337, "b": 1.9714077245192794e-17}