{"w": -0.013189698767645492, "b": 0.003715287653335786}