{"w": -0.4264299406774836, "b": -0.08847921221096089}