{"w": -0.5921567304604125, "b": 9.0170776529323e-17}