{"w": -0.12942699049322404, "b": -0.27903028536469}