{"w": 0.3420842645859471, "b": 0.0003080746810570443}