{"w": 0.1736626855472637, "b": -2.4964813184693453e-18}