{"w": 0.1908381159860041, "b": -2.9629906185734885e-18}