{"w": -0.20163433575234918, "b": 7.607605877784413e-16}