{"w": -0.12054650109020448, "b": 0.04010409783719082}