{"w": -0.7620259530798678, "b": -0.026510114211649505}