{"w": 0.790713518398786, "b": -0.053428086471439165}