{"w": 0.7907135181998192, "b": -0.05342808656855835}