{"w": 0.018205309923635213, "b": 0.04888903638393964}