{"w": -0.01193669902362184, "b": -0.0066895983867791275}