{"w": 0.50351335460211, "b": 4.1567053101503473e-17}