{"w1": 1.3174954209790315, "w2": -0.3771903619431068, "b": 0.045369983477982025}