{"w1": 1.2679466105594996, "w2": -0.34302961477868016, "b": 0.0382934873734227}