{"w1": 0.6406364987605683, "w2": 0.17188782501553285, "b": -0.010151069314462503}