{"w": -0.05445307297572674, "b": -1.3487503904992681e-18}