{"w": 0.884410553043199, "b": -0.0039290233150093366}