{"w": 0.9206145211990506, "b": 0.006517622769749618}