{"w1": 0.19116378729930056, "w2": 0.8581121702348103, "b": -0.013739432884418413}