{"cc": 0.6403208313969277, "alpha": -4.074840391882851e-17, "beta": 0.6403208313969276, "mx": 7.924216838262055e-17, "my": 9.992007221626408e-18, "sx": 1.0, "sy": 0.9999999999999998}