{"w": 0.4362823559778531, "b": 0.09802758883918353}