{"w": 0.4741582531700442, "b": 0.11524595533131946}