{"w": -0.9999999999999736, "b": 6.716849298981986e-17}