{"w": -0.05041971570598913, "b": -0.0519258892218943}