{"w": -0.7008505921907257, "b": 0.00040124197301186486}