{"w": -0.5146294617360005, "b": 1.0209072617358941e-16}