{"w": -0.32565348036828734, "b": 0.08329785775094992}