{"w": -0.24461791445419312, "b": 0.0908444461941661}