{"w": -0.366645527861456, "b": -0.013403042494418996}