{"w": -0.9092141382356653, "b": 8.063404323296083e-19}