{"w": 0.8098034496176943, "b": 0.052102885675360686}