{"w": 0.845389403740852, "b": -0.01061478795899619}