{"w": 0.5302397272225415, "b": -0.12781794151004455}