{"w": -0.26246793822409104, "b": 0.11911113455591182}