{"w": -0.093823860020179, "b": -0.04886660668899266}