{"w1": -0.6633315792527033, "w2": -0.23761232748305558, "b": 2.799595522085195e-16}