{"w": 0.08412522829710493, "b": -1.0178275244427878e-16}