{"w": 0.21529178019990824, "b": 0.005276711631511024}