{"w": -0.6929769355547867, "b": -1.5229981174011264e-15}