{"w": -0.813210548940875, "b": 0.040339006652653185}