{"w": -0.06790058252549681, "b": -0.1836087481925246}