{"w": -0.012116497245395472, "b": 0.0066632417536715075}