{"w": 0.3873189253890995, "b": -0.1495372056426421}