{"w": 0.2816766850563608, "b": 0.012532641647078636}