{"w": 0.3170774375150176, "b": -1.8188697839521798e-16}