{"w": 0.20194084552158797, "b": -0.02453255841954766}