{"w": 0.204783541343998, "b": -0.015025914636162312}