{"w1": 0.3413791773201533, "w2": -0.824386558365795, "b": -0.011767896104906445}