{"w": -0.11926909392922118, "b": -0.0026843470860479475}