{"w": -0.10313717910875046, "b": -9.375397535460118e-17}