{"w": -0.14407712795042132, "b": 0.08930879131880257}