{"w1": 0.23850249166222673, "w2": 0.35254527564082383, "b": -9.279248627128664e-18}