{"w1": -0.06406186598309958, "w2": -0.7075258456109198, "b": 4.039746594349154e-18}