{"w": 0.3757702494479832, "b": -0.001409598426095813}