{"w": -0.23280321154657677, "b": -0.04282507526495436}