{"w": -0.33243931714598507, "b": -1.9233925231404542e-16}