{"w": -0.3582669917482333, "b": 0.0023625758981433848}