{"w": 0.02211597766851393, "b": -0.2778346452383189}