{"w": -0.12815210246787892, "b": -0.03178992601893577}