{"w1": 0.7707589192653092, "w2": -0.1334361135077903, "b": 5.84595880524397e-18}