{"w": 0.8910032871901249, "b": 8.828966489262894e-18}