{"w": 0.898952053951153, "b": 0.0008178615861511194}