{"w1": -0.3876908155163925, "w2": -0.3136259321403126, "b": -2.5167567878597763e-17}