{"w": -0.5948705215093569, "b": -0.0002974534625726044}