{"w": 0.8789135814309816, "b": -0.013219109076064143}