{"w": 0.9387515193317157, "b": 5.664360570512834e-17}