{"w": 0.5692817612889125, "b": 2.9719872964061214e-16}