{"w": 0.48157950156054063, "b": -0.10605618497558959}