{"w": -0.18503097337779753, "b": 0.0070836771667272935}