{"cc": -0.15636949724064508, "alpha": 1.2771266433472779e-18, "beta": -0.15636949724064503, "mx": 2.353672812205332e-16, "my": -3.552713678800501e-17, "sx": 1.0000000000000002, "sy": 0.9999999999999998}