{"w1": -0.5200822842159275, "w2": -0.46800329610744346, "b": 8.279109779172856e-17}