{"w1": 2.307282075396239, "w2": 0.5197751358781183, "b": -0.18212918290432312}