{"w1": 0.6521409510843444, "w2": 0.14713500867963342, "b": -0.028174651886418142}