{"w": -0.5554316727898576, "b": 0.029073829820405697}