{"w1": -0.5096703077063361, "w2": -0.4734219045594948, "b": -2.3785259672050002e-17}