{"w": 0.16324920810024035, "b": 0.03004969807830049}