{"w": 0.8356665837538207, "b": -9.627113736762773e-18}