{"w": 0.6220511458681758, "b": 0.06949369960561991}