{"w": 0.016027286216333213, "b": -0.24204344234826466}