{"w": 0.07359361828289673, "b": -1.8262926390997414e-16}