{"w": 0.0801514654566202, "b": -1.8238172103054994e-16}