{"w": 0.6507900368755166, "b": -0.036099965463386716}