{"cc": -0.6605561846000898, "alpha": -9.257304453137541e-16, "beta": -0.6605561846000897, "mx": -1.3544720900426909e-15, "my": -3.10255293678452e-17, "sx": 1.0, "sy": 0.9999999999999998}