{"w": -0.6540160243565243, "b": -9.16871980799438e-16}