{"w": 0.5892436614080533, "b": -1.4986253983858478e-16}