{"w": -0.9999999999999992, "b": -1.865174681370263e-16}