{"w": -0.18930535936423554, "b": -1.4895275891159486e-16}