{"w": -0.2876451736405939, "b": -0.027348144536423306}