{"w": -0.6034157016021351, "b": 0.07165959630278088}