{"w": 0.5958085653272405, "b": 0.01800549731419133}