{"w": 0.6212577785417753, "b": -0.009545617847042713}