{"w": 0.6434903496383297, "b": 0.001600261942801981}