{"w": 0.39970286685020706, "b": -0.008254449990592874}