{"w": 0.42976769438048545, "b": -0.009561334748198985}