{"w1": -1.6050974038467478, "w2": 0.6895740164409334, "b": -0.04348880840798859}