{"w": -0.16739487796399954, "b": -7.294137895961675e-17}