{"w": 0.003058076296555065, "b": 0.0370960533377581}