{"w": 0.6640259368737285, "b": 0.0879686194437746}