{"w": -0.4797505523198124, "b": -3.3005786116075653e-16}