{"w": -0.40420038494303145, "b": -0.15705079150062046}