{"w": 0.13577662489608897, "b": 1.124005759905421e-16}