{"w": 0.5122226005663304, "b": -3.561448390966541e-16}