{"w": 0.19478773599547183, "b": 0.0010905926683597023}