{"w": -0.8813987972463343, "b": -0.015063283113140065}