{"w": 0.4678798236954057, "b": 0.004724418843120365}