{"w": 0.5055403428571801, "b": -0.001384146888671993}