{"cc": 0.8075098223108199, "alpha": 2.3950537012705617e-17, "beta": 0.8075098223108199, "mx": -2.55351295663786e-17, "my": 3.3306690738754695e-18, "sx": 1.0, "sy": 1.0}