{"w1": -1.0663396059535684, "w2": -0.19218883206808085, "b": -0.12895747693116288}