{"w": 1.0000000000000009, "b": 4.1147640850169856e-17}