{"w": 0.3694207800847831, "b": 0.004274255553941897}