{"w": 0.5435215459305326, "b": 0.004931827072610506}