{"w1": 0.5124046344815814, "w2": -0.13453310562915174, "b": -8.569074794748325e-20}