{"w": -0.013977467001280103, "b": 0.12382909612033094}