{"w": 0.0020123148358594913, "b": 0.0013771671970651753}