{"w": 0.04332485132187794, "b": -0.0953777220166111}