{"w": 0.15216244343608665, "b": 0.013515283141066425}