{"w1": 0.40449265085552977, "w2": -1.0724469995461787, "b": 0.007129896444798371}