{"w": -0.6030962539491613, "b": 0.008850059698310458}