{"w1": -1.5287761363351955, "w2": -1.4735570391577035, "b": -0.07823641858917567}