{"w": -0.680692062015942, "b": -0.02323454446820276}