{"w1": -0.3423538879387585, "w2": 0.3844681992723984, "b": -1.857459352886471e-17}