{"w1": 0.5615534452866926, "w2": -0.23387208512952118, "b": 6.418384632386796e-17}