{"w1": 2.365349637662873, "w2": -0.1612095158626168, "b": 0.19615054417599714}