{"w1": -0.6621922366679382, "w2": 0.2569720000990039, "b": 0.003025168210553775}