{"w": 0.3673343290568461, "b": -0.006384895212075983}