{"w": 0.34173020132872584, "b": -4.9045583403354566e-17}