{"w1": 0.7254767925321377, "w2": 0.6673161916721326, "b": 0.07838478936500316}