{"w": -0.2539307820441236, "b": 0.07612403389749033}