{"w": -0.2164930633538292, "b": 4.8083064839602705e-17}