{"w": 0.0033096743913308448, "b": -1.9918949652567063e-16}