{"w": -0.23856898340726526, "b": 0.1033539582874643}