{"w1": -0.4064443580269374, "w2": 1.0501511028266215, "b": -0.017137106107568006}