{"w": -0.30810941548777165, "b": 0.0801591336046564}