{"w": -0.0711147883405383, "b": -0.055686905775955364}