{"w1": 0.6932863924249932, "w2": 0.06793148367600978, "b": -4.3606937928053607e-17}