{"w": -0.04730472565562209, "b": -1.4988132890029434e-16}