{"w": -0.043069234570852155, "b": 0.18196385454960884}