{"w1": 0.49753589314493335, "w2": 0.3323655942362627, "b": 5.975101114913118e-17}