{"w": 0.27627142427239354, "b": 0.041135288429178074}