{"w1": -0.6976281998170931, "w2": -0.6171328068740018, "b": 0.02444082637564638}