{"w": 0.3046811537572937, "b": -0.00833946505344449}