{"w1": 0.622265415647023, "w2": 0.0840192686813466, "b": 0.028503929734030042}