{"w": -0.5071789674635507, "b": -2.2204179858936906e-16}