{"w1": 0.05137582806463391, "w2": -0.6783651725780987, "b": 0.005027575933066784}