{"w": 1.0000000000000038, "b": -5.745404152435202e-17}