{"w1": 0.9842965231269903, "w2": 0.28321550769755494, "b": 0.01316647653329606}