{"w": -1.0000000000000007, "b": -6.328271240363395e-17}