{"w": -0.5930899207455255, "b": -4.159818733449641e-17}