{"w": 0.9186723524212294, "b": -0.0020755641115254957}