{"w": 0.7637115863878027, "b": -0.005853710285445943}