{"w1": -0.25525192218698933, "w2": 0.6330922516819785, "b": -0.007076711351178124}