{"w": 0.34348684448608235, "b": -0.05823712721326853}