{"w": -0.2826926956597898, "b": -0.0027871249425147626}