{"w1": -0.48996426358520784, "w2": -0.5242523152062094, "b": 9.258509538856117e-18}