{"w1": -0.5490056384405076, "w2": -0.5617713627144096, "b": -0.02130687977077264}