{"w": 0.9375262052596967, "b": 0.021009417354444778}