{"w": 0.9218395212676941, "b": 6.044979558155051e-18}