{"w1": -0.4679608480026199, "w2": -0.48195227685877495, "b": 0.0012962473860314572}