{"w": 0.052070495459190944, "b": -1.3167910056210419e-16}