{"w": 0.04123717180016395, "b": -0.022094271068855535}