{"w": 0.7986618634926959, "b": 0.0785632323462558}