{"w": 0.7747691905781262, "b": -0.013336582755728271}