{"w": -0.7798211256659652, "b": 1.477920946764842e-16}