{"w1": -0.5467817967259714, "w2": -0.4568086806944512, "b": 5.420408215502264e-17}