{"w": -0.3882551657238459, "b": 0.00716626001775722}