{"w": 0.8759578386129724, "b": -0.001734539485007562}