{"w1": 0.3002188196529012, "w2": 2.030803410742259, "b": 0.07645525658460534}