{"w": 0.25235683947111853, "b": -3.457391081015072e-17}