{"w": 0.4742780036535459, "b": 0.1059521769600762}