{"w1": -0.5055201006634585, "w2": -0.35982794000499835, "b": -2.262334417363283e-17}