{"w": -0.4303895930176467, "b": -3.9151944606809815e-17}