{"w1": 0.2584440875553984, "w2": -0.48975815494428343, "b": -2.8693057658224317e-19}