{"w": 0.7826677884662167, "b": 0.004527389614598734}