{"w": 0.832728412763239, "b": -0.009226845683655727}