{"cc": -0.48506532167783845, "alpha": -3.37369615569232e-16, "beta": -0.48506532167783845, "mx": -6.039613253960852e-16, "my": -4.4408920985006264e-17, "sx": 1.0, "sy": 1.0}