{"cc": -0.5914315380637455, "alpha": -4.7574853430187546e-17, "beta": -0.5914315380637456, "mx": -7.105427357601002e-17, "my": -5.551115123125783e-18, "sx": 0.9999999999999997, "sy": 0.9999999999999998}