{"w": -0.29829267152961125, "b": -0.010130406747206007}