{"w": -0.309519941534756, "b": -0.027353492382156896}