{"w": 0.16354965542567013, "b": -0.058006380313301825}