{"w1": -0.9392271553612481, "w2": -0.025236858177290617, "b": 1.828945768224923e-17}