{"w": 0.25520783191160457, "b": 0.11183290660751513}