{"w": 0.2552280312746339, "b": 0.11196998988531842}