{"w": -0.34823871399640954, "b": -0.00294340485720683}