{"w": -0.005832154103421214, "b": 2.4376641683138426e-17}