{"w1": -1.3111775510093797, "w2": 0.37995988681185044, "b": 0.011314765437998038}