{"w1": -0.6842039234147282, "w2": 0.21447989965416128, "b": -1.3854170609921653e-17}