{"cc": 0.701577375065507, "alpha": -4.4871185906639094e-18, "beta": 0.701577375065507, "mx": -4.107825191113079e-17, "my": -3.3306690738754695e-17, "sx": 1.0, "sy": 1.0}