{"w1": -0.4868756509034, "w2": -1.5422945487840467, "b": -0.09461379131524755}