{"w": 0.9450530625160969, "b": -0.0020570403082956004}