{"w": -0.2746045727765024, "b": 0.09573375153340803}