{"w": -0.2429333861796072, "b": 0.18819946064084506}