{"w1": -1.9007842073017456, "w2": 0.787944575916979, "b": 0.002333206038787311}