{"w": -0.14535325887207998, "b": 0.06743852925497495}