{"w": -0.35274530966843504, "b": 2.695089018944538e-16}