{"w": -0.42147356027550353, "b": 0.0718863601352699}