{"w1": 4.8877409658992335, "w2": 2.7136787854084417, "b": -1.7928193793488505}