{"w": 0.026486022227138174, "b": 0.16181882602320996}