{"w": -0.5574629723241024, "b": -0.0025700671345280438}