{"w": 0.9734007905692641, "b": -0.07394730972374886}