{"w": -0.6574428190056386, "b": -0.011106628110772846}