{"w": -1.0000000000000002, "b": 1.2490009027033007e-17}