{"w": -0.008620377182220425, "b": -0.31870507896176675}