{"w1": 0.012498947993702032, "w2": -1.4161962601667568, "b": -0.11114174627779809}