{"w": 0.7032336126720118, "b": -0.00779838455575468}