{"w": 0.7000984563706897, "b": 2.94596785625456e-17}