{"w": -0.10330543716682329, "b": 0.019877001712436792}