{"w": -0.9999999999999999, "b": -3.136380044566067e-16}