{"w": -0.2722826904941491, "b": -3.8022730150713393e-17}