{"w1": -0.45530815633575716, "w2": 3.704332228052733, "b": -0.6231126817172434}