{"w": -0.465357921806645, "b": 0.001077136967285506}