{"w": 0.9079687977000126, "b": 3.07660154772462e-17}