{"w": 0.8845935470384741, "b": 0.028284518790985355}