{"w": -0.4500383632463036, "b": 1.2901285610552728e-16}