{"cc": 0.11682897818260038, "alpha": -2.1804529709008788e-17, "beta": 0.11682897818260038, "mx": -6.994405055138486e-17, "my": -2.997602166487923e-17, "sx": 1.0, "sy": 1.0}