{"w": 0.045781112137674954, "b": 0.06750799752352298}