{"w1": -0.68350879590714, "w2": 2.8878253045926177, "b": -0.0568773471697064}