{"w1": -0.33779999756232154, "w2": -4.038135552775209, "b": 0.1877126724866338}