{"w": 0.1742075388680528, "b": -0.08946229304971927}