{"w": 0.22896857193076553, "b": -2.6250155462668897e-16}