{"w": 0.2579374176636518, "b": 0.01228631340089685}