{"w": 0.03882279869241262, "b": -0.36598730928531104}