{"cc": 0.22363054966823204, "alpha": 5.730248563657554e-16, "beta": 0.22363054966823204, "mx": 6.88338275267597e-17, "my": 5.884182030513329e-16, "sx": 1.0, "sy": 1.0}