{"w": 0.22340714252570637, "b": 5.730402343344723e-16}