{"w": -0.03427303459560655, "b": -0.09054619479949827}