{"w": -0.018842347416916424, "b": 8.677076959945245e-17}