{"w": -0.18802727169106823, "b": -0.13127970645314332}