{"cc": -0.9315412998286894, "alpha": -2.7592398421294537e-18, "beta": -0.9315412998286894, "mx": 3.219646771412954e-17, "my": -3.2751579226442116e-17, "sx": 1.0, "sy": 1.0}