{"w": 0.2348526297570632, "b": -1.8810689856977552e-17}