{"w": 0.11611130866118619, "b": -0.06236375706719502}