{"w1": -0.40166984817660956, "w2": 0.22994129764709076, "b": 0.007789058587231442}