{"cc": 0.5714664559701452, "alpha": 1.5432394464322005e-16, "beta": 0.5714664559701452, "mx": -7.771561172376095e-17, "my": 1.099120794378905e-16, "sx": 1.0, "sy": 1.0}