{"w": -0.08509886817402573, "b": 0.029182826964152326}