{"w": -0.07690835528938773, "b": 0.14765917847272916}