{"cc": 0.30100743882357706, "alpha": 1.2678211766571145e-16, "beta": 0.30100743882357706, "mx": -3.252953462151709e-16, "my": 2.886579864025407e-17, "sx": 1.0, "sy": 1.0}