{"w": -0.36826689727507445, "b": 6.748503151603449e-17}