{"w": -0.3622309988998631, "b": -0.04128729676647057}