{"w1": -0.7518447562524432, "w2": -0.032131486096227034, "b": -1.7051038343497563e-18}