{"w1": -0.7548098986969305, "w2": -0.051437796604171665, "b": 0.003681023346218469}