{"w": 0.30671737058895976, "b": 0.5620233215184981}