{"w": 0.3586194191703808, "b": 0.004375812144485094}