{"w": 0.46941800074450407, "b": 0.08747630742495019}