{"w": 0.010754906075415849, "b": -0.18136229807164472}