{"w": 0.43103685532981895, "b": 0.08115587217101372}