{"w": 0.9053647336171137, "b": -0.007026598216023439}