{"w": 0.9324828884532546, "b": 0.006654012073270078}