{"w": 0.1460746493515265, "b": -0.1856916618712002}