{"w": 0.18689903540977426, "b": -0.0018329164723381239}