{"w": 0.6433047094121126, "b": 3.568971526679221e-17}