{"w": 0.6779851013382484, "b": -0.018494224135125182}