{"w": 0.13402334365009677, "b": 1.497622638256719e-17}