{"w1": -0.7659865477331503, "w2": -0.7541977727748166, "b": 0.010210370685981459}