{"w": 0.4110501795741162, "b": 0.022793695814327955}