{"w1": -0.7908408237239388, "w2": 0.18400917358418278, "b": -0.005763306591214407}