{"cc": 0.4496313491261765, "alpha": 1.056415712448254e-17, "beta": 0.4496313491261765, "mx": -1.0436096431476471e-16, "my": -3.635980405647388e-17, "sx": 1.0, "sy": 1.0}