{"w": 0.4554122551328605, "b": -0.0068295290511762655}