{"w": -0.1756197981100948, "b": 0.011223320268307569}