{"cc": -0.6001235854512775, "alpha": 1.54055793333957e-16, "beta": -0.6001235854512775, "mx": 9.992007221626409e-17, "my": 9.409140133698202e-17, "sx": 1.0, "sy": 1.0}