{"w": -0.46949259247865033, "b": -0.12384436569575577}