{"w1": -0.7003724657900895, "w2": 1.618945224919232, "b": 0.023833742177162172}