{"w1": -0.2685715557361453, "w2": 0.48616704490633744, "b": 0.0069364803071101724}