{"w": -0.545778666475429, "b": -0.004200503098801399}