{"w1": 0.9137293575114386, "w2": 1.51558275469101, "b": 0.028316627594282315}