{"w1": -0.5143569511371522, "w2": -0.48938946804863653, "b": -1.4420077475178855e-19}