{"w1": -0.08922255588465844, "w2": -0.947754874828476, "b": -0.08540667660787421}