{"w": 0.7281456379564609, "b": 2.154568915646757e-17}