{"w": 0.5632123698317149, "b": 0.018580654693690055}