{"cc": -0.061600886872325226, "alpha": 2.628083412437286e-16, "beta": -0.061600886872325226, "mx": -1.1324274851176597e-16, "my": 2.6978419498391306e-16, "sx": 1.0, "sy": 1.0}