{"w1": -0.6381693845317157, "w2": -0.28902980985804155, "b": -5.922009803420301e-18}