{"w1": -0.20273442789774504, "w2": -0.5418616973639531, "b": -4.3247266633514645e-17}