{"w1": -0.5765179584251907, "w2": -0.4295140835498783, "b": -2.9542030867293837e-16}