{"cc": 0.46120050827068354, "alpha": 4.2389222444597906e-17, "beta": 0.46120050827068343, "mx": -3.7747582837255325e-17, "my": 2.4980018054066023e-17, "sx": 1.0, "sy": 0.9999999999999998}