{"w": 0.4612005082706836, "b": 4.238922244459791e-17}