{"w": 0.2625855274793762, "b": 0.02357883272784668}