{"w": 0.4812495509350483, "b": -0.0027972485778349435}