{"w": 0.6439592035337778, "b": -9.912819581678643e-18}