{"w1": -0.3504745446978395, "w2": -0.07454830672346502, "b": -4.195465825584943e-07}