{"w": 0.4623709210360983, "b": -4.043440509068716e-17}