{"w": 0.49287605544683394, "b": 0.049677651265129366}