{"w": 0.43243298633579447, "b": -0.003634280646041899}