{"w1": -0.6080997867228538, "w2": 0.3043858008848373, "b": 1.638617271613241e-17}