{"w1": -0.7921656663752926, "w2": 0.3516391505318518, "b": -0.023489739612080597}