{"w": 0.9434187565389588, "b": -0.001468672655619889}