{"w": -0.03507573460298854, "b": 5.980930011699469e-17}