{"w": -0.069002933291905, "b": 0.0374018654221907}