{"w": -0.05511650425311371, "b": -6.290656228278601e-17}