{"w1": 1.1816462941305705, "w2": -0.4670910394072449, "b": -0.013531361773957733}