{"w1": 0.895657425609157, "w2": -0.41066532082989265, "b": -0.018628486718726814}