{"w": 0.4132176505201354, "b": -0.010949791476693256}