{"w": -0.6626769365333195, "b": -0.015626472595967}