{"w": -0.6997423268611137, "b": -0.016443734743170853}