{"w": -0.6819781679992912, "b": -0.026923525941008823}