{"w": -0.606810606827757, "b": 0.0023056151064638347}