{"w": -0.09489145499217912, "b": 0.04436907429660679}