{"w": -0.35448702893314316, "b": 0.076715311453782}