{"w1": 0.11797415158357862, "w2": 0.40347297681897043, "b": -2.4471937985868965e-17}