{"w1": 0.17342323810355081, "w2": 0.4822428429673355, "b": -0.019553175628671662}