{"w1": -2.137407448079398, "w2": -2.568721489667168, "b": 0.4228665091700891}