{"w1": -0.78562334086351, "w2": 0.2904624662774041, "b": 0.04304447705961011}