{"w": 0.2930008353710375, "b": -2.0566079495422184e-16}