{"w": -0.42463064091613323, "b": 9.211186315678284e-17}