{"w1": -2.4403069542210587, "w2": 1.6831525104825173, "b": 0.04687821654218316}