{"w1": 0.27179209026486734, "w2": -0.6438017185956567, "b": -5.235976955436544e-17}