{"w1": 0.27142035506189033, "w2": -0.5860145279329637, "b": -4.8086747682121546e-17}