{"w1": 0.46772566925018494, "w2": -0.9548088461855647, "b": -0.040784884839959554}