{"w1": 0.45251076359532005, "w2": 1.205470913971372, "b": -0.015537206418211602}