{"w": -0.6482085108786734, "b": 0.09228425204050644}