{"w": 1.0000000000000002, "b": 2.7866597918091427e-16}