{"w": 0.11050190436983762, "b": 0.008703347168075557}