{"w": 0.08466516387672729, "b": -5.5688586703358825e-18}