{"w": 0.8618967204572684, "b": -1.4224156470072857e-17}