{"w": 0.45728331726451926, "b": 8.548102673631282e-17}