{"w": 0.4527557596678409, "b": 8.465666455129239e-17}