{"cc": -0.6615509447656576, "alpha": 6.573441726700076e-19, "beta": -0.6615509447656577, "mx": -1.9984014443252817e-17, "my": 1.3877787807814457e-17, "sx": 0.9999999999999999, "sy": 1.0}