{"w": -0.668789582699782, "b": 0.047216992951449877}