{"w": -0.6158740356113422, "b": 0.030268863702895096}