{"w": 0.5604565645595866, "b": -0.06966244096195685}