{"w": 0.5399000659386322, "b": -0.07167170418306323}