{"w": -0.21973508440536463, "b": 0.04537413746185469}