{"w": -0.2668889249763556, "b": -0.005380883367574973}