{"w": 0.7481215430304873, "b": 0.062404154325576}