{"w": -0.45280810387695347, "b": -0.03027131295356729}