{"w": -0.27690300432111487, "b": -2.0004412814037425e-16}