{"cc": -0.014288709380273004, "alpha": -8.012688715397675e-17, "beta": -0.014288709380273002, "mx": -1.687538997430238e-16, "my": -7.771561172376095e-17, "sx": 1.0, "sy": 0.9999999999999999}