{"w": -0.35752243570751163, "b": 2.0897634409553586e-16}