{"w": -0.7166194447895613, "b": 0.062026195242334214}