{"w1": 0.27658889883089244, "w2": 0.8895245835437972, "b": -3.371943919767732e-17}