{"w": 0.7646988963005094, "b": -0.04089795553267794}