{"w1": -0.7414558666756037, "w2": -0.21524758067879257, "b": 2.920567821969247e-18}