{"w": 0.36253244427190606, "b": 0.002016963503720137}