{"w": 0.7107426157148498, "b": -1.475583273793088e-16}