{"w": -0.33246948925214714, "b": 0.02897738596208238}