{"w": -0.353772048583713, "b": 7.253623299852344e-17}