{"w": -0.2562217503095674, "b": 0.0654574148758303}