{"w": -0.012886026742630013, "b": -2.2104883280909099e-16}