{"w": 0.9999999999999917, "b": 2.0261570199408946e-16}