{"w": 0.0791085186124623, "b": 2.5741379827643995e-17}