{"w": -0.035954985740319044, "b": 0.05725415248950373}