{"w": -0.16035864315651088, "b": 0.02504832172301203}