{"w": 0.2594276043390724, "b": 0.14106698993079772}