{"cc": -0.3781149207588368, "alpha": -9.857257817567947e-19, "beta": -0.37811492075883674, "mx": 3.9968028886505634e-17, "my": -1.609823385706477e-17, "sx": 1.0, "sy": 0.9999999999999999}