{"w": 0.6276088957073384, "b": -0.006032574418096974}