{"w": 0.630632610725725, "b": -0.004574620789245988}