{"w": -0.11697891344207911, "b": -0.07160045108671055}