{"w": -0.10821034814874533, "b": -0.09568322791944664}