{"w": 0.47413609288331016, "b": -0.2599430508411321}