{"w": -0.5424379336128476, "b": -0.14506616911195253}