{"w": 0.24723952639123548, "b": -0.03760792695883801}