{"w": 0.16164621924611078, "b": 0.01786097115718556}