{"w1": -1.3734353410722435, "w2": -1.2964301344778768, "b": 0.0852760871645179}