{"w1": -2.7098573870846687, "w2": -1.6900853753228322, "b": -0.1315680794517478}