{"w": 0.18757013445160786, "b": -0.011661569864184915}