{"w": 0.20448771570319718, "b": -8.090785548601477e-17}