{"w": 0.1924494941666335, "b": -0.0033965316130983927}