{"w": 0.3106868340739811, "b": 1.6974547507515613e-16}