{"w1": 0.9732391477301736, "w2": 0.686697911902928, "b": 4.962280752874428e-16}