{"w1": 7.8255067740608695, "w2": 5.89644199534879, "b": 1.572692001673272}