{"w": 0.8708504097831908, "b": -1.5434977976657416e-16}