{"w": 0.8367864327726583, "b": 0.0041835437928646945}