{"w": 0.7798664386110473, "b": -1.108136033212201e-17}