{"w": -0.20312639752024125, "b": 0.030267215255939117}