{"w1": -1.600989060913297, "w2": -2.3783491110616106, "b": -0.10807850780370784}