{"w1": -0.6282143175316856, "w2": -1.1068491550327841, "b": -0.09793665435459295}