{"w": 0.4383779153289076, "b": 1.1233173363755207e-16}