{"w": -0.24161951235989038, "b": -0.009368656485886697}