{"w": -0.2595830862918777, "b": 0.004955578791914002}