{"w": 1.0000000000000004, "b": -1.5321077739827166e-16}