{"w1": -0.0051914087857700035, "w2": -0.5534744098219376, "b": -1.087908652058003e-17}