{"w": -0.03541312654578651, "b": -1.4175703941273477e-16}