{"w": 0.32341717207563686, "b": 0.030514538777876327}