{"w1": -0.4042716537665537, "w2": -0.15124251231640926, "b": 4.481933504472971e-18}