{"w1": -1.3387552917072858, "w2": -0.6233040407288912, "b": -0.023258628262192348}