{"w1": -0.5508972965994934, "w2": -0.14836735587373956, "b": -0.010109802603514517}