{"w1": -0.19680767634990406, "w2": 0.6417010838075262, "b": 3.314534359708244e-17}