{"w1": -0.23626379936018346, "w2": 0.7662760399901352, "b": 0.017568183054614703}