{"w1": -0.1818491007143068, "w2": 0.4499000781298544, "b": -2.6739076593298832e-17}