{"w1": 2.5607503759984116, "w2": 1.1441616025110002, "b": -1.0617120404804816}