{"w": -0.025866419171725, "b": 0.001394967192787407}