{"w": 0.007508047136542377, "b": -0.003485016717705014}