{"w": -0.4090258342437151, "b": 0.009547698357241716}