{"cc": 0.5778870560657281, "alpha": 1.8860703960405045e-17, "beta": 0.5778870560657281, "mx": -7.778500066280004e-17, "my": -2.6090241078691177e-17, "sx": 1.0, "sy": 1.0}