{"w": 0.30256525476313956, "b": -0.033751695536481566}