{"w1": 0.20306728915328004, "w2": -0.8477528878013753, "b": 0.004926329155159876}