{"w1": -50.21924344106264, "w2": -25.955438106136786, "b": -8.580794574385088}