{"w": 0.9367607945927637, "b": 0.020111355734474333}