{"w1": -20.337480804081608, "w2": -9.211226320738175, "b": 1.8167297350598122}