{"w1": -0.6104113003686403, "w2": -0.40862375699804804, "b": -1.2333174847518527e-16}