{"w1": -0.5536371438523925, "w2": -0.411269544652482, "b": -1.1438812318155212e-16}