{"w1": -1.859367932416905, "w2": -0.8046574435282802, "b": 0.16219633294033162}