{"w1": -0.7923188397356089, "w2": 1.12610850616687, "b": 0.0152444336307153}