{"w1": -0.35685661590928425, "w2": 0.43509198419266315, "b": 1.090572151699748e-06}