{"w1": 0.0491154282730695, "w2": -0.938313414894699, "b": -0.017851404751947852}