{"w": 0.8765637098562661, "b": -0.01298195555191663}