{"w": 0.9107882054795131, "b": -0.009963508974325333}