{"w": -0.03998154122326835, "b": 0.0987784520174601}