{"w": -0.21160404273115838, "b": -0.014210031427101349}