{"w": -0.9999999999999991, "b": -1.318389841742373e-16}