{"w": -0.47273204978655786, "b": -0.24801229125721086}