{"w": -0.22120713621762325, "b": -0.292579651373019}