{"w1": -0.1140870752000216, "w2": -0.7006367809219668, "b": -0.007776563100086353}