{"w": 0.12698650144717638, "b": 2.7808589686893246e-17}