{"w": -0.41286417178592766, "b": 3.6171847453215896e-16}