{"w": 0.31425538325566527, "b": -0.07111584207158533}