{"w": 0.37379097907041825, "b": -1.4050122757724486e-17}