{"w1": -1.0668473566598573, "w2": -0.7624446995556143, "b": 0.03573209989968348}