{"w": 0.721720895196753, "b": -0.023843251928788514}