{"w1": -0.7245483186698934, "w2": -1.2451777709905156, "b": 0.0014000577401828938}