{"w": 0.402576742484971, "b": -0.004351334193218003}