{"w": -0.16906625234924408, "b": -0.11035806345537356}