{"w": 0.3544150684638434, "b": -0.019734191331567813}