{"w1": -1.3865817495349742, "w2": 0.8539699227927816, "b": -0.061225549818922045}