{"w1": -0.6857904250175406, "w2": 0.3430867645585539, "b": 0.002388352887481439}