{"w1": 0.35807438877351133, "w2": 0.7341220688522375, "b": 0.010514800945887734}