{"w": 0.5372080255392343, "b": -0.004676478437507509}