{"w": 0.6401498527758668, "b": 0.01146428621634532}