{"w": -0.36567981204262096, "b": 0.0030906232147813652}