{"w": -0.20192094959027576, "b": 0.01686941815175843}