{"w1": -0.07930048219098429, "w2": 0.573754426059221, "b": -1.1818081622016935e-17}