{"w1": -0.06133093952028164, "w2": 0.6305629395692156, "b": 0.007262208803362436}