{"w": -0.4258901637624833, "b": 0.013655898017242443}