{"w": 0.24712133880943243, "b": 0.07075193115151013}