{"w": 0.3985159679340163, "b": 3.829109683067275e-17}