{"w": -0.10880399577975766, "b": -0.007125977551231895}