{"w": 0.30777723274925234, "b": -0.11819436836295392}