{"w": 0.35927642582616115, "b": -1.0616945430247777e-17}