{"w": 0.5604871198532556, "b": -0.2213579607680325}