{"w": 0.5732317360910353, "b": 0.03275785853275377}