{"w": -0.8435004976101281, "b": -0.03892820363127652}