{"w": -0.8704792087545447, "b": -2.9073087184987166e-17}