{"w": 1.0000000000000016, "b": -3.5804692544161324e-17}