{"w": 0.6611581696962889, "b": -2.176705969141502e-16}