{"w": 0.6604976720242643, "b": -2.1779232466820023e-16}