{"w": 0.6546120492042462, "b": -2.1887702742706141e-16}