{"w": -0.032480290798522306, "b": -2.650745065866005e-16}