{"w": 0.18424543310243208, "b": -3.0979455230708928e-18}