{"w": -0.17705754883929617, "b": 0.044038481784762024}