{"w1": 0.13611565101543294, "w2": -1.3755442375731197, "b": -0.060295253590016376}