{"w": 0.26222392099046626, "b": -3.3306690738754695e-17}