{"w": 0.25988727218956115, "b": -3.3306690738754695e-17}