{"w": -0.29878729456667014, "b": 0.09820295542428899}