{"w": -0.35563154482004017, "b": 1.2576384090392861e-16}