{"w": -0.22707416718153434, "b": 0.19639005559496073}