{"w": -0.028119102091554837, "b": 2.1531689547362428e-16}