{"w": -0.030203418986770814, "b": 0.0599298939335805}