{"w": -0.34647365080201564, "b": -0.026322124132835915}