{"w": -0.31577146586573257, "b": -8.425996433380422e-17}