{"w": -0.28735203393781666, "b": -8.407065288776539e-17}