{"w": -0.3093293374716078, "b": 0.0048137727587723835}