{"w": -0.3177411967944324, "b": 0.02334788073567836}