{"w": -0.23993136263005288, "b": 0.16187056804717115}