{"w1": -0.7744378891302166, "w2": -0.7254123364204247, "b": 0.036513690185726894}