{"w1": -0.6648177463658981, "w2": -0.6371810414445213, "b": 0.057397415199763574}