{"w": 0.2564388802918292, "b": 0.15556747947603775}