{"w": 0.15621702692532363, "b": -0.03792975722251449}