{"w": 0.49568989791328116, "b": 5.654962789884958e-17}