{"w": 0.4102175338212439, "b": -0.0006451174947228336}