{"w": 0.41500044666877833, "b": -0.021613895102235603}