{"w": 0.021264673242653007, "b": 3.203058588330934e-17}