{"w": 0.021243429812840147, "b": 3.202964248551333e-17}