{"w1": -1.4076795477014883, "w2": -2.832541138216959, "b": 0.3400428006545392}