{"w": -0.2751872652141406, "b": -3.489933956343727e-16}