{"w": 0.871668498969946, "b": -0.0010237629586769105}