{"w": 0.24999434478677168, "b": -2.9698537484169397e-16}