{"w": 0.2727269504010351, "b": 0.0013777617857548899}