{"w": -0.5531043106893199, "b": -3.536023581832595e-17}