{"w1": -0.08731658852068899, "w2": 0.4454277813075667, "b": -1.2770632794659176e-07}