{"w": 0.14076423446805364, "b": -0.06924416866060423}