{"w": 0.1596063982958345, "b": 0.0083146873106846}