{"w": 0.1888973382691458, "b": -0.2451877676472145}