{"w": 0.3511812024350698, "b": 0.06590020440176216}