{"w": 0.2665659051994271, "b": 7.443863914632921e-18}