{"w1": -0.5724811941818596, "w2": -0.23840872895337376, "b": 4.053418245469185e-17}