{"w1": -1.6934733209253048, "w2": -1.1904738603988398, "b": -0.13932672297340004}