{"w": 0.3914657604350601, "b": -1.86024555658222e-18}