{"w": 0.3795999448346045, "b": 4.533927838652885e-17}