{"w": 0.6262514598603321, "b": -6.219471977183012e-17}