{"w": -0.5130724535641707, "b": -4.0711813804976924e-17}