{"w": -0.15860320575479353, "b": -0.06980178113211224}