{"w": -0.1408325086719221, "b": -2.6958063578490335e-17}