{"w": 0.767229898093122, "b": -0.006104446227072721}