{"w1": -2.7932368805789376, "w2": -1.654753361413058, "b": 0.10178563658549367}