{"w": 0.27309255708539293, "b": -0.024339701796306953}