{"w": 0.28024626925752855, "b": -0.0025613244720416838}