{"w1": -0.956183645414658, "w2": -0.1312909793310648, "b": 1.0885289385986722e-16}