{"w1": -3.2299423492293062, "w2": 0.1078150083684178, "b": 0.11113834944083294}