{"w": 0.4862724823054421, "b": 0.025288563051279096}