{"w": -0.005438242026365437, "b": 0.04839185006624713}