{"w": 0.20459046724271318, "b": -5.780199704682732e-17}