{"w": 0.21100383933168612, "b": -0.0026759495247958287}