{"w1": -0.1720953294773449, "w2": -0.6048759311479105, "b": -0.0069203899042826365}