{"w": 0.9501454535162251, "b": -0.0043680464945557995}