{"w": 0.767020858090336, "b": 3.9160157038692774e-17}