{"w": -0.044351831420452376, "b": 0.02855336437967853}