{"w": -0.2640659670393323, "b": 0.09158906225994859}