{"w": 0.45686337608214656, "b": -8.775141630045695e-18}