{"w": 0.35548102998793796, "b": -0.10379555234922322}