{"w": 0.8609419631416794, "b": 0.01757615048732714}