{"w": -0.5873091683049927, "b": -8.459094590518056e-18}