{"w": -0.645394690445047, "b": -1.0393731112835936e-17}