{"cc": -0.44319486653271734, "alpha": 1.23596974886679e-16, "beta": -0.44319486653271734, "mx": 2.0372592501871622e-16, "my": 3.3306690738754695e-17, "sx": 1.0, "sy": 1.0}