{"w": -0.4939162799181287, "b": 0.11736315956286103}