{"w": -0.43618281687015203, "b": -0.007788910459664261}