{"w1": 0.016998027495467093, "w2": -0.9613692515735992, "b": 1.5659800752641106e-17}