{"w1": -0.09262862204290681, "w2": -1.10481892586964, "b": 0.12772870763559008}