{"w": -0.3174967852141454, "b": -0.0025527058190405487}