{"w": -0.04338150573043122, "b": -0.010443080905963034}