{"w": 0.0013560664617009264, "b": 7.827266012098083e-18}