{"w": 0.0009346690921744708, "b": -0.013026016244225128}