{"w": 0.020729891953032497, "b": 0.016244573266249316}