{"w": -0.33919017045309885, "b": -0.16279780175812164}