{"w": -0.7401083255132097, "b": -0.01623076575775077}