{"w": -0.04508693072023325, "b": 0.01855730582850971}