{"w": 0.2315956736103032, "b": -0.10841494840027166}