{"w1": -2.683238081309491, "w2": -0.621555812813265, "b": -0.1166664410213553}