{"w": -0.2704021432346339, "b": 1.12590961181407e-16}