{"w": -0.26799261918600853, "b": 1.1243847996400823e-16}