{"w": 0.32115221964174856, "b": 0.03456722680226783}