{"w": -0.0963483946085835, "b": 3.6726250240967207e-17}