{"w": 0.2808706137467515, "b": -1.936035639860833e-17}