{"w": 0.3193968824416009, "b": 0.007320047201005465}