{"w": 0.7262131023513634, "b": -9.349799548693929e-17}