{"w": 0.027026845484702234, "b": 0.012014453341829961}