{"w1": 0.1478158820602519, "w2": 1.4816506766957596, "b": -0.06838770305222712}