{"w1": 1.2937954286584206, "w2": 0.12043520291269202, "b": -0.14869513851884256}