{"w": -0.4699099817685923, "b": 0.0015510397374829392}