{"w": -0.4673686461685966, "b": 3.476750425977513e-17}