{"w1": -0.46134495792961716, "w2": 0.6451226933064814, "b": -3.6935802005127235e-17}