{"w1": -0.4021524556646861, "w2": 0.9036403649774145, "b": -0.008929281184124161}