{"w1": 0.31380472805405996, "w2": -0.6440764604945891, "b": -1.2421254460561548e-17}