{"w1": 0.35491905284850395, "w2": -0.618766092104361, "b": 0.09775081558954263}