{"cc": 0.2425660310323766, "alpha": -2.5182866307213497e-16, "beta": 0.24256603103237662, "mx": -4.884981308350689e-17, "my": -2.636779683484747e-16, "sx": 0.9999999999999999, "sy": 1.0}