{"w": 0.24670620272104557, "b": 0.011411129307056213}