{"w": 0.5996606078843228, "b": 0.026455335084816567}