{"w": 0.6511346179323968, "b": 0.08919324779190063}