{"cc": -0.033202725785167794, "alpha": 1.4282243750467638e-17, "beta": -0.03320272578516778, "mx": -1.2156942119645464e-16, "my": 1.8318679906315084e-17, "sx": 1.0000000000000002, "sy": 0.9999999999999998}