{"w": -0.08504300302239412, "b": -0.11622410757267793}