{"w": -0.1582756329699061, "b": -0.12548233724777724}