{"w": -0.9999999999999916, "b": -1.0325074129013852e-16}