{"w": -0.032873985925908684, "b": 1.432220846488197e-17}