{"w": -0.26696313783220704, "b": 0.17412718690247941}