{"w": 0.5254738037046668, "b": -3.477077398838179e-17}