{"w": 0.4939720280971409, "b": 0.00870040053650075}