{"w1": 0.8051766497717795, "w2": 0.4546525792843847, "b": 0.3016933877229991}