{"cc": -0.2942876719721862, "alpha": -4.11416714921377e-18, "beta": -0.29428767197218614, "mx": 1.1102230246251566e-18, "my": -4.440892098500626e-18, "sx": 1.0, "sy": 0.9999999999999998}