{"w": 0.1181763611476269, "b": 7.412253841566047e-17}