{"w": 0.6690171840626938, "b": -0.058580784351033255}