{"w": 0.6892317606755028, "b": -0.012817563456803072}