{"w": 0.291451473227765, "b": 0.11383617042688426}