{"w": 0.2484233760090158, "b": 0.11391689848478671}