{"w": -0.9058287266707419, "b": 0.006499592474012547}