{"w": -0.4952243524416257, "b": 0.03490337369792684}