{"w": -0.22117725942881525, "b": -4.312893417640918e-18}