{"w": -0.8086933745898727, "b": 0.005863690107082865}