{"w": 0.05380720443465351, "b": 1.0236139576852157e-16}