{"w": 0.41507641695646824, "b": -0.04356173954633613}