{"w1": -0.6470107543568574, "w2": 0.10685646361686675, "b": -1.6655912919749288e-16}