{"w": -0.25834700162264906, "b": 0.15001782835850236}