{"w1": -0.6296455683966529, "w2": 0.44883561746263023, "b": 5.154058911779851e-17}