{"w1": -2.3476809152448843, "w2": 2.0107680780041273, "b": -0.16560453531233857}