{"w": -0.6784825158328902, "b": 0.006859273661629337}