{"w1": -0.7678910651580014, "w2": -0.7801323557613031, "b": 0.007685116591926583}