{"w1": -0.4329425200253243, "w2": -0.6235534920828469, "b": -0.03830514646068956}