{"w": 0.09569073294205876, "b": 0.4453276629899628}