{"w1": 0.27019507470104626, "w2": -0.7751309646729942, "b": 2.7538183810555746e-17}