{"w": -0.12173965741923404, "b": 1.0569328577077989e-16}