{"w": 0.380705241952757, "b": 0.005933171140201213}