{"w": 0.7434171022099183, "b": 0.009486630133659385}