{"w": 0.35997100544519217, "b": 0.033896296330247835}