{"w1": 1.5129979689629671, "w2": -0.001963630379333956, "b": 0.09999999999999985}