{"w1": 3.07751656927972, "w2": -0.12823456693127117, "b": 0.8439678348868102}