{"w1": 2.475265671486086, "w2": 0.035449953849011354, "b": 0.6627624407731356}