{"w": 0.1689216486814614, "b": 1.5846068125927337e-17}