{"w": 0.199255840345858, "b": -0.025699521220842115}