{"w1": 0.94038021111544, "w2": 0.053510994089245756, "b": -0.061293698774725375}