{"w1": 0.32917783204373685, "w2": -0.27414021048588966, "b": 5.116451316636091e-18}