{"w": 0.26144844548467555, "b": 1.9045409003430736e-16}