{"w": 0.9999999999999986, "b": 1.9373391779708983e-16}