{"w": -0.6249847405382163, "b": -0.0004484256883802957}