{"w": 0.7429080946284161, "b": -0.014034090813076345}