{"w": 0.7396753224309225, "b": -0.005015386566698865}