{"w": 0.26080895688334804, "b": 0.0002788839106103308}