{"w1": 1.2916920508951049, "w2": -0.3492766407936053, "b": 0.09971391709182166}