{"w": 0.39875647107578716, "b": 0.04806050071095439}