{"w": -0.594945672562901, "b": 0.23722935373023582}