{"w": -0.2783125181275854, "b": 0.016123582068407583}