{"w": -1.0000000000000009, "b": 5.717648576819566e-17}