{"w": 0.28510314064928427, "b": 1.424376320138009e-18}