{"w": -0.1565889330989352, "b": -0.03838550499966861}