{"w1": -1.1936815416136357, "w2": 3.1227817324496923, "b": -0.44031551171346184}