{"w1": 0.7646296549997945, "w2": -0.015161986861192503, "b": -4.4741614200683464e-17}