{"w": 0.020238234831830498, "b": -5.933344028817502e-17}