{"w": 0.40017687348377656, "b": 0.0030240016615409046}