{"w": 0.2611093332760747, "b": -7.582143503611397e-17}