{"w": 0.6148646997919391, "b": -7.156432106645486e-18}