{"w": 0.13383559239165518, "b": 0.07017481145506066}