{"cc": -0.1566053019410816, "alpha": -4.2631835306339025e-16, "beta": -0.15660530194108166, "mx": -2.831068712794149e-17, "my": -4.2188474935755947e-16, "sx": 0.9999999999999997, "sy": 1.0}