{"w": -0.15660530194108171, "b": -4.2631835306339025e-16}