{"w": 0.31296377808520087, "b": -8.475736287876019e-17}