{"w": 0.20856280034598454, "b": -1.0639127800202743e-17}