{"w": 0.31565440203616546, "b": -0.20384114994946861}