{"w": 0.6780305589711634, "b": -1.4532779327500905e-17}