{"w1": -0.6483916035867765, "w2": -0.3131270023449, "b": 1.6356588831737203e-17}