{"w1": -1.5785215209109582, "w2": -0.5795637656537239, "b": -0.11240910379001383}