{"w": -0.28548220833017196, "b": 4.9164958400728514e-17}