{"w": -0.3081134698796735, "b": 0.008513979774986732}