{"w1": -1.9746662338538437, "w2": -1.8986232166820938, "b": 0.01956733522199569}