{"w": 0.71566235676426, "b": -0.00331613063729584}