{"w": 0.6960154468899543, "b": 9.018314639242826e-17}