{"cc": -0.0481811978067042, "alpha": 3.2771771987164473e-17, "beta": -0.048181197806704205, "mx": -1.1102230246251566e-17, "my": 3.3306690738754695e-17, "sx": 0.9999999999999999, "sy": 1.0}