{"w": -0.0481330647419622, "b": 3.27723063715317e-17}