{"w": -0.020667193669509445, "b": -0.3036297883775613}