{"w": -0.25918420230771144, "b": -0.012480381709953137}