{"w": 0.4722156778163374, "b": 0.05356537440946829}