{"w": 0.47458090140942305, "b": 0.05423243592829685}