{"w": 0.5090463620386206, "b": 0.04952763333179667}