{"w": -0.9999999999999988, "b": -7.271960811294783e-17}