{"w": -0.27189784155651486, "b": 0.0019383752573523538}