{"w": 0.9990009990009991, "b": 4.105496051900579e-17}