{"w": -0.08144842963984987, "b": 1.8934037267260796e-17}