{"w1": -0.2221905314924444, "w2": 0.638336498178047, "b": -1.551998994966816e-18}