{"w": -0.42171437317506816, "b": 0.12591220353724322}