{"w1": -0.23471075154528007, "w2": -0.47313275472693395, "b": -7.042910882245943e-17}