{"w1": -0.5695655293511769, "w2": -1.1292635129896507, "b": 0.05214007144614452}