{"w1": -0.7574525784306865, "w2": 0.21209606842984663, "b": 5.045128922544381e-19}