{"w": 0.21120055078601696, "b": -0.19537914589377145}