{"w": -0.024796701111549028, "b": -0.004137861505010239}