{"w": -0.07230736233771592, "b": -0.0008048557859915845}