{"w1": -0.6611327340172513, "w2": -0.16161827244732282, "b": -3.97921737320238e-17}