{"w": 0.42491386616121085, "b": 0.19463956687838546}