{"w": 0.8451747149267805, "b": -5.587038051400022e-17}