{"w1": -1.9457899965877006, "w2": -1.9771152642182397, "b": 0.5476437910723495}