{"w": -0.7568992673718744, "b": 2.4633251075062407e-16}