{"w": -0.4941061841982699, "b": -1.5733355323298355e-15}