{"w": 0.38654645936096466, "b": 6.896770101855484e-16}