{"w1": 0.8238891283699229, "w2": 2.5819878180617746, "b": 0.3988360425946715}