{"w1": -0.643486770599983, "w2": 0.5578788416822483, "b": 7.559440740027192e-17}