{"w": -1.0000000000000004, "b": 3.7747582837255294e-17}