{"w": -0.47490014236976896, "b": 0.07556451165613547}