{"w": 0.6889198632341069, "b": 0.002822386731667289}