{"w": 0.879393152456351, "b": -5.070757666760779e-17}