{"w": 0.04315855096575497, "b": 3.6752250554818797e-16}