{"w": 0.09201400746864397, "b": -0.15701585940521728}