{"w1": 1.1046144813467609, "w2": -0.40032331270929467, "b": 0.008873873232441602}