{"w": 0.6460892537236889, "b": -0.0064709919599871685}