{"w1": -0.22187542820274433, "w2": 0.37253533805572847, "b": 0.0018157988254473077}