{"w1": -0.0990126509045517, "w2": 0.1600109937374553, "b": 5.318002908767661e-07}