{"w": -0.17571574151998767, "b": 3.352959359235723e-16}