{"cc": 0.24435793643840542, "alpha": 1.2156515662595486e-17, "beta": 0.24435793643840542, "mx": 1.376676550535194e-16, "my": 4.5796699765787705e-17, "sx": 1.0, "sy": 1.0}