{"w": 0.09011540267472316, "b": -0.12595073670982598}