{"w1": -0.8081912741212276, "w2": -0.4583825030524758, "b": -0.029345217839204775}