{"w": -0.4937458653786797, "b": 0.019208843098046158}