{"w": -0.4947022031665408, "b": -0.0025760316948765724}