{"w": 0.16677179968935704, "b": -0.023057887127310727}