{"w": -0.6183918705571526, "b": 0.011811035263961767}