{"w": -0.5709004842904801, "b": 0.026858965486266734}