{"w": 0.07124308212534325, "b": -0.0013861056976208971}