{"w": 0.7180535237059105, "b": -0.01651630250186442}