{"w": 0.7148167697276246, "b": -0.016463119570723737}