{"w1": -2.430269742689457, "w2": 0.3890508403510314, "b": -0.3502960007926419}