{"w": -0.31154487694259, "b": -0.11125599330774721}