{"w": 0.020565018334711433, "b": 6.608825106979758e-17}