{"w": 0.6963968247087851, "b": -3.477069952351359e-16}