{"w": 0.6870475623636583, "b": 0.001087506639612535}