{"w": 0.6905229241409936, "b": 0.0009060385814064556}