{"w": 0.564277325883447, "b": 1.174638149005717e-17}