{"w": 0.3317280568876187, "b": 1.1141670146064045e-16}