{"w": 0.26076865433970153, "b": -1.7716915018569252e-16}