{"w1": 2.7613170446943, "w2": 0.01577405631320424, "b": -0.10121932908776543}