{"w1": 2.192692476869342, "w2": 0.11118274698698333, "b": -0.04247933759034027}