{"w1": 0.02598082160097871, "w2": -1.1888298174783565, "b": 0.006287060280807368}