{"w": 0.05697417215923321, "b": -0.2870194275327286}