{"w": 0.15268917270004523, "b": 0.07443667721058492}