{"w": 0.9999999999999978, "b": 2.4424906541753336e-17}