{"w": 0.13743136942202458, "b": -1.9626696941651278e-17}