{"cc": 0.22495777278666562, "alpha": 4.72069080388593e-16, "beta": 0.22495777278666565, "mx": 5.329070518200751e-17, "my": 4.840572387365683e-16, "sx": 0.9999999999999999, "sy": 1.0}