{"w1": 0.07023325327735218, "w2": -0.9761523435331876, "b": 0.009001871693955048}