{"w1": -0.2767080833557191, "w2": 1.1707321716511705, "b": -0.06546358516410417}