{"w": 0.5556291698441502, "b": -1.310982354256036e-17}