{"w1": 1.0867117329802514, "w2": 0.33102438194756323, "b": -0.06730868948568297}