{"w": -0.6412866199736817, "b": -0.05048109575027915}