{"w": 0.21934655128966063, "b": 0.22779036389601914}