{"w": 0.8159116681957873, "b": 0.01496777391123838}