{"w": 0.7232878151123264, "b": 0.0023545867096099096}