{"w": -0.6417575792836345, "b": 0.026014627222002623}