{"cc": -0.4129627855261789, "alpha": 2.702189534389661e-16, "beta": -0.4129627855261789, "mx": 4.446443213623752e-16, "my": 8.659739592076221e-17, "sx": 0.9999999999999998, "sy": 0.9999999999999998}