{"w": -0.27287878508577407, "b": 0.03880709051303329}