{"w": -0.2807570263902772, "b": 0.03894394415999072}