{"w": -0.2825468960842695, "b": 0.028349220159904008}