{"w1": -1.8217066509365145, "w2": 0.38122057864910547, "b": -0.017935148907311654}