{"w": 0.05868635763164244, "b": -0.009928309844012983}