{"w": -0.9731700942029506, "b": -0.01510122891889405}