{"w": -0.9633298347449193, "b": 4.659965232895773e-17}