{"cc": 0.31091779297702826, "alpha": -2.0137547783730628e-16, "beta": 0.3109177929770283, "mx": -9.325873406851315e-17, "my": -2.3037127760972e-16, "sx": 0.9999999999999999, "sy": 1.0}