{"w": 0.381400091582205, "b": 0.03796190975486189}