{"w": -0.2907060005847426, "b": -9.362112819972374e-05}