{"w": -0.2293612224401135, "b": 3.3192536894791555e-17}