{"w": -0.25979982616742087, "b": 0.022503965451436743}