{"w": -0.1711190408703936, "b": -3.3330746095430685e-17}