{"w1": -0.18039846505110524, "w2": -0.6441936910206222, "b": 0.0009245223524360997}