{"w": 0.9999999999999997, "b": -5.062616992290712e-16}