{"cc": -0.22621580263366, "alpha": 1.822010115155189e-17, "beta": -0.22621580263365998, "mx": 2.1649348980190553e-17, "my": 1.3322676295501878e-17, "sx": 1.0, "sy": 0.9999999999999999}