{"w": -0.18294424327957315, "b": 0.032235743227683425}