{"w": -0.20565072966696363, "b": 1.77748807100928e-17}