{"w": -0.7423464639015164, "b": -0.055132899370072125}