{"w": -0.4087516158269163, "b": 0.01760388284546452}