{"w": -0.07283401075182211, "b": -2.7829919945656207e-17}