{"w": -0.2610013044384107, "b": 0.23409290245368816}