{"w": -0.5427574201455047, "b": -0.013922767294290591}