{"w": -0.4468477156103449, "b": -5.525506519274845e-16}