{"w": 0.18851307002190074, "b": 0.009256500659133353}