{"w": 0.22783471082301907, "b": 1.3828570979030938e-17}