{"w": 0.5822804307794653, "b": 6.245519416629442e-16}