{"w1": -0.4817596889988905, "w2": -0.6587537705460119, "b": -5.543130927820364e-17}