{"w": -0.32054391098404034, "b": 0.0952848103047899}