{"w1": -0.022644398573383417, "w2": 1.7604236175661154, "b": 0.4498448919164475}