{"cc": 0.004181611394986268, "alpha": 2.302030094675119e-18, "beta": 0.004181611394986268, "mx": -8.1601392309949e-16, "my": -1.1102230246251566e-18, "sx": 1.0, "sy": 1.0}