{"w": 0.20413693283235215, "b": 0.09366411291990985}