{"w1": -0.9770601914947302, "w2": -0.8701956011028621, "b": 0.020971847233057207}