{"w1": -1.4862146644851637, "w2": -1.079690801979362, "b": -0.17862273063158512}