{"w1": -0.11895449760133152, "w2": 1.8537561347055156, "b": 0.06133189481023256}