{"w": -0.44575970266139886, "b": 0.11544708086043856}