{"w": -0.3886304533344584, "b": -0.09371554962562867}