{"w": 0.645855283701707, "b": -0.06606283086455536}