{"w": -0.5641708081333666, "b": 0.13407412574637184}