{"w": -0.20889803295810816, "b": 0.062265832141086656}