{"w": 0.3933082083541865, "b": 0.034149617147472826}