{"w": -0.827110238169862, "b": -0.008333106399413499}