{"w": 0.502474259945116, "b": 0.027941069142642938}