{"w": -0.32228489149758976, "b": -0.0480440109233055}