{"w": -0.18249227227621176, "b": 4.070928292487736e-17}