{"w": -0.2192700668188104, "b": 5.308389738570078e-17}