{"w": -0.6037400412192613, "b": -0.005716063370737198}