{"w": -0.6361328015198517, "b": -5.218048215738236e-16}