{"w": -0.6335039856712319, "b": -0.0025593040421329283}