{"w": 0.3675466380852384, "b": -0.008746831892877316}