{"w1": 0.5194351669052772, "w2": 0.7664602712893356, "b": -0.07444522422288248}