{"w": -0.07442619941766578, "b": 0.10046979681935653}