{"w": 0.2457054790682419, "b": -0.1347172247505896}