{"w": -0.040260717364427386, "b": 0.053196624599399014}