{"w": 0.004815371433902397, "b": 0.08585970088734253}