{"w": -0.00802440970314389, "b": -0.004182929427404504}