{"w1": -0.3842988634241433, "w2": -1.405845602014223, "b": -0.22248005868490356}