{"w1": 0.7853225506183997, "w2": 0.08688467580943628, "b": 7.153651369634909e-17}