{"w": -0.6174234433821275, "b": -0.08781928915116573}