{"w": 0.8988273114656945, "b": -4.133352755628122e-16}