{"w": 0.8733477630647819, "b": 0.06177652749095224}