{"w1": -0.06469456987841478, "w2": 0.3740722314474952, "b": 3.63179784929409e-18}