{"w1": 0.5405083972759647, "w2": -0.4035804701516423, "b": 0.010141075661405935}