{"w": -0.44314256349921066, "b": -0.004202743423553597}