{"w1": 0.9516526013706876, "w2": 3.8047332791294632, "b": -1.1902771410402777}