{"w1": 0.5135404993772567, "w2": 2.1685282541369113, "b": -0.5035907286447432}