{"w": 0.9077474637408286, "b": 0.003938385595910893}