{"w1": 0.9509373388917808, "w2": 4.462687743570491, "b": -0.0022217038642704575}