{"w1": 0.592881157787441, "w2": 0.002983286884774798, "b": -0.0266829118618422}