{"w": 0.5188267556341394, "b": 0.01927888732892702}