{"w": -0.3178105971722308, "b": -4.608727200214118e-18}