{"w1": -3.525276486025714, "w2": 0.5163467998310688, "b": 0.818917133096023}