{"w1": 1.326617589104524, "w2": 0.9240365529794258, "b": -0.054427334468019575}