{"w": 0.2991238129973062, "b": 0.08405743591298698}