{"w1": 2.1952491856412806, "w2": -0.7991974563562378, "b": 0.19339011995123395}