{"w": 0.21186689807506348, "b": 0.03569624838897938}