{"w": 0.1282113827838276, "b": 0.28582951113385163}