{"w": -0.0955142703350942, "b": 0.03391011912602202}