{"cc": -0.006142859372589404, "alpha": 6.889179705001581e-17, "beta": -0.006142859372589405, "mx": 9.436895709313831e-18, "my": 6.88338275267597e-17, "sx": 0.9999999999999998, "sy": 0.9999999999999999}