{"w": 0.33443136900510406, "b": -0.09038058971522023}