{"w": 0.518200094220102, "b": 0.0019013125732031582}