{"w": 0.3192982228599181, "b": 3.793456807086424e-17}