{"w": 0.4976884698575157, "b": -5.568008329867501e-17}