{"w": 0.6092369857813937, "b": 0.03957986071365169}