{"w": 0.051576536874230076, "b": 0.0323506292986272}