{"w": 0.9385707649988067, "b": 1.3273496751708651e-16}