{"w1": 0.3223937355916761, "w2": 1.1662357376396628, "b": 0.008709192515769376}