{"w1": -0.68637479956147, "w2": -0.6234235770791307, "b": 0.04552371779446582}