{"w": 1.0000000000000002, "b": -3.375077994860476e-16}