{"w": -0.11119425400983463, "b": 0.023646850915588272}