{"w": 0.9630497482254216, "b": 0.0031717160344602317}