{"w": -0.3283441359536365, "b": 6.63319330848531e-17}