{"w": -0.4093920292245413, "b": -0.18595560046676868}