{"w": -0.9999999999999993, "b": 4.792000130038328e-16}