{"w": 0.06579860345036, "b": 0.11233697014817397}