{"w": -0.3214397803952869, "b": -0.017567131395864567}