{"w1": 3.7296590600569433, "w2": -2.1547433452258264, "b": 0.028406901199984208}