{"w1": -3.354172533832008, "w2": -0.546941659802362, "b": 0.09698983769892847}