{"w": 0.01706471055418557, "b": -0.18257610714907146}