{"w": 0.029997800833713773, "b": -0.0023293421218898366}