{"w": -0.0892757133358489, "b": 0.0007407757919378104}