{"w": 0.9079772213869681, "b": 0.0013791548214621878}