{"w1": 1.6878160679039926, "w2": -1.1661518869782121, "b": 0.15090660786111465}