{"w": 0.36164521898616087, "b": -0.01799764196722834}