{"w": 0.49383856553252287, "b": -0.020328778917909518}