{"w": 0.5856444542955134, "b": 0.002970260789115973}