{"w": 0.15149830938077916, "b": 0.21619085718442876}