{"w": 0.17715517962954633, "b": 0.35603822226295256}