{"w": 0.1304884437902225, "b": 0.11425875327691827}