{"w1": -0.5087544792132737, "w2": -0.7996447301630351, "b": -0.03524732990963594}