{"w": -0.21114143252520542, "b": 0.05549043479237595}