{"cc": -0.25206163930031167, "alpha": 1.4060898161388711e-18, "beta": -0.2520616393003117, "mx": 8.881784197001253e-18, "my": -8.326672684688674e-19, "sx": 1.0, "sy": 1.0000000000000002}