{"w": -0.2521560216769687, "b": 0.0038537761548116407}