{"w1": -0.4658641971601464, "w2": -0.4977052373400954, "b": -2.89008143122637e-17}