{"w1": -0.0827691966443082, "w2": -2.5522189640997666, "b": -0.27505126262876584}