{"w": -0.07641173463379003, "b": 0.04091771284995227}