{"w": -0.10829780961213305, "b": 0.03915518293750449}