{"w": -0.1491157771804749, "b": -0.008103461635289612}