{"cc": 0.4246614313843995, "alpha": 4.077852398056971e-17, "beta": 0.4246614313843995, "mx": -4.24313362223927e-17, "my": 2.2759572004815708e-17, "sx": 1.0, "sy": 1.0}