{"w": 0.4406868154570535, "b": -0.0065299238247320535}