{"w1": -20.619377073198077, "w2": 5.348041699797837, "b": 2.8177073890042013}