{"w1": -0.5396335752991781, "w2": 0.26646200614999005, "b": 5.250489466210695e-18}