{"w": 0.9773151807819929, "b": -4.793485018974694e-18}