{"w": 0.9763388419400525, "b": -4.808660373044907e-18}