{"w": -0.7508611890691564, "b": -0.0004757018860710344}