{"w": -0.5351320963622196, "b": -3.6307226033698727e-17}