{"w": 0.32401682897628514, "b": -3.383777852698586e-17}