{"w": -0.38719681407088036, "b": -0.005386399720806578}