{"w": 0.32257549091901877, "b": -0.08034852610297631}