{"w": -1.0000000000000004, "b": 1.7263968032921193e-16}