{"w": 0.9999999999999996, "b": -1.0558220964185238e-15}