{"w": -0.7664895030803126, "b": 0.006136912313955743}