{"w": -0.3860301814100213, "b": -0.12216637037344485}