{"w": -0.4347009948445015, "b": 6.0151220774628095e-18}