{"w": -0.4981496921771966, "b": -0.013066337904025909}