{"w": 0.5951298711520523, "b": -0.03219352101907935}