{"w": 0.5171855406771695, "b": -1.4013144095217667e-17}