{"w": 0.5218355605234178, "b": -1.3899567795055752e-17}