{"w": -0.9280333314866627, "b": -1.8300190983190707e-16}