{"w": -0.9744402802727166, "b": 0.00754380551745745}