{"w": -0.3093637386651861, "b": 0.07008277138895574}