{"w": -0.2864278357255764, "b": 0.07047813780024512}