{"w": -0.4840836001999329, "b": 3.5976223779154546e-17}