{"w": 0.9777494358504584, "b": 0.11052586365271355}