{"w": 0.8618076064635671, "b": -0.01757801054403642}