{"w": -0.20723989805748652, "b": -0.14476927637333709}