{"cc": -0.21730369733475202, "alpha": 2.0549175383184467e-17, "beta": -0.21730369733475208, "mx": 2.3037127760971997e-17, "my": 1.5543122344752193e-17, "sx": 0.9999999999999998, "sy": 1.0}