{"w": 0.2809090876680665, "b": 0.023528926304670565}