{"cc": 0.7305491654286895, "alpha": 3.013925123728153e-17, "beta": 0.7305491654286894, "mx": -3.441691376337985e-17, "my": 4.996003610813204e-18, "sx": 1.0, "sy": 0.9999999999999999}