{"w": 0.7328713130843285, "b": -0.019786773112245474}