{"w": -0.3056717105675861, "b": -0.024371379747384153}