{"w": -0.1584917401934742, "b": 0.2725940318397273}