{"w": -0.035605357439722825, "b": -8.332208342516925e-17}