{"w": -0.010730769561752512, "b": 0.015637617941035714}