{"w": 0.5331661488116143, "b": -3.3748552603340275e-17}