{"w": 0.4846964989196492, "b": -3.310280714767332e-17}