{"w": 0.9999999999999997, "b": 2.6423307986078724e-16}