{"w": 0.3892638274000109, "b": 0.02370470636489666}