{"w1": -0.8845622341737421, "w2": -0.8269895513911173, "b": 0.07122245850469476}