{"w": 0.9655263336857993, "b": -0.005537573435859124}