{"w": 0.9617137618658208, "b": 0.007219612198875066}