{"w1": 0.11616949856089226, "w2": 0.6098317536369826, "b": 1.9731481502507002e-17}