{"w": 0.41062636722098095, "b": 0.02362431109385501}