{"w": 0.3753079781736247, "b": -0.03756470621871173}