{"w1": 1.1290287149441014, "w2": 0.029961612692109146, "b": -0.07036365980687387}