{"w": 0.11030788807199296, "b": 1.579447570734875e-16}