{"w": 0.6327122912698357, "b": -0.006844057383391035}