{"cc": 0.2792349838318077, "alpha": 1.15049442756246e-16, "beta": 0.2792349838318077, "mx": -3.086420008457935e-16, "my": 2.886579864025407e-17, "sx": 0.9999999999999998, "sy": 0.9999999999999998}