{"w1": 0.9027790076545615, "w2": -0.3921459511663492, "b": -0.01430197193895059}