{"w": -0.4856336586521751, "b": -0.004972409905158834}