{"w": -0.2743344424982032, "b": 0.002358864640874789}