{"w": 0.31683631012421715, "b": 0.0049713040888238365}