{"w": -0.17953988098753193, "b": 0.10158322864825228}