{"w1": 0.2540049325024847, "w2": -1.1054326680259738, "b": -0.06078802850102321}