{"cc": -0.004497286917057964, "alpha": 1.1421316777484856e-16, "beta": -0.004497286917057964, "mx": -3.1086244689504386e-17, "my": 1.1435297153639113e-16, "sx": 1.0, "sy": 1.0}