{"w": 0.012793743018315993, "b": -0.021270755347612195}