{"w": -0.03681631621365997, "b": 0.014627988431754235}