{"w": -0.033200538903351104, "b": 2.313705531197462e-16}