{"w1": 0.5976231580719475, "w2": -0.2229775875537102, "b": -4.3266620866047866e-17}