{"w": 0.7718381976518093, "b": 5.066209726138709e-19}