{"w": 0.6635610101191183, "b": 0.03014578332665547}