{"w": 0.24860456276721843, "b": -0.18134002218408915}