{"w": 0.39607717755445865, "b": -0.06393322508408862}