{"w": -0.7698688182242024, "b": 0.01382526874960003}