{"w": 0.1339004310462794, "b": 0.13348442445542769}