{"w1": -1.2307360208764255, "w2": -1.0742478829176665, "b": -0.06484407083226087}