{"w1": -0.3829350060096225, "w2": -0.496364710832144, "b": 0.007018812328681796}