{"w": 0.7945982587763082, "b": -0.00953239579268228}