{"w": -0.20802961437447487, "b": -0.04778006889457964}