{"w1": -0.7145952506310725, "w2": -0.2896203281146035, "b": -1.669535215131165e-18}