{"w": -0.13929629403654428, "b": 0.06463368531523944}