{"cc": 0.9373593938379339, "alpha": 2.3590366022902215e-17, "beta": 0.9373593938379337, "mx": -1.3322676295501878e-17, "my": 1.1102230246251566e-17, "sx": 1.0, "sy": 0.9999999999999998}