{"w1": -0.44488045381183783, "w2": -1.0180756110455882, "b": 0.014258224531083233}