{"w": 0.7277178609183762, "b": 0.03759413153140879}