{"w": 0.708684440585866, "b": -0.0005452993446390063}