{"w": 0.4772110539257457, "b": -0.04627261771085535}