{"w": 0.461716674043167, "b": -0.07790539495714369}