{"w1": -0.7299208222875856, "w2": 0.2651754245996036, "b": 0.024958190487482032}