{"w": -0.6450180407447448, "b": -0.07090556630507448}