{"w1": 0.24902879115103363, "w2": 0.4480543047749857, "b": -3.2084345024934614e-17}