{"w": 0.4503595722634026, "b": 0.038896714923808716}