{"w1": -0.8761142657360559, "w2": -1.0376084187467784, "b": 0.25621154704692717}