{"w1": 0.717316436544906, "w2": -0.18836673340421614, "b": -7.795608400172443e-17}