{"w1": -0.5445038938309986, "w2": -0.4249032663688522, "b": -6.139667441210797e-17}