{"w": 0.18431412366122793, "b": -0.11154284287467917}