{"w": 0.5325153563346938, "b": 1.1070219276195484e-17}