{"w": 0.356938707631547, "b": -0.05604967895914897}