{"w": 0.35697903019752153, "b": -0.056129403902563685}