{"w": 0.572195223196124, "b": -0.018468272791435446}