{"w": 0.3544681424924456, "b": 0.06157979077764108}