{"w": 0.2751921404961725, "b": -0.007901663424330664}