{"w": -0.19972836428423243, "b": -2.1984225344933833e-17}