{"w1": -0.8446060608984567, "w2": -0.8173567735903654, "b": -0.042683214374343734}