{"w1": -1.3575748381251533, "w2": -1.0064357269417294, "b": -0.1781721930898868}