{"w": 0.10524341518710574, "b": 2.416263298665344e-17}