{"w": 0.12548122416729715, "b": -0.00897143752042872}