{"w": 0.12613261885233246, "b": -0.009120516179228835}