{"w1": -0.21778647174619778, "w2": 0.5982488556395887, "b": 4.358144983486413e-18}