{"w": 0.531213130238674, "b": -0.08218030120489964}