{"w": 0.5565253742610846, "b": 0.01428583813871294}