{"w": -0.24869768543574933, "b": -0.017971500044978723}