{"w1": 0.6786532365075367, "w2": -0.48684374922028023, "b": -0.005023500181181983}