{"w": 0.6972584808904856, "b": -0.028373265455675062}