{"w": -0.012902544891901948, "b": -0.06689766132063743}