{"w": 0.23848494056600364, "b": -3.8328262917795e-17}