{"w": -0.40238094322635537, "b": -0.023585648540447715}