{"w": -0.41049963682949325, "b": 0.023046868619741156}