{"w": -0.3622758475647801, "b": 1.0798412069647289e-16}