{"w": -0.3821524460495662, "b": 0.07196923845494374}