{"cc": 0.11859169556378382, "alpha": -3.40459378972046e-17, "beta": 0.11859169556378382, "mx": -4.618527782440651e-16, "my": -8.881784197001253e-17, "sx": 1.0, "sy": 1.0}