{"w": -0.8529658160400365, "b": 0.01725288202888675}