{"w": -0.7889066768575562, "b": 0.006497622275243097}