{"w": -0.4237099332962559, "b": 0.007295239870513602}