{"w": 0.39425737746691064, "b": -2.5996143338294934e-17}