{"w": -0.16227802184065204, "b": -0.04761729913867747}