{"w": 0.0650246490938403, "b": 0.005378783513555684}