{"w1": -0.37440940660234273, "w2": -0.2599030080178167, "b": -0.0046556238986733}