{"w": 0.745246886277192, "b": 7.184787562301179e-18}