{"w": 0.36718418914440637, "b": -9.050507558400448e-17}