{"w1": 0.3907205210007284, "w2": 0.28454960081651615, "b": -5.021099590537498e-17}