{"w": 0.8835682105583695, "b": -0.005444303075032467}