{"w": -0.3622849237855084, "b": -1.7335920231754346e-05}