{"w": -0.17745938779090842, "b": -0.05858221645292838}