{"w": -0.11433026785052462, "b": 0.009282936856606886}