{"w": 0.40616191317300526, "b": 0.012401430911470075}