{"w": -0.028011306695922517, "b": 2.5284395510376672e-17}