{"w": 0.37547380887504256, "b": 0.03322579981487076}