{"w": -0.257174154028491, "b": -0.10204300142538154}