{"w": 0.21020448868621433, "b": -8.19379310703269e-17}