{"w": -0.08145107132960883, "b": -0.0063424104539925655}