{"w": -0.3866336659732257, "b": 7.289053843452099e-17}