{"w": -0.4247266986138994, "b": -0.006905603621984869}