{"w": 0.5416590005651475, "b": -1.7675661269046238e-16}