{"w": 0.5362960401635124, "b": -1.7665539329445557e-16}