{"w": 0.3677763839094269, "b": 0.021577546414072824}