{"w": -0.4235613319150066, "b": -2.1355820799706733e-17}