{"w": -0.378895961900398, "b": 0.05127256196634035}