{"w": 0.32605558379566985, "b": 0.04607720392000771}