{"w": 0.24685671072833942, "b": -0.011502582385167416}