{"w1": -0.31351118172065784, "w2": -0.31804165913842347, "b": 1.1508135916666227e-16}