{"w1": -1.4777784665405436, "w2": -0.17749517034016488, "b": -0.07256531855027934}