{"w": 0.18834071673253575, "b": -0.0007494293809847374}