{"w1": 0.635229950980351, "w2": 0.02199751672786974, "b": -2.6814704057932922e-17}