{"cc": 0.3998504699898064, "alpha": 2.9504706542758104e-17, "beta": 0.3998504699898064, "mx": -1.8207657603852566e-16, "my": -4.3298697960381107e-17, "sx": 1.0, "sy": 1.0}