{"w": 0.4051772905371352, "b": 0.009439611406432267}