{"w": -0.30807345314296025, "b": -0.011413225253446907}