{"cc": 0.35866032169461315, "alpha": 4.199256849136928e-17, "beta": 0.35866032169461315, "mx": -7.993605777301127e-17, "my": 1.3322676295501878e-17, "sx": 1.0, "sy": 1.0}