{"w": 0.010574840742166157, "b": 0.19493007703994147}