{"w": 0.025858738466415298, "b": 0.2202690147263786}