{"w": -0.23958500980147326, "b": -0.030150618461163917}