{"w": 0.21495477370892196, "b": -0.019314868447121474}