{"w": 0.16748597588619552, "b": -1.3300845512466472e-17}