{"w": -0.48345509869727404, "b": 7.893604593058474e-17}