{"w": 0.37168233928740785, "b": -0.034001203975895455}