{"w": 0.14277629554881816, "b": -0.20378523604037985}