{"w1": 0.02814690742542888, "w2": 0.7894241003738818, "b": 9.198948628131948e-18}