{"w1": -0.8815882111711054, "w2": -0.14811964957986368, "b": -7.510683201793275e-17}