{"w": -0.23099717845091225, "b": 0.0034177111473312864}