{"w": -0.21935134230732098, "b": 0.003233755001274659}