{"w": -0.9671502750051443, "b": -0.008421957058602873}