{"w": -0.5489286267890506, "b": 0.0063482194511445865}