{"w": -0.20399725028262602, "b": 4.643972628821281e-16}