{"w": -0.4115077624881793, "b": -0.10345657241676823}