{"w": -0.4712542967018107, "b": 1.873199235989399e-16}