{"w": -0.47753928388013606, "b": 0.020027480411271465}