{"w": 0.38380018016314515, "b": -0.16054309819613632}