{"w1": -0.9345157790587674, "w2": -1.3821069285504917, "b": 0.14311943708484892}