{"w": -0.5251473178078271, "b": 8.665977640812532e-17}