{"w": 0.20210894793081088, "b": 5.1394642939923923e-17}