{"w": 0.17942265151357575, "b": 0.11095642601004013}