{"w1": 9.298481255195032, "w2": 3.803492610635751, "b": -1.3493787501088568}