{"w": -0.005802355512361665, "b": -5.724303983707324e-18}