{"w1": 0.42199707838261113, "w2": 0.5584008167276001, "b": -0.013652840272921463}