{"w1": 0.10149319399496037, "w2": 2.0385351860079606, "b": 0.07246467308428196}