{"w": 0.2547707995596644, "b": 0.1445071295499293}