{"w": 0.5329947819684729, "b": -5.178033841421774e-17}