{"w1": 0.5336278010487618, "w2": -0.08030605534199747, "b": -7.70103716887653e-17}