{"w1": -0.826678436599434, "w2": -0.13297045958399914, "b": 2.672760201922217e-17}