{"w": 0.3275067550365009, "b": -5.071071158125346e-18}