{"w1": -0.23854425767060747, "w2": -1.298895670518367, "b": -0.06851023242041898}