{"w": -0.5149847414260723, "b": 4.911684258370024e-17}