{"w": -0.43948740645604384, "b": 0.010229026315706477}