{"w1": 0.17675603953417754, "w2": 0.9553728490407694, "b": -0.0021497737401544627}