{"w": 0.519131293278534, "b": 0.017571515980359543}