{"w1": -0.26139443528855594, "w2": 1.584377172938794, "b": 0.05397734484424592}