{"cc": -0.18537700064285362, "alpha": -5.025116331047698e-17, "beta": -0.18537700064285365, "mx": -1.2434497875801754e-16, "my": -2.7200464103316335e-17, "sx": 0.9999999999999999, "sy": 1.0}