{"w": -0.1939760883079542, "b": 0.03675324762204064}