{"w": -0.06825996529453687, "b": -0.12555396858254445}