{"w": 0.5608594366177521, "b": 0.002001661439269454}