{"w1": -1.0934164202672803, "w2": -0.044584702683779925, "b": -0.06529797680122872}