{"w": 0.2239571110729925, "b": -3.248275611636412e-17}