{"w": -0.08293170101878707, "b": 0.036311927773300355}