{"w": -0.08682226073109678, "b": 0.04116628028068897}