{"w": 0.26428581775748816, "b": 0.3676230545146287}