{"w": -0.3213980194703845, "b": -2.375825965106478e-05}