{"cc": 0.382347479210623, "alpha": -1.2974120749788826e-16, "beta": 0.3823474792106229, "mx": -3.9968028886505634e-17, "my": -1.4502288259166106e-16, "sx": 1.0000000000000002, "sy": 1.0}