{"w": 0.3237918466744886, "b": -0.015632827938365977}