{"w": -1.0000000000000024, "b": -2.0400348077487112e-17}