{"w": -0.20981526259557423, "b": 1.1518755557520157e-17}