{"w": 0.9999999999843119, "b": -3.1681280543569955e-11}