{"w": 0.9573872090615958, "b": 0.011760214587232698}