{"w": -0.9355422595647832, "b": -0.004357865864149572}