{"w": -1.000000000000001, "b": 2.442490654175351e-17}