{"w": 0.014265389331149531, "b": -1.9936501152180765e-17}