{"w": -0.04382210273475384, "b": 0.08517576046467}