{"w": 0.028365314140961956, "b": -0.016693734052150584}