{"cc": -0.40481759848199605, "alpha": -3.394722530827022e-17, "beta": -0.40481759848199605, "mx": -1.099120794378905e-16, "my": 1.0547118733938987e-17, "sx": 1.0, "sy": 1.0}