{"w1": 0.501733148797941, "w2": -0.5360025479476584, "b": 2.5831959741476132e-17}