{"w": -0.10500048418375943, "b": -0.001935511655051389}