{"w": -1.0000000000000002, "b": 3.6193270602780116e-16}