{"w": 0.7686061015245689, "b": 1.6327639654303024e-16}