{"w": 0.9520223692859061, "b": -0.0011599853283194021}