{"w1": 0.8571495487984792, "w2": -0.7221569412293573, "b": -0.05410725460813481}