{"w": 0.042402247493570654, "b": -0.022936981664450812}