{"w1": 2.6537562460141135, "w2": 1.0501460288110986, "b": 0.5319199667673635}