{"w": 0.08959953989561079, "b": 9.281527285578222e-17}