{"cc": 0.34181571215384443, "alpha": -8.876032939833132e-18, "beta": 0.3418157121538444, "mx": -2.112893193739751e-17, "my": -1.609823385706477e-17, "sx": 1.0, "sy": 0.9999999999999998}