{"w": 0.2593262689475091, "b": 0.14706296362051008}