{"w": 0.2999150799394488, "b": -1.7318347821674722e-17}