{"w": 0.3097378166701568, "b": 0.002014890951987147}