{"w": 0.17358484684051628, "b": 2.4639408657377223e-16}