{"w": 0.17203805117560075, "b": 2.460386079243253e-16}