{"w": -0.23540386581560865, "b": 5.2902821722219695e-18}