{"w": -0.05960068934888364, "b": -1.7093001340438936e-16}