{"w": -0.24481792839573743, "b": -0.12854491220119282}