{"cc": 0.3027352805283929, "alpha": -4.0904795648948654e-17, "beta": 0.3027352805283929, "mx": 1.7763568394002505e-17, "my": -3.552713678800501e-17, "sx": 1.0, "sy": 1.0}