{"w": 0.2879304515489809, "b": 0.01033694717456737}