{"cc": 0.60655396189779, "alpha": 4.22771411105634e-17, "beta": 0.60655396189779, "mx": -1.7763568394002505e-17, "my": 3.150257832373882e-17, "sx": 0.9999999999999999, "sy": 0.9999999999999999}