{"w": 0.5710526695216761, "b": 0.04798814247977144}