{"w": 0.5707632649231563, "b": 0.04755001319638388}