{"w": -0.10798465679111231, "b": 0.01905156213060511}