{"cc": 0.2776470660971643, "alpha": 2.921669454662344e-16, "beta": 0.2776470660971642, "mx": -1.6958656701149267e-16, "my": 2.450817326860033e-16, "sx": 1.0000000000000002, "sy": 1.0}