{"w": 0.30784714122484086, "b": -0.14024113437957972}