{"w1": 2.6617335639157553, "w2": -2.5398832351557457, "b": -0.5328364493064972}