{"w1": 0.9185697397152707, "w2": -1.3125661167565839, "b": -0.18315809434841232}