{"w": 0.27586541208627124, "b": 0.053528814517253}