{"w": 0.49204929114653567, "b": 0.005462738115495695}