{"cc": 0.21885522539725413, "alpha": 1.4779236855868518e-16, "beta": 0.2188552253972542, "mx": -4.368727601899991e-16, "my": 5.2180482157382354e-17, "sx": 0.9999999999999997, "sy": 0.9999999999999999}