{"w": 0.2178251123008556, "b": 0.060488491011986036}