{"w": 0.6240854789748393, "b": -0.14153723841568414}