{"w": -0.1993620119185783, "b": 0.0627182104280723}