{"w": 0.5026286917400804, "b": -0.00886840435225128}