{"w": 0.09791040467557992, "b": 0.04630908464520063}