{"w": 0.09096424267877817, "b": -0.0012134233117497657}