{"w": 0.9426669166742567, "b": 0.003018650496740473}