{"w1": 0.033317435905056064, "w2": -0.8148226210573367, "b": 0.003622833282186591}