{"w": -0.4413776043963464, "b": 0.05350973265779497}