{"w": -0.9547975178424578, "b": -4.137297134325639e-17}