{"w1": 1.2814820393614514, "w2": 1.4345803831723198, "b": 0.1669585988593395}