{"w": 0.9618230439202348, "b": 0.0005212415865741577}