{"w": -0.4638139333561797, "b": 0.23818882232962613}