{"w": -0.17218176086952663, "b": 4.9283812538240735e-17}