{"w1": 0.6538692830803975, "w2": 0.046772754647308616, "b": -7.725601727736772e-17}