{"w": -0.35934191866754245, "b": 0.00035980595408619366}