{"cc": 0.6446776621188705, "alpha": 1.492413558594665e-17, "beta": 0.6446776621188705, "mx": -3.025357742103552e-17, "my": -4.579669976578771e-18, "sx": 1.0, "sy": 1.0}