{"w": 0.6681984518915888, "b": -0.018932507741572492}