{"w": 0.37196130820300755, "b": 0.13228837682533534}