{"w": 0.45095432303497207, "b": 0.00018108295260052532}