{"w": 0.5544224899157709, "b": -4.641044353212039e-18}