{"cc": -0.6926950190697223, "alpha": -5.442958897393133e-17, "beta": -0.6926950190697223, "mx": -1.8873791418627663e-17, "my": -4.135580766728708e-17, "sx": 1.0, "sy": 1.0}