{"w": 0.0011996188120814136, "b": 3.83975229171171e-17}