{"w": -0.09604234962552878, "b": 0.07409008434548772}