{"w": -0.13366824606548688, "b": 0.02672610628465197}