{"w": -0.567741683607416, "b": 0.0315791481524689}