{"w1": -1.5772855295758068, "w2": 1.6345416353935684, "b": -0.4140103269808474}