{"w": -0.46906378062370835, "b": -0.008601663522526209}