{"w": 0.13726533495177753, "b": -0.0006517385822419359}