{"w": 0.035280809872788386, "b": 0.007231632307154479}