{"w": 0.011141656045032521, "b": -0.001763513359918381}