{"w": 0.8103272692348527, "b": -1.8107535556583597e-17}