{"w": 0.3427598410846379, "b": -1.2470661395857648e-16}