{"w": 0.3844043686072909, "b": 0.22398795429107632}