{"w": -0.45391925024992735, "b": 0.07032706921046657}