{"w": -0.22346518560829812, "b": 0.02586773620803897}