{"w": 0.2593543337182196, "b": 0.17238171038521016}