{"w": -0.7376374183632701, "b": 0.02466758117655886}