{"w1": -1.1408662124134925, "w2": -0.47071530652521243, "b": 0.03576637355617574}