{"w1": -0.09387146314594522, "w2": 0.6153044501094014, "b": -0.008435530786678979}