{"cc": 0.2779695506385062, "alpha": 3.194881467959495e-16, "beta": 0.27796955063850626, "mx": 4.884981308350689e-17, "my": 3.3306690738754696e-16, "sx": 0.9999999999999999, "sy": 1.0}