{"w": 0.30136602099935617, "b": -0.02704595253813016}