{"w": 0.03256077537351627, "b": -9.438489923798866e-17}