{"w": 0.9163176300649556, "b": -3.865804336918667e-17}