{"w": 0.7278414746064592, "b": -0.013088135003309114}