{"w": 0.7459348982047731, "b": -0.008775111337127604}