{"w": -0.5747259133502189, "b": -0.10356906842821591}