{"w": -0.5651024902256812, "b": 0.006831158149238688}