{"w": 0.39034173146180323, "b": -7.656076924535824e-17}