{"w": -0.21925214514781657, "b": 0.007185857848377372}