{"w": -0.4500151696932871, "b": -0.044673326537426034}