{"w": 0.05053327556202572, "b": -0.00377933957235636}