{"w1": -0.5928656314526018, "w2": -0.5001045925260037, "b": 4.2987586355101307e-17}