{"w": 0.9999999999999977, "b": 2.7339241981394415e-16}