{"w": -0.5902440193877072, "b": -0.0006226808464365394}