{"w": -0.09025924090539003, "b": -5.722907607881426e-17}