{"w": 0.2798242957607076, "b": -3.1849031139054964e-17}