{"w": 0.4243085543480471, "b": -0.0036432737247951152}