{"w": 0.2599776587802303, "b": -0.003555028225452548}