{"w": 0.35304030714694723, "b": 0.136824414211633}