{"w": -0.45941829523613287, "b": 4.322304307059029e-17}