{"w": -0.330168977770488, "b": 0.18361905410738838}