{"w": 0.1780797225774002, "b": -0.07783973684703206}