{"w": -0.7304625801389971, "b": 0.03955595665867181}