{"w": -0.6659472917756553, "b": -1.1899068113753083e-16}