{"w1": -0.023302862146269265, "w2": 0.565123453392361, "b": -0.0019103445863524562}