{"w1": 0.4077406492742667, "w2": -0.9633070071685033, "b": -0.05904767937792979}