{"w": -0.3388168932041946, "b": -1.5185223952061553e-17}