{"w": -0.38035876377269046, "b": -0.08161860157739256}