{"cc": -0.48805795326011936, "alpha": -4.78441854630129e-17, "beta": -0.4880579532601193, "mx": -7.038640503775895e-18, "my": -4.4408920985006264e-17, "sx": 1.0, "sy": 0.9999999999999999}