{"w": -0.03594805053645669, "b": 0.005260620945474786}