{"w": 0.08737401119663457, "b": -0.002975158676675674}