{"w": 0.2932326980671434, "b": 2.2321320095541894e-17}