{"w": 0.09454496665456, "b": 0.002327701459046403}