{"w1": -2.103574000198985, "w2": -0.02297493235101663, "b": -0.01131397995773228}