{"w": -0.3903346193144272, "b": 0.027321412348425084}