{"w": 0.9715252864731526, "b": 0.00010699373639729549}