{"w1": -0.5075131232703992, "w2": -0.6011291482994888, "b": -0.006273177994702173}