{"w1": -0.4993729567897731, "w2": -0.5936246442707314, "b": -0.005568053762585141}