{"w": -0.04075192715057738, "b": 8.22925352965502e-18}