{"w": 0.2044575933900331, "b": -0.15130730906909}