{"w": 0.451783503807621, "b": 0.19049351537231238}