{"w": 0.5426776666348738, "b": 1.791518992403551e-16}