{"w1": -0.567521791675845, "w2": 1.53744697380155, "b": 0.21269573339905365}