{"w1": -0.5083746330888625, "w2": -0.47606288980046624, "b": -5.800226969750521e-16}