{"w": -0.07157806865120094, "b": -0.0006171313996190864}