{"w": 0.650856576217903, "b": 0.041563623822970075}