{"w": 0.6747535919051364, "b": -3.354910458490532e-17}