{"w1": -0.6562169191127135, "w2": 1.3409375824634493, "b": 0.017345803360817313}