{"w": 0.06226669100343874, "b": -1.1991108033505244e-16}