{"w1": -19.054513448260163, "w2": -43.27216917075354, "b": -5.403192153590852}