{"w": -0.21855260394330514, "b": -0.01962364061086979}