{"w1": -0.5535582500409053, "w2": -2.5836520861149563, "b": 0.39866930763082353}