{"cc": -0.08895621742510504, "alpha": 2.1264546837148223e-17, "beta": -0.08895621742510502, "mx": -3.552713678800501e-17, "my": 2.4424906541753444e-17, "sx": 1.0, "sy": 0.9999999999999999}