{"cc": -0.47883309847322203, "alpha": 3.560336062949007e-17, "beta": -0.4788330984732221, "mx": 4.884981308350689e-17, "my": 1.2212453270876722e-17, "sx": 0.9999999999999999, "sy": 1.0}