{"w": -0.4138340699215703, "b": -0.07274992512886201}