{"w1": 1.0060169755636856, "w2": 2.1417967715118023, "b": -0.10232925907746308}