{"w1": -0.5567322110937709, "w2": -0.11590448670229983, "b": -1.1869123601067857e-16}