{"cc": -0.3435502369873581, "alpha": 1.125110310416689e-16, "beta": -0.34355023698735804, "mx": 3.630429290524262e-16, "my": -1.2212453270876722e-17, "sx": 1.0, "sy": 0.9999999999999999}