{"w": -0.34355023698735804, "b": 1.125110310416689e-16}