{"w": -0.3401487494924338, "b": 1.112761450583764e-16}