{"w": -0.33739176858446207, "b": 0.003956412790315163}