{"w": 0.24433033287578876, "b": 0.08022455416619842}