{"w": 0.24671360605227083, "b": 0.06138372324702981}