{"w1": 0.147465093854859, "w2": 0.5694989117466238, "b": -4.5608395872988264e-18}