{"w": -0.30364020198313313, "b": 0.008609260310205586}