{"w": -0.5112246940889892, "b": -0.09034076664600293}