{"w": 0.18952216229108348, "b": -0.20135481000436659}