{"w1": -1.0124352357232096, "w2": 1.4349361810674446, "b": -0.2146111183074625}