{"w": 0.16582544513115602, "b": -0.19718723888931777}