{"w": 0.9999999999999997, "b": -2.442490654175349e-17}