{"w": -0.7737167114057479, "b": 1.9986431137977873e-16}