{"w": 0.19507002312745383, "b": 0.04846855909482781}