{"w": 0.2849258932754361, "b": -0.011641897836006783}