{"w": 0.25957195072822403, "b": 0.036909805233264995}