{"w": -0.5132548842983625, "b": 0.04535527274920092}