{"w": 0.3704835320111688, "b": 0.12173105392755287}