{"w1": 0.7831550388767211, "w2": -0.8489936605521934, "b": -0.016661132995576464}