{"w": -0.24253166311381216, "b": 0.0032808405609441546}