{"w1": -0.48278505380432724, "w2": 0.8459149206970198, "b": 0.12645131008126173}