{"w": -0.9999999999999991, "b": 1.3489209749195653e-16}