{"w": -0.17254238890915496, "b": 1.2616480382047988e-16}