{"w": 0.7315740281913058, "b": 0.009449989576787825}