{"w": -0.5430235219202003, "b": -1.8748571248041524e-17}