{"w": 0.21988679131030353, "b": 0.020614591285183927}