{"w1": -1.2362456146349325, "w2": -1.3552164395734447, "b": 0.018024420107214525}