{"w": 0.8852012935576317, "b": -0.01577406597428791}