{"w": 0.698821733296625, "b": 0.018021568785820136}