{"w": -0.6881905497097729, "b": 0.0006622398660426319}