{"w1": -0.9900379939922458, "w2": 0.7768436100081095, "b": 0.0722818854320886}