{"w": 0.14788286569943124, "b": 0.0013888876116833222}