{"w": 0.12512155455155927, "b": 6.251457577837612e-17}