{"w": -0.3976886307479947, "b": -2.2153137785263393e-17}