{"w": -0.06489726826833916, "b": 0.01267137016348474}