{"w": 0.8601127455510188, "b": -1.6230459238366467e-17}