{"w": 0.9049338272049938, "b": 0.0038416585521640974}