{"w": -0.25750654002607765, "b": -0.007341987181060642}