{"w": -0.31265948647069436, "b": -0.0014653527260158825}