{"w": 0.005204113469938541, "b": 0.025985727380335027}