{"w": -0.8121203675764376, "b": 0.004695942228097577}