{"w": 0.23658222992007, "b": 0.05536505698727989}