{"w1": -0.5824684383683354, "w2": 0.1754852781371471, "b": 4.5237430171791296e-17}