{"w1": -0.7302374913608678, "w2": 0.2562839567140787, "b": -0.008567446293800823}