{"cc": -0.661050606462217, "alpha": 8.035088000002397e-17, "beta": -0.661050606462217, "mx": 2.4980018054066023e-17, "my": 6.38378239159465e-17, "sx": 0.9999999999999999, "sy": 0.9999999999999998}