{"w1": 0.1086930289967792, "w2": 0.5196978846083864, "b": -4.778072063121046e-18}