{"w": 0.6723752103111885, "b": 0.004642966690907055}