{"cc": 0.029743604985444524, "alpha": 1.1690022470857057e-16, "beta": 0.029743604985444524, "mx": -1.9761969838327787e-16, "my": 1.1102230246251565e-16, "sx": 0.9999999999999999, "sy": 0.9999999999999999}