{"w": 0.02393701982973074, "b": -0.023882774586841245}