{"cc": 0.20046182552170605, "alpha": -1.963994785148453e-16, "beta": 0.2004618255217061, "mx": 2.220446049250313e-18, "my": -1.9595436384634012e-16, "sx": 0.9999999999999998, "sy": 1.0}