{"w": 0.17454386207411965, "b": 0.04577764670796247}