{"w": 0.1874938230348286, "b": -0.009561953586501498}