{"w": -0.24540818361142097, "b": 0.006706272683725888}