{"w": 0.9816463904519578, "b": -0.002421227771778971}