{"w": -0.2774434083775773, "b": 0.03936124403078091}