{"w": -0.3100972669026868, "b": 6.36377883247123e-17}