{"w": 0.7733574205794157, "b": -0.036200033849574716}