{"w1": -0.14622665730741788, "w2": -2.068259451705861, "b": -0.11327592457679501}