{"w": -0.8860608121630537, "b": -0.0280800131546416}