{"w": -0.11674470469845588, "b": 0.07730804331451446}