{"w": 0.41569171712091385, "b": 7.157070267566467e-17}