{"w": 1.0031610665859612, "b": 0.006258511340039186}