{"w1": 0.7707533846801228, "w2": -3.305255628771543, "b": -0.1088869116999485}