{"w1": 0.2295923673696175, "w2": -0.6627896850400898, "b": -2.8149500167144714e-17}