{"w": 0.40437448306740337, "b": 0.035227953881580135}