{"w": 0.08850344530362902, "b": 0.06953856022928669}