{"w": 0.09960815221246302, "b": -0.012738108066426649}