{"w1": -0.5261443821921464, "w2": 1.3158944015483158, "b": -0.07948268049023896}