{"w": -0.4001051420425152, "b": 0.002484576596012233}