{"w1": -2.096090876113875, "w2": -2.2174436727545985, "b": 0.33238038200767916}