{"w": -0.3497283643408198, "b": 0.004347930277429168}