{"w": 0.2770933763448797, "b": -0.27916101675533833}