{"w": 0.040892155425724004, "b": 1.5328299602241794e-16}