{"w": -0.23316760576315923, "b": -0.041379012394129784}