{"w": 0.8933539878743507, "b": 0.046367666190682444}