{"w": 0.020701401782490084, "b": -0.2009553235414345}