{"w": 1.0000000000000004, "b": 3.191891195797326e-17}