{"w": -0.9999999999999978, "b": 3.8302694349567867e-17}