{"cc": -0.08547898182841884, "alpha": 6.572154570072303e-17, "beta": -0.08547898182841884, "mx": 1.5543122344752193e-17, "my": 6.439293542825907e-17, "sx": 1.0, "sy": 1.0}