{"w": -0.08539358824017866, "b": 6.572021841773356e-17}