{"w": 0.5478372718051701, "b": 0.006306032522064388}