{"w": 0.6400513518410454, "b": 2.539007384143076e-16}