{"w": 0.2970063805954699, "b": 0.0548668485798991}