{"w": 0.31497133439703373, "b": -5.909583494187511e-17}