{"w": 0.3441772632429272, "b": -4.019178117839421e-16}