{"w": -0.19163272909538578, "b": 0.2885289740586452}