{"w": 0.0624198248090546, "b": -0.01792153688911224}