{"w": 0.06561213879054273, "b": -0.01862548159751267}