{"w": 0.29581271406818826, "b": -0.004030290647812369}