{"w": -0.0702335853572501, "b": 2.7239083606625307e-16}