{"w": -0.5078498356976849, "b": -1.667077550603954e-17}