{"w": 1.0000000000000016, "b": -6.10622663543837e-17}