{"w": 0.5626554701395734, "b": 0.06104012466831485}