{"w": 0.6050752712216255, "b": 0.058948082548323295}