{"w": -0.3929904459527904, "b": 1.3875715861489871e-17}