{"w": -0.3949836501444843, "b": 0.0011692000176476702}