{"w": 0.49382203778112305, "b": 1.779100405760515e-17}