{"w": 0.5673101479929372, "b": 0.1029900423204746}