{"w": 0.23126741122333136, "b": -0.13778660801738488}