{"w": 0.3319898661401625, "b": 0.01025612849098978}