{"w1": 0.01061477827405502, "w2": 0.47568249681853897, "b": -3.626527204301489e-17}