{"w1": 0.015105276461654998, "w2": 0.5184422915239425, "b": -3.964299346290472e-17}