{"w1": -0.09484193631256652, "w2": 1.8884398019162814, "b": 0.2925656247687925}