{"w": 0.28665215576346803, "b": 0.009402530974284954}