{"w": 0.2934703735093946, "b": 7.531292510888936e-17}