{"w": -0.018288704398960756, "b": -0.14101484900975492}