{"w": -0.012710911877419568, "b": -8.6545568923409e-17}