{"w": 0.02915699242132941, "b": -0.16220617764762502}