{"cc": 0.8224658032388256, "alpha": 4.952408323615192e-17, "beta": 0.8224658032388253, "mx": 4.579669976578771e-18, "my": 5.329070518200751e-17, "sx": 1.0, "sy": 0.9999999999999998}