{"w": -0.2987422302814549, "b": 0.004144424906536311}