{"w": 0.4612879352724449, "b": -1.8608685624330862e-17}