{"w": 0.7304778336924461, "b": -0.029679096350756506}