{"w": -0.9437826106684244, "b": -5.87624637306992e-17}