{"w": -0.8788966741149982, "b": -0.014791946957255274}