{"w": 0.635931941064863, "b": -5.113811417982733e-17}