{"w": 0.5089273525396576, "b": -0.0608044492877973}