{"w": -0.734852648357996, "b": -0.10281085603714449}