{"w": -0.2766871093306737, "b": -7.372425585501406e-18}