{"w": -0.7709100824465857, "b": 0.006648894694412817}