{"w": -0.844137694258799, "b": 0.03174913297985027}