{"w": -0.4340089942698616, "b": 0.0030638123835581613}