{"w1": 1.189166711743602, "w2": 0.2500014529559886, "b": 0.027551759036481924}