{"w1": 0.05980258817641253, "w2": 0.4868479445942934, "b": 5.231676904030742e-17}