{"w1": 0.1434064584993662, "w2": 1.5796335696961559, "b": 0.0012944314835945823}