{"w1": 0.06058723819784846, "w2": 0.9583657981830187, "b": -0.09660012268834817}