{"w": -0.3127465903644646, "b": 0.24132163603541223}