{"w1": 0.4333677267845801, "w2": -0.6138673276686423, "b": -0.008876944406792596}