{"w": 0.052250024654706594, "b": 0.0014860368253219597}