{"w": 0.9999999999999969, "b": 2.4933180520214582e-16}