{"w": -0.4760250819552232, "b": 3.4950270600700625e-16}