{"w": 0.27412109400326196, "b": -0.004909187788514244}