{"w": 0.3387227247893507, "b": 0.00653993158857262}