{"cc": 0.8337648570754301, "alpha": -5.365407229723115e-17, "beta": 0.8337648570754304, "mx": -1.5543122344752193e-17, "my": -6.661338147750939e-17, "sx": 0.9999999999999998, "sy": 1.0}