{"w": -0.6398887144778204, "b": -3.3986728872483224e-17}