{"w": 0.1277336673445599, "b": 0.2188613217701645}