{"w": 0.17598822421091298, "b": 0.13235439554348385}