{"w1": -0.38306830160874933, "w2": 0.3675198068692917, "b": 0.016367017082411894}