{"w": 0.3164145969543182, "b": 0.008075223726506103}