{"w": 0.3254999229260983, "b": -0.020917637876679662}