{"w1": 0.4815157858841744, "w2": -0.7681918666182779, "b": 1.3849746479733264e-17}