{"w": -0.6687567886394349, "b": 0.014702200858063605}