{"w": -0.5147987731558353, "b": -0.04574375876950713}