{"w": 0.766186623407672, "b": -0.07022378705253544}