{"w": -0.421392807329565, "b": -3.763241677499423e-17}