{"w": -0.4215267344751792, "b": -0.006493941530712588}