{"w1": 0.2299301884181339, "w2": -0.7623977125319908, "b": -1.0648406901273576e-17}