{"w1": 0.7424638690641866, "w2": -4.036400235729978, "b": 0.2911713052238677}