{"w": -0.5856246500647421, "b": -3.710918905784864e-17}