{"w1": 0.407965031585037, "w2": 1.1490988080293183, "b": 0.2391733223189528}