{"w": -0.11576162897917065, "b": -1.1991790627212364e-16}