{"w1": -1.0412717959878686, "w2": -0.8584763038329533, "b": -0.16489456564523144}