{"w": -0.06871952562515521, "b": -0.03203898625011576}