{"w": -0.4763302644250413, "b": -5.802697531921225e-17}