{"w": -0.5033141110840654, "b": 0.05124284305709736}