{"w": 0.11323729608928679, "b": 7.168286684283313e-17}