{"w": 0.13767445561359182, "b": -0.2723244091140948}