{"w": 0.4132386391119523, "b": 5.591809386855043e-17}