{"w": -0.9713689470354722, "b": 0.0013037686898631478}