{"w": -1.0000000000000004, "b": 3.719247132494275e-17}