{"w1": -4.7066732193613525, "w2": -1.369340231784303, "b": 2.3216959446559935}