{"w": 0.6478627444448627, "b": 0.0029867217414491862}