{"w": -0.3499905081141151, "b": -0.05987075108060074}