{"w": 0.03333195519297596, "b": -0.207206334425654}