{"w": 0.06396249039943926, "b": -0.18145162428542305}