{"cc": -0.9800508041721565, "alpha": -1.11714946139278e-17, "beta": -0.9800508041721564, "mx": -5.2180482157382354e-17, "my": 3.9968028886505634e-17, "sx": 1.0, "sy": 0.9999999999999999}