{"w": -0.9719911931599816, "b": -0.0035068462432543794}