{"w1": 0.49493048975835513, "w2": -0.8954235585212237, "b": 0.1035627319211435}