{"w1": 0.6986564984918286, "w2": -0.2586502328343046, "b": 1.1419571228111692e-18}