{"w1": 1.1418817625192654, "w2": -0.330935698739419, "b": -0.04008540610151114}