{"w": -0.15428708126571436, "b": -1.849058280352216e-16}