{"w1": -0.4348585511367701, "w2": -1.0617212587389142, "b": 0.04884690946385015}