{"w1": -0.32939681862048403, "w2": -0.6446238518633005, "b": 0.010563101501430708}