{"w1": 0.6416065478601903, "w2": -1.1019833138366637, "b": -0.04567139249188307}