{"w": 0.40419418187548617, "b": -0.007534307854187435}