{"w": 0.40041352570218125, "b": -0.007954345609923369}