{"w": -0.4750590151682702, "b": 0.055081876483989954}