{"w": -0.5123970991033548, "b": 0.12752969496714672}