{"w": -0.4355500057990822, "b": 0.008697212367590558}