{"w": -0.02934129908708431, "b": 0.20449344040855236}