{"w": 0.01620596037764504, "b": -0.0064886351434282966}