{"w": -0.22564742955567935, "b": -0.011805821419781821}