{"w": -0.2270362283222071, "b": -0.011892357409639622}