{"w": 0.10678556430049709, "b": 0.07439134120325679}