{"w": 0.14194766173854398, "b": 0.008046146653804633}