{"w1": -1.9137061704840215, "w2": 1.2967278874974608, "b": 0.22715972627088188}