{"w": -0.12075103239395729, "b": 0.3241715349369127}