{"w": 0.602746139354282, "b": 2.494216760296238e-17}