{"w": -0.32708010440708574, "b": -0.045422623253868595}