{"w": 0.034160600433954746, "b": 0.006781474373006461}