{"cc": 0.25229555758793054, "alpha": -2.220446049250313e-18, "beta": 0.2522955575879306, "mx": 0.0, "my": -2.220446049250313e-18, "sx": 0.9999999999999998, "sy": 1.0}