{"w": 0.7577382869224076, "b": -0.004077297234206027}