{"w": -0.07645431324468777, "b": -0.008560365043320764}