{"w": 0.7946617555906901, "b": 0.03496821903835082}