{"w1": -0.5706214600152154, "w2": 0.9106669819539124, "b": -0.2700691505802218}