{"w": 0.7301017001839172, "b": -0.007119082817488544}