{"w": 0.8669639818751316, "b": -2.471077669181064e-16}