{"w": -0.0943585424699481, "b": 2.019353249609323e-17}