{"w": -0.3539975978900173, "b": -0.18470765963336602}