{"w": -0.28222039091302253, "b": -0.14615735745977798}