{"w": 0.2043674007309456, "b": 1.0633027302599443e-16}