{"w": 0.1859743346651605, "b": 1.0645279545863255e-16}