{"w": 0.18663676175127708, "b": 0.0006234244200217973}