{"w": -0.160717267899518, "b": 5.531206939704047e-18}