{"w": 0.24307640618634488, "b": 0.13155499853950006}