{"w": 0.02031392502175884, "b": 0.00998215345914243}