{"w": -0.10144349701279727, "b": -0.0032708313786030674}