{"w": 0.7053479591388228, "b": -5.10702591327572e-17}