{"w": 0.6609184705017388, "b": -0.0035839419368265592}