{"w": -0.595670531727508, "b": -2.663201704146964e-16}