{"w": 0.22048364164041334, "b": -0.057420555262869426}