{"w": -0.05210168931940895, "b": -0.1964996345668554}