{"cc": 0.11215394141293236, "alpha": -6.361287808401395e-17, "beta": 0.11215394141293236, "mx": -4.2271741662602836e-16, "my": -1.1102230246251565e-16, "sx": 1.0, "sy": 1.0}