{"w": 0.10195812855721127, "b": -6.792282575478681e-17}