{"w": 0.13332058033830962, "b": 0.01916796487620534}