{"w1": 0.567241396050252, "w2": -0.16894620423115755, "b": -7.34237810184169e-18}