{"w": 0.6498300024082587, "b": 0.0008511206925001552}