{"w": 0.9652945894580875, "b": -6.460153899969706e-16}