{"w": -0.16879992411290673, "b": 0.1860458287064371}