{"w": 0.8915532833250241, "b": 8.346938732916766e-18}