{"w": 0.9498769350987882, "b": -0.02469680769450085}