{"w": -0.6515004725332186, "b": -1.243954923317862e-16}