{"w": 0.5585668985374324, "b": 0.04888959460317576}