{"w": 0.06436007941073754, "b": 2.3611241177975663e-17}