{"w": -0.16509700975639788, "b": 0.12152123213792863}