{"w": -0.2087825119596926, "b": -0.0342201576606625}