{"w": 0.583981967116876, "b": 4.3892696393389784e-17}