{"w": 0.5087915491437262, "b": 0.05149462991668782}