{"w": -0.11922913382700222, "b": 9.53680870044472e-17}