{"w": 0.9650268600932211, "b": 0.015403725274099183}