{"w": -0.2736981455432867, "b": -1.9855060058165447e-17}