{"w": 0.7744301383652429, "b": 0.004694477434084495}