{"w": -0.05105628430521669, "b": -0.008779875774280155}