{"w": -0.39032593359523865, "b": 0.019368061933990766}