{"w": 0.3255830569750752, "b": 0.08777925129962716}