{"w1": -1.2646327897102723, "w2": -1.1514383952925151, "b": 0.15545774980228158}