{"w": 0.03223322548633608, "b": -0.11200676563977473}