{"w1": 0.6976934776548752, "w2": 0.11172299387766205, "b": 1.6853764549995248e-17}