{"w": 0.4917845956817559, "b": -0.025792533693186306}