{"w": -0.9392075792845697, "b": 1.214496012567575e-16}