{"w": -0.9522586600280873, "b": -0.033555570328308054}