{"w1": -1.2166863783593693, "w2": 0.15671006891479708, "b": -0.02447493945098087}