{"w1": -1.3616510010084808, "w2": -0.2798791688853913, "b": -0.1905055950619029}