{"w": -0.6804015077510568, "b": -0.0009607559037317151}