{"w1": -3.3672562810532654, "w2": -0.9379844538965684, "b": 0.6093405712758058}