{"w": 0.600406155543466, "b": -0.05037834268502923}