{"w": 0.6466874260630348, "b": 0.04250914833733202}