{"w": 0.5969428823261073, "b": 0.04242691992232789}