{"w1": -5.349852030040304, "w2": 12.601967488162707, "b": 0.5134598560340533}