{"w": 0.651265481108847, "b": 0.0293359473787238}