{"w": 0.8889490244218865, "b": 4.280613343508546e-17}