{"w1": -1.1189629562696086, "w2": -2.4990387989709295, "b": 0.19467581445802976}