{"w1": -0.7420960727146969, "w2": -1.6574942158140118, "b": 0.17339516262691634}