{"w": -0.5254381731938257, "b": 1.9175670673211892e-17}