{"w": 0.7382257819231587, "b": -0.005502280463566558}