{"w": 0.0930243699052149, "b": 0.18270007733213722}