{"w": -0.3494681837347824, "b": -7.242981885021531e-17}