{"w": -0.3176983488498022, "b": -6.589575454676961e-17}