{"w": -0.03422358910414815, "b": -0.025970011746802843}