{"w": -0.22545448576228633, "b": 0.03623418194552486}