{"w": -0.2305537336157922, "b": -4.761160702714496e-17}