{"w": -0.9387793389632102, "b": 0.0019268606701412774}