{"w": 0.864999053273755, "b": -3.4167392118317118e-18}