{"w": 0.8591629978617664, "b": -0.0842192622352886}