{"w": 0.053085161135419535, "b": -0.17154808720761763}