{"w": -0.37962548669304746, "b": -3.0442731128518195e-16}