{"w1": -1.4239240253686825, "w2": -0.2158426437545146, "b": 0.06690607870894671}