{"w": 0.2554637592819228, "b": 0.05466520078173104}