{"w": 0.24633488828261502, "b": -0.006684563259322738}