{"w": 0.7158160149873818, "b": -0.09655365682338324}