{"w": 0.15708255926561393, "b": 0.029975008378992644}