{"w": 0.7470234701183159, "b": -0.026829666265432955}