{"w": -0.048074447533701235, "b": 0.016099441540599228}