{"w": 0.784855665841552, "b": -1.5795326171882087e-17}