{"w": 0.7469351571998215, "b": 0.00493564268660403}