{"cc": 0.08479407627169624, "alpha": -5.591690408255058e-17, "beta": 0.08479407627169624, "mx": 2.4424906541753444e-17, "my": -5.384581669432009e-17, "sx": 1.0, "sy": 1.0}