{"w": -0.9776407988612302, "b": -3.0093296692844896e-17}