{"w1": -0.7367839001061265, "w2": 1.4056087358971654, "b": -0.12142528649983308}