{"w1": 0.7347997066601913, "w2": -1.4898886133113283, "b": -0.014398461136288645}