{"w1": 0.3120448107738865, "w2": -1.0284694271523152, "b": -0.029375828321618627}