{"w1": 0.31204306724299624, "w2": -1.028474131160978, "b": -0.029380650392741816}