{"w": -0.9999999999999881, "b": -1.8540724511239975e-16}