{"w": 0.3586681187169724, "b": 7.822672540050753e-17}