{"w": 0.30028981423483403, "b": 1.3299467513039136e-17}