{"w": 0.4045180101906097, "b": -0.08791137400462357}