{"w": -0.7583180433351344, "b": 4.367013032656658e-18}