{"w": 0.6911298890846537, "b": -0.024986671957643383}