{"w": -0.08722177519601622, "b": -0.19254577434806985}