{"w": -0.22332140299299702, "b": 0.05322951911287195}