{"w": 0.5326669023673333, "b": -2.2321408432995534e-16}