{"w": 0.574073109829389, "b": -0.008409220480704693}