{"w": 0.1538294060691423, "b": 1.8048285074924806e-17}