{"w": 0.6512549776450722, "b": 1.652978332122229e-17}