{"w": 0.6276314687237644, "b": 0.07430997252373124}