{"cc": -0.2926265309597984, "alpha": -1.4662364742366147e-16, "beta": -0.29262653095979857, "mx": 1.1546319456101628e-16, "my": -1.8041124150158794e-16, "sx": 0.9999999999999997, "sy": 1.0000000000000002}