{"w": -0.16885206405533867, "b": 0.03751150448195935}