{"w": -0.1223208193902528, "b": -0.0072672519898500775}