{"w": -0.5210218469495759, "b": -0.013817215289786411}