{"cc": -0.4467000091207273, "alpha": -2.0780311182123708e-16, "beta": -0.4467000091207273, "mx": -4.1300296516055825e-16, "my": -2.3314683517128286e-17, "sx": 0.9999999999999999, "sy": 0.9999999999999999}