{"w": -0.44625375536536194, "b": -2.0761880769705714e-16}