{"w": -0.4614197330389103, "b": -0.012911101962360746}