{"cc": 0.9097485310764456, "alpha": -2.6182409159728082e-17, "beta": 0.9097485310764456, "mx": -1.3322676295501878e-17, "my": -3.83026943495679e-17, "sx": 1.0, "sy": 1.0}