{"w": 0.9097485310764458, "b": -2.618240915972808e-17}