{"w": -0.7688554045174213, "b": 0.003872344571918775}