{"w1": -0.0671973194529513, "w2": 0.824036933609579, "b": -0.022682525649432118}