{"w": 0.047924018078902196, "b": 1.1460134837837404e-16}