{"w": -0.10181088257240492, "b": 0.05590866536605195}