{"w": -0.07975469148505775, "b": 0.00831642281364755}