{"w1": -0.0731937287560891, "w2": -0.678573623383197, "b": 4.579292896973768e-17}