{"w": 0.9637535689736048, "b": -0.006063427603478374}