{"w": 0.8931319494519797, "b": 3.457795782548327e-17}