{"w": -0.537630414481055, "b": 2.857955553452107e-17}