{"w": -0.5323073410703515, "b": 2.893414345426105e-17}