{"w": 0.5424328918705987, "b": 0.04266435688462363}