{"w1": -0.3558798431205773, "w2": -0.6780553602429689, "b": -2.904469699154442e-17}