{"w": 0.5069162150670876, "b": 0.005224593642564477}