{"w": -0.40713212486261496, "b": -0.18114078004883064}