{"w": -0.39830502677628277, "b": -0.18095007942825056}