{"w": -0.9999999999999997, "b": 2.287059430727821e-16}