{"w": -0.41415346958917443, "b": -0.17750149284358052}