{"cc": 0.02648184926672949, "alpha": -1.0320351117847584e-16, "beta": 0.026481849266729487, "mx": 1.554312234475219e-16, "my": -9.908740494779522e-17, "sx": 0.9999999999999999, "sy": 0.9999999999999998}