{"w": -0.09103516502872976, "b": -0.2627254787779138}