{"w": 0.4756398988030833, "b": -0.004326924193593672}