{"w": 0.007425457115512743, "b": -0.003253302748035012}