{"w": 0.9498272864765204, "b": -0.01528789526915776}