{"w": 0.9439224941810623, "b": -0.03135715230743619}