{"w": -0.07723912018175838, "b": -0.1277429268545538}