{"w1": -0.6431633768440522, "w2": 0.9999176906290687, "b": -0.07206386156258385}