{"w1": 1.1293084992497313, "w2": -0.7644026943273743, "b": 0.10775189275221997}