{"w": 0.15069511755064124, "b": -0.1994935176238818}