{"w1": 2.576220794710535, "w2": -0.14786297327729434, "b": -0.01148513010823342}