{"w1": 0.8412993321440738, "w2": -0.04151761647057516, "b": -0.004729966616037086}