{"w1": 0.4259889032259518, "w2": -1.2773419444061644, "b": 0.18255617791027184}