{"w": 0.060140617507558974, "b": 2.769209353895889e-16}