{"w": -0.3279266036539751, "b": 0.02465234122795089}