{"w": -0.9999999999999992, "b": 2.2509771824275032e-16}