{"w": -1.0000000000000009, "b": 1.2045919817182955e-16}