{"w": -0.31744907530695754, "b": 7.438415632814257e-17}