{"w": -0.2888786585293314, "b": 7.238582565277416e-17}