{"w": -0.8594628079521776, "b": 3.771152355799225e-17}