{"w": -0.3376713350715484, "b": -8.910758009772717e-17}