{"w": -0.9999999999999991, "b": -1.8984813721090164e-16}