{"w": -0.0771483000667642, "b": 0.08888516651197131}