{"w1": 0.2071159423158209, "w2": 0.5223837219910793, "b": -2.735790628053853e-17}