{"w": 0.9043155799488619, "b": -0.061727012015272656}