{"cc": -0.7691012681769539, "alpha": 1.67680772510408e-17, "beta": -0.7691012681769539, "mx": -2.2648549702353194e-16, "my": 1.9095836023552692e-16, "sx": 0.9999999999999999, "sy": 0.9999999999999999}