{"w": -0.7360174952205168, "b": 0.010319741899713169}