{"w": 0.22884809614325097, "b": -0.07312229735186548}