{"w": 0.8184431063606948, "b": 0.012205100030258459}