{"w": -0.38449545026232057, "b": 0.11558398651694612}