{"w": 0.3790773509865683, "b": -0.0012036704953489116}