{"w1": -0.4647649694368133, "w2": -0.4762472923990972, "b": 4.370825269485368e-17}