{"w": 0.15771124587094745, "b": -0.037036143060917556}