{"w1": -1.5255766746557973, "w2": -0.12749011898233367, "b": -0.07788441650772174}