{"w1": 0.3916482019993222, "w2": -1.140129443445123, "b": 0.002968381398254338}