{"w": -0.35176588463234004, "b": 0.01689902570727751}