{"w": 0.6619056526107325, "b": 1.361342921478198e-17}