{"w": 0.6624268173071064, "b": 0.0066830727723786515}