{"w": -0.7970205959764377, "b": -0.004977691330277683}