{"w": -0.49108329415325513, "b": 0.11256562376799448}