{"w": -0.4949833025417504, "b": 0.11045516645262342}