{"w": -0.1573093970419238, "b": 0.015431775679038624}