{"w": 0.7093687756871441, "b": 0.002060720852517567}