{"w": 0.7214694047789807, "b": 5.3838294536990654e-17}