{"w": 0.23643328178333237, "b": 2.5070390551662496e-17}