{"w": 0.18440717281882826, "b": -0.0984885015757636}