{"w": -0.5097813440543907, "b": 0.055647375031178656}