{"w": -0.4650611177153402, "b": -0.004200278114937804}