{"w": -0.3891960570177601, "b": 0.015794237824251305}