{"w": -0.38020874740878197, "b": -1.5548916249241207e-17}