{"w": 0.10357395362737674, "b": 0.08487823866238614}