{"w": 0.681079997867764, "b": -1.6278312114512988e-17}