{"w": 0.7733091590789036, "b": 0.1526277376477947}