{"w": 0.14083608123789262, "b": -1.653377288936586e-17}