{"cc": 0.9163269196078865, "alpha": 3.7192471324942746e-17, "beta": 0.9163269196078864, "mx": 0.0, "my": 3.7192471324942746e-17, "sx": 1.0, "sy": 0.9999999999999999}