{"w": 0.25119361503763626, "b": 0.1388237780979314}