{"w1": 0.23331405365209595, "w2": -4.271547668633755, "b": 0.020517994600149775}