{"w": 0.02112085214080245, "b": -0.1252752961693025}