{"w": 0.02102736077605761, "b": -0.1252758922334795}