{"w": 0.01919458478940079, "b": -0.1329309705993131}