{"w": -0.01289933707109178, "b": 0.019506894016037817}