{"w": 0.44633816955893096, "b": 0.009761907078983058}