{"w": -0.07063847779449983, "b": 0.11539477860156766}