{"w": -0.0026020432672250672, "b": -0.003755944728671263}