{"w": -0.39517889929641487, "b": 0.09529559985695711}