{"w": -0.3941867447790816, "b": -0.03543702655879445}