{"w": 0.26113254823930226, "b": 0.0892301394893106}