{"w": 0.2732753058353678, "b": 0.08901851374594065}