{"w": 0.27456441963034606, "b": 0.08898431946761053}