{"w": -0.29547555439899903, "b": 1.0791613542972101e-16}