{"w": -0.3896081333367882, "b": 0.050751649437483747}