{"w1": -0.7752709972097558, "w2": -2.4604668337846625, "b": 0.08140074409786942}