{"w1": -0.27910701094969803, "w2": -0.8686584148065332, "b": 0.031636177007501494}