{"w1": -0.28333405037286086, "w2": -0.8809412340128523, "b": 0.031576251057462645}