{"w1": -1.4284285558735461, "w2": -0.5530075292925765, "b": -0.0032939930574095687}