{"cc": 0.5166060863121764, "alpha": 2.3294806958044696e-16, "beta": 0.5166060863121764, "mx": 7.882583474838611e-17, "my": 2.7366997557010107e-16, "sx": 1.0, "sy": 1.0}