{"w": 0.13197180014095458, "b": -0.05427157729086062}