{"cc": -0.7353066859578483, "alpha": 8.229269974695455e-18, "beta": -0.7353066859578483, "mx": 4.4408920985006264e-17, "my": -2.4424906541753444e-17, "sx": 1.0, "sy": 1.0}