{"w": -0.7123356071452189, "b": -0.04399820419313945}