{"w": -0.12533153282824822, "b": 0.0011923075605406591}