{"w": -0.33981404852246216, "b": -2.1115822585535e-17}