{"w": -0.30967979863218903, "b": 0.03574894952794358}