{"w": -0.10365622841534196, "b": 0.0034056251922661377}