{"w": -0.5460160089472478, "b": 0.13925232000445864}