{"w": -0.5007935660253523, "b": 4.9835354794420405e-17}