{"w": -0.4598195469869143, "b": 4.910751000485395e-17}