{"w": -0.5183282332324257, "b": 0.13191437247950996}