{"w": -0.7636079182256919, "b": 0.006565323140738356}