{"w1": 0.06291930825100044, "w2": 0.4392030228060632, "b": 2.26438794145131e-17}