{"w": -0.330585024181695, "b": 0.02912869976169846}