{"w": -0.3552545025187773, "b": 0.03222587177838929}