{"w": 0.9284956569603678, "b": 0.01290897258308632}