{"w1": -0.1954552995264215, "w2": 0.09218018163544868, "b": -1.3692797072007245e-17}