{"w1": -0.5947870954936075, "w2": -0.41184421228093615, "b": -7.654024806126932e-17}