{"w1": -2.465049139686824, "w2": -1.5330620346670143, "b": -0.006882868404158714}