{"w1": -0.34031974299411394, "w2": -0.009934789904973582, "b": -1.7846582193955506e-17}