{"w": 0.30236155233824563, "b": 8.8293472014057e-18}