{"w": 0.2670286854706378, "b": -0.037377401068734634}