{"w": 0.009808078195808029, "b": -0.08110889702070771}