{"w": -0.8454325020316923, "b": -0.21373203081442957}