{"w": 0.310395425103831, "b": 5.012274729337428e-17}