{"w": -1.0000000000000004, "b": 2.2648549702353204e-16}