{"w1": -0.3467775668119521, "w2": -0.7665205260160536, "b": 3.477197752795025e-17}