{"w1": -0.35781290530982274, "w2": -0.7887857695368081, "b": -0.0197495597179008}