{"w": 0.790484692878011, "b": -0.04722831589623049}