{"w": -0.1306734813335774, "b": 0.08289355217811473}