{"w": -0.29933322541769986, "b": -0.06894037027842505}