{"w": -0.3203519577356764, "b": -0.06433994472158186}