{"w1": 1.3405203118992224, "w2": 0.10983351716925538, "b": 0.07853518467290851}