{"w": -0.12192613348246377, "b": 6.634036728691795e-18}