{"w": -0.14417832485844922, "b": 4.130098095049304e-17}