{"w": 0.057617225367300295, "b": -1.5018363952825153e-17}