{"w": 0.11645972301912066, "b": -0.11220292458199538}