{"w1": 0.34145341231990395, "w2": 0.6524599898756002, "b": -4.124046880085569e-18}