{"w": 0.2627182907887283, "b": 5.75952429170271e-17}