{"w": 0.28334171182097245, "b": -0.009716721554548481}