{"w": 0.9249435871396734, "b": 0.007397330013705608}