{"w": 0.1544329232713761, "b": 0.01282767695787471}