{"w": -1.0000000000003106, "b": 5.662137425594644e-17}