{"w": -0.05506942958138144, "b": -0.007952867292425841}