{"w": -0.4829860049073608, "b": 4.1366599144051736e-16}