{"w": -0.426449378128875, "b": 0.013045288810347413}