{"w": 0.5330672965465082, "b": 0.028198746238095162}