{"w": 0.82022417369954, "b": -0.04413996109139555}