{"w": 0.8108312376676645, "b": 0.00237117037818977}