{"w": 0.5336348628405767, "b": 0.07030607686546625}