{"cc": -0.2826282414321744, "alpha": -9.606276694821823e-18, "beta": -0.2826282414321744, "mx": -2.2204460492503132e-17, "my": -3.3306690738754695e-18, "sx": 0.9999999999999998, "sy": 0.9999999999999999}