{"w": -0.37127835965053646, "b": -0.002062612364977609}