{"w": -0.4321493449868476, "b": -0.09460295230351136}