{"cc": -0.08768723610596255, "alpha": 4.210146647986321e-17, "beta": -0.08768723610596255, "mx": -1.9984014443252817e-17, "my": 4.3853809472693685e-17, "sx": 1.0, "sy": 1.0}