{"w": -0.08681904564946791, "b": 4.2118816410485294e-17}