{"w": -0.4582320131044529, "b": -0.033980048731464235}