{"w1": 0.44209667964199084, "w2": -2.3368910435357613, "b": -0.06072838845703121}