{"w": -0.46985472600486705, "b": -0.010313993499479446}