{"w": 0.4447835131987846, "b": -0.01874356237409199}