{"w1": -0.46435150430371264, "w2": -0.5122000721406892, "b": -1.1709972371939628e-16}