{"w": 0.45901834475920844, "b": 6.371951388011472e-17}