{"w": 0.5020258971207404, "b": 0.11385427971787493}