{"cc": -0.27298242451139504, "alpha": 5.993099762259637e-17, "beta": -0.2729824245113951, "mx": 3.1308289294429413e-16, "my": -2.55351295663786e-17, "sx": 0.9999999999999999, "sy": 1.0}