{"w": -0.06460185704635911, "b": 0.22841934232670294}