{"w1": 0.005050297064249632, "w2": 0.526290252840936, "b": -2.125535633266474e-18}