{"w": 0.38050758534263623, "b": -0.019285447258221483}