{"w": 0.4201571314650824, "b": -0.015291871291965124}