{"w1": -0.561777353141657, "w2": -0.03954065855849262, "b": -8.995167827634715e-18}