{"w": 0.7280419832689357, "b": 0.060278169595010825}