{"w": 0.12142776599279208, "b": -0.009160993683772099}