{"w": -0.20298060815652244, "b": -6.963911133232075e-17}