{"w1": -0.7782149421788779, "w2": 0.3264824461273493, "b": 2.826328908099686e-17}