{"w1": -0.9006699456019435, "w2": 0.4060788483983287, "b": 0.006827567149765011}