{"w1": -0.15746258049409764, "w2": 1.0961120926460406, "b": 0.2604269449861775}