{"w": -0.14305377247516038, "b": -0.0055889469846638895}