{"w": -0.34465274383842376, "b": 2.487484720170279e-16}