{"cc": -0.5224649598017755, "alpha": 7.96763494046436e-17, "beta": -0.5224649598017755, "mx": 1.2434497875801754e-16, "my": 1.4710455076283325e-17, "sx": 1.0, "sy": 1.0}