{"w": -0.5224649598017753, "b": 7.967634940464356e-17}