{"w1": -0.7457391712569783, "w2": -0.03141525455571192, "b": 0.005537834215706278}