{"w1": 0.6297257654432736, "w2": -0.2715647907195364, "b": 3.220515871235448e-17}