{"w1": 1.105451689043974, "w2": -0.7258874734263696, "b": -0.038616817976086}