{"w": -0.4873116629307969, "b": -0.011538534086583391}