{"w1": -31.35740915515195, "w2": -83.2021705159682, "b": 11.662983250726075}