{"w1": -0.450743079481093, "w2": -1.2302107116908623, "b": 0.17813655395061326}