{"w1": -0.27077670251572683, "w2": 0.8196178544140401, "b": 1.2910210338457028e-16}