{"w1": 0.019332011884331226, "w2": 0.624387714157835, "b": -1.0177117215254248e-17}