{"w1": -0.11711239389989038, "w2": -2.0505764080315028, "b": -0.05125711234725691}