{"w1": -0.07446231338287972, "w2": -0.6026699708553409, "b": -0.03646361164366592}