{"w": 0.42486751233359316, "b": 0.02284694137960566}