{"w1": -0.8401801773792527, "w2": 0.1398053009926061, "b": 6.826468835571739e-18}