{"w1": -0.8418393589888836, "w2": 0.12418709886697701, "b": 0.008289960862028803}