{"w": 0.2725969267945383, "b": -0.015690163170337227}