{"w": -0.45381236018548127, "b": -0.03358434653542945}