{"w1": -0.26523670549285405, "w2": -0.44113840341752364, "b": 6.469776084483438e-17}