{"w": 0.28920165035910356, "b": 0.006583011218801119}