{"w": 0.3165514610689614, "b": 0.007822733172084212}