{"w1": -0.6546214396004857, "w2": 0.2183338872907121, "b": 9.214128652233601e-18}