{"w1": -0.5145118265629055, "w2": -0.48099685475263065, "b": 2.7680819812582513e-17}