{"w": -0.5629778477677914, "b": 0.04648848866245431}