{"w": -0.5570772187570857, "b": -1.24963359800566e-17}