{"w": -0.5814308576932128, "b": 6.043231012793668e-18}