{"w": 0.6233658256446512, "b": -0.037320800833421264}