{"w1": 0.8941120616537412, "w2": 1.8936623972295472, "b": 0.1274642683073807}