{"w1": 0.35798401235831806, "w2": 0.7336952194799083, "b": 0.013623494547127333}