{"w": -0.13391113882993647, "b": -0.03409529313717121}