{"w": 0.39984604912921484, "b": -0.0005800002156475699}