{"w": 0.3134547618295501, "b": -0.027979913686993024}