{"w": 1.0000000000000002, "b": -2.7131075164277264e-17}