{"w": 0.2363425698440491, "b": -7.80990470323023e-17}