{"cc": -0.04756614029865993, "alpha": -2.0697553028021765e-16, "beta": -0.04756614029865994, "mx": -3.3306690738754695e-17, "my": -2.0539125955565397e-16, "sx": 0.9999999999999999, "sy": 1.0}