{"w": -0.047566140298659965, "b": -2.0697553028021765e-16}