{"w1": -3.028997214763608, "w2": 0.8713537269687692, "b": -0.06745455446103821}