{"w1": -0.8301877957293369, "w2": 0.22117105519826355, "b": 2.570056040215049e-17}