{"w": -0.1600319160119469, "b": -0.0016908826037814744}