{"w": -0.18688830536652765, "b": 0.0031586723899890475}