{"w": -0.026809585912035562, "b": -3.2458992744662333e-16}