{"w": 0.6916244068787457, "b": 0.0008702813183524769}