{"w": 0.37147165804782184, "b": 0.017597807173704957}