{"w": 0.4096747986697508, "b": 0.04207993362627295}