{"cc": 0.4288095206565203, "alpha": -7.624588636997325e-18, "beta": 0.4288095206565203, "mx": 4.884981308350689e-17, "my": 1.3322676295501878e-17, "sx": 1.0, "sy": 1.0}