{"w": 0.5342744989490134, "b": 0.14718199105439864}