{"w": 0.47756911520535655, "b": 3.7435459332558447e-16}