{"w": -0.12871717690213783, "b": -0.22794571126454183}