{"w": -0.40741671719682754, "b": -0.05943712073215587}