{"w": -0.1224261191344529, "b": 0.1067960601424055}