{"w": -0.15633740449423872, "b": -0.012168317742659954}