{"w": -0.6057144999959991, "b": -0.01473927571725733}