{"w": 0.16625699444539874, "b": -0.06438921953930808}