{"w1": -0.9675405099275712, "w2": -1.233874042568314, "b": 0.11169028305815462}