{"w": -0.5363427286998501, "b": 2.6322564317561527e-17}