{"w": 0.9757698822777783, "b": 0.000989334750694848}