{"w": -0.29472354114910326, "b": 0.10422347545827298}