{"w": -0.3322835675649262, "b": 0.08595590739936967}