{"w": -0.12186501831982068, "b": 2.8165391467823504e-17}