{"w": -0.04601370943326535, "b": 0.0011140947122675812}