{"w": -0.14581072370308543, "b": 0.0008212124088184114}