{"w": -0.11156628593740991, "b": -1.0799446987196203e-16}