{"cc": -0.014855366073562928, "alpha": -2.2344649032863024e-17, "beta": -0.014855366073562925, "mx": -9.436895709313831e-18, "my": -2.2204460492503132e-17, "sx": 1.0, "sy": 0.9999999999999998}