{"w": -0.007796337326780412, "b": -0.02078061028316555}