{"w": -0.03794526673749765, "b": -0.04502120770786396}