{"w": -0.1593277055477941, "b": -0.0009893075743294538}