{"w": 0.022138733780890138, "b": 0.017090823301921076}