{"w1": 1.0939118258907132, "w2": -0.11079376684421702, "b": -0.08616214054168568}