{"w1": 0.7676992870266506, "w2": -0.1899224941272219, "b": -0.019841154590744363}