{"w1": -0.9038266362538012, "w2": 0.6652678419367279, "b": 0.02217080552543882}