{"w1": -0.5807842676417245, "w2": 0.4188134886018711, "b": 0.018151878579896613}