{"w1": -0.7100756213989526, "w2": -0.47766440014037276, "b": -0.021488627505576674}