{"w": -0.3138948577907445, "b": -0.049191792198741535}