{"w1": -0.2060182402582499, "w2": 0.5471067123454643, "b": 3.4079355664038695e-19}