{"w1": -0.22857174221132537, "w2": 0.6215133316533351, "b": 0.0019154476643511841}