{"w": 0.4345179032902555, "b": -0.05609083395906504}