{"w": -0.023263312982621395, "b": 1.2960375774515433e-17}