{"cc": -0.622038265135435, "alpha": 8.68053078037308e-18, "beta": -0.622038265135435, "mx": 2.1094237467877975e-17, "my": -4.440892098500626e-18, "sx": 0.9999999999999998, "sy": 0.9999999999999999}