{"w": -0.7491049841734814, "b": -5.089537370942835e-17}