{"w1": -0.19042949940672899, "w2": 0.9796383135735475, "b": -0.12047648815043031}