{"w": -0.039398318545399755, "b": -4.513700529623489e-17}