{"w": -0.039047244419747676, "b": -4.5160196645605016e-17}