{"w1": -0.2043456738702351, "w2": 3.082453732058928, "b": -0.3275157436356239}