{"w1": 1.4828698398558506, "w2": 3.318088593428515, "b": -0.01844421868173139}