{"w": 0.5515054670680504, "b": -0.003289620649761292}