{"w": 0.9999999999999999, "b": -3.516631430500183e-16}