{"w": 0.29745679309355183, "b": 0.16721915184794678}