{"w1": -0.6141853942488891, "w2": -0.4267442895856281, "b": -5.627797555494619e-18}