{"w1": -1.521247683350651, "w2": -1.0050494777972412, "b": -0.010213495011760276}