{"w": -0.45486656094721295, "b": -0.024329354285706133}