{"w": -0.3327433187496117, "b": -0.00827313041618358}