{"w": 0.23619152174076521, "b": 0.018812206040426636}