{"w": 0.3600125652444046, "b": -2.64668943808129e-18}