{"w": 0.38704106508081776, "b": 0.002320730401056407}