{"w": 0.14125914381108726, "b": 0.0009086223723308814}