{"w": 0.049918042173365734, "b": 7.795218953582271e-19}