{"w": 0.054250607076868865, "b": -0.041275139158158815}