{"w": 0.7543256863725405, "b": -4.5342440262245264e-17}