{"w1": -0.34662185023855013, "w2": -0.3839195542225932, "b": 3.916463060030403e-18}