{"w": 0.9556226592342201, "b": 0.014378168137576057}