{"w": 0.5659252791975022, "b": -0.006750803741332016}