{"w": 0.5731933837339328, "b": -0.02852916530582833}