{"w": 0.03533302470745883, "b": 0.005838741477013956}