{"w": 0.03545238369582517, "b": 0.0058734190506216505}