{"w": 0.7554724223630861, "b": 2.400838068031797e-16}