{"w1": -0.5169179077841396, "w2": -1.0214038984933933, "b": 0.024629977099436765}