{"w1": -0.2734770358244662, "w2": -0.4214564423196679, "b": -0.017454065535329116}