{"w1": -0.464196149046347, "w2": -0.24542163165643285, "b": 1.2723680940308126e-17}