{"w": 0.018440022428616448, "b": 8.489607150998576e-18}