{"w": 0.12666303253175637, "b": 2.4175445368362383e-16}