{"w": 0.13919014563929272, "b": 2.428253611677373e-16}