{"w": 0.8861107877117627, "b": 8.525361368204906e-05}