{"w": 0.5098454544397031, "b": -5.385674734452695e-17}