{"w": 0.5013474391553039, "b": 0.05495304008365142}