{"w": -0.2401231958728961, "b": 0.3000364822548115}