{"w": 0.9861066263405809, "b": -0.02122524902847922}