{"w": 0.8520698889417698, "b": 9.289104793066198e-18}