{"w": -1.0000000000000002, "b": 1.7985612998927542e-16}