{"w": -0.23304143692874107, "b": 0.0213934218701948}