{"w": 0.8022794300169954, "b": -0.003037333703982332}