{"cc": 0.5328235229832834, "alpha": -1.67623512854797e-16, "beta": 0.5328235229832834, "mx": 3.95516952522712e-17, "my": -1.4654943925052067e-16, "sx": 0.9999999999999999, "sy": 0.9999999999999998}