{"w": 0.5322912317515317, "b": -1.6760245983421332e-16}