{"cc": -0.8025210794235234, "alpha": 3.26209679541945e-16, "beta": -0.8025210794235234, "mx": 4.507505479978135e-16, "my": -3.552713678800501e-17, "sx": 1.0, "sy": 1.0}