{"w1": 1.529878546212131, "w2": 0.6528182104906912, "b": 0.6382226110811828}