{"cc": -0.2915818933108785, "alpha": 7.966245494477675e-17, "beta": -0.2915818933108786, "mx": -4.662936703425657e-17, "my": 9.325873406851315e-17, "sx": 0.9999999999999998, "sy": 1.0}