{"w": -0.2947444273257487, "b": 0.034561246444417625}