{"w": -0.0007274011381561577, "b": 0.006466049141795068}