{"w": -0.0006360590248341273, "b": 0.006843532132113327}