{"w1": -0.4508070729199812, "w2": -3.2350617479207813, "b": 0.049423869113292364}