{"cc": -0.08764030057509398, "alpha": 2.80075565051733e-17, "beta": -0.08764030057509398, "mx": 1.5543122344752193e-17, "my": 2.6645352591003756e-17, "sx": 0.9999999999999999, "sy": 0.9999999999999999}