{"w": -0.08528523558908353, "b": 0.005518749275240412}