{"w": -0.08974326221280103, "b": 0.005821119262418961}