{"w": -0.4206712677761363, "b": -0.10259372906222519}