{"w": -0.4271957302821972, "b": 0.021650823043421308}