{"w": 0.9290071761488873, "b": -0.02418530689489565}