{"w": 0.9253375223631595, "b": -0.02386579961846612}