{"cc": -0.1158758528887055, "alpha": 5.0298370893506493e-17, "beta": -0.1158758528887055, "mx": -6.661338147750939e-18, "my": 5.10702591327572e-17, "sx": 1.0, "sy": 1.0}