{"w": -0.4776035493287127, "b": -2.4709765774019537e-16}