{"w": -0.24043121565069722, "b": 0.05839740822019436}