{"w": -0.4316299253667292, "b": 0.016774405092044788}