{"w1": 1.9628670691050882, "w2": 1.8454080800965842, "b": 0.012274852084310544}