{"w": 0.5360958477474687, "b": 0.022467660499905007}