{"w": 0.4103497529593634, "b": -0.0109685858773233}