{"w": 0.042776390456336785, "b": -0.0015855714334058464}