{"w": 0.062040705422062685, "b": 0.002431359212461216}