{"w": 0.8621223075769123, "b": 2.3237287309822138e-17}