{"w": 0.8612610465303815, "b": 2.3250673995639136e-17}