{"w": -0.2719497387209302, "b": -0.00751718321442438}