{"w": 0.000261589367171871, "b": 2.887451131640701e-17}