{"w": -0.03873759172890823, "b": 0.12772005445579637}