{"w1": -0.3360880671651693, "w2": -0.4020778669502269, "b": -2.4530277240587976e-17}