{"w": -0.3997320784265773, "b": -1.1087357611271182e-17}