{"w": 0.5119479548614033, "b": 6.004489759184864e-17}