{"w1": -0.0731304492959383, "w2": -0.6732520937693346, "b": 5.8817487000349375e-18}