{"w1": -0.0973793264044052, "w2": -1.5170303775832379, "b": -0.07794231324691213}