{"w1": 0.3175362028058478, "w2": 0.6783761295225436, "b": -0.01905148341634572}