{"w": -0.14448364829459717, "b": 0.14638332985288097}