{"w": -0.08080663124676213, "b": -2.9734986653649975e-17}