{"w1": 0.4630454862948472, "w2": -0.764042977739969, "b": 0.0304651807266711}