{"w1": -0.9413955054737906, "w2": 0.4592835832028004, "b": 0.0629047517891894}