{"w": 0.18051929345791284, "b": -0.2697273432808812}