{"w1": -0.4116831373596889, "w2": 1.9462871862828437, "b": -0.03787607649182147}