{"w": 0.5405065945398322, "b": -0.029095167530949404}