{"w1": -0.3757487572469081, "w2": -0.6471126666997632, "b": -0.0030526783669181726}