{"cc": 0.7644882964326757, "alpha": 4.7675249097733126e-17, "beta": 0.7644882964326756, "mx": 4.440892098500626e-18, "my": 5.10702591327572e-17, "sx": 1.0, "sy": 0.9999999999999999}