{"w": 0.7569191053788866, "b": 4.7708863058475943e-17}