{"w1": -1.606902582311656, "w2": -2.0762470277800156, "b": -0.6590682853151941}