{"w": 0.11664748785147899, "b": -0.052301483382472924}