{"w": 0.42622065713452467, "b": 0.005070014315634506}