{"w": 0.39857327795341524, "b": 0.000710262109771171}