{"w": -0.1555346887963509, "b": -0.24495254258509824}