{"w": -0.0073699919092499325, "b": -1.3972187991279861e-16}