{"w": 0.10314911074152472, "b": 0.022170217556006348}