{"w1": 0.31370240229806945, "w2": 0.929020425177474, "b": 0.015875347029438425}