{"w": 0.7621753446841194, "b": 5.769014499223573e-17}