{"w": 0.7546290541426925, "b": 5.73717785028708e-17}