{"w1": -0.3136017833685264, "w2": 0.12940015624706025, "b": -6.1013802120514954e-18}