{"w1": 0.42311869251008877, "w2": 0.31391514602679643, "b": 2.8793568959715786e-18}