{"w": 0.9999999999999996, "b": -7.216449660063502e-18}