{"w": 0.9185227531353927, "b": -5.000230731485723e-18}