{"w": 0.8358557053532073, "b": -2.7516486657592547e-18}