{"w": 0.010817458548657625, "b": 2.826831151070884e-17}