{"w": -0.7835967496330803, "b": 0.06593845956269453}