{"w": 0.05443814138508231, "b": 0.03498808429620132}