{"w": 0.5631416173126417, "b": 0.012952828698543863}