{"w": 0.9999999999999989, "b": -2.6645352591003737e-17}