{"w1": 0.1384432904132165, "w2": -0.5905429686617737, "b": 0.019909714450171728}