{"w1": 0.09986915472395236, "w2": -0.5359622464556966, "b": 0.004238396311442377}