{"w": 0.5844015934664506, "b": 0.10463506341900963}