{"w": 0.7231358761197857, "b": -0.04864672331135078}