{"w": 0.7640889326262705, "b": -0.043416943274636174}