{"w": -0.5218902038591653, "b": 0.03316820476751963}