{"w": -0.5791025047051456, "b": 0.04552326728909204}