{"w1": -0.05090273088368338, "w2": 1.2465367068915325, "b": 0.008459720801121319}