{"w": 0.0763989151372226, "b": 0.018288215356375707}