{"w": -0.06901401740466959, "b": -0.004717822090937778}