{"w": 0.5224946628316031, "b": -0.002501604851355002}