{"w": 0.19115341201431613, "b": -0.13904600395148958}