{"w1": 0.23770163204308312, "w2": -2.2220235449333083, "b": 0.38411751755668266}