{"w1": -0.06636439523758185, "w2": -0.12260594832592864, "b": 7.357637634708425e-07}