{"w": -0.6311799327167615, "b": 0.1327037354532835}