{"w1": 0.3017602622685509, "w2": -0.6741638292597687, "b": 1.3469594874757666e-16}