{"w1": 0.635792398587031, "w2": -0.8499164455616147, "b": -0.3076686038018759}