{"w": 0.37734069666591524, "b": -0.06897783878350287}