{"w": 0.13314072593740583, "b": 0.010199006212597703}