{"w": -0.34193631817553016, "b": 0.11551518645475245}