{"w": -0.32379994652836247, "b": -0.04428774197301873}