{"w": -0.26672246548822626, "b": 0.03030865418336988}