{"w": -0.31506907660677097, "b": 0.07534378000664063}