{"w1": 0.5912307073588118, "w2": -0.1370532189147918, "b": -4.7147713375477135e-18}