{"w1": -0.4748647773431134, "w2": -0.28620773007510786, "b": 0.011868988354175656}