{"w": 0.48674474334996426, "b": -0.034612198036070504}