{"w": 0.42238426552186514, "b": 3.61003410461743e-17}