{"w": 0.9273227551964189, "b": 0.005795777026895044}