{"w": 0.41834557331914746, "b": 0.04420384767016711}