{"w1": -1.1743851183033718, "w2": -0.7460760568792149, "b": -0.08732474797754061}