{"w": 0.599115303182331, "b": 3.3492393544938545e-17}