{"w": 0.25195049900761124, "b": -0.15058713170794163}