{"w": -0.2187152078351959, "b": 1.3599923035158631e-17}