{"w": -0.01199345510236715, "b": -0.08417110108614168}