{"w": 0.015747988258360643, "b": 0.009513750414095558}