{"w": 0.19713659502498795, "b": 1.493421085635462e-17}