{"w1": -1.1260717989819504, "w2": -0.2716596186181505, "b": 0.10344459913704507}