{"w": 0.5491422686709476, "b": 0.28614460522176643}