{"w1": -0.1057839436907557, "w2": 1.0348485984122167, "b": 0.05220987698501947}