{"w1": 0.38758784639466337, "w2": -0.542670363059279, "b": 0.0057047195460487796}