{"w": -0.169260770809447, "b": 0.017234581459339354}