{"w": -0.13261267048697448, "b": 0.0009217072059959364}