{"w": -0.2064449446222858, "b": 1.6680925185458051e-16}