{"w": -0.2300951740865124, "b": 0.03955151824121219}