{"w": 0.5718833982120076, "b": -0.03968652060718129}