{"w1": 1.3415081246694058, "w2": -0.3350709908560726, "b": 0.219458926338487}