{"w": 0.669576012537706, "b": 0.007126465075209622}