{"w": -0.40072513886269184, "b": 0.1903369082712346}