{"w": -0.7149956471692487, "b": 0.02195242972222744}