{"w": -1.0000000000000004, "b": -7.105427357601002e-17}