{"w": -0.7617823629158416, "b": 0.0011160099129001338}