{"w": -0.1374366373969362, "b": 0.13102965945019462}