{"w1": 2.01261917064332, "w2": -1.317312026444143, "b": 0.4326838571464374}