{"w1": 1.2886973160202229, "w2": -0.8163115794414334, "b": 0.2344961402497131}