{"w1": -0.2614842825380577, "w2": 0.49524355511750884, "b": -0.007664646309602046}