{"w": -1.0000000000000009, "b": 1.4321877017664512e-16}