{"w": -0.5866582967127634, "b": 2.0886586965930915e-17}