{"w1": 0.13054394208748532, "w2": 0.710230644788219, "b": -5.281434011794888e-18}