{"w": 0.10473386644449013, "b": -0.020558351130072542}