{"w1": -3.5603386697645724e-05, "w2": 0.7032506447056319, "b": 0.006397557233177706}