{"w": 0.39867130794651257, "b": -0.0728104676180912}