{"w": 0.3996156344549162, "b": -0.07273197028331682}