{"cc": 0.6422893087432752, "alpha": 1.4206972413919076e-17, "beta": 0.6422893087432752, "mx": 2.1094237467877975e-17, "my": 2.7755575615628914e-17, "sx": 1.0, "sy": 1.0}