{"w": 0.6416476610821928, "b": 1.422050748205265e-17}