{"w": 0.460018898754624, "b": 0.052763265805074865}