{"w": 0.24905316221959403, "b": 0.03915838510009391}