{"w1": 0.154266997618377, "w2": 0.48626593094099035, "b": -3.350791695460811e-17}