{"w1": 0.2794544273702485, "w2": 0.7389503842542713, "b": 0.04418371181109773}