{"w": 0.5716340839597223, "b": -0.007134806833700949}