{"w": 0.13626604177507012, "b": -3.866601022529649e-17}