{"w": 1.0000000000000002, "b": -1.7291723608536817e-16}