{"w": -0.003736626577262157, "b": 0.07748502717144674}