{"w": -0.8344112560071162, "b": 1.407239885515491e-17}