{"w1": 0.21706518319993334, "w2": -0.7416473657738314, "b": -0.024213159153907128}