{"w": -0.23103932695963955, "b": -0.01866795924640029}