{"w": -0.17484237040933576, "b": 8.129485595017066e-17}