{"w": -0.16297064349329107, "b": -0.0029038183410714236}