{"w": 0.23986801632370458, "b": 0.1724641133308228}