{"w": 0.24365810428083198, "b": 0.20215626121091515}