{"w1": 0.49960334176976384, "w2": -1.032276263472313, "b": 0.05525707112357682}