{"w": 0.5492508985024094, "b": -0.031378987936455105}