{"w": 0.33190655347422365, "b": -0.08215979507783364}