{"w1": -0.5724520485440732, "w2": -0.8655312501514095, "b": 0.08845151845129015}