{"w": 0.33980814694401823, "b": 0.008967976896144944}