{"w": -0.026114812302452512, "b": -0.12587634510763307}