{"w": 0.18759716489549666, "b": -3.110177864690424e-17}