{"w": 0.1705428771777242, "b": -2.837527359033341e-17}