{"w": -0.016261041286106667, "b": -0.08319066959370179}