{"w1": 0.3800783575873582, "w2": -0.11096048269230623, "b": -5.064240368168882e-07}