{"w1": 0.15812297629958935, "w2": -0.5825885050321846, "b": -0.00585049243768683}