{"w1": -0.899924400021275, "w2": -0.863793797771421, "b": -0.0041073570379768845}