{"w1": -1.5424290264970049, "w2": -0.9613814256417318, "b": 0.12632350933871198}