{"w1": -1.0827585074152681, "w2": -1.3535445082082178, "b": -0.033378066151018015}