{"w": 0.821253995450451, "b": 0.06517689031414804}