{"cc": 0.37509453537559745, "alpha": -5.2737692776707534e-18, "beta": 0.3750945353755974, "mx": 2.220446049250313e-18, "my": -4.440892098500626e-18, "sx": 1.0, "sy": 0.9999999999999999}