{"w": 0.371380728094651, "b": -5.2655229689660985e-18}