{"w": -0.980444670660809, "b": -0.009400391862834086}