{"w1": -1.1980079192769022, "w2": -0.8473874502739698, "b": -0.02170846269546607}