{"w": -0.6493724619287224, "b": 0.04994190359283354}