{"w": -0.6813264816021215, "b": -5.805497759594274e-17}