{"w1": 0.5423809073591223, "w2": 1.9553702259264982, "b": -0.0793635261852369}