{"w1": -0.9231012650647391, "w2": 0.21798239852493628, "b": 0.005166866846852775}