{"w1": -0.24819748566495775, "w2": -0.3673978797636361, "b": -3.904911547619454e-18}