{"w": 0.17816619523988003, "b": 0.016031171269820153}