{"w": 0.22109592716335943, "b": 0.055320640335728366}