{"w": 0.27686723224809995, "b": 0.0020506190038224875}