{"w1": -0.5878089828376036, "w2": 0.15333106702975424, "b": 5.854925476708471e-17}