{"w": 0.7224842844966093, "b": -0.01243525781301925}