{"w": 0.7297942172899309, "b": 0.008224060025148732}