{"w": -0.035708211045649516, "b": 0.03640939015230341}