{"w": -0.07465764726831428, "b": 0.06533730621287652}