{"w": -0.0959734723699416, "b": 0.025568911051007802}