{"w": 0.5830719226879675, "b": 0.07894141790600169}