{"w": 0.694983797554386, "b": 0.000346625042990508}