{"w": -0.37652003520340205, "b": 0.06645945452639199}