{"w1": -1.6767371243620186, "w2": -0.43756937535173507, "b": 0.15586720291299103}