{"w1": -1.8416596816836202, "w2": -0.5471610773825821, "b": 0.21551679749623656}