{"w1": -1.9341626395284843, "w2": 0.03277611400800923, "b": 0.027480139825223977}