{"w": 0.9187948359138121, "b": -6.988511496375307e-18}