{"w": 0.9271046899589981, "b": 0.03420663490995689}