{"w": -0.1494795205696028, "b": 0.04781663303698545}