{"cc": -0.3625284924459321, "alpha": 6.981298657496342e-17, "beta": -0.3625284924459321, "mx": 2.7200464103316335e-17, "my": 5.995204332975846e-17, "sx": 1.0, "sy": 1.0}