{"w": 0.9407016480866355, "b": -3.331268825719315e-16}