{"w": -0.16526281119325742, "b": 0.002419380140386257}