{"w": 0.33880499945897746, "b": 2.7481118070720392e-17}