{"w1": 0.7833237060352107, "w2": 0.18378654143068426, "b": 0.04901956150211287}