{"w": -0.2369536725478031, "b": 2.2788540671064165e-17}