{"w": 0.7309965282287423, "b": -0.03114017414028182}