{"w": 0.8826090274095297, "b": -0.023038197873644115}