{"w": 0.9001404569264088, "b": -5.555793278535795e-18}