{"w1": 0.13161583831942192, "w2": 0.7449610761186253, "b": 4.478610037816969e-17}