{"w": -0.3705411449367789, "b": -4.24220388212317e-18}