{"w": 0.2507578033067785, "b": -0.014234819930619428}