{"w1": -0.3181852415857454, "w2": -1.3502141929960352, "b": -0.012391542440840293}