{"w1": -0.2634398965938655, "w2": -0.7320358054235321, "b": -0.024916703600607826}