{"w": 0.029733618753202382, "b": -8.350651600742316e-17}