{"cc": 0.5732871477332393, "alpha": -1.907034545448683e-17, "beta": 0.5732871477332394, "mx": 3.1086244689504386e-17, "my": -1.249000902703301e-18, "sx": 0.9999999999999999, "sy": 1.0}