{"cc": 0.21982181758378969, "alpha": -2.0726059283895237e-17, "beta": 0.21982181758378974, "mx": -5.2180482157382354e-17, "my": -3.219646771412954e-17, "sx": 1.0, "sy": 1.0000000000000002}