{"w1": -0.9557839572916078, "w2": -0.675533584534853, "b": 0.03253637941886396}