{"w1": 0.8248979235620756, "w2": -0.07804638745786242, "b": -1.1985227255167414e-18}