{"w1": -2.317449155070914, "w2": 3.2807497945766926, "b": -0.5926520990826762}