{"w": -0.9999999999999901, "b": -2.853273173286645e-16}