{"w": 0.3464676316028974, "b": -0.007626461811949992}