{"w": -0.19801004532860295, "b": 0.00040398175610747294}