{"w": -0.1989460871355498, "b": 0.000426328439337334}