{"w": -0.258593032747207, "b": 0.020309601912237383}