{"w": -0.3020833628795424, "b": 0.03434682408916765}