{"w": 0.7528534373101357, "b": -0.004340969366849171}