{"w1": 0.23432576337128433, "w2": -1.0112491023158425, "b": 0.00018941925772906262}