{"w1": 0.7031617619767644, "w2": 1.0031450101588182, "b": 0.08239987145721905}