{"w1": -3.892034981900859, "w2": 0.03553902967144074, "b": -1.6705509041865285}