{"w": -0.24531072565260567, "b": 0.012569570491225836}