{"w": 0.5521845630268651, "b": 0.05193615210953095}