{"w": 0.5031158081074322, "b": 0.05075415697297189}