{"w": -0.38708948333154386, "b": -0.032021047776537775}