{"w1": 0.27548557112031985, "w2": -0.5047843574857743, "b": 3.6561149231105884e-17}