{"w1": 0.6555907575074102, "w2": -1.0776501729204229, "b": 0.06281020893855396}