{"w": -0.503718221389071, "b": 0.0692713684539962}