{"w1": 4.530756541424101, "w2": -0.8456344861652542, "b": 1.087806319916327}