{"w": -0.6881377583262236, "b": -0.003977064796119094}