{"w": -0.681767745918345, "b": -0.01669395725130158}