{"w": -0.4304952233656568, "b": -2.785733774273087e-17}