{"w": -0.463311468290277, "b": 0.05837508680592861}