{"w": 0.859323626465021, "b": 4.4294144055184843e-16}