{"w": -0.18853227964313757, "b": 4.4464973413630854e-17}