{"w1": 2.017053761015886, "w2": -0.4981329655199925, "b": 0.4172759362406006}