{"w": 0.9280903990103309, "b": -0.008313762968343692}