{"w1": 2.299560327621358, "w2": 0.8186159936221817, "b": 0.29794003323443713}