{"w": 0.4930297684823566, "b": 0.03852586116397753}