{"w": -0.14589157568994277, "b": -1.751725996174892e-16}