{"cc": -0.4312958290814094, "alpha": 2.5655896848607417e-16, "beta": -0.4312958290814093, "mx": 6.661338147750939e-18, "my": 2.536859611268483e-16, "sx": 1.0, "sy": 0.9999999999999998}