{"w": 0.924155750160887, "b": -7.044866085638191e-18}