{"w": 0.8637814795456616, "b": -0.01923854486376721}