{"cc": 0.32107101338139327, "alpha": 1.752963315192043e-17, "beta": 0.32107101338139327, "mx": 1.1102230246251566e-17, "my": 2.1094237467877975e-17, "sx": 0.9999999999999999, "sy": 0.9999999999999998}