{"cc": -0.8656800123401791, "alpha": -8.072702466051487e-17, "beta": -0.8656800123401791, "mx": 3.2751579226442116e-17, "my": -1.0907941216942163e-16, "sx": 1.0, "sy": 1.0}