{"w": -0.8463591066461819, "b": 0.13972405117976341}