{"cc": -0.009078827064651632, "alpha": -4.213807732153712e-17, "beta": -0.00907882706465163, "mx": 5.551115123125783e-18, "my": -4.218847493575595e-17, "sx": 1.0000000000000002, "sy": 1.0}