{"w1": 1.3039218440705784, "w2": -0.41217450558242547, "b": -0.03602299990566376}