{"w1": 2.374895076114746, "w2": -0.49383800627970414, "b": -0.6240134422448744}