{"w1": -1.433244102240808, "w2": 0.40202626850471845, "b": 0.05035119290972037}