{"w": -0.9999999999999993, "b": -1.7763568394002477e-17}