{"w": -0.40943301442027014, "b": 0.022504809022724774}