{"w": -0.3200737084105846, "b": -0.0023435713293012}