{"w": 0.48594050750904594, "b": 1.1799528981490031e-17}