{"w": 0.7902519716376113, "b": 0.02225761864284435}