{"w": 0.7911542015852088, "b": -1.7864218366814965e-16}