{"w": 0.7952350354977983, "b": -0.003600355331871037}