{"w": -0.2872909005585832, "b": -0.18796314341190412}