{"w": 0.14883440683274088, "b": 9.192532346578165e-17}