{"w": 0.02340207412716204, "b": -0.001166060742737604}