{"w": -0.9999999999999988, "b": 4.16333634234431e-18}