{"w": -0.1945132287393377, "b": -1.1709955438506677e-17}