{"w": -0.21375080081245898, "b": -1.1330851019207672e-17}