{"w": 0.4523326726309852, "b": 1.0105394185534604e-16}