{"w": 0.6827263281442055, "b": -3.575934773836843e-18}