{"w1": -1.7554093670455975, "w2": -2.6873767915803914, "b": -0.44406313674765097}