{"w": -0.4850971281856187, "b": 3.666134120006531e-17}