{"w": 1.0000000000000002, "b": -9.423885283244006e-17}