{"w": -0.40050794963581304, "b": 3.276334854984342e-17}