{"w": -0.2715273375379993, "b": -0.003553172780656217}