{"w": 1.0000000000000009, "b": 5.68989300120393e-17}