{"w": -0.43494586208884994, "b": -0.004914918010798212}