{"w": -0.4652315232394105, "b": -0.030170298763775645}