{"w": 0.2716236766691763, "b": 0.025148061562088375}