{"w": -0.26517688778994697, "b": -0.06236429379038421}