{"w": -0.3410011148263549, "b": -4.440892098500626e-18}