{"w": -0.3528870448412942, "b": 0.15798252260163842}