{"w": 0.09064246774187953, "b": 0.03788354748013856}