{"w": 0.2720494637547053, "b": 0.028445648592451748}