{"w1": -2.208130398198851, "w2": -0.29377736944494137, "b": -0.03462448741348494}