{"w": 0.6318615037499272, "b": -0.0004643846071560147}