{"w": -0.9237070466995536, "b": -7.515635690102742e-17}