{"cc": 0.4742537735697816, "alpha": -1.9876411574703282e-17, "beta": 0.47425377356978177, "mx": 4.191091917959966e-17, "my": 0.0, "sx": 0.9999999999999997, "sy": 1.0}