{"w1": -0.5541335588384797, "w2": -0.152159470374123, "b": -0.02009962928512546}