{"w1": 0.6434034010670654, "w2": 0.23009112911865084, "b": 7.828203575249383e-17}