{"w": -0.38544863800710333, "b": -0.07164607664146386}