{"w1": 0.7171547670345826, "w2": 0.12613728856236256, "b": 1.7465840712222206e-16}