{"w1": -1.1064153395460683, "w2": 0.1326985101392986, "b": 0.004101023047502875}