{"w": -0.10278044339246954, "b": -4.915360793514757e-17}