{"w1": 0.09556057353363821, "w2": -1.1323558996264038, "b": -0.12449074009494757}