{"w": 0.9347676449774258, "b": -0.003536918386797396}