{"w": 0.018886525655899822, "b": 8.981383411283433e-18}