{"w": 0.23677639513268697, "b": 0.01936861472575009}