{"w": 0.28629659115977596, "b": -0.01935829718931147}