{"w": 0.2691628781972422, "b": -0.03927446180278409}