{"w": -0.04464740232477708, "b": -3.9660760244446404e-17}