{"w": 0.24825607164014, "b": 1.33691438815438e-17}