{"w": 0.21174663201670338, "b": -0.13005683711927515}