{"w": -0.3082128563952507, "b": 0.030558766571893197}