{"w1": -0.5205559295497317, "w2": -0.4882911482906169, "b": 1.4368113453462442e-16}