{"w": -0.7634074615049019, "b": -6.316889464458732e-17}