{"w": -0.8032863001484938, "b": 0.026895625550133206}