{"w": 0.12489369581486683, "b": -0.014199401732455166}