{"w": 0.6007730998200765, "b": -0.014663405318976164}