{"w": 0.3270194507788783, "b": 0.05010716460916597}