{"w": 0.23178822372225094, "b": -0.022099554737047722}