{"w": 0.33933324523496483, "b": 3.615853316890308e-17}