{"w": 0.365498668315047, "b": -0.000368134057246606}