{"w1": -1.1551342277412364, "w2": -1.8933576658369573, "b": 0.12915617026970486}