{"cc": -0.3639493181264293, "alpha": 2.736297652910584e-17, "beta": -0.36394931812642933, "mx": 3.552713678800501e-17, "my": 1.4432899320127036e-17, "sx": 0.9999999999999999, "sy": 1.0}