{"w": -0.320424422926196, "b": 0.019956168241570982}