{"w": -0.3635857323940354, "b": 2.7350059369056918e-17}