{"w": -0.3336825594100871, "b": 0.0565947836375024}