{"w": -0.8866924664662804, "b": -6.513594846449872e-18}