{"w": 0.4560557436485698, "b": -0.004356490546809984}