{"w": 0.4560331375749331, "b": -0.004333809148727381}