{"w": 0.47989571935199815, "b": -0.004353495944355201}