{"w": -0.5719620179828849, "b": 1.5854406476746464e-18}