{"w1": -0.5445653170829667, "w2": 0.12705237956697482, "b": 6.046746254787196e-18}