{"w1": -1.1911333325554079, "w2": -0.902434540881453, "b": -0.020798772077468868}