{"w": -0.2889897341800318, "b": -0.004257569947793074}