{"w": 0.4211801540876187, "b": 0.01928574614553094}