{"w": 0.7947395583094429, "b": 2.8976878238972565e-17}