{"cc": -0.439140270485184, "alpha": 3.276614775491623e-17, "beta": -0.43914027048518395, "mx": 8.881784197001253e-18, "my": 2.886579864025407e-17, "sx": 1.0, "sy": 0.9999999999999999}