{"w1": 28.19032974256519, "w2": 25.468584047242945, "b": 10.588758807297168}