{"w": -0.3480437235185438, "b": 4.1585409990128153e-17}