{"w": -0.5108951567011234, "b": 2.234438528359782e-17}