{"w1": -0.3533556191919055, "w2": -0.5361716683874316, "b": -0.010571358777842044}