{"w1": 0.005362979325553409, "w2": 0.41710961496007687, "b": 0.00669886209328684}