{"w1": 1.7705560591782108, "w2": -0.3789302281028146, "b": -0.15844622996483554}