{"w": -0.28589486984917556, "b": 0.0009324066311213637}