{"w": 0.20871714814700748, "b": -3.145428232684474e-17}