{"w": 0.20563084119312453, "b": -0.008252292585787063}