{"w1": -0.05408565426733143, "w2": 1.9912456929482287, "b": -0.02430433324043943}