{"w": -1.000000000000002, "b": 5.681566328519252e-16}