{"w": -0.40480777462824924, "b": -1.4216620193858213e-16}