{"w": -0.37168713852230156, "b": -1.38709700415847e-16}