{"w": -0.2069312268834733, "b": -4.6898699302879225e-17}