{"w": -0.3438745311531403, "b": -0.08924148521843572}