{"w1": -0.525442213710436, "w2": 1.0108860166003049, "b": 0.022758999858160114}