{"w1": -0.219269164771431, "w2": 0.37047180062491525, "b": -0.0031644251542838897}