{"w": 0.8804079643921798, "b": -1.0133273518021726e-17}