{"w": 0.9618536809343479, "b": -0.0634123235632652}