{"w": 0.9619400300209784, "b": -0.06346660961324696}