{"w": 0.7507989019761278, "b": 0.0034753478898196188}