{"w": 0.1698398589369698, "b": 1.9807801097675704e-16}