{"w": 0.1823125518594371, "b": 0.001444658529565389}