{"cc": -0.8547986531010066, "alpha": -6.312150652510008e-17, "beta": -0.8547986531010066, "mx": -1.1102230246251566e-18, "my": -6.217248937900877e-17, "sx": 0.9999999999999999, "sy": 0.9999999999999999}