{"w": -0.849661745198326, "b": -0.026395847497405645}