{"w": -0.7592959400667656, "b": -0.016756658117912986}