{"w": 0.38284654868864754, "b": 0.014374438891799967}