{"w": 0.9732199891608198, "b": -4.8374104529372984e-17}