{"w": 0.9651422328178311, "b": 0.001300082504330414}