{"w1": -0.46335071151452933, "w2": -0.2779901431790354, "b": -7.304474791054366e-18}