{"w1": -1.4160854991715783, "w2": -0.8492998068034211, "b": -0.15941296223949222}