{"w": -0.2440832384286747, "b": -0.06807457884811847}