{"w1": 0.6061141993779642, "w2": 0.14477416714963603, "b": 5.1531456413130894e-17}