{"w1": 1.0668154607902636, "w2": 0.3782426712792334, "b": -0.01466028672871474}