{"w": -0.033743627882791956, "b": 7.181908235606314e-17}