{"w": 1.0000000000109732, "b": 1.199734260662933e-12}