{"w": 0.955212761137083, "b": -0.001175517487868406}