{"w": 0.12248955890938086, "b": 0.011905202491879074}