{"cc": -0.20801135162821416, "alpha": 7.328644965107366e-17, "beta": -0.20801135162821416, "mx": 2.5091040356528535e-16, "my": 2.1094237467877975e-17, "sx": 0.9999999999999999, "sy": 0.9999999999999999}