{"w": -0.2988345332892978, "b": 0.06236898920925783}