{"w": -0.1464864303584419, "b": 1.1739972052587164e-16}