{"w": 0.3759948214769172, "b": 3.707246949991871e-17}