{"w": -0.31850804605267025, "b": 0.06741271596089256}