{"w": -0.3145800090986222, "b": 0.07009588403850349}