{"w": -0.31458008161911116, "b": 0.07009578132785367}