{"w1": -0.9799832115667619, "w2": -1.5188371286392066, "b": 0.09253019535610828}