{"w": -0.273654669881616, "b": -1.1267022741747539e-17}