{"w": -0.0017444027110557574, "b": 1.3090560975095877e-16}