{"w": -0.001601678852878468, "b": 1.3091384942726138e-16}