{"w1": 0.28674364284507764, "w2": 0.8705876374240551, "b": 1.4471771514736875e-17}