{"w1": 0.13482265294768686, "w2": 0.7725279209970284, "b": -0.010476788384156678}