{"w1": 1.0805394502347092, "w2": 0.020675627168310402, "b": 0.00899171688491601}