{"w": -0.17594956794581695, "b": 0.09202124651212923}