{"w": -0.709312531989767, "b": -0.01942128762128545}