{"w1": 0.5969565785406757, "w2": -0.16485897120511464, "b": 3.9923258849951434e-17}