{"w": 0.028400900513333823, "b": -0.1795906395371885}