{"w": 0.7683158631077801, "b": -0.0033410576660994912}