{"w1": 0.15824459553461878, "w2": 0.8109233810673826, "b": -0.00530814083841076}