{"w1": 0.15001004710033336, "w2": 0.5457931484394817, "b": 4.268582231701409e-17}