{"cc": -0.73740513888285, "alpha": 2.0051823627345868e-17, "beta": -0.7374051388828501, "mx": 1.6653345369377347e-17, "my": 7.771561172376097e-18, "sx": 0.9999999999999999, "sy": 1.0}