{"w": -0.7345597921858309, "b": -0.0016179977417276085}