{"w": -0.7020380499158279, "b": -0.0017959798382007354}