{"w": 0.98133647516841, "b": -1.2336777320808891e-17}