{"w1": -0.8582829902414355, "w2": 0.24786503914519947, "b": -4.6913025285693556e-17}