{"w1": -0.7475688937272734, "w2": 0.17482525838193075, "b": -3.529914808761678e-17}