{"w": -0.2009747224442143, "b": -1.2064889707628375e-16}