{"w": -0.05696986912337718, "b": -0.030992719024288184}