{"w1": 0.24851653549677366, "w2": -0.8072643183496099, "b": -0.012540565910312204}