{"w": 0.035994085221634706, "b": 5.597953899380254e-05}