{"w": 0.4340587842027772, "b": 0.0267144191220602}