{"cc": 0.4216422645458319, "alpha": 1.070123546261974e-16, "beta": 0.42164226454583204, "mx": -2.353672812205332e-16, "my": 7.771561172376097e-18, "sx": 0.9999999999999998, "sy": 1.0}