{"w": 0.4392690347356514, "b": 0.05255123809768598}