{"w1": 0.18341217717542171, "w2": -0.6970478187126662, "b": -4.936478046690275e-17}