{"w1": -0.6228574136545405, "w2": 0.2293028339833225, "b": -2.712056957778236e-17}