{"w": -0.45282526468908296, "b": -0.017515454940843198}