{"w1": 0.5993431030498391, "w2": -0.4525120328563065, "b": -0.014651553356592809}