{"w": -0.17484690724741078, "b": 0.058759945674835765}