{"w1": 0.736483637436238, "w2": -0.1086391911740016, "b": 4.710972334242577e-18}