{"w": -0.17222877583856552, "b": -3.069190617983572e-17}