{"w": 0.9269583403357169, "b": 0.024704800049504642}