{"w": 0.15318630122121893, "b": 0.10513400789536802}