{"w": 0.22502586880035097, "b": 0.08753269722826326}