{"w": 0.02335854467805322, "b": -0.004864585063788937}