{"w": 0.07467834173184328, "b": 0.10798481868881593}