{"w": 1.0000000000000002, "b": 2.4646951146678477e-16}