{"w": 0.5005360670219161, "b": 0.0016497849557129208}