{"w1": -0.32322658643849134, "w2": -0.4694715356718278, "b": -3.835055011740631e-17}