{"w": 0.5157328944516597, "b": -1.132740680380236e-17}