{"w": -0.2544049114452901, "b": 0.21288253854587635}