{"w1": 0.4400154329555179, "w2": 0.597047363069531, "b": -0.0059346037834225596}