{"w": -0.3285468534929897, "b": 1.3399887010608562e-18}