{"w1": 1.355844511067372, "w2": -0.04079659980703007, "b": -0.2154034088377626}