{"w": -0.38171080947400043, "b": 0.11113765410326162}