{"w": 0.21274827055523368, "b": -3.999625060759033e-18}