{"w": -0.9999999999999993, "b": -2.969846590872293e-17}