{"w": 0.9331200893740614, "b": 0.01773615635471987}