{"w1": -0.6534208925575232, "w2": -0.20764165143507513, "b": -1.1664880663272886e-16}