{"cc": -0.5839311423842997, "alpha": -1.5983549031801384e-17, "beta": -0.5839311423842996, "mx": -1.176836406102666e-16, "my": 5.2735593669694933e-17, "sx": 1.0, "sy": 0.9999999999999999}