{"w": 0.4219081197010126, "b": 0.0362243432299639}