{"w": 0.5613685254141101, "b": -0.010589326792066412}