{"w1": 1.226838334407353, "w2": -0.4913086004291527, "b": -0.03757069776219573}