{"w1": 1.0516092142133293, "w2": -0.5276224785679497, "b": -0.006704178212651213}