{"w": -0.1101464117983703, "b": -1.2466666718293115e-17}