{"w": 0.7428892345315974, "b": -0.001805072661373773}