{"w": 0.24580779669249747, "b": -0.08576669232403993}