{"w": 0.2601924305082519, "b": -0.04841387528344301}