{"w": -1.0000000000000038, "b": 8.174017018802686e-17}