{"w": 0.3398899243750461, "b": -0.0040404620476952}