{"w": -0.9277550507037997, "b": 0.029205333289231642}