{"w": -0.9139303421305456, "b": -0.025042160117838858}