{"w1": 0.48760052297941625, "w2": 0.21209698835788912, "b": 0.0009981515234056546}