{"cc": 0.9092273047646964, "alpha": -5.0168228904533114e-17, "beta": 0.9092273047646962, "mx": 2.3314683517128286e-17, "my": -2.896988204881268e-17, "sx": 1.0, "sy": 0.9999999999999998}