{"w": 0.7135865073470373, "b": -0.02122870514395485}