{"w": -0.9999999999999999, "b": -2.253752739989068e-16}