{"w": -0.19841115750492713, "b": -0.0057709316025123135}