{"w": 0.7319064737076524, "b": -6.24746657044142e-17}