{"w": 0.8038335863261789, "b": -0.007830091811955587}