{"w": 0.5899523131926189, "b": 0.04688577953035655}