{"w": 1.0000000000000002, "b": 6.150635556423368e-16}