{"w": 0.5489848030116419, "b": 3.8873474546148545e-16}