{"w": 0.5644302890590873, "b": 0.08199052472181835}