{"w": 0.4990941277410224, "b": -0.04284370026522808}