{"w1": -0.7751682292420927, "w2": -1.0049943500231842, "b": -0.05336273963308748}