{"w1": 0.7012335060378041, "w2": -0.5020946339688671, "b": -0.0038443807454503027}