{"w": 0.2939385655637618, "b": -0.02627224324194581}