{"w": 0.8352634147685544, "b": 1.1097816416348895e-17}