{"w": -0.4708527486869533, "b": 7.314527982721121e-17}