{"w": -0.47508618998383895, "b": 7.316408008321602e-17}