{"w": 0.17545612317410736, "b": -0.25962168891456705}