{"w": 0.3375404047247363, "b": 0.07402954797167033}