{"w": 0.0497951786464915, "b": -1.397698544638177e-17}