{"w": 0.29518378360592884, "b": -0.00042685152769071644}