{"w": -0.9999999999999997, "b": 1.8429702208777593e-16}