{"w": 0.6895154865502828, "b": 0.01053811878621977}