{"w1": -1.306356781505057, "w2": 0.09505754044701671, "b": 0.07263693403979547}