{"w": -0.2718871684446135, "b": 0.043226753482427244}