{"w": 0.04541226581020802, "b": -0.05450655002277359}