{"w": -0.6171128767915116, "b": 0.24631669164617348}