{"w": -0.6128901246196772, "b": 2.8941088750100495e-16}