{"cc": -0.26275840307749815, "alpha": 3.160692999626426e-18, "beta": -0.2627584030774982, "mx": -1.3322676295501878e-17, "my": 6.661338147750939e-18, "sx": 1.0000000000000002, "sy": 1.0000000000000004}