{"w": 0.815443711933002, "b": 8.864725506340612e-19}