{"w": -0.9999999999999991, "b": 2.943478794037446e-16}