{"w1": 0.04272540552328928, "w2": 0.6859712397834068, "b": 7.057711413598475e-18}