{"w": 0.7546799199957053, "b": -0.0016177474698195902}