{"w": -0.5360019947481113, "b": 9.994173963255083e-18}