{"w": -0.3892524065915794, "b": -0.03994636343703469}