{"w": 0.24559615274357197, "b": -3.9285796806046566e-17}