{"w1": -0.38247892423052454, "w2": -1.1271684441463679, "b": 0.05931076788370937}