{"w": 0.7037083666796582, "b": -0.005461356607583569}