{"w1": -0.8886264888683342, "w2": 0.3356798846846887, "b": 0.043451334358992004}