{"w1": 0.6169752490719675, "w2": 0.6977463509012843, "b": 0.01404725075111525}