{"w": 0.1702107388368968, "b": -0.030538301272598958}