{"w": 0.20552175478490287, "b": -0.09813118722074705}