{"w": 0.5631308585768481, "b": 1.8335489355530258e-17}