{"w": 0.7940511405438834, "b": 0.009204996020149922}