{"w1": -0.3981772111047949, "w2": 0.46402281972757053, "b": 1.6688047993973223e-19}