{"w1": -0.5097754041365642, "w2": 0.6281281424939239, "b": -0.11096976829552421}