{"w": 0.14215754300440953, "b": -0.0033908938385097676}