{"w": 0.27167974506854226, "b": -4.3607050299177516e-17}