{"w": 0.288406722920487, "b": 0.004655429009564907}