{"w": 0.2875361469236411, "b": 0.004285202214374005}