{"w": 0.027853790517833356, "b": -0.19367957031364455}