{"w": -0.3384734214246922, "b": 0.010656058789903208}