{"w": 0.39091422773655354, "b": -1.2592422677670713e-16}