{"w": 0.00940137924319538, "b": 4.5635342239642115e-18}