{"w": 0.31288395101271665, "b": 0.03131095522952081}