{"w": -0.3148761234401556, "b": 2.834510013439503e-17}