{"w": -0.28625102130923225, "b": 2.6676637142325148e-17}