{"w": 0.047133075537310165, "b": 0.1296462296817521}