{"w": 0.9136653340316265, "b": -4.80309681207669e-17}