{"w": 0.24098802645864814, "b": -0.015537649500929063}