{"w": -0.2731190009733257, "b": -0.004836708803886276}