{"w": 0.45144853280684066, "b": 9.4091789341502e-19}