{"w": 0.4533605045115037, "b": -0.001529782030124452}