{"w": -0.7648735284323066, "b": 0.006764308007106239}