{"w": 0.3452942168568276, "b": -0.045646792784611756}