{"w1": -0.5053584015586343, "w2": -0.5798287657839899, "b": 0.01251344734749538}