{"w1": -1.5564785250967887, "w2": 0.5589136925222751, "b": -0.026504015255836857}