{"w": -0.42596569695482706, "b": -0.003711630899633226}