{"w": -0.05825874993696019, "b": -0.09454964331409078}