{"w": 0.6626617446158736, "b": -1.0811335420077418e-17}