{"w": -0.4305934136887775, "b": 0.01110533651041623}