{"w": 0.5345523538958893, "b": 0.0447408688930957}