{"w": 0.0919260328168153, "b": -5.944175133878007e-17}