{"w": -0.0460044073388676, "b": -0.037244420962967005}