{"w": -0.7545608191088277, "b": -1.928389235896312e-17}