{"w": 0.009398667373215716, "b": -0.03952460443497792}