{"w": 0.2753959738317055, "b": -0.003923548944526058}