{"w": 0.27684286446832984, "b": -0.003917123850458625}