{"cc": 0.28645894406483285, "alpha": 9.445511353574958e-18, "beta": 0.28645894406483285, "mx": 9.492406860545088e-17, "my": 3.663735981263017e-17, "sx": 1.0, "sy": 1.0}