{"w": -0.49345230359935666, "b": 1.008451378393665e-18}