{"w": 0.2727151911791225, "b": 4.5268725271179874e-17}