{"w": 0.8772969622441373, "b": 0.01914151213978932}