{"w": 0.8211016889358443, "b": 0.023022039422825963}