{"w": -0.2764955393617328, "b": 4.36516894545722e-17}