{"w": -0.7501251393379267, "b": -2.3876741658153493e-17}