{"w": 0.3843247693919591, "b": 0.17956771930688029}