{"w": 0.5122095371666467, "b": 0.00025193575705549295}