{"w1": 1.763622563367681, "w2": -0.6505221922819026, "b": 0.03371281977512802}