{"w": 0.7916646381235546, "b": 0.019454293387207906}