{"w": 0.780292764897629, "b": 0.03741987748049824}