{"w": 0.6704873536101431, "b": 0.004165436923449949}