{"w": -0.20748312303954644, "b": -0.004672177020558419}