{"w": 0.14946197277794462, "b": 0.01411480308201818}