{"w": 0.15479290050781305, "b": 0.013802243601477688}