{"w": -0.30081714592402337, "b": 1.0532945474134057e-17}