{"w": -0.3276226341746789, "b": 6.426055780710889e-18}