{"w": -0.27279159611252907, "b": -0.05164189720079338}