{"w": -0.31345802572948644, "b": -0.06280760447250142}