{"w": 0.24900765051019128, "b": 0.08681790776549067}