{"w": 0.28406646567698723, "b": -0.0071077752197623995}