{"w": -0.3937138472811224, "b": -0.1597657278044501}