{"w1": -0.8673072137968524, "w2": 0.10639778967178092, "b": -9.51830193568618e-17}