{"w": 0.3023009359181268, "b": -0.050054195005590295}