{"w": 0.4497855115846437, "b": 0.009952759752396957}