{"w": 0.42702758958711345, "b": 0.008876521457827661}