{"w": -0.6123937852484473, "b": 0.031386785998452106}