{"w": -0.8480631779608907, "b": 0.019768171163418398}