{"w": -0.1443280023463258, "b": 0.008365665428417355}