{"w": 0.17335149274493877, "b": -0.029263195601879934}