{"w": -0.20134156857699034, "b": -0.030355553887874333}