{"w": -0.21794206292392238, "b": -0.11323399249930655}