{"w": -0.18928338169609532, "b": -0.07227688970803071}