{"w1": -1.9038964307244766, "w2": 1.8552547429143171, "b": 0.08238888291859157}