{"w": 0.567564692716178, "b": 0.11948026675705904}