{"w": 0.4126998341318613, "b": 0.026094276803174}