{"w": 0.5762056359404727, "b": -0.06714218034732386}