{"w": 0.5838206525781764, "b": 0.007058400562037215}