{"w": 0.7127787203263776, "b": 0.09317892098304935}