{"w1": -0.43797707753033216, "w2": -0.5511077141644285, "b": 1.2870881784083957e-16}