{"cc": -0.34402063328823235, "alpha": 3.4808896742307624e-17, "beta": -0.3440206332882324, "mx": -9.853229343548264e-18, "my": 3.819861094100929e-17, "sx": 0.9999999999999999, "sy": 1.0}