{"w1": -0.7618999049160857, "w2": 0.07770321728756731, "b": -2.5923038418249488e-17}