{"w": 0.2514453088395468, "b": -0.028084952614325188}