{"w": -0.16233511621559432, "b": 0.12234232427847104}