{"w": 0.5377958870734614, "b": -1.9796952428059623e-17}