{"w": 0.5508599246262504, "b": -0.009152503750872185}