{"w": -1.0000000000000016, "b": -4.218847493575598e-16}