{"w": 0.08543829388576447, "b": 0.008797198846549609}