{"w": 0.6923220057322089, "b": -0.09851859713520661}