{"w": 0.6892281281535094, "b": -0.1401790045572797}