{"w1": -36.99383265628661, "w2": -18.20785685460704, "b": -3.9752787433906653}