{"w1": -0.5957337511775791, "w2": -0.38315111108062594, "b": 2.477666955938437e-17}