{"w": -0.4436274154688592, "b": -0.008654830220869415}