{"w1": 0.06444181389803552, "w2": 2.4393695371742665, "b": 0.04658142360552193}