{"w": -0.16682235539824852, "b": -0.17036166999897207}