{"w": -0.17210125132951762, "b": 1.3374954025498192e-18}