{"w": -0.19178735961255472, "b": -0.14521326436616008}