{"w1": 2.2001924841708185, "w2": -0.08956728216562901, "b": -0.001223987272559653}