{"w1": -0.5623589399336002, "w2": -0.9182064420680297, "b": -0.0768468314954923}