{"w": 0.11460831079767202, "b": -0.185808644820842}