{"w": -0.24855322996368753, "b": -0.019008481686481876}