{"w1": -1.5026465034706984, "w2": 0.03252629445144015, "b": -0.42623297091537626}