{"w": 0.5907775642542917, "b": 0.031732640232110594}