{"w": 0.5538041660477138, "b": 0.03265559693703006}