{"w": 0.5642833778068461, "b": -0.024140080423648062}