{"w": -0.23652279464994638, "b": -9.828908956951905e-18}