{"w": 1.0000000000000002, "b": 5.231926003546051e-17}