{"w1": 0.08385853003795413, "w2": -0.35662143947691083, "b": 0.0042155436872976515}