{"w1": 0.08430995426486788, "w2": -0.35833119784638173, "b": 0.004304809947689003}