{"w": -0.9999999999999943, "b": -1.6875389974302293e-16}