{"w": 0.6035959881222039, "b": -0.023168658181221113}