{"w": 0.5550706192511279, "b": -9.286466779159346e-18}