{"w": 0.6035036529941122, "b": 0.004611269042272572}