{"w": 0.5512372511138125, "b": 7.321201548249583e-17}