{"w": 0.5796055728849622, "b": -0.006350896431469494}