{"w": 0.11923639795722243, "b": -0.025068236982451808}