{"w1": -1.666944229948832, "w2": -0.546018625951979, "b": -0.06152686514916943}