{"w": 0.8192404901965364, "b": 0.038251720044950026}