{"w": 0.2814549932240825, "b": -1.609823385706477e-17}