{"w": 0.795162237289763, "b": 9.853959599352811e-17}