{"w": -0.2576206511592627, "b": -0.017448059664539068}