{"w": 0.1011181638358551, "b": 1.5063032209061915e-17}