{"w": 0.18712351278165523, "b": -0.02292054513763437}