{"w1": -1.63350833182088, "w2": -1.4979778553296998, "b": -0.2783335650532882}