{"w1": -0.4907528469809097, "w2": 0.8125552274923412, "b": 0.03127248659519268}