{"w1": 0.5577201787785745, "w2": 0.39122391430862075, "b": -2.7894636069721974e-17}