{"w1": 0.5989496017314911, "w2": 0.407201987937516, "b": -0.013995983320024894}