{"cc": 0.4195343972746166, "alpha": 3.2808887996330747e-17, "beta": 0.41953439727461656, "mx": -1.9984014443252817e-17, "my": 2.4424906541753444e-17, "sx": 1.0, "sy": 0.9999999999999999}