{"w": -0.5378803279876866, "b": -0.001280713954676804}