{"w": -0.6195168410674747, "b": -0.0011188700400115233}