{"w1": -0.13913005769354744, "w2": -1.14363686758846, "b": 0.056991257688186914}