{"cc": -0.6768030543049737, "alpha": -9.103698421417666e-17, "beta": -0.6768030543049739, "mx": -8.201772594418344e-17, "my": -3.552713678800501e-17, "sx": 0.9999999999999998, "sy": 1.0000000000000002}