{"w": -0.6432004545254768, "b": 0.13606073992050882}