{"w": -0.9999999999999996, "b": 7.188694084447878e-17}