{"w": 0.24579483731801238, "b": -6.589532660115856e-17}