{"w": 0.2727282222859275, "b": 0.18078951747926023}