{"w": 0.5691078000551418, "b": 0.001774448687035357}