{"w": -0.3753147497345515, "b": -0.08718165674590417}