{"w": -0.3730356385615807, "b": 5.415390476064305e-17}