{"w": -0.3425145408610877, "b": 5.4628297916297946e-17}