{"w": -0.35254800653175516, "b": -0.0581134911953253}