{"w": -0.3622226567866199, "b": -0.07110618976322142}