{"w": 0.405765784876019, "b": -5.949983253508954e-16}