{"w": -0.3444751860193743, "b": -0.01138623116928656}