{"w1": -4.899344342549138, "w2": 1.0061651007450136, "b": -1.0969467483267896}