{"w1": -0.7604943570553906, "w2": 0.037816319939663126, "b": 4.070943914056745e-17}