{"w": 0.22837014758695373, "b": -0.0322436118773613}