{"w": 0.281702387063833, "b": -1.9655913938757116e-17}