{"w": 0.3006900472853994, "b": 0.0010394798249745707}