{"w": 0.2109842986449455, "b": -0.009012912813016132}