{"w": -0.6845123108203643, "b": -1.0571510035426773e-18}