{"w": 0.5138949423889887, "b": -0.1559129211719129}