{"w": 0.4967715866292501, "b": 0.07111075028919397}