{"w": 0.4433604749135222, "b": -0.003807173772571575}