{"w1": -1.3501604597044123, "w2": 0.5544548192552938, "b": 0.12312097643685653}