{"w": 0.23513781760993868, "b": -0.19241651255318654}