{"w": 0.0054865238512933874, "b": -6.847130729375624e-17}