{"w": -0.04177042493258245, "b": 0.07859928551072362}