{"w": 0.19466724221164208, "b": 0.054946905166134666}