{"w": 0.4899046637679839, "b": -1.2223037718863243e-18}