{"w": 0.525020713402556, "b": 0.025422693418215337}