{"w": -0.19424978930185333, "b": 0.009938843726682073}