{"w": -0.21057989945436092, "b": 0.032194563090140946}