{"w1": 0.12552303965419923, "w2": -0.7987783569498268, "b": -4.958606107422079e-17}