{"w": 0.7190085662164591, "b": 7.661489910988264e-19}