{"w": -0.15707804356282704, "b": 0.06957297804978767}