{"w": -0.4259662086624806, "b": 0.049490884236914716}