{"w": -0.39248123874334756, "b": 0.01551658057539694}