{"w": -0.5943818291316072, "b": 0.004277204528787108}