{"w": 0.08792344156475707, "b": 0.0004126229934371231}