{"cc": -0.16351889880392873, "alpha": -6.59578390596858e-17, "beta": -0.1635188988039287, "mx": 2.6201263381153693e-16, "my": -1.0880185641326534e-16, "sx": 1.0, "sy": 0.9999999999999999}