{"w": -0.1796070520078813, "b": 0.08291854465958919}