{"w": -0.5645683107673765, "b": 0.040442754801597536}