{"w1": -0.030418625742262027, "w2": 1.3660526883733513, "b": -0.01292624705753019}