{"w": -0.22150217645563164, "b": -0.06759901619336399}