{"w": -0.7220448886561447, "b": 0.008242751613108822}