{"w1": -0.6947447975449302, "w2": 0.16845930095081899, "b": 0.03592530948996088}