{"w": -0.40419983837370577, "b": 0.015733763779531312}