{"w": 0.0006178523346429282, "b": 0.0033442776152427245}