{"w1": 0.06679139290009847, "w2": 0.5852294415106251, "b": 1.0560728352995707e-06}