{"w": 0.6487436842477903, "b": -0.058859470948114716}