{"w": 0.6871272884382574, "b": -5.42806137742848e-18}