{"w": 0.645077035554181, "b": -0.07716690237212169}