{"cc": 0.3192042323129096, "alpha": 1.2781394053193683e-16, "beta": 0.31920423231290945, "mx": 6.217248937900877e-17, "my": 1.4765966227514583e-16, "sx": 1.0000000000000002, "sy": 0.9999999999999997}