{"w": 0.31604379436921726, "b": 1.2801043282642404e-16}