{"w": 0.2916680764293167, "b": 0.04206476563259667}