{"w": 0.30998283123747944, "b": 0.04488311009085039}