{"w1": -0.09372648724182439, "w2": 0.34311470351525336, "b": -4.690167896814117e-18}