{"w1": -0.14271635842106853, "w2": 1.2662672717850931, "b": 0.03470342443598738}