{"w1": -1.8134144898817406, "w2": 2.6157090214144385, "b": 0.8548334742747663}