{"w": 0.8980032085587827, "b": -0.010857211392243417}