{"w": 0.43126370503839845, "b": 0.04342818906757587}