{"w1": 0.5541562046729632, "w2": 1.886460313263909, "b": 0.01796376007258702}