{"w": -0.9535189015547678, "b": -4.9081304087179625e-17}