{"w": -1.020486629700116, "b": 0.006916538443903275}