{"w": -0.2943737538935136, "b": -0.04271755376010554}