{"w1": 0.860692991306119, "w2": -0.6536052294862172, "b": 0.12596950508088356}