{"w": 0.4761845824939392, "b": 2.146412859652702e-17}