{"w": 0.4886289834809727, "b": -0.017890690924722882}