{"w": -0.15081013743880642, "b": -0.1187701107286354}