{"w1": -0.22219508135745925, "w2": 0.7297965887696578, "b": 8.833942613454409e-18}