{"w1": -2.28152426766677, "w2": -0.6124988204996591, "b": -0.09099898381621538}