{"w1": -0.8567614639614051, "w2": 0.0012196024750992839, "b": 8.949911053466145e-17}