{"w": -0.4470971661214727, "b": 0.03631984519851343}