{"w": -0.4686051394161656, "b": 0.1150033554938038}