{"w1": -0.5257515773369335, "w2": -0.46421899870311223, "b": 6.899584998101661e-17}