{"w1": -0.8029118153116287, "w2": -0.7679045637250544, "b": 0.04945308210865451}