{"w": 0.38978109452856585, "b": -0.12817931100347615}