{"w": 0.413728597668847, "b": 0.01841271731924385}