{"w": 0.0042747807104304815, "b": -0.03235803526575576}