{"w": 1.0000000000000007, "b": 1.5210272277799144e-17}