{"w": 0.32883324505491174, "b": 1.3198235823010314e-17}