{"w": 0.11522846621259575, "b": -2.5348030145959653e-17}