{"w": -0.5220667648959555, "b": 0.06907480747163292}