{"w1": -4.282365397068838, "w2": 0.7618427184895218, "b": 0.7156953186508226}