{"w1": -1.4406920218467496, "w2": 0.37706971368495307, "b": 0.0701034942107347}