{"w": 0.25275902071640655, "b": 0.06527576607023666}