{"w1": 0.6501661837962344, "w2": 0.042477699535155164, "b": -0.008699110915171848}