{"cc": -0.8998675006065354, "alpha": 2.96395713683121e-17, "beta": -0.8998675006065355, "mx": 2.55351295663786e-17, "my": 6.661338147750939e-18, "sx": 0.9999999999999999, "sy": 1.0}