{"w": 0.006580029487224116, "b": 0.0025621011928436115}