{"w": -0.021795378523768935, "b": 1.2717733018814154e-17}