{"w": 0.6175210824040412, "b": 0.08534191855047366}