{"w": 0.5731263098538255, "b": 0.14017923253909767}