{"w1": 0.5228701237202811, "w2": 2.0251285538180754, "b": 0.010396397228455053}