{"w": -0.033093614157022944, "b": -0.03780096619365858}