{"w": -0.10762119534957856, "b": 0.006055121347037131}