{"w": 0.7752730009232737, "b": 0.03417693777168314}