{"w": 0.43935578333905456, "b": 3.5808128871299257e-16}