{"w": 0.25662943122132853, "b": 1.9057563258205838e-16}