{"w1": -0.6869107369775914, "w2": -0.33479663250013514, "b": -3.0511364705925957e-17}