{"w": 1.0000000000000007, "b": 6.661338147750976e-18}