{"w": -0.2580388050724169, "b": 3.402068005730436e-18}