{"w": -0.3250907281298143, "b": -0.03697528265776641}