{"w": 0.9235760614677286, "b": 0.006343930704553203}