{"w": 0.06874723077274286, "b": 0.005004572224985239}