{"w": 0.06856513841282834, "b": 0.00484431040611524}