{"w1": -0.559742352005744, "w2": -2.6309387450361603, "b": -0.4783165884103803}