{"cc": 0.4992424410439832, "alpha": 1.6617683219879437e-16, "beta": 0.4992424410439832, "mx": 2.6201263381153693e-16, "my": 2.9698465908722935e-16, "sx": 1.0, "sy": 1.0}