{"w": 0.45385676458543933, "b": 1.780684528250157e-16}