{"w": 0.5389943613020614, "b": 0.005239633515566888}