{"w": -0.31896200290596316, "b": -6.164131093959864e-17}