{"w": -0.34253823465113037, "b": -0.04155193328997726}