{"w": 0.2763583158613355, "b": -0.01974353384191641}