{"w": 0.9999999999625728, "b": 4.578972298595419e-11}