{"w": 0.9434030270918582, "b": 0.015545015707459703}