{"w1": 0.5923115951469902, "w2": -0.3493137105923861, "b": -4.808052564418818e-17}