{"w1": 0.2512166483263462, "w2": -0.7681935625109109, "b": -0.04203870472335415}