{"w1": 1.2887434659288255, "w2": 4.959386827050653, "b": -1.4811562079756195}