{"w1": 0.24472747600154734, "w2": 0.6799041345072254, "b": -3.768305527883675e-17}