{"w1": 0.38336777683253753, "w2": 1.4269582611829683, "b": -0.3564994382231633}