{"w1": 0.2862034870376943, "w2": 0.9332757610885913, "b": -0.14872785887343487}