{"w": 0.5276493988916856, "b": 1.3223552429263915e-17}