{"w": -0.2419850228521544, "b": 0.037059482217244755}