{"w": -0.15434006534763686, "b": 6.996913361119178e-18}