{"w": 0.5186235397528454, "b": 5.2800770636391286e-17}