{"cc": 0.15390838224109482, "alpha": -1.1272204739739401e-17, "beta": 0.15390838224109485, "mx": -1.3322676295501878e-17, "my": -1.3322676295501878e-17, "sx": 0.9999999999999998, "sy": 1.0}