{"w": 0.01676135301095621, "b": -0.17043955744906011}