{"w": 0.8902797794217858, "b": 0.02268197895346511}