{"w": 0.1536325998699193, "b": 6.333563249658497e-17}