{"cc": 0.9335884783912722, "alpha": 3.49372839848818e-17, "beta": 0.933588478391272, "mx": -8.881784197001253e-18, "my": 2.6645352591003756e-17, "sx": 1.0, "sy": 0.9999999999999998}