{"w1": 2.330461164194659, "w2": 0.6072923745076964, "b": 0.012962874184181936}