{"w": -0.5318274943574991, "b": -0.027009106015322967}