{"w": -0.5855377869252942, "b": 0.07597712269167234}