{"w1": -0.2973508132333526, "w2": 1.1608504225853356, "b": 0.07182753461947908}