{"w": 0.40497614292953266, "b": -0.007702674150064883}