{"w": 0.8471783367538006, "b": 0.037856108457592706}