{"w": 0.972120734490912, "b": -1.294179883964915e-16}