{"w": 0.9867272231670177, "b": 0.036308755027838924}