{"w1": 0.9715698793076886, "w2": -1.0865342606008284, "b": 0.07169548841620646}