{"w": 0.4328004242666204, "b": 0.07879016574374417}