{"w1": -0.8392064257015711, "w2": -1.8335353216560955, "b": 0.027764112408691265}