{"w": -0.2789478958672811, "b": 0.009725218144842066}