{"w": -0.001220163661787213, "b": -0.006036313008775789}