{"w": 0.9912185626796017, "b": -0.007060488178754291}