{"w": 0.4601740247987422, "b": -0.12791642747571558}