{"w": 0.47331106121413763, "b": 2.7502787620481787e-17}