{"w": 0.7227221423764868, "b": -0.0289268382672373}