{"w": -0.2605100615340835, "b": -0.009522965496629732}