{"w": -0.6026276626062165, "b": 0.0233000497934666}