{"w": -0.5571887751499477, "b": -0.0005077477777487463}