{"cc": -0.5062564182782382, "alpha": -1.685717092422945e-16, "beta": -0.5062564182782382, "mx": 6.938893903907228e-18, "my": -1.7208456881689927e-16, "sx": 1.0, "sy": 1.0}