{"w": -0.9735888719770975, "b": 5.322378293584888e-16}