{"w": 1.0000000000000033, "b": 1.1102230246251606e-17}