{"w": -0.46710391459820083, "b": 0.005762315921521884}