{"w": -0.4419039299619308, "b": 0.005023594356082786}