{"w": 0.09167767101795075, "b": 1.8512858980066985e-17}