{"w": -0.334384539144039, "b": 0.030399182073845066}