{"w": -0.30050616475002434, "b": 0.0030962888010891837}