{"w": -0.42247673306082595, "b": -0.0029163214270103606}