{"w1": 1.3181085177465663, "w2": 2.945809681622565, "b": 0.026270212659701107}