{"w": -0.5211975448978182, "b": 0.0177082661314312}