{"w": -0.6184466552516721, "b": -0.014270619417733076}