{"w1": 0.1971599851016695, "w2": -1.4088247901001887, "b": -0.14861862702545983}