{"w": 1.0000000000000007, "b": -3.275157922644212e-17}