{"w": -0.08042481260269181, "b": -0.08355714714928024}