{"w": 0.5678375919293701, "b": 0.015716535841114418}