{"w": -0.15128038636022687, "b": 0.04079848970142438}