{"w": -0.15232451632064375, "b": -0.018164780211365396}