{"w": 0.3976796631184969, "b": -0.01035446974144516}