{"w": 0.5480950986475175, "b": -0.0004929413414491918}