{"cc": -0.5299785035957438, "alpha": -1.0322696168665223e-16, "beta": -0.5299785035957438, "mx": -7.327471962526034e-17, "my": -6.439293542825907e-17, "sx": 1.0, "sy": 1.0}