{"w": -0.03613886885295244, "b": 8.952579071526199e-17}