{"w": -0.046919321235469325, "b": 0.005212718624115351}