{"w": -0.16972956435481665, "b": -0.1897579808788068}