{"w": -0.21101916538909601, "b": 0.000887131300667094}