{"w1": -0.4791792986364812, "w2": -0.4486449748551843, "b": -0.06223956973387991}