{"w1": -0.5554066880251252, "w2": 0.9615707577906132, "b": -0.05470871411957488}