{"w": -0.42062890407548664, "b": 8.253111740518267e-17}