{"w": -0.7839783992104659, "b": -6.912334118224471e-05}