{"w": 0.3386652815501299, "b": 0.003956195424590407}