{"w": -0.129436660201851, "b": 0.019892038034293374}