{"cc": -0.8064782231255849, "alpha": 1.0438776725984657e-17, "beta": -0.8064782231255849, "mx": -3.3861802251067274e-17, "my": 3.7747582837255325e-17, "sx": 1.0, "sy": 1.0}