{"w": 0.6343771641511615, "b": -0.031478963586257125}