{"w": 0.6132744595863406, "b": -3.553119465837207e-17}