{"w": 0.7962279378137467, "b": -0.04020643657860912}