{"w": 0.8772100917155135, "b": 5.0992823622406464e-17}