{"w": 0.8826507753217919, "b": 0.005291662334072816}