{"w": 0.01881194573144162, "b": -0.008789066024809028}