{"w": 0.6786522802237493, "b": -0.008265769435616509}