{"w": 0.7521155187248953, "b": -0.003791086524453105}