{"w1": -0.5589303673408984, "w2": -0.2238302517326591, "b": 3.035131342982457e-16}