{"w1": -0.7552709965362918, "w2": -0.8078998744002305, "b": -0.08392785997846652}