{"w1": -0.015440512521087156, "w2": 0.6321528295358255, "b": 1.4750040761492553e-18}