{"w1": 0.03799011366213952, "w2": 0.8303523325696294, "b": -0.021430951209231205}