{"w1": 0.4396985968617768, "w2": 0.20002724995503496, "b": 2.0118778628406572e-17}