{"w": 0.7665943388459425, "b": 0.007951525123201162}