{"w": 0.8000972682424229, "b": 2.791163317784179e-16}