{"w": 0.7668177040094565, "b": -0.004854298389705991}