{"cc": 0.7077855851097545, "alpha": 5.551115123125783e-17, "beta": 0.7077855851097545, "mx": 0.0, "my": 5.551115123125783e-17, "sx": 1.0, "sy": 1.0}