{"w": 0.9678632234755733, "b": -0.00011486087310430548}