{"w": -0.5243899776286575, "b": -1.0452350692649295e-17}