{"w": 0.9338862238289938, "b": 0.003389873307756528}