{"w": -0.3118024435259413, "b": -0.009769111605017776}