{"w": -0.6227060407109044, "b": -2.004638812872176e-17}