{"w": -0.6220839567541505, "b": -2.0025668570760617e-17}