{"w1": -0.738093335349485, "w2": 0.3518843064458747, "b": 0.0037036903535920887}