{"w": 0.9990009990009989, "b": -2.0026160771859976e-17}