{"w": -0.275075801105562, "b": -0.25224834911187727}