{"w": -0.10261583293851825, "b": 0.018202534953000823}