{"w": -0.06820387370721877, "b": -0.00423842759760807}