{"w": 0.4578051187023431, "b": -0.037616424578947864}