{"w": -0.45509676513003716, "b": -0.05572194965903024}