{"w": -0.5163718580302635, "b": -0.0573073674900515}