{"w": 0.952902889257327, "b": -0.013840805664632642}