{"w1": 0.28938757563968454, "w2": -0.2688706251756614, "b": -2.4080739657808435e-17}