{"w1": 1.1525026357101946, "w2": -0.7350880415963366, "b": 0.006243000456134676}