{"w": 0.6638034092876395, "b": 0.04991813699649921}