{"w1": -1.1113058551077688, "w2": -1.349544160654452, "b": -0.0035057046172026762}