{"w": 0.43302929696812364, "b": 0.009241466972156265}