{"w": -0.976589250501044, "b": -0.008187062439719416}