{"w": -0.6175466147563813, "b": -2.272647232518024e-17}