{"w": -0.6725755210218014, "b": -2.2970849760203478e-17}