{"w": -0.6662834378712195, "b": 0.07656809693478196}