{"w1": 1.4015887253432195, "w2": -0.4025455053560677, "b": 0.17735353511875257}