{"w": 0.5328156255149621, "b": 7.569651851839624e-17}