{"w": 0.5724497104957574, "b": 0.09666275650727944}