{"w": 0.8747782238396438, "b": -1.1350503856595076e-16}