{"w": 0.8052895491042544, "b": -0.019112091521299716}