{"w": 0.1202417029626872, "b": 0.17411676803830214}