{"w": 0.2986284633109727, "b": 0.01003858383839673}