{"w": -0.9999999999999988, "b": 3.9690473130349264e-17}