{"w1": 3.1312024971580326, "w2": -0.6193739772608341, "b": -0.39521736437671284}