{"w1": -41.77611432188959, "w2": -1.1441937083798406, "b": 6.50938937857696}