{"w": 0.9857488471893094, "b": -0.009503390128051044}