{"w": 0.33655197229554523, "b": 5.265061189727057e-17}