{"w": 0.38693852144053836, "b": -0.0186985986005557}