{"w": 0.34905237261758343, "b": 1.3291362932261276e-17}