{"w": 0.3343241548223915, "b": -0.0034541446721225123}