{"w": 0.4436736839344195, "b": -0.12488775766713175}