{"w": -0.16881851841669243, "b": 1.1201677034176524e-16}