{"w": -0.1963135393024084, "b": 0.006347968990722523}