{"w": -0.24316479637952929, "b": -0.10336175201811461}