{"cc": 0.5648505480740951, "alpha": -4.928863048991162e-17, "beta": 0.564850548074095, "mx": 5.384581669432009e-17, "my": -1.8873791418627663e-17, "sx": 1.0, "sy": 0.9999999999999998}