{"w1": -0.3262949595970906, "w2": 0.9843439330431035, "b": -0.13163847538519508}