{"w1": 0.49465332913423926, "w2": -0.8061286067932119, "b": -0.030290644419418065}