{"w1": 0.30210410682921435, "w2": -0.4830320021514875, "b": -0.0019205275748743408}