{"w1": -0.49620047163668474, "w2": -0.44815910652095264, "b": -2.9786764738078214e-16}