{"w": 0.9999999999999993, "b": 1.043609643147647e-16}