{"w": -0.22026635410994816, "b": -0.021921006862645448}