{"w1": -0.7407013466098814, "w2": 0.4241966350808512, "b": 0.015844801297330423}