{"w1": 1.094732852493704, "w2": 0.9412036417310897, "b": -0.04520988037331808}