{"w1": 0.4751226635695091, "w2": 0.45235982416091963, "b": -0.04361947685889102}