{"w1": 2.0466519777633114, "w2": 2.925137475726131, "b": -0.037098772067915446}