{"w": -0.9999999999999967, "b": -2.2204460492503644e-18}