{"w": -0.1241902536852065, "b": -0.007880223596531946}