{"w": -0.15220117692150403, "b": 0.0008741378678244795}