{"w": 0.10945362321492431, "b": -8.621069397644553e-17}