{"w1": 0.24675646290840883, "w2": -0.4871013275265469, "b": 5.896230958045546e-17}