{"w1": -0.40651222210824683, "w2": 0.48435527015087854, "b": 2.2676400007854907e-17}