{"w": 0.60495917275302, "b": 0.05081914815113436}