{"w": 0.14307683803648905, "b": -0.021450520947601324}