{"w": 0.3639491640242259, "b": 4.186404624518886e-17}