{"w": 0.4079562751250081, "b": 0.02563242393872683}