{"w": -0.5299578923402144, "b": 4.730487337022186e-17}