{"w": -0.4875195687328686, "b": -0.07890565585122439}