{"w": -0.10232018511970527, "b": 0.036522614987520345}