{"w": -0.09540842159521626, "b": 0.03683635071398803}