{"w": -0.03542500290103796, "b": 0.0655021999467615}