{"w": -0.008606277973303699, "b": 7.033978778280097e-18}