{"w1": 0.9877671505138259, "w2": 1.7932041925422981, "b": -0.19574759983170162}