{"w1": 0.7518987148597855, "w2": 1.7536558399656064, "b": -0.2940204169535476}