{"w": 0.04161052475298185, "b": 0.003739886788252052}