{"w": 0.022448127220275674, "b": 5.407783027032499e-16}