{"w": 0.05329805900591745, "b": -0.014798232791612687}