{"w1": -0.19086142780508783, "w2": 1.5902728138113764, "b": -0.07531974130535829}