{"w": -0.5167310189049122, "b": -0.008303060085996402}