{"w": -0.5439442478272366, "b": 0.0800764973758869}