{"w1": -0.6344862269206595, "w2": -1.7088419262069205, "b": 0.11124687496918317}