{"w": 0.45478201555936715, "b": 0.002702248409578427}