{"cc": 0.38963185750154244, "alpha": -3.3139035186143374e-18, "beta": 0.38963185750154244, "mx": 2.2648549702353194e-16, "my": 8.493206138382448e-17, "sx": 1.0, "sy": 1.0}