{"w": 1.0000000000000002, "b": -1.4155343563970755e-16}