{"w": -0.3440147453918033, "b": -0.011555495057539215}