{"w": 0.033263628180458416, "b": -0.011664787864552151}