{"w": -0.3590819956444023, "b": -1.6464142715251033e-17}