{"w": 0.8319104657519356, "b": 0.000590108392206426}