{"w": 0.4418010000311951, "b": -0.022384576324004198}