{"w": 0.47230312297091953, "b": -0.16438998406069463}