{"w": 0.10110766938009486, "b": 0.09401619495679481}