{"w1": 0.975218642832093, "w2": 0.06339210616389482, "b": -1.0776202323220017e-16}