{"w1": 2.3499367261381923, "w2": 0.08854845995477822, "b": 0.28947214898581347}