{"w": 0.5380815325094327, "b": 0.01343986268134513}