{"w": 1.0000000000000004, "b": -1.765254609154e-16}