{"w": -0.16708235455036627, "b": 9.032952176182818e-17}