{"w": -0.1824599499113726, "b": 0.008247330109402214}