{"w": 0.5253717679290391, "b": 0.03327935358959977}