{"w": 0.9627928481389254, "b": -0.032823120516041276}