{"w": 1.0000000000000013, "b": 1.1102230246251406e-18}