{"w": -0.021551404527297598, "b": 0.1829046228885494}