{"w": 0.4762893116326478, "b": 0.17560628316778387}