{"w": -0.6590221868640218, "b": 0.0013161366665138344}