{"w": 0.1248057867174704, "b": 1.1006616634008328e-16}