{"w1": -0.09945062182075695, "w2": 0.4374431033535288, "b": 2.7302376086587693e-17}