{"w": -0.29596593996517945, "b": 0.09786706318081534}