{"w": -0.01724589442079921, "b": -1.5547067999051813e-16}