{"w": -0.9738505898545602, "b": -0.003623360458349739}