{"w1": 0.045570883504297076, "w2": 1.4612414544729233, "b": 0.09436017555976202}