{"w": 0.2146375252759799, "b": -0.022022878145299518}