{"w": -0.09875190188228428, "b": -1.7250682519263317e-16}