{"w1": -0.07754302520441285, "w2": 0.45278530149492324, "b": 1.8706490195878782e-17}