{"w": 0.533852216851233, "b": 4.0285979264028496e-17}