{"w1": -0.6723174387856612, "w2": -0.09030273324667215, "b": -2.2369398864601747e-17}