{"w1": -0.6658425674283657, "w2": -0.09171566882996818, "b": -2.241752410056035e-17}