{"w": 0.3096361165348903, "b": -1.8801487117433567e-16}