{"w": 0.894758940634359, "b": -0.020214749329447924}