{"w": -0.019228394552953415, "b": 0.04075639059091365}