{"w": -0.03736505293786074, "b": 0.06219473014912602}