{"w1": 0.3874081423231508, "w2": -0.6169588743716158, "b": -7.536188001156503e-17}