{"w1": 0.1362873850963657, "w2": 0.8914392471278235, "b": -1.3111572963254264e-17}