{"w1": 0.10271733013813565, "w2": 0.9385195510836652, "b": 0.002264317138910887}