{"w1": 0.20286546348246384, "w2": 1.20302167218176, "b": 0.009062285684144605}