{"w": 0.9999999999999988, "b": 7.99360577730112e-17}