{"w": 0.5092804717015144, "b": -0.07866803758322916}