{"w": 0.25057869137678573, "b": 0.15096228897810116}