{"w": 0.42634232417985757, "b": -0.00119865411056215}