{"w": 0.42857257287173806, "b": -0.0010445879708768785}