{"w": 0.5503241245610014, "b": -5.407012970297906e-17}