{"w": 0.5052976052787376, "b": -4.7971413335019515e-17}