{"w": 0.5272024423296678, "b": 0.0012882051755714922}