{"w": -0.5981411651755827, "b": 0.004331895445369907}