{"w": -0.04183358108482776, "b": 0.26507678475699115}