{"w": 0.6658562347799791, "b": -0.049789549220569385}