{"w": -0.5661194014775615, "b": -5.917670997176141e-17}