{"w": -0.5361619441077025, "b": 0.05500051455775175}