{"w": 0.832197905341322, "b": -7.032420951932285e-17}