{"w": -0.1798301026500299, "b": -0.027758482121203017}