{"w": -0.16393065442228563, "b": -0.026350103212063533}