{"w": -0.7990581131605942, "b": -1.6859094747809298e-16}