{"w": -0.8062424518403597, "b": -1.7068071665146595e-16}