{"w": 0.538026996605414, "b": 0.08519115744383804}