{"w": 0.6635511205372747, "b": -2.9934514252313635e-17}