{"w1": -0.11744912908013377, "w2": -0.6109418363111563, "b": 4.6681905031431864e-17}