{"w": 0.9999999999266074, "b": 4.551914400963142e-15}