{"w": 0.8668527715200258, "b": -0.008054250399359471}