{"w": -0.314670289646813, "b": -0.14082373950628146}