{"w1": -1.7451652525694932, "w2": -1.1177590421360164, "b": 0.08347242851886719}