{"w1": -1.5222888220450048, "w2": -0.9479469594207405, "b": 0.019696448730034018}