{"w": 0.8105498024233995, "b": 0.015093870193614073}