{"w": 0.4569140524680383, "b": 0.02470048823175819}