{"w": 1.000000000000001, "b": 2.9531932455029175e-16}