{"w1": -15.96747157694377, "w2": -23.355485850281237, "b": 0.8885861604312975}