{"w1": -1.1727546832378943, "w2": -1.8771211059062471, "b": 0.026460404384393288}