{"w": 0.9737458030008959, "b": 0.025129262210980233}