{"w1": 0.7593142165479019, "w2": -0.024531440431298318, "b": 5.58969256717377e-19}