{"w": -0.5796839821193249, "b": 0.0033996835194668048}