{"w1": 0.8069544911630302, "w2": -0.12804798347955945, "b": -4.479831684645846e-17}