{"w": -0.8977370566201874, "b": 0.02735645427601731}