{"w1": 0.5904510106209027, "w2": -0.3013319856420064, "b": -0.004277480933012723}