{"w": -0.8328850264819916, "b": 0.0014882380515994983}