{"w1": -2.1985143013911466, "w2": 0.248921152517236, "b": 0.08254975518071625}