{"w1": -0.6312479576052519, "w2": 0.02839904604244683, "b": -0.002838103292858743}