{"w": 0.4050414807099125, "b": -0.028540022767275176}