{"cc": -0.9762863903816701, "alpha": 7.624127758162739e-17, "beta": -0.9762863903816701, "mx": 6.217248937900877e-17, "my": 1.5543122344752193e-17, "sx": 0.9999999999999998, "sy": 0.9999999999999998}