{"w": 0.8182073234274917, "b": -4.644279921844413e-18}