{"w": 0.9465984080978359, "b": -0.002224647514174583}