{"w": 0.06730752785563225, "b": 0.005774914698172217}