{"w": 0.0707269990957021, "b": 0.0061187237339003445}