{"w": -0.27740097102255185, "b": -0.09849393169586121}