{"w": 0.9185608682924494, "b": 3.136801922815366e-17}