{"w": -0.44014252696910594, "b": 0.05008083169362887}