{"w1": -0.39412295361906136, "w2": -1.161136577969701, "b": -0.0969379749569995}