{"w": -0.13995831805427356, "b": -0.05506727676045016}