{"w": -0.13575977218782737, "b": 0.009308322706582318}