{"w": 0.358772017660405, "b": -1.3470335427151566e-16}