{"w": 0.10776442700907041, "b": -0.1254405861453598}