{"w1": -3.6591911886428865, "w2": -1.828749186700511, "b": -1.0140951306349555}