{"w": 0.27375725134088824, "b": 0.06620487647626438}