{"w1": -1.0375825555070226, "w2": 0.25820938416573436, "b": 5.760793821201126e-17}