{"w": 0.8261547923952278, "b": -0.006169583166768861}