{"w1": 0.29531921935440436, "w2": -0.4559134479181824, "b": -1.9211544116706942e-17}