{"w": 0.4077355397688922, "b": -3.871555068302437e-17}