{"w": -0.06552651131191477, "b": 1.1478311865465393e-16}