{"w": 0.30969731477469725, "b": 0.03316831538895219}