{"w": 0.10871169374772041, "b": 0.30007158125345507}