{"w": -0.9999999999999992, "b": 4.3298697960381094e-17}