{"w1": 0.10625047525895367, "w2": 0.49750548360525465, "b": 4.423564650369596e-18}