{"w": 0.1336889811928027, "b": -1.5816280608335558e-17}