{"w": 0.15880660203480831, "b": -0.07713184910008432}