{"w1": -0.5884098488914092, "w2": 0.3846891843140561, "b": -5.890558700125657e-17}