{"w": 0.713819252366008, "b": 0.0670378780157063}