{"w": 0.5297369311133525, "b": -0.0596650309234994}