{"cc": 0.4107055476999481, "alpha": -3.20380390455021e-17, "beta": 0.4107055476999481, "mx": -1.9984014443252817e-17, "my": -4.0245584642661923e-17, "sx": 1.0, "sy": 1.0}