{"w": 0.4341780454224347, "b": 0.025819935985313423}