{"w": 0.4083311138695017, "b": -1.5672584297695743e-17}