{"w1": 0.38391132768587566, "w2": 1.3501234019152033, "b": -0.07138565766633734}