{"w": 0.27657548881235716, "b": -0.04059593029257944}