{"w": -0.7749138910845337, "b": 0.037388084738349564}