{"w": 0.9999999999999997, "b": 7.632783294297949e-18}