{"w": -0.49238847447360473, "b": -0.10749790007448054}