{"cc": 0.03900475083633263, "alpha": 1.8882657379361015e-17, "beta": 0.039004750836332626, "mx": 3.3306690738754695e-18, "my": 1.9012569296705807e-17, "sx": 1.0, "sy": 0.9999999999999998}