{"w": 0.05468967855090119, "b": 0.006848831046794849}