{"w": -0.9999999999999991, "b": 1.6542323066914825e-16}