{"w": 0.3701164175438116, "b": -0.03279098499813683}