{"w": 0.37238804953838606, "b": -3.578729345891131e-17}