{"w": 0.3431986014446341, "b": -0.05827091295868557}