{"w": 0.402718234249592, "b": -0.09421766413080482}