{"w": 0.40273813676492853, "b": -0.09418932295928027}