{"cc": -0.05977005938848065, "alpha": 5.1631432330915314e-17, "beta": -0.059770059388480644, "mx": -2.220446049250313e-18, "my": 5.1764148523147923e-17, "sx": 0.9999999999999999, "sy": 0.9999999999999998}