{"w1": -1.849714140488245, "w2": 0.7514721005724302, "b": 0.02260683365248045}