{"cc": 0.004141250056177409, "alpha": -1.3382446540622157e-17, "beta": 0.004141250056177409, "mx": 1.4432899320127036e-17, "my": -1.3322676295501878e-17, "sx": 1.0, "sy": 1.0}