{"w": -0.11804134429087375, "b": -0.013203835140955786}