{"w": -0.224435998717356, "b": -0.0016076851365612924}