{"w": 0.6002480918532961, "b": 0.0020310871813083026}