{"w": 0.2881569225962241, "b": -1.1413355716192231e-17}