{"w1": -2.5862226160708635, "w2": 2.0559176988264523, "b": -0.12166896980576353}