{"w1": -0.855387881327086, "w2": 0.6411044987210756, "b": -0.019692019283069954}