{"cc": -0.11338039422799338, "alpha": 1.5749528006594578e-17, "beta": -0.1133803942279934, "mx": -1.7763568394002505e-17, "my": 1.7763568394002505e-17, "sx": 0.9999999999999999, "sy": 1.0}