{"w": -0.4035047377216371, "b": -0.21393194307327623}