{"w": -0.10307308566181218, "b": 1.5932622587268024e-17}