{"w": -0.5795602660555644, "b": 4.8092908615762494e-17}