{"w": -0.10273713388175891, "b": -0.009575996284630447}