{"w": -0.40569602630775076, "b": 0.04102220024598478}