{"w": -0.364733558600235, "b": -1.8183021238179843e-17}