{"w1": -0.5234111343362089, "w2": -0.9375773732992686, "b": 0.013312571871901435}