{"w": 0.1737336949097259, "b": 0.22058635207672295}