{"w1": 2.3251989628530905, "w2": 0.9183917661510245, "b": -0.5415099882115619}