{"w1": 1.8024367925541962, "w2": -0.4480822277440824, "b": -0.1614253598721565}