{"w1": -4.07858320846494, "w2": 2.0564486956070542, "b": -0.09700020581617687}