{"w": 0.3433328628661241, "b": -0.022374602254427004}