{"w": -0.5516980631770377, "b": 0.0662635553097155}