{"w": -0.07490687643510636, "b": 0.08850058516694258}