{"w1": 0.7880846150877392, "w2": -0.29189824173242557, "b": -0.004113509765925585}