{"w": -0.42171649568160985, "b": 1.5687083080520169e-16}