{"w": -0.7636515978907733, "b": 0.039589451521117126}