{"w": -0.9689548761807605, "b": 2.3873434361490108e-17}