{"cc": -0.433930175869387, "alpha": -3.8719619361691394e-16, "beta": -0.433930175869387, "mx": 2.1094237467877975e-17, "my": -3.9634961979118087e-16, "sx": 1.0000000000000002, "sy": 1.0000000000000002}