{"w": -0.3674134185477793, "b": -0.013345146508832395}