{"w": -0.4379842317443007, "b": 0.0045601455726938245}