{"w": 0.7801894942489189, "b": 0.00890955540120525}