{"w": -0.36966552410358056, "b": -0.46477302154847333}