{"w": 0.04717853486681194, "b": -0.009658031012064432}