{"w": 0.033369118973644855, "b": 0.2180368373955547}