{"w": 0.02627056758160681, "b": 0.2056181180978277}