{"w": 0.21701061630768012, "b": -0.055743751966884886}