{"w": 0.7632943957455517, "b": 0.0028265477504969515}