{"w1": -0.19088358049272205, "w2": 0.5272402119668904, "b": -4.81801893652932e-17}