{"w1": -0.277957351061607, "w2": 1.3529566432875064, "b": -0.001076328359968154}