{"w": -0.5253929651424544, "b": 0.11426141985576255}