{"w": -0.36767120020382427, "b": 7.602137589272684e-17}