{"w": -0.4574780957337814, "b": 0.029878894412950704}