{"w1": 0.6584831944780969, "w2": -0.3813462576275217, "b": 5.0261425938525283e-17}