{"w1": 1.0361002096188134, "w2": -0.594485084352329, "b": 0.03114154957347782}