{"w1": 0.6854098290666489, "w2": -0.3901984676608763, "b": 0.004432457950979115}