{"w": -0.20566065049385202, "b": 0.12679667344814052}