{"w": -0.9513205824302247, "b": -0.003797747047626619}