{"w": -0.13459663168463526, "b": 0.19453004570131935}