{"w": -0.30422995448170714, "b": -0.034685791957700385}