{"w1": 1.0363229622776815, "w2": -0.4900751853502054, "b": 0.012227573602247155}