{"w": -0.14422018384703716, "b": -0.142498967276599}