{"w": -0.6235090175899999, "b": -0.029889086737181547}