{"w": 0.7250550857328245, "b": 0.00029171606442200584}