{"w": -0.4177077583830293, "b": 1.907895048806756e-16}