{"w": -0.367089253235351, "b": -0.09439288849251859}