{"w": -0.6285410576442111, "b": -2.8769085615591677e-17}