{"w": -0.28173253485347854, "b": 2.3609382355029087e-17}