{"w": -0.7508873687212229, "b": -4.235631554081029e-17}