{"w": -0.042994033019478406, "b": 0.06797630876747286}