{"w1": -4.934486969340685, "w2": 3.6482912330793824, "b": -0.11539208095924805}