{"w1": -0.8731833082621137, "w2": 0.7345006596685331, "b": -0.0476428213026026}