{"w": -0.6952539469434618, "b": -0.00883868773175922}