{"w": 0.7140856029045034, "b": 0.04944165887326984}