{"w": -0.3313129596084343, "b": -0.06086202963926954}