{"w": -0.27526212002843053, "b": -0.05637997347018697}