{"w": -0.015790209317046715, "b": 0.06050097938330136}