{"w": 0.1362310913550714, "b": 0.2512470271284233}