{"w": 0.2877633217491986, "b": -0.04209988372436102}