{"w": 0.2054870276813184, "b": -0.06942681450580913}