{"w": -0.5429464357877265, "b": 0.017832340053743963}