{"w": -0.013851030517577986, "b": 0.045005921976230406}