{"w": -0.06407649336397353, "b": 3.2916217625496415e-17}