{"w": 0.20038007951616388, "b": 0.17484936621234615}