{"w": 0.18594217904722465, "b": -2.0811946015722714e-16}