{"w1": 0.49858592690087256, "w2": -0.9404482842806632, "b": -0.12191085967511127}