{"w1": 0.3327685450677648, "w2": 0.7242572009945186, "b": -0.018514754720790283}