{"w": -0.24040422230524344, "b": -8.693415739444227e-18}