{"w": -0.012538344849831129, "b": -0.07718056674951963}