{"w1": 0.18053142926462246, "w2": 0.7273348018422146, "b": 3.542896231649968e-17}