{"w": -0.22393877424805267, "b": 3.469446951953614e-17}