{"w1": -2.552132994030163, "w2": 1.7308404336826682, "b": -0.3798887075033202}