{"w": -0.49737825535249514, "b": 0.009664645176494272}