{"w1": -0.18695490590092437, "w2": 0.6009117313257226, "b": -3.650136094949801e-17}