{"w1": -0.21215864498526027, "w2": 0.6450674043222514, "b": -0.0041248188032145415}