{"w": 0.10403825163578748, "b": -0.06622461007355623}