{"w": 0.42084689396528774, "b": -0.03442613165604822}