{"w": 0.41858550798579924, "b": -4.17228377795937e-17}