{"w1": -0.8126712406706958, "w2": -2.111272049555799, "b": -0.29688109962787923}