{"w": 0.2585660531047434, "b": 9.276994381750845e-05}