{"w": 0.6891883101806219, "b": 3.5107054352100107e-17}