{"w": 0.6199472102243622, "b": -0.015999393053085804}