{"w": -0.6702030997055262, "b": -0.09126821601018814}