{"w": -0.5191519498910966, "b": -0.10324839012594059}