{"w": -0.43548304520840503, "b": 4.973619724547881e-16}