{"w1": -1.2194762587341907, "w2": 1.3043481748358134, "b": 0.01286369224706846}