{"w1": -0.39853881406475045, "w2": 0.43773586390443925, "b": 1.222958981393905e-17}