{"w": 0.25668705679319487, "b": 0.004242784354070085}