{"w1": 0.22062875548671537, "w2": 0.7724033600163663, "b": -3.2769442428350823e-17}