{"w1": 0.46162030157303113, "w2": 1.6287037560056397, "b": 0.10802391632413125}