{"w": -0.648631710251722, "b": 3.2682190287403045e-17}