{"w1": 0.4795799585734972, "w2": 0.5369505817870481, "b": -8.53329829962676e-17}