{"w": 0.633100646639757, "b": -0.0031120764814725065}