{"w": 0.9124906932164345, "b": 0.002679766052569855}