{"w": 0.010330977714419522, "b": 1.7431882139541734e-16}