{"w1": -0.14244964542284874, "w2": -0.9252194307764828, "b": -1.803111708292264e-16}