{"w": 0.17098763001423878, "b": -0.010002655751398146}