{"w1": 3.5200994896849616, "w2": -1.777805632438347, "b": -0.28882402164369075}