{"w": -0.03310331895360132, "b": -0.029124222221631194}