{"w1": 0.3232306988088011, "w2": -0.5877415414268223, "b": -0.004284483412022755}