{"w": -0.2976253734999519, "b": -0.09782856115205181}