{"w1": -0.5433850915612912, "w2": -0.22473089091382373, "b": 3.581866347420985e-17}