{"w1": -0.27567232853166623, "w2": 0.33706078460913835, "b": 4.186020227681109e-05}