{"w": -0.5355679303506754, "b": 0.07417969970485097}