{"w": 0.5967399331485751, "b": -0.03044720065729004}