{"w": -0.3900913137571623, "b": -0.26477020768825116}