{"w1": -0.03802061361381287, "w2": -0.8312573092991546, "b": -2.117445567717872e-16}