{"w1": 0.27745908915932715, "w2": -3.1958950408885234, "b": -0.06839962898339487}