{"w": 0.7437150358430639, "b": -1.554195875741579e-16}