{"w1": -0.6042364368243475, "w2": -0.38669293159521345, "b": 4.7763506885214136e-17}