{"w1": -0.9010273292024664, "w2": -0.6779520442397785, "b": -0.24195717486984947}