{"w": 0.7651880248058849, "b": -0.004510600013142095}