{"w": -0.2624987269907058, "b": 6.953447137224245e-17}