{"w": -0.10047599519240122, "b": -0.30911113629616904}