{"w": 0.33683675277628, "b": 0.06693884480133651}