{"w1": 0.295036671088355, "w2": 1.1667821537472804, "b": 0.006126227728637364}