{"w": 0.7631424738260032, "b": 2.335501228671624e-17}