{"cc": 0.6417488489603174, "alpha": -1.3655819836936416e-16, "beta": 0.6417488489603175, "mx": 1.7819079545233762e-16, "my": -2.2204460492503132e-17, "sx": 0.9999999999999999, "sy": 1.0}