{"w": 0.6431135210338733, "b": 0.000783679304109961}