{"w": 0.5839668154726934, "b": -0.042379595280372044}