{"w": 0.412671064991108, "b": -0.02119177523011498}