{"w": 0.5374888599879709, "b": 0.19069758793655991}