{"w": 0.5733727702443361, "b": 0.003969450178850975}