{"w": 0.5290275440268797, "b": 0.08758664368111313}