{"w": 0.5165586161983993, "b": -0.009035704284039645}