{"w": 0.03631918349048484, "b": -1.9695070080064826e-17}