{"w": 0.6262551379194515, "b": 0.01587443869632872}