{"w": 0.8213068517075727, "b": -0.004204616250175784}