{"w": 0.1808679520621546, "b": -7.582442739328155e-17}