{"w": 0.19875599127709298, "b": -8.055103908771524e-17}