{"cc": 0.4826288272794741, "alpha": -7.255021411901653e-18, "beta": 0.4826288272794741, "mx": -2.220446049250313e-18, "my": -8.326672684688674e-18, "sx": 1.0, "sy": 1.0}