{"w": 0.2877728903540594, "b": -0.14716181695296815}