{"w1": 0.34239257101100173, "w2": -0.3132198207389234, "b": 1.774518339901244e-17}