{"w": -0.30401243186349997, "b": 0.04659839337443232}