{"w": -1.0000000000000002, "b": 2.2204460492503212e-18}