{"w": -0.7775692603978498, "b": 0.029394815253082386}