{"w": -0.021742779081060416, "b": 1.6607480634862598e-16}