{"w": -0.08967014867202507, "b": 0.13699462534103352}