{"w": -0.012014944528313191, "b": -0.03025722128362005}