{"cc": -0.6582947944883835, "alpha": -5.9026001741644045e-18, "beta": -0.6582947944883836, "mx": -2.220446049250313e-18, "my": -4.440892098500626e-18, "sx": 0.9999999999999999, "sy": 1.0}