{"w": 0.2396495564718922, "b": 0.09739291690365896}