{"w1": 2.5047442047020336, "w2": -1.1286807172724722, "b": 0.15297463525619662}