{"w": 0.5083721615821468, "b": -3.203174479710099e-17}