{"w": -0.045563641948193595, "b": -0.003732625013466286}