{"w1": -0.3554564799253235, "w2": 0.4954326676927648, "b": -4.15171129966725e-18}