{"w": -0.07949203771262936, "b": 0.04068668913977691}