{"w": -0.08907580085154874, "b": 0.014433952853024904}