{"w": 0.5392667324734273, "b": -3.608224830031759e-17}