{"w": 0.9745025281218591, "b": -6.717626260359725e-17}