{"w": 0.9573429954322072, "b": -0.006712811049572699}