{"w": 0.900268739109089, "b": -0.00857933925336975}