{"w1": 1.6343457491273312, "w2": 1.5033743122545968, "b": 0.10678638063823716}