{"w1": -0.9500403791552727, "w2": 0.7422927994971626, "b": 0.016218831095303143}