{"w": 0.3002857809380672, "b": -1.5750572043114932e-17}