{"w": 0.3559781017351532, "b": 0.021355142742088523}