{"w": 0.39239759750558567, "b": -0.02767773634657711}