{"w1": 1.7258464146300936, "w2": 0.6672020226817934, "b": -0.12189342526135365}