{"w1": -0.8106758118067041, "w2": 0.32710663601972806, "b": -0.04705745484345941}