{"w1": -11.241624805710753, "w2": -18.029564731227133, "b": -0.5327064701893559}