{"w": 0.18893990106840874, "b": -3.6253525530716146e-05}