{"w": 0.8094222490989199, "b": -0.01930020238839083}