{"cc": -0.48968941151208656, "alpha": 1.2767264027667458e-16, "beta": -0.4896894115120865, "mx": -2.4945323584546487e-17, "my": 1.3988810110276973e-16, "sx": 1.0, "sy": 0.9999999999999999}