{"cc": -0.15592413804367758, "alpha": -1.4176652193960218e-17, "beta": -0.15592413804367758, "mx": -4.107825191113079e-17, "my": -7.771561172376097e-18, "sx": 1.0, "sy": 1.0}