{"w": -0.06570087884158748, "b": 0.02995596876123241}