{"w": -0.05536427200500067, "b": 0.0019574915513607856}