{"w": 0.4330931335002869, "b": 0.0025454855594027326}