{"w": -0.019675136876957464, "b": -0.0002212360642885776}