{"w1": -0.7465794967740537, "w2": 0.15398340271384697, "b": -2.839417939930628e-17}