{"w": -0.26310717458282035, "b": 0.0015576494922449953}