{"w": -0.17638186309911835, "b": 0.05060570707038559}