{"w": 0.16594285008860743, "b": -0.0950164877840094}