{"w": -0.020103535651166248, "b": 0.002176793868620557}