{"w": -0.07906539925953536, "b": 0.001656513993288214}