{"w1": -6.819727990962331, "w2": -0.19451381003207516, "b": -0.3569476816162127}