{"w": -0.5227047760912759, "b": 7.914966693850198e-18}