{"w": 0.8299595846447169, "b": 2.083915539256209e-17}