{"w": 0.6430286704342131, "b": 0.030634456809544866}