{"w": 0.6726077361055319, "b": 0.03908536212564746}