{"w1": 0.2744045975153691, "w2": 0.6329480860680076, "b": -8.135334299694396e-17}