{"w1": -1.2283531292429009, "w2": -0.8690631192969134, "b": -0.04456999265551831}