{"w1": -0.7692997033330387, "w2": 0.19715994865453101, "b": -7.51985201639887e-18}