{"w": 0.7286556063029541, "b": -0.10413082776582666}