{"w1": 1.4850410660897535, "w2": -0.3632345688758701, "b": -0.05446227824273453}