{"w": -0.07358492352997646, "b": 0.013034239280925324}