{"w": 0.6431936958307408, "b": 0.0033195178598583105}