{"w": 0.37465678689662635, "b": 0.0009516679679540188}