{"w": 0.4097536189899397, "b": 0.0681739219644156}