{"w": -0.26872593550651314, "b": 0.030785331907801722}