{"w1": 0.7898520039164066, "w2": -0.3364509562093269, "b": 0.0070063210422992486}