{"w": 0.9391904051452731, "b": 0.004296090668514189}