{"w1": 2.328856194848755, "w2": -0.5515720053741743, "b": 0.0008882112098055972}