{"w1": 1.142998296706138, "w2": -0.43060783883912784, "b": 0.06153972978252043}