{"w": -0.3123956015639172, "b": -0.006500254018351625}