{"w": 0.3002728094602171, "b": 9.149994423106888e-17}