{"w1": -1.995887856649011, "w2": -3.0847585031483695, "b": 0.30354672621520096}