{"w": -0.40198983948018135, "b": 0.04787684129761098}