{"w": -0.42355465099398715, "b": -9.063714671170287e-05}