{"w": -0.2555199266446803, "b": -1.3224622701019223e-17}