{"cc": 0.038311744335505264, "alpha": 4.215599758948193e-18, "beta": 0.03831174433550527, "mx": 6.38378239159465e-17, "my": 6.661338147750939e-18, "sx": 0.9999999999999998, "sy": 1.0}