{"w": 0.05053759978430535, "b": -0.006971911477861165}