{"w": 0.36092677345501256, "b": 0.31713583784920396}