{"w": -0.1622425604178081, "b": -4.675257640865638e-19}