{"w": -0.5417876879075306, "b": -0.021663713109657423}