{"w": -0.08573597117530772, "b": -0.043147414092641695}