{"w": 0.8632206388366579, "b": 0.005584976315481619}