{"w1": -0.7938792351372483, "w2": 1.6598173895880262, "b": 0.26769675992165853}