{"w": 0.2051299332868882, "b": -0.2750291373953627}