{"w": 0.21257661429717475, "b": -0.27982716885513703}