{"cc": -0.10582122051497883, "alpha": 2.410776679152444e-17, "beta": -0.10582122051497884, "mx": 5.995204332975846e-17, "my": 1.7763568394002505e-17, "sx": 0.9999999999999998, "sy": 0.9999999999999999}