{"w": -0.12887604850559414, "b": 0.07103197511496633}