{"w": 0.35505924972685554, "b": 5.740976416418877e-17}