{"w": 0.3815390731132045, "b": -0.0028715079073232275}