{"w": -0.4231191932996297, "b": -0.12760604961927385}