{"cc": -0.41906374185177797, "alpha": 3.058984740194471e-18, "beta": -0.41906374185177814, "mx": 1.1823875212257917e-16, "my": -4.649058915617843e-17, "sx": 0.9999999999999999, "sy": 1.0000000000000002}