{"w": -0.1792751206738479, "b": -0.1074110587257918}