{"w1": -0.920725531999464, "w2": -1.3290210210366995, "b": 0.07783124266417302}