{"w1": -0.3500608569594632, "w2": -0.6156267561731054, "b": -0.015871219845215737}