{"w": 0.12160669215538021, "b": -0.10095976672540989}