{"w": 0.2365523827018922, "b": -3.193890541198824e-16}