{"w": 0.3308586906343759, "b": -0.08065428221834503}