{"w": 0.9999999999999991, "b": -3.574918139293005e-16}