{"w": 0.0779698479975823, "b": -2.941785199272594e-17}