{"w": -0.1313849014268873, "b": -0.022331561696717614}