{"w": 0.6473637688248784, "b": 0.01757711727548735}