{"w": 0.7752998836954741, "b": -2.2391570239649685e-16}