{"w": 0.6536149681802628, "b": -0.0052849245970794795}