{"w1": 0.47404692761687395, "w2": -0.5710994067873741, "b": 1.338348611693663e-17}