{"w1": 0.9116211971880279, "w2": -0.9749618042478053, "b": -0.13204820727551264}