{"w": 0.8360824641270116, "b": 0.01236828648896883}