{"w": 0.8320174873365652, "b": 0.01282358020246965}