{"w": 0.02007311635552462, "b": 1.5415481642262142e-16}