{"w": -0.11316152701094521, "b": 0.002984708552773661}