{"cc": 0.005682939958881937, "alpha": 9.07073532909933e-18, "beta": 0.005682939958881938, "mx": 2.597921877622866e-16, "my": 1.0547118733938987e-17, "sx": 1.0, "sy": 1.0000000000000002}