{"w": -0.5744864366546792, "b": -0.0033522549166311497}