{"w": 0.7809610358753606, "b": -0.003067281119822735}