{"w": -0.5452610194822344, "b": 0.0015138055436124667}