{"w1": 0.4655451166447931, "w2": 0.23300770680691896, "b": -8.533654386260255e-18}