{"w1": -1.0820988671431522, "w2": -0.5761351671822789, "b": -0.05376492534364624}