{"w": 0.8176368283770183, "b": 9.271596844468117e-17}