{"w1": -0.48956161099715617, "w2": 0.2142257464926383, "b": 0.021979711619065978}