{"cc": -0.37460467152581234, "alpha": -4.529364053292805e-17, "beta": -0.3746046715258124, "mx": -4.3853809472693685e-17, "my": -2.886579864025407e-17, "sx": 0.9999999999999998, "sy": 1.0}