{"w": 0.6789139801682359, "b": -0.0186801991280946}