{"w1": -0.39513580003233334, "w2": -0.40507904703265163, "b": -2.5722814608179697e-17}