{"w": -0.4228410586152836, "b": -0.002886874348593544}