{"w": 0.22532016775156868, "b": -0.011339429746210775}