{"w": 0.17898350560785306, "b": -0.005033712626976411}