{"cc": 0.4397650291662425, "alpha": -6.846574301945826e-17, "beta": 0.4397650291662424, "mx": -3.9968028886505634e-17, "my": -8.604228440844963e-17, "sx": 1.0000000000000002, "sy": 1.0}