{"w": -0.6138495254271156, "b": -0.15658704853169608}