{"w": 0.0848497938241648, "b": 0.1387837539952036}