{"w": -0.09803789893098949, "b": 0.23079461912873545}