{"w": 0.1926789631159173, "b": -5.74025867549216e-17}