{"w": 0.09203319961491502, "b": -0.0001447062117262074}