{"w": -0.32877386701779476, "b": 0.33571624306715453}