{"w1": -0.0050976044326024655, "w2": -0.7976645474246716, "b": -6.54427787943935e-17}