{"w": -0.5685901196880744, "b": -5.286817930536118e-18}