{"w": -0.2230309786867457, "b": -5.291560593839055e-17}