{"w": -0.22082275117499572, "b": -5.2845121718859826e-17}