{"w1": -3.2182430438835476, "w2": -0.33791124579233467, "b": 0.22028136843043797}