{"w": -0.09996344591288454, "b": -0.09264731476454172}