{"w": -0.08630692711438868, "b": 0.017676068808863618}