{"w": 0.6451959837836578, "b": -0.06131855172141799}