{"w": 0.0160685184496879, "b": -0.008804641475946976}