{"w1": -1.970549202311619, "w2": 0.41249966645868386, "b": 0.08649264425064779}