{"w1": -0.9214009498331261, "w2": 0.17368851496913668, "b": 0.03263498297312577}