{"w": -0.012453688454906655, "b": -0.18772295800709057}