{"w": -0.015539147219559428, "b": -0.16815584653074206}