{"w1": 1.835722305202609, "w2": 2.432009959023575, "b": 0.09396589446178558}