{"w": -0.9999999999999368, "b": -6.661338147755851e-18}