{"w": -0.6935513764807554, "b": -0.053822542562950285}