{"w": -0.774261626661897, "b": -0.0067557305924138104}