{"w1": 0.0022130405715300285, "w2": 2.19338717404548, "b": 0.15344678546895993}