{"w": -0.33314337520485565, "b": -5.329450130799063e-17}