{"w1": 0.7502232961932673, "w2": -0.39828326825775556, "b": -0.025389487202168742}