{"w": -0.35005911836596826, "b": 1.0595539719636163e-16}