{"cc": 0.9366789693371224, "alpha": 1.3768404550312427e-18, "beta": 0.9366789693371222, "mx": -1.3322676295501878e-17, "my": -1.1102230246251566e-17, "sx": 1.0, "sy": 0.9999999999999999}