{"w1": 0.2616371937385872, "w2": 0.6482889289504973, "b": -1.1390968508534462e-18}