{"w1": 0.7298991467185807, "w2": 1.576432531586229, "b": -0.11460034327113283}