{"w": 0.2896486235199892, "b": 0.2134695197302633}