{"w": 0.4245498866310283, "b": -0.023171118496273613}