{"w": 0.4405146796485222, "b": 0.10355655547214636}