{"w": 0.4371330468928083, "b": 0.12608308463332163}