{"w": 0.5469475538037123, "b": -1.8941569339598625e-17}