{"w": -0.16886366782613682, "b": 4.3804093760940373e-17}