{"w": -0.45176677979930213, "b": 0.1309248921005336}