{"w1": 0.44378584500311075, "w2": -0.45440961754725984, "b": -0.012565866874023068}