{"w1": -1.4043397976469396, "w2": -1.2745574908765407, "b": 0.13288073151686886}