{"w1": 1.1063572465536256, "w2": -0.43302642134925684, "b": 0.020753297338322214}