{"w1": -0.2565248615679713, "w2": 2.633657768444244, "b": -0.4780433142279937}