{"w": -0.44287046493046883, "b": 0.01022333837916354}