{"w": 0.08217217381445834, "b": 0.01713090301898586}