{"w": 0.09122920428331507, "b": -0.07834535376622086}