{"w": 0.7641494769736994, "b": -0.07093438750066913}