{"w1": -0.48637310519380456, "w2": -1.1264061026354977, "b": -0.0037603369897636603}