{"w": 0.10851287342145671, "b": -0.18295171694669823}