{"w": 0.6581269703632057, "b": 0.05197062905782123}