{"w": 0.6682643878684151, "b": -2.9298236510474296e-17}