{"w": 0.5345195111192704, "b": -0.06027583916931945}