{"w1": 51.18211084857666, "w2": -109.02086298163394, "b": -16.39250993203318}