{"w": 0.7635199792255305, "b": 0.01903326836831036}