{"w": 0.7160233764004592, "b": -0.009215857022251313}