{"w": 0.6715799222035076, "b": -0.0001928049884624945}