{"w": 0.6640943018512816, "b": 0.08925821493430103}