{"w1": 0.6644293959165045, "w2": -0.8309866240390068, "b": 0.04959104427926272}