{"w": -0.030580324376560674, "b": 0.05597636059847107}