{"w": 0.06077280231469758, "b": -0.005203073907279275}