{"cc": 0.773435825054801, "alpha": -1.8145259626473705e-17, "beta": 0.7734358250548008, "mx": -3.1086244689504386e-17, "my": -4.218847493575595e-17, "sx": 1.0, "sy": 0.9999999999999998}