{"w": 0.1772546161555105, "b": 2.405745940313842e-17}