{"w1": 2.073708058679564, "w2": -0.40100401196715085, "b": -0.6410479598900723}