{"w1": -0.5433847960445259, "w2": -0.18364422716066672, "b": -0.0021844776543070987}