{"w": 0.6636109317682296, "b": -0.06753986946579893}