{"w": 0.5912825346543221, "b": 0.00622546595482662}