{"w": 0.28911507320323143, "b": 5.6908268888952205e-18}