{"w": 0.22898570142376518, "b": -0.049283315017973305}