{"w": 0.2792827763311178, "b": 0.0040567289728643124}