{"w": 0.2536598562680119, "b": -0.15975148766266994}