{"w": 0.24101394103737384, "b": -0.10967523158958248}