{"w": 0.0013599977747635065, "b": 0.005759175377645302}