{"w1": 1.4407903179294759, "w2": 3.496375496044052, "b": -0.03540719825356161}