{"w1": 0.5842623684602758, "w2": 0.2875127007814266, "b": -2.83680662315847e-17}