{"w1": 1.4997096853160297, "w2": 0.6073516759590865, "b": 0.17846081613138642}