{"w": -0.06671616346991162, "b": 0.011979064936191941}