{"w": 0.34388019825272614, "b": 0.005930128425624945}