{"w1": 3.3887650157419835, "w2": -2.3412286151507073, "b": -0.6081711611685072}