{"w": -0.8156989438500458, "b": 0.3026643688020136}