{"w": 0.9791841363600309, "b": 6.346852538463703e-17}