{"w": -0.4936754963442338, "b": -0.01564763759106702}