{"w": -1.0000000000000004, "b": -6.467049118441537e-17}