{"w1": 0.6002140134957707, "w2": 1.1760438225885372, "b": -0.15189925903010607}