{"w": 0.3823630605241311, "b": -0.0006217500718279367}