{"w": 0.4370740220514253, "b": 0.007194075406076972}