{"w1": -1.3241076913286642, "w2": -3.069082402818868, "b": -0.04857982662642319}