{"w1": -0.32240489080079743, "w2": -0.8236234599873329, "b": 1.3460579983204025e-18}