{"w1": -0.947344328704988, "w2": -0.37271583227149685, "b": 0.17006490932236032}