{"w1": 0.8875891581669977, "w2": -0.6944752605914266, "b": 0.006327644830762787}