{"w1": 1.4602647777235291, "w2": -0.9928811278766198, "b": -0.43668502390359787}