{"w": 0.8954898571159494, "b": -4.5833044343151705e-17}