{"w": -0.055073097748209315, "b": -0.0013599278733345222}