{"w": 1.0000000000000002, "b": 1.5987211554602266e-16}