{"w1": 1.2748649264987006, "w2": -1.3884876798141428, "b": 0.13860145456202663}