{"w": -0.8873763951762986, "b": -0.09455402126889068}