{"cc": 0.9239930847775503, "alpha": -3.0642923223572738e-18, "beta": 0.9239930847775502, "mx": -1.1102230246251566e-17, "my": -1.3322676295501878e-17, "sx": 1.0, "sy": 0.9999999999999999}