{"w": 0.8745777352375613, "b": 0.021666034037047643}