{"w1": -0.5430392757177387, "w2": 0.2976565521803041, "b": -1.1713058582316729e-17}