{"w1": -0.5813643792828078, "w2": 0.33574320007466474, "b": 0.019237560442687797}