{"w": 0.8557346764757445, "b": -0.003058797221795788}