{"w": -0.18337781552024043, "b": -0.13421899225178446}