{"w1": 1.0238862679595016, "w2": -0.6957158397149532, "b": 0.19309825397017671}