{"w": -0.02188818315527114, "b": 0.006478855264062507}