{"w": 0.5578084564737841, "b": -2.3963191765757467e-17}