{"w": 0.5855250378376468, "b": -0.057005411735222104}