{"w1": -0.4552169526432686, "w2": 0.2971507903286511, "b": -2.620952711029554e-17}