{"w": -0.7353711132144989, "b": -0.032814859102449856}