{"w": -0.694338924311286, "b": -0.03033549887361832}