{"w": 0.287046848674005, "b": 1.974876540685349e-17}