{"w": 0.9625029006741304, "b": 2.886228652306563e-17}