{"w1": 1.7483556561204496, "w2": 2.3434471056271065, "b": 0.07485396600842578}