{"w": 0.27677058774852, "b": 1.3587525228387727e-16}