{"w": 0.30191757971514394, "b": -0.1289484217831035}