{"w": 0.25807554353537626, "b": -2.0986032880344512e-17}