{"w": 0.12687046456742074, "b": 0.05126651153871713}