{"w": 0.16615304991105753, "b": 0.0033545000807805384}