{"w1": -1.1333823873247446, "w2": -0.3084397350283755, "b": -0.1470679845831665}