{"cc": 0.2663806015237691, "alpha": 2.990804112262645e-17, "beta": 0.266380601523769, "mx": 2.1094237467877975e-17, "my": 3.552713678800501e-17, "sx": 1.0, "sy": 0.9999999999999998}