{"w": 0.19854634109537628, "b": 0.16886822954410974}