{"w1": 3.754445421962559, "w2": -1.843630202690728, "b": -0.022068844056434823}