{"w": 0.4651151966802085, "b": 0.00141119683708472}