{"w": -0.37064630940904564, "b": 7.456732456401262e-18}