{"w": -0.41289916186609527, "b": -1.5244783404815958e-16}