{"w": 0.9196144476297841, "b": -1.838740648654798e-17}