{"w1": 1.3189705472093873, "w2": -2.043055855490595, "b": 0.06173069425334525}