{"w1": 0.43157884447270894, "w2": -0.6466101029521273, "b": -0.006660356577031661}