{"w1": -0.15910566781816346, "w2": -0.6388030862595452, "b": -1.1894023871105103e-16}