{"w1": 1.7620207614597352, "w2": -0.5048087002389704, "b": -0.04489943430100805}