{"w1": 0.9292300813895216, "w2": -0.2957095608201427, "b": 0.021119315079830413}