{"w": -0.45639909796369577, "b": 0.14230377457323368}