{"w": 0.18586414955535724, "b": 0.024968709597280044}