{"w": -0.5098346142707814, "b": 0.150106068436478}