{"w": -0.487405359176079, "b": 0.07283634574784169}