{"w": 0.1532478024054744, "b": 0.07992889114942975}