{"w": 0.728062218864239, "b": -0.02425430532416139}