{"w": 0.6640061287427238, "b": 2.8702651990872265e-17}