{"w": 0.33225350101726125, "b": 4.167910181955957e-16}