{"w1": -1.0811346204307721, "w2": 1.2464473409870545, "b": -0.6556726719530777}