{"w1": -0.7437818722320895, "w2": 1.3795512922319042, "b": -0.48095030281172424}