{"w1": -0.7661250945726632, "w2": 0.15659102628525515, "b": -2.39394329452766e-17}