{"w1": -0.9177239296772683, "w2": 0.2241773968633185, "b": 0.00889253314948811}