{"w": 0.6333243764906591, "b": -0.00745146082917115}