{"cc": 0.8892541973724954, "alpha": -2.4181739085592883e-17, "beta": 0.8892541973724952, "mx": 9.714451465470119e-18, "my": -1.5543122344752193e-17, "sx": 1.0, "sy": 0.9999999999999998}