{"w": 0.844533417536983, "b": 0.0038446613114938495}