{"w": 0.9999999999999972, "b": 7.910339050454227e-17}