{"w": 0.10192076121470983, "b": -0.016976624622469044}