{"w": -0.0404176671823977, "b": 1.2304583686640499e-17}