{"w1": -3.733784387860888, "w2": 0.7395018670655741, "b": -0.014500176513185144}