{"w1": -0.828385173814711, "w2": 0.07541268261648958, "b": 1.5000264620643513e-17}