{"w": 0.4166355655224749, "b": -0.0032037287695626236}