{"cc": -0.19473619440364376, "alpha": 4.137168146910115e-18, "beta": -0.1947361944036438, "mx": -1.9539925233402755e-16, "my": 4.218847493575595e-17, "sx": 0.9999999999999999, "sy": 1.0}