{"w": -0.1947361944036437, "b": 4.137168146910127e-18}