{"w": -0.16089403368573366, "b": -6.29177122823954e-05}