{"w": 0.6758329538978085, "b": 0.016091495081055857}