{"w": 0.986153628332785, "b": 1.3640710508165771e-16}