{"w": 0.4825106821676389, "b": 0.08729888025255639}