{"w": 0.3451669682727502, "b": 0.005597822502688476}