{"w": -0.5771677062859987, "b": -0.019217446707530284}