{"w": -0.5187811807746251, "b": 0.048680544525508816}