{"w": 0.7635144099596846, "b": -0.1364458785929632}