{"w": 0.9999999999999996, "b": 5.592748486549225e-17}