{"w": 0.604160997857912, "b": 0.10369034501332612}