{"w": -0.0423818444474641, "b": -0.0470292111759306}