{"w": -0.3325423380063142, "b": -0.0039007152445739574}