{"w1": -0.8104236164167492, "w2": 0.04148956679694345, "b": -1.1437253064519647e-17}