{"w": 0.5637554716577974, "b": 0.030473133419834708}