{"w": 0.272642292037147, "b": -6.898673113587344e-17}