{"w": 0.2544594554396877, "b": -0.2150545086789493}