{"w": 0.8823015978578934, "b": -0.02140085518487359}