{"w": 0.3617374128871078, "b": 0.07589815377866466}