{"w": -0.48038935358805, "b": -0.164495134926676}