{"w": 0.4006015459733888, "b": 0.08669629803753043}