{"w": 0.4171046613904897, "b": 0.0963377081618171}