{"w": -0.27767339779690314, "b": 0.06386444538925942}