{"w": -0.09013613064680667, "b": -1.320523695952481e-16}