{"w": -1.0000000000000002, "b": 7.207776042683635e-17}