{"w": 0.13964570511301866, "b": 0.0020727937847193393}