{"w": 0.11116340945038809, "b": -8.59949468681685e-17}