{"w": 0.47364178618969716, "b": 0.04932639263792212}