{"w": 0.3786246520587062, "b": -1.8262117248509406e-17}