{"w": 0.3711255735841005, "b": 0.01072457439420814}