{"w": 0.31137432893428296, "b": 0.0003979235610830346}