{"w": -0.253054072990415, "b": -0.05175883895263917}