{"w1": -0.5218226476095854, "w2": 0.2499390489192101, "b": 5.431726536586731e-17}