{"w": -0.8800518172851531, "b": 0.1194627441166034}