{"w1": 0.4770500273109044, "w2": 0.4710207381677486, "b": -3.16975891855713e-17}