{"w": 0.35358151207694066, "b": -0.032362266603580804}