{"w": -0.05105367655759116, "b": -0.5380691333343194}