{"w": 0.07090726602707735, "b": -0.02573786825103481}