{"w": 0.6861945394649631, "b": -0.014793443667566195}