{"w": -0.47610567179615815, "b": -0.1276317545671603}