{"w": 0.003186404840612631, "b": -0.01015178932001998}