{"w": 0.9336636231405248, "b": -0.024862198579275664}