{"w": 0.933307508866775, "b": 1.137967848646771e-17}