{"w1": 0.13625136789438, "w2": -1.5219049453563598, "b": 0.08387442519219629}