{"w": -0.8001344280825586, "b": -0.007978777187121679}