{"w": -0.1687593697465528, "b": -0.03500199103096382}