{"w": -0.17031456927528071, "b": -0.03492943422688171}