{"w": 0.5636536085675256, "b": 1.075912783943542e-17}