{"w": 0.0061091071308262785, "b": 0.05404922085164276}