{"w1": 1.6503962166550086, "w2": 0.7125007578805851, "b": 0.02913726405469858}