{"w": -0.24064985976126232, "b": -0.03822003453399358}