{"w": -0.9999999999999978, "b": -5.66213742558829e-16}