{"w1": 1.7650590691459145, "w2": 1.225780982477407, "b": -0.06485717267991045}