{"w": 0.08285805805714476, "b": -7.04513168971381e-18}