{"w": 0.0662390861270855, "b": -0.088335597261957}