{"w1": -0.19479037937061108, "w2": 0.6339169320275424, "b": -1.908650696372149e-17}