{"w": -0.407791436264032, "b": 0.11603438715643033}