{"w": 0.4601980671477204, "b": -0.015817660678213847}