{"w": -0.23819194125694235, "b": 0.03902538543174016}