{"w": -0.33973927819621796, "b": -0.0009728057617130461}