{"w": -0.3323295188672541, "b": -0.0059957091908768995}