{"w": -0.39480512493140657, "b": 3.5604995391814025e-17}