{"w": -0.4725309334535238, "b": -0.0514815844270633}