{"w1": -0.11982967160254626, "w2": 0.7096450588222281, "b": -5.832933701517203e-18}