{"w": 0.12418520911774275, "b": 1.1794491357366363e-16}