{"w": -0.6858176337307874, "b": -0.04527187362005016}