{"w": -0.694719449881053, "b": 4.567308334688458e-18}