{"w": 0.3888151027876864, "b": -1.7148580043392257e-17}