{"w": 0.30600487257092474, "b": 0.010443218349151236}