{"w": 0.37791448419591106, "b": 0.0033541840362299687}