{"w": -0.09359346566594179, "b": -6.808061950489158e-17}