{"w": 0.8135960830992682, "b": 2.61291817728899e-17}