{"w": 0.5656046968793165, "b": 0.005515883964668466}