{"w": 0.34044021316754375, "b": 8.07774766607438e-18}