{"w": 0.33740658750565483, "b": 8.262987724260132e-18}