{"w": 0.10193320108132686, "b": 5.138439754837064e-17}