{"w": 0.3128507066290342, "b": 8.368416880942334e-18}