{"w": 0.4845266092086026, "b": -2.119731095623177e-17}