{"w": 0.46843508801721806, "b": 0.0007250750517493777}