{"w": -0.8193015439125134, "b": 1.0473484629136517e-16}