{"w": -0.8694296511366572, "b": 0.05360083598115392}