{"w": 0.8258113191531851, "b": -1.5807327650189953e-16}