{"w": 0.8229415065536204, "b": -0.0029166679393424566}