{"w": 0.45624716698740914, "b": 0.0010855855200595232}