{"w1": 0.740130063685513, "w2": -0.4069051951758975, "b": 1.1534753045924747e-16}