{"w1": 0.49784611429331127, "w2": -0.7380933787646318, "b": -0.1406926674095328}