{"w": -0.47438252220314275, "b": 0.0023846940509751613}