{"w": -0.06405352161914235, "b": 0.014300779788823232}