{"w": -0.06277477786848633, "b": 0.0020249776980653823}