{"w1": 0.48048855517851685, "w2": -0.05669314813683228, "b": 0.015651763256625928}