{"w1": -2.5322683205744707, "w2": -1.3841315518504616, "b": 0.3769209854981811}