{"w1": -0.8743504641698198, "w2": -0.5655226895758128, "b": -0.11595512230486114}