{"w1": -0.836221519722345, "w2": -0.46226271937216895, "b": 0.09757924107342521}