{"w": 0.775187112535153, "b": 0.028755520057647435}