{"w": 0.7137574634952873, "b": 0.078770915347349}