{"w": -0.38171062718842524, "b": -0.05516422467662753}