{"w": -0.4209575273036778, "b": -0.0668481995079626}