{"w": 0.9183868719097132, "b": 0.028430220836394772}