{"w1": 0.0025269855766020376, "w2": -0.0825608773284762, "b": 2.870667977971556e-17}