{"w": -0.5063919236021451, "b": 0.0045182748175682606}