{"w": -0.633033805162448, "b": 0.002741769905903014}