{"w1": 1.617121856504531, "w2": -0.7836808605902349, "b": 0.10637800863849986}