{"w": 0.287103598082533, "b": -0.00409474135124149}