{"w": 0.8548873625728439, "b": -1.5760164843074696e-18}