{"w": 0.523649709652708, "b": 0.0625297686947348}