{"w1": -0.30550132419994336, "w2": -0.5771166180666928, "b": 1.8956156783005034e-17}