{"cc": 0.7931231084741073, "alpha": 3.552713678800501e-17, "beta": 0.7931231084741073, "mx": 0.0, "my": 3.552713678800501e-17, "sx": 1.0, "sy": 1.0}