{"w": 0.5900488724729627, "b": 0.055467799580843136}