{"w": -0.30632970573607465, "b": 3.758736883946176e-17}