{"w": -0.3778423068601968, "b": 3.1508684670471976e-18}