{"w": 0.6899184532427286, "b": -0.0043601571383260485}