{"w": 0.6765136651859938, "b": -4.6239054014520554e-17}