{"w": 0.08507797360423235, "b": 0.01945677850037128}