{"w": -0.050336576100164065, "b": 0.08143595327773112}