{"w": -0.5264553767372782, "b": 1.8292253024821967e-17}