{"w": -0.54034326721701, "b": 0.07846488115501442}