{"w": 0.5837852209979957, "b": 6.789760435892865e-17}