{"w": 0.3143625858676169, "b": 1.1059493251629512e-17}