{"w1": 1.2530469498242491, "w2": 0.6618095390016303, "b": -0.08264169579350017}