{"w": -0.1574922385650715, "b": 0.032702575279774417}