{"cc": 0.5573808815251491, "alpha": -2.0584592861137905e-17, "beta": 0.5573808815251492, "mx": -8.881784197001253e-18, "my": -2.55351295663786e-17, "sx": 0.9999999999999999, "sy": 1.0}