{"w": 0.9000831558050237, "b": 0.039271590890435436}