{"w": -0.5920098697225421, "b": -6.526392007441227e-17}