{"w1": -0.574769573260721, "w2": 0.4206240481602028, "b": 0.007349068912073718}