{"w": -0.3606174914175211, "b": 0.008941570006914076}