{"w1": -0.9704867221065762, "w2": -0.541540826656362, "b": 0.01977137323643835}