{"w1": -0.7884400516256024, "w2": -0.4770052478307521, "b": -0.02298788490338471}