{"w1": -0.038912031378045414, "w2": -0.3456327334034089, "b": 0.0075138236614303265}