{"w": -0.6524450285929678, "b": 0.015415854460841667}