{"w1": 1.4050579446418408, "w2": -1.6485484386784426, "b": -0.5793505043519839}