{"w": -0.5918513280824477, "b": -5.025445545852094e-17}