{"w": -0.5865774053569603, "b": -5.030129730204038e-17}