{"w": -0.5526447028713761, "b": -0.10000000000000014}