{"w1": 0.05178799615345555, "w2": 1.5199373469773956, "b": -0.07037642162626451}