{"w": -0.25663971907092603, "b": 0.08611258341457786}