{"w": -0.7053622534279637, "b": 0.14583207432183756}