{"w1": -0.5121983268679727, "w2": 0.6336897619305973, "b": 0.03666257700027198}