{"w": -0.5631202792425123, "b": 2.985790323570311e-18}