{"w1": 2.5181037514022013, "w2": -1.1979995246942055, "b": -0.07519959293720645}