{"w1": 0.5735922000575516, "w2": -0.1790775063117346, "b": 3.915597537154678e-18}