{"w1": 0.8004400066633703, "w2": -0.38549166662864315, "b": -0.018419058079424552}