{"w1": 0.8098508815027203, "w2": -0.39306995791824756, "b": -0.01891863027955651}