{"w": -0.038742956513780666, "b": 5.408376331308732e-17}