{"w": -0.6544421763252275, "b": -0.002487922121643274}