{"w": -0.7952716522642207, "b": 0.016793708094436}