{"w": 0.40178315147266597, "b": 3.1046491436610394e-17}