{"w": 0.18105689651246162, "b": -0.025118040691293395}