{"cc": 0.07086402988615854, "alpha": 3.3105132773702355e-16, "beta": 0.07086402988615854, "mx": -2.6922908347160044e-16, "my": 3.11972669919669e-16, "sx": 1.0, "sy": 1.0}