{"w": -0.05551414104451099, "b": 0.026566756111768546}