{"w": 0.5292106848347771, "b": 0.006064880286577368}