{"w": -0.4248691278519469, "b": 1.502602116895159e-05}