{"w": -0.4726949239769335, "b": -0.1424572650893169}