{"w": -0.49220372945582735, "b": -0.14973048827488905}