{"w": -0.24320807344559117, "b": -5.2573295605185e-16}