{"w": -0.23326850578934621, "b": -0.0672074887162175}