{"w": -0.15573065187734675, "b": 9.506054011455477e-17}