{"w": 0.11496622502495374, "b": 0.016137093685613783}