{"w": -0.17825689182000293, "b": 0.0364948336005263}