{"w1": 0.49537516863140557, "w2": 0.3631943494317796, "b": -4.380496328877864e-17}