{"w": 0.1458884941160572, "b": -0.0028858662170899675}