{"w": 0.15003819283824127, "b": -0.2194092436762648}