{"w": 0.1472988543288992, "b": -0.22679902068409627}