{"w": -0.9692094446874182, "b": -0.003942519846517545}