{"w": 0.7380938243106736, "b": -0.006529019826311248}