{"w1": -0.1658588045356436, "w2": -2.0735908975295407, "b": -0.057365708733921286}