{"cc": 0.15351063885547622, "alpha": 3.145616150555398e-17, "beta": 0.15351063885547622, "mx": 8.43769498715119e-17, "my": 4.4408920985006264e-17, "sx": 1.0, "sy": 1.0}