{"w": 0.16419953256831157, "b": -0.2752465510974358}