{"w": 0.15284641355245632, "b": -0.3071906880663431}