{"w": 0.09729567095332081, "b": -5.004944028567002e-17}