{"w1": -0.6402631455224465, "w2": -0.22956708318261615, "b": -0.01903284946855091}