{"w": -0.9757007622467527, "b": 0.010203016044133066}