{"w": 0.7420264383549597, "b": 2.7696469623090092e-17}