{"w": 0.8321476695988405, "b": 0.04477755699147265}