{"w": -0.27123647738380213, "b": 0.34699246281346857}