{"w1": -2.3727437322685345, "w2": -1.6968987182819268, "b": -0.06301422266210345}