{"w": 0.023633637846334765, "b": 0.0383092159451065}