{"w": -0.49316988792249616, "b": -0.0548868084798676}