{"w1": -3.6575421985908543, "w2": 0.24174931866805988, "b": -0.07396189003020937}