{"w": -0.0795587487261343, "b": 0.044742464799562925}