{"w": 0.9999999999999961, "b": 3.219646771412935e-17}