{"w": 0.1152282605684912, "b": -0.030897803671027436}