{"w": 0.04780053670771957, "b": 0.030211627345359246}