{"w": 0.4951833357750095, "b": 0.039749270841868585}