{"w": 0.5363982556315878, "b": -2.3399762428617106e-17}