{"w": 0.5412210171707329, "b": -2.330070712191095e-17}