{"cc": 0.3150537513314233, "alpha": 7.844934841839321e-17, "beta": 0.3150537513314234, "mx": 3.8177794259297573e-16, "my": 1.9872992140790302e-16, "sx": 0.9999999999999998, "sy": 1.0}