{"cc": -0.10817119548347004, "alpha": -3.006544439897508e-17, "beta": -0.10817119548347005, "mx": 9.436895709313831e-18, "my": -3.1086244689504386e-17, "sx": 0.9999999999999999, "sy": 1.0}