{"w": 0.11417304608681307, "b": -3.234506405707665e-18}