{"w1": 1.6496776469494105, "w2": 2.6154094491600723, "b": 0.0531618831780771}