{"cc": -0.2863748574787523, "alpha": -3.762232433058792e-17, "beta": -0.2863748574787523, "mx": -8.049116928532385e-17, "my": -1.457167719820518e-17, "sx": 1.0, "sy": 1.0}