{"w": -0.1937561594604891, "b": 0.032196668468037995}