{"w": -0.28608876871004235, "b": -3.759929671107506e-17}