{"w": -0.2875138323418195, "b": -0.011177954752115403}