{"w1": -1.0189733385930606, "w2": 0.6206310290167474, "b": 0.043782566653597546}