{"w": -0.38052964093393926, "b": -0.03472215184693239}