{"w": -0.4244221176747151, "b": 8.197350770252107e-18}