{"w": -0.492405752821142, "b": 0.005419165365071496}