{"w": -0.2651787461230261, "b": -0.006952001363734049}