{"w": -0.574782085203316, "b": 0.0928378144735051}