{"w": -0.9999999999999818, "b": 6.661338147750657e-18}