{"w": 0.17752247443142527, "b": 0.008865735062036594}