{"w": 0.8225993101546288, "b": 0.004203761562844539}