{"w": 0.3624280031577859, "b": 1.1249567219619043e-16}