{"w": 0.061104536181305714, "b": 0.16380416655278995}