{"w": 0.298285161699196, "b": 0.013378318673840187}