{"w": -0.028511398982997968, "b": 0.0253973688000802}