{"w": -0.03664103266051241, "b": -2.2462943342305417e-17}