{"w": 1.0000000000000004, "b": 3.0253577421035524e-17}