{"w": -0.059239088012284606, "b": 0.024049852066962505}