{"w": -0.0705863506345135, "b": 1.0651560095307571e-16}