{"w": -0.0721577883626429, "b": -0.01808880236935588}