{"w1": -29.64129631497229, "w2": -18.501520519331454, "b": 2.109390088813844}