{"w": 0.36022807018768366, "b": 6.817782206292849e-17}