{"w": -1.0000000000000002, "b": 3.4861002973229917e-16}