{"w": -0.7816602442797536, "b": 0.05189832515772386}