{"w": -0.4161471234319062, "b": 0.07330119730991669}