{"w": -0.3963098576633991, "b": 0.12199999478975898}