{"w": -0.5501000139759078, "b": -9.130670255083329e-18}