{"w": -0.4266572596815504, "b": -5.660140839960032e-18}