{"w": 0.10306073985826074, "b": 0.20407447382801175}