{"w": 0.025933014168560316, "b": -0.045961987521129025}