{"w": -0.07120652961665075, "b": -6.296994311194602e-17}