{"w1": 0.6417466528660859, "w2": 1.1547530615666086, "b": 0.16339029065405375}