{"w": -0.16848482106157095, "b": 0.08363634157437619}