{"w": 0.6126111913713839, "b": 0.008135407543725168}