{"w": -0.03791792794705076, "b": 1.1606564033488252e-16}