{"w": -0.2787247114073984, "b": 1.2471943237296373e-16}