{"w": 0.4730979021130889, "b": 6.731336546097918e-18}