{"w": 0.5121496730636549, "b": 0.002708753624993371}