{"w": -0.41067521317234396, "b": 1.7752436731902483e-16}