{"w": -0.3350703237585055, "b": 0.08299156205517359}