{"w": -1.0000000000000004, "b": -2.720046410331635e-17}