{"w": -0.0331339292296538, "b": 0.09317706813179083}