{"cc": 0.4104043303597437, "alpha": -3.0707687136486055e-18, "beta": 0.41040433035974366, "mx": -2.4980018054066023e-17, "my": -1.3322676295501878e-17, "sx": 0.9999999999999999, "sy": 0.9999999999999998}