{"w": 0.4104043303597437, "b": -3.070768713648604e-18}