{"w": 0.4099943360237201, "b": -3.081010379564539e-18}