{"w": 0.41864365829594674, "b": -0.04265029919417886}