{"w": 0.5395781821605088, "b": 2.1833169619662022e-17}