{"w": 0.3752083989546043, "b": 4.914364599132854e-17}