{"w": 0.43622934165448807, "b": 0.0621711180957277}