{"w1": -0.522079080695667, "w2": -0.4673562710173445, "b": 1.3482340955191213e-17}