{"w1": 0.35893761935047447, "w2": -3.127508231616579, "b": 0.15434513490552357}