{"w1": -36.08256153340328, "w2": 34.03704015837281, "b": -18.358842290080137}