{"w1": -1.010964806306877, "w2": 0.9210925594965849, "b": -0.14693737608386961}