{"cc": -0.7916784062344359, "alpha": -2.6562453409940783e-16, "beta": -0.791678406234436, "mx": -3.1308289294429413e-16, "my": -1.7763568394002505e-17, "sx": 0.9999999999999999, "sy": 1.0}