{"cc": 0.4708712668548845, "alpha": 2.6467630003996003e-17, "beta": 0.47087126685488456, "mx": 5.10702591327572e-17, "my": 5.0515147620444624e-17, "sx": 0.9999999999999999, "sy": 1.0}