{"w": -0.7105147248884308, "b": -0.02676389665435452}