{"w": -0.047238072776544786, "b": 0.20524625475447358}