{"w": -0.11522625385875893, "b": -0.047695317745196}