{"w": 0.9208347830036941, "b": 0.01940847789723}