{"w": -0.93017342374619, "b": 9.294299567436893e-17}