{"w": 0.1815283971985105, "b": -1.9259896813408245e-16}