{"w1": -0.20696919471380243, "w2": -0.4437237529138479, "b": 0.0025739068651618826}