{"w": 0.3609833615646236, "b": -0.07809297617705194}