{"w": 0.41839478535664065, "b": -0.06755418880827034}