{"w": 0.5833943206434097, "b": 0.001759406827860323}