{"w": 0.6787131100237486, "b": 4.257658298115381e-17}