{"w": -0.620344956606136, "b": -0.06009332142800589}