{"w": 0.28472653009984045, "b": -0.004761830858383139}