{"cc": -0.23812284722171895, "alpha": 3.05775114333393e-16, "beta": -0.23812284722171895, "mx": 5.218048215738236e-16, "my": 1.815214645262131e-16, "sx": 1.0, "sy": 1.0}