{"w": 0.32711586240184676, "b": -0.15055181557189667}