{"cc": -0.654785324110392, "alpha": 3.906299345255426e-17, "beta": -0.6547853241103919, "mx": 1.3877787807814457e-17, "my": 2.997602166487923e-17, "sx": 1.0, "sy": 0.9999999999999999}