{"w": -0.653964665956553, "b": -5.046838252964291e-05}