{"w": 0.1076019976859994, "b": 1.6061619614553998e-16}