{"w": 0.9271886010286972, "b": 2.7648108327237084e-18}