{"w": 0.7607998249456835, "b": 0.011644307827662136}