{"w": 0.7659277225754101, "b": 0.001680993665668212}