{"w": -0.042800351932062046, "b": -7.171088372018297e-06}