{"w": 0.06478345988810591, "b": -1.9262181498054e-16}