{"w": 0.4341646376586051, "b": -0.016449810262628664}