{"w": 0.420070830129814, "b": 0.0035804400590643236}