{"w": -0.12589972053753498, "b": 0.019834018010618397}