{"w": 0.4606946578889461, "b": -0.008947961984351235}