{"w": 0.4607471259134549, "b": -0.17011253765894174}