{"w1": -0.5076918369491481, "w2": 0.09267036535344769, "b": -2.2994017945131273e-18}