{"w": -0.10922698348885643, "b": -0.050735058314884306}