{"w": -0.09710956526691927, "b": -0.09314745193819263}