{"w": -0.13232641854220695, "b": 1.583294135667996e-17}