{"w": -0.06786319325815754, "b": -0.005736134159381439}