{"w1": 0.18351283064587204, "w2": -0.5513119320774212, "b": -2.5595152053638042e-17}