{"w": -0.402143289246633, "b": -1.2478111381682794e-17}