{"w": -0.40174154769893416, "b": -1.2480341495263813e-17}