{"w": -0.2171833947160717, "b": 9.450407409747342e-17}