{"w": 0.12980989012475497, "b": -5.567147963761998e-17}