{"w1": 0.7339487929582663, "w2": 1.3457730333049915, "b": -0.0245228591354201}