{"w1": -0.321681278865718, "w2": 13.764558722859855, "b": 1.6843783628940054}