{"w1": -0.07519451176496131, "w2": 0.7922684754298569, "b": -4.33118737290496e-17}