{"w": 0.9999999999999984, "b": -2.0178303472562207e-16}