{"w": 0.09227051403116657, "b": -0.03688681962416401}