{"w": -0.40538338593446216, "b": 0.001467818990352248}