{"w1": 0.7839895739086217, "w2": 0.6309027350107107, "b": 0.12326055190394797}