{"w": 0.4344952493213991, "b": 3.7602133072403896e-17}