{"w": 0.5307339356334516, "b": -0.027839339615655392}