{"w": 0.444689001472586, "b": -0.0010247418559188896}