{"w1": 0.1999669379235395, "w2": -0.5906546196864751, "b": 4.081482781054382e-18}