{"w": 0.3584980580098476, "b": 0.0693737215272279}