{"w": 0.4272690156918844, "b": 9.18362453764912e-19}