{"w": 0.368348298396002, "b": 0.08019689713948953}