{"w1": -0.34596655175309404, "w2": -2.4172775885242745, "b": 0.04889727649737402}