{"w1": -0.5032270737447937, "w2": -0.9067519283166606, "b": -0.015429082383991221}