{"w1": 0.8927955110020539, "w2": 0.3526121312330157, "b": -0.016734884900362436}