{"w": 0.9823377308342975, "b": -0.015585104706164341}