{"w": 0.6687166092349743, "b": -0.23641241662523485}