{"w": -0.3159707079395888, "b": -1.2382117750777148e-17}