{"w": -0.27267162517015586, "b": 0.06310415159170452}