{"w1": -0.2257891039114636, "w2": 2.894818595545148, "b": -0.4811574209203602}