{"w": 0.48288811470231374, "b": 0.06170634395533094}