{"w": 0.8904294174267304, "b": 0.004974263425333344}