{"w": 0.34993919425484865, "b": -2.7708320058821326e-18}