{"w": 0.39706385066785577, "b": -0.002831590277650658}