{"w": -0.3876540291048939, "b": 1.4846082651261983e-17}