{"w": 0.12020907822429157, "b": 8.440693046786603e-17}