{"w": -0.7957571687008488, "b": -1.1731694865787074e-17}