{"w1": -1.2572713889399028, "w2": -0.05818754875636264, "b": -0.05485251233806135}