{"w1": -0.4790137745525864, "w2": -0.1720219181935994, "b": 0.00806575472272364}