{"w1": 1.0738597352162509, "w2": -0.5302072762119006, "b": 0.015424076998425653}