{"w": -0.26435506685899984, "b": -5.020179088316423e-17}