{"w": 0.18798239142902956, "b": -0.03548778477924083}