{"w": 0.23022151626636334, "b": 0.0004073701479879354}