{"w": 0.21018230889007627, "b": 0.0030191735176160125}