{"w": 0.3168174510121392, "b": 0.0013628319078469906}