{"w1": -0.8528384773098142, "w2": -0.44593595645353956, "b": -0.05062067056005022}