{"w": 0.4222179604893513, "b": 0.0024763419345808723}