{"w1": -0.9352691173859153, "w2": 0.13786339194832542, "b": -0.027157269936802286}