{"w": 0.35821532795871003, "b": -0.03821763425108871}