{"w": -0.24194272839694814, "b": 0.10415950362188925}