{"w1": 0.48438536496628826, "w2": 2.0462861339663276, "b": -0.01958466287073503}