{"cc": -0.17164480658374417, "alpha": 5.234424299580795e-17, "beta": -0.17164480658374417, "mx": 4.218847493575595e-17, "my": 4.5102810375396984e-17, "sx": 1.0, "sy": 1.0}