{"w1": 0.45557871053479587, "w2": 1.1737679869168471, "b": 0.0503984705942185}