{"w1": 0.3551324649543487, "w2": 0.8113155101273325, "b": 0.023362987413787385}