{"w": 0.8193709837409698, "b": -0.02051432054380107}