{"w": 0.6231424308371872, "b": -2.208660712618593e-17}