{"w": 0.46436755188635154, "b": -0.04906232270403752}