{"w": -0.4516655672877201, "b": 1.925281382275261e-16}