{"w": -0.08365939948482039, "b": 0.15182333392855338}