{"w": -0.04540853773210163, "b": -0.019172185010192577}