{"w": 0.1749997689743909, "b": 0.02155944599035136}