{"w": 0.18393285360790007, "b": -0.0725375973939089}