{"w": 0.3945472437847281, "b": 0.014132968149023695}