{"w": 0.04840315791274555, "b": 2.6262093084940834e-16}