{"w": 0.06656727933418573, "b": -0.11197212061656847}