{"w": 0.047056757299602577, "b": 0.007816351832852772}