{"w1": 1.056052275616005, "w2": 0.31008654322794665, "b": -0.002005944569190586}