{"w": 0.052677274492361356, "b": 1.382414840754645e-16}