{"w1": -0.0034945242535893485, "w2": 2.8482076286555036, "b": -0.3018572972789461}