{"w1": 0.0006823221570002811, "w2": 1.1632244315988653, "b": -0.09503251960399}