{"w1": -0.00344456047387812, "w2": 1.683990975355379, "b": -0.2077016949112741}