{"w": -0.7546229743645626, "b": -0.009811154699245426}