{"w": 0.40825801965590464, "b": 0.06875056561280561}