{"w1": 0.00906498636815043, "w2": 0.4706684454253308, "b": 0.007808914157930405}