{"w1": -1.7895687589164655, "w2": 1.654977681705456, "b": -0.6235731545446124}