{"w1": 4.952797256672599, "w2": 0.0952564027630994, "b": -2.385766715066472}