{"w": 0.2647277337636488, "b": -0.0013784225708043385}