{"w": 0.25774110816381757, "b": 0.030718759916918224}