{"w1": 0.22529861212197524, "w2": 0.38715628576988825, "b": -9.258487283476492e-18}