{"w": -0.6523943725697211, "b": -0.15718131324906462}