{"w1": 0.224302310790391, "w2": 0.5579950498091527, "b": -7.475744600694287e-18}