{"w": 0.45017553272514593, "b": 1.643597789580509e-17}