{"w1": -0.9358058234242046, "w2": 0.6859978807512043, "b": -0.028566428808265418}