{"w": 0.6595077848930654, "b": -0.08441767871162761}