{"w1": -2.974120760573788, "w2": 1.54039179471555, "b": 0.06915379886029382}