{"w": -0.35512607737249474, "b": -0.0036400509925958273}