{"w": -1.0000000000000007, "b": 3.397282455352981e-16}