{"w1": 0.4589359336817077, "w2": -0.38707670657454274, "b": 0.012215910654187326}