{"cc": 0.39171012292196483, "alpha": -1.636679534471039e-16, "beta": 0.3917101229219647, "mx": 2.9878877150224527e-16, "my": -4.662936703425657e-17, "sx": 1.0, "sy": 0.9999999999999998}