{"cc": 0.49570382923851425, "alpha": 9.603835478713132e-18, "beta": 0.4957038292385143, "mx": 3.8857805861880476e-17, "my": 2.886579864025407e-17, "sx": 0.9999999999999999, "sy": 1.0}