{"w": 0.49079587053318247, "b": 9.794547985263042e-18}