{"cc": 0.6305024966613563, "alpha": 2.9657616353858945e-16, "beta": 0.6305024966613562, "mx": -2.6645352591003756e-17, "my": 2.7977620220553945e-16, "sx": 1.0, "sy": 0.9999999999999998}