{"w": 0.6298673780411894, "b": -0.01710511912645327}