{"w": 1.0000000000000002, "b": 3.0642155479654323e-16}