{"w": 0.8977555662439634, "b": 0.007494778641501453}