{"cc": -0.20356111805117738, "alpha": -9.893166340280775e-18, "beta": -0.20356111805117738, "mx": 2.7755575615628914e-17, "my": -1.5543122344752193e-17, "sx": 0.9999999999999999, "sy": 0.9999999999999999}