{"w": 0.5502212936907016, "b": -0.051784914025496814}