{"w1": 0.38176076111022594, "w2": 0.8646759151056943, "b": 2.714101731564887e-17}