{"w1": 0.8701586711808749, "w2": 1.8799882245895212, "b": 0.067987134170014}