{"cc": -0.07085994304048154, "alpha": -1.1859432271515574e-17, "beta": -0.07085994304048154, "mx": -1.0685896612017132e-17, "my": -1.1102230246251566e-17, "sx": 1.0, "sy": 1.0}