{"w": -0.015826130637326487, "b": -0.08942309088770678}