{"w": -0.37938260336532026, "b": 0.036937634720944246}