{"w": -0.39639966755353323, "b": 2.924593309845018e-17}