{"w": -0.4317224102068184, "b": 2.987339105343556e-17}