{"w": -0.022678906255150493, "b": 0.0022196433192390565}