{"w": 0.01724533504701769, "b": -0.20437612261552224}