{"w1": -1.8828111242475187, "w2": -0.2847115294606328, "b": -0.14038944190397698}