{"w1": 0.4846142336546165, "w2": 0.34332182635459635, "b": -0.0008976745851575242}