{"w": -0.7588952888843497, "b": 6.117137019282024e-18}