{"w": -0.7671310478572732, "b": 0.0071094352058041245}