{"w": -0.15162989835689453, "b": -0.012583631335658266}