{"w": -0.0030400033887616295, "b": 4.2873194647236064e-17}