{"w1": -0.6450179291971969, "w2": -0.7983470661491122, "b": 0.040477258448318953}