{"w": 0.17144155244922668, "b": -3.1756687416469524e-19}