{"w": 0.0948186840958704, "b": 0.021478228408612524}