{"cc": 0.8045978865089239, "alpha": 2.1464317777340806e-17, "beta": 0.8045978865089239, "mx": -3.219646771412954e-17, "my": -4.440892098500626e-18, "sx": 1.0, "sy": 1.0}