{"w": -0.7276244757412564, "b": 0.014938950632855356}