{"w": -0.6946723049516104, "b": -0.007115412227837018}