{"w": 0.27588647680833484, "b": 3.420643382503972e-17}