{"w": 0.28564177425611254, "b": -0.0016221340722335888}