{"w1": -0.40972111750451196, "w2": 0.521206454279975, "b": 4.841226342866332e-17}