{"w1": -0.41149718464364726, "w2": 0.5249992916172553, "b": 4.8693628056415455e-17}