{"w": -0.17291907135052673, "b": 1.8418020802965302e-16}