{"w": -0.10251004656965365, "b": -0.001087918849551556}