{"w": 0.4809503405261714, "b": 0.00882545737844917}