{"w": -0.42839221983778025, "b": 0.02507264656019325}