{"w": -0.7343377133640836, "b": 0.00267666954091441}