{"w1": -2.2594376665325044, "w2": 1.6531949524710843, "b": 0.5150833092673363}