{"w": -0.12195043357382854, "b": -0.039597036007924684}