{"w": -0.1229643839883612, "b": -0.03965122154356725}