{"w": -0.1928303645521278, "b": 9.738123039291792e-18}