{"w1": -0.435688581320066, "w2": -1.031623791870607, "b": 0.12660178024456215}