{"w1": -0.938293409456382, "w2": -0.5263521364164266, "b": 0.11994025301253619}