{"w": -0.09757878689536613, "b": 0.008205299484221482}