{"w": 0.4248249236017405, "b": -7.97166945172562e-17}