{"w": 0.41084529621944726, "b": -0.0029886086130737396}