{"w": 1.0000000000000004, "b": -2.853273173286653e-16}