{"w": -0.056073793285339756, "b": 0.04673487536143644}