{"w": -0.2621176551140603, "b": -0.0588708973243126}