{"w1": -6.246828737436731, "w2": -4.667945592879642, "b": 0.37997590219836813}