{"cc": -0.8411382433230545, "alpha": -1.1346912207726813e-16, "beta": -0.8411382433230545, "mx": 1.1324274851176597e-16, "my": -2.0872192862952942e-16, "sx": 1.0, "sy": 1.0}