{"w": -0.9007103816312888, "b": 0.023796344064745026}