{"w": -0.13417698042263052, "b": 0.15579748776659266}