{"w1": 1.8214596294987748, "w2": 1.5168727057048743, "b": -0.3493565327867705}