{"w1": 0.8709943065864699, "w2": 0.7584264070053881, "b": -0.16122371870140226}