{"w": 0.5686221406761113, "b": -6.541381232272642e-18}