{"w": -0.3524794570898466, "b": 0.044631905144287914}