{"w": 0.19790498687279307, "b": 0.0422590288236768}