{"w": 0.09695583716572746, "b": -0.1980707763137063}