{"w": -0.11894328840035341, "b": 0.0623188433205301}