{"w": -0.11600797996397952, "b": 0.06792223488050855}