{"w": 0.9999999999999989, "b": -1.0335482469869807e-16}