{"w": -0.0495252336154942, "b": 0.09184709294856104}