{"w": 0.27164133287984965, "b": -1.0003925972017992e-16}