{"w": 0.46167360647964895, "b": -8.032717839588273e-18}