{"w": 0.43711758013683355, "b": -0.040283535211898584}