{"w": 0.052255249041730754, "b": -4.879973649525902e-17}