{"w": 0.12642288110757552, "b": -0.04216893260251345}