{"w": 0.8727442009565723, "b": 0.03730150256288851}