{"w": 0.20778397211350225, "b": 0.0011487039471859376}