{"w": 0.3808333575187202, "b": -4.476048731328316e-18}