{"w": -0.509864909711302, "b": -1.8369987923350213e-17}