{"w": 0.6675832923030536, "b": 2.5367392596677875e-17}