{"w": 0.7071251989121613, "b": -0.001498905075357002}