{"w": -0.9299652876859528, "b": 0.01477592002737237}