{"w": -0.09423203290425944, "b": -0.04872260298161343}