{"w": -0.2508836137716603, "b": -1.4166926572715754e-16}