{"w": -0.9999999999999999, "b": -2.729587389449506e-16}