{"w1": 0.09310624610063767, "w2": 2.5913242360423836, "b": -0.18278944109218648}