{"w": -0.5326053131499155, "b": 0.002230840715887975}