{"w": -1.000000000000002, "b": -5.967448757360214e-16}