{"w": -0.09759253011843526, "b": -0.03497032336632551}