{"w": -0.7321410367860715, "b": 0.0070787464752124}