{"w": 0.9900990099009901, "b": -1.983012214280973e-17}