{"cc": 0.4525508133948173, "alpha": 6.0212674825649046e-18, "beta": 0.4525508133948174, "mx": 3.3306690738754695e-17, "my": 2.1094237467877975e-17, "sx": 0.9999999999999998, "sy": 1.0}