{"w": 0.4000999096947485, "b": -0.0025810978672148877}