{"w": -0.1347545924615915, "b": 1.0204584338902536e-17}