{"w1": -19.034649003434513, "w2": -16.40215389676095, "b": -1.2677565905130925}