{"w1": 1.1634845690111222, "w2": -0.7141994717040804, "b": -0.12205521066529919}