{"w": -0.7421004634258983, "b": -0.2746921720037708}