{"w": -0.6120323821900419, "b": 2.470038565767237e-16}