{"w": -0.8122182016920362, "b": -0.29057829497581583}