{"w": 0.07059469134500922, "b": -0.08255008158541743}