{"w1": 0.6221226614672206, "w2": 0.16342679696678253, "b": -2.2873685998347015e-17}