{"w1": 1.05089772685227, "w2": 0.29367056059282004, "b": 0.061935259442181395}