{"w": 0.9302755900514381, "b": 0.015491564001175786}