{"w": 0.8450489717129113, "b": 2.763346535327017e-17}