{"w": 0.3594163626533239, "b": -0.13773534242889898}