{"w": 0.3587905434543327, "b": 0.024111921788202137}