{"w": 0.999999999999998, "b": 2.065014825802788e-16}