{"w": 0.2828035586885191, "b": -0.011181622620357145}