{"w1": -0.2920611860278833, "w2": 0.9422173320904312, "b": 0.14957241631383275}