{"w1": -1.2034305750400602, "w2": -1.5175588523920962, "b": -0.05378857698421825}