{"w": -0.5152179643677275, "b": -0.009441642560883604}