{"w1": -0.13242820596075236, "w2": -0.7195232425795114, "b": -1.5069935096212265e-17}