{"w1": -0.4397950655725203, "w2": -1.8014177580599755, "b": -0.11058089997590033}