{"cc": 0.18344537219075563, "alpha": -3.653566268169846e-18, "beta": 0.1834453721907556, "mx": 7.438494264988549e-17, "my": 9.992007221626408e-18, "sx": 1.0, "sy": 0.9999999999999998}