{"w": 0.09541920567661498, "b": 0.05226002885960662}