{"w": 0.29854837783056826, "b": -0.00010067552178121345}