{"w": -0.5475303000121245, "b": -0.040147881024918335}