{"w": 0.9928150139348828, "b": 0.010613004981718929}