{"w": -0.5264152613716889, "b": 4.387998887831319e-17}