{"w": -0.5011783222332264, "b": 0.0034810176934019403}