{"w1": 0.19950930309588166, "w2": 0.36895084259466326, "b": 9.971029368149574e-17}