{"w": -0.647289711128505, "b": 1.509659500452761e-17}