{"w": -0.4442492778014381, "b": -0.02158608061988975}