{"cc": 0.4753653601788573, "alpha": 3.1503441565648458e-18, "beta": 0.4753653601788573, "mx": 3.7747582837255325e-17, "my": 2.1094237467877975e-17, "sx": 1.0, "sy": 1.0}