{"w": 0.4753653601788573, "b": 3.1503441565648458e-18}