{"w1": -2.1765382035883083, "w2": 0.44399675827519886, "b": -0.09876942365090138}