{"w1": -0.8842157093547304, "w2": 0.3429625038829077, "b": -0.006767189197635144}