{"w": -0.5529542418389811, "b": 0.11322921400620212}