{"w1": 0.4576253082147337, "w2": 0.28202721029158817, "b": -0.017019493737283863}