{"w": -0.6226601755824551, "b": 0.15037034035219576}