{"w": -0.5968149186847085, "b": -0.008218451452132916}