{"w1": -0.146966293196775, "w2": 1.2125061497185945, "b": -0.1352843934529837}