{"cc": -0.3115199203291355, "alpha": 2.912159225607914e-18, "beta": -0.3115199203291354, "mx": 2.220446049250313e-18, "my": 2.220446049250313e-18, "sx": 1.0, "sy": 0.9999999999999997}