{"w": -0.29399615974779886, "b": -0.14613217635965528}