{"w1": -0.5326297873891863, "w2": -0.4365611990936074, "b": 4.32337612422669e-17}