{"w1": -1.489397429003172, "w2": -1.1257943337198848, "b": -0.12491996962355456}