{"w": 0.30104387501021734, "b": 0.009357028328872197}