{"w": 1.0000000000000013, "b": 3.1197266991966924e-16}