{"w": 0.28893460795696513, "b": 2.1013475895609147e-16}