{"w": 0.30047941482401014, "b": -0.0013674117174912394}