{"w1": -0.411820249499259, "w2": 0.5916441648414537, "b": 0.010276582886712127}