{"w": 0.46905765904468194, "b": -0.05558278993617234}