{"w": 0.5528841544491843, "b": 0.015655123297566378}