{"w1": 0.16229935978822058, "w2": 0.6289077429202939, "b": 0.0035242069729742864}