{"w": -0.5327585231062647, "b": -0.017601709376135317}