{"w": -0.1536064244418236, "b": 0.22834063772297308}