{"w": -0.1539282263522963, "b": 0.20935479396084464}