{"w": 0.45261878564615077, "b": -0.06393533882184715}