{"w1": -0.008761063562306588, "w2": 2.7294203119124196, "b": -0.045346696609103294}