{"w1": -0.10300310273442535, "w2": 0.6027927274178209, "b": 3.1842810205715994e-17}