{"w1": -2.5974806247679183, "w2": 0.41105496603541425, "b": -0.04671375853305915}