{"w": -0.16306328840803705, "b": 6.989604390927488e-17}