{"w": -0.1748522902897407, "b": -0.030117127882705097}