{"w": 0.3863779131841994, "b": 0.15451004816147035}