{"w": 0.022548340734216556, "b": 0.011065947098428206}