{"w": 0.7662114609882611, "b": 0.011954217427347341}