{"w": 0.8268450446534135, "b": -0.0008011283221808913}