{"w": 0.9445364817885781, "b": -0.0022451772663996286}