{"w": -0.2596651892306938, "b": -1.8442578827523128e-16}