{"w": -0.41725965848306584, "b": 0.24387616725683187}