{"w": 0.5596197340374301, "b": -0.09660707353599793}