{"w": -0.010342877422586097, "b": 0.18754383877107145}