{"w1": -0.43227542550836157, "w2": -0.16380302808989278, "b": -0.0022501213711688117}