{"w1": 0.9204219721627871, "w2": -0.30852869739444716, "b": -0.09665493611329541}