{"w1": -0.36787107556608695, "w2": -0.8861590525514487, "b": -7.340617373215706e-18}