{"w": -0.3524536553148793, "b": -0.0024382051303777873}