{"cc": 0.5975395114906449, "alpha": 1.4161684277293596e-17, "beta": 0.597539511490645, "mx": -1.9984014443252817e-17, "my": 2.220446049250313e-18, "sx": 0.9999999999999998, "sy": 1.0}