{"w": 0.45443837352846833, "b": -0.0237426234874104}