{"w": 0.5753571052111645, "b": -0.0010378825730215588}