{"cc": 0.44623195593350906, "alpha": -3.4013856928810944e-17, "beta": 0.44623195593350906, "mx": 3.3306690738754695e-17, "my": -1.915134717478395e-17, "sx": 1.0, "sy": 1.0}