{"w": 0.37635641370691486, "b": -0.013560690602762576}