{"w": 0.4472402445496717, "b": 0.0016370959637479303}