{"w": -0.5690435515488496, "b": -0.0266104400521191}