{"w1": -7.422219070086308, "w2": -0.0185797428534997, "b": 0.2334530096678235}