{"w1": -1.4213879762333914, "w2": -0.08774172476129947, "b": 0.09528780158429973}