{"w1": -1.7672578900548, "w2": -0.050094065407166766, "b": 0.03072422764255835}