{"w": 0.3466720137023668, "b": -0.05929519680652107}