{"w": 0.357231105038319, "b": 0.00876090380170945}