{"w": -0.9171373187177285, "b": -0.018947616757416227}