{"w": -0.9398548321602661, "b": 0.003455296588223765}