{"w": -0.23398462350078453, "b": -8.750029686692214e-17}