{"w": 0.5181929566127478, "b": 5.819683692264635e-17}