{"w": 0.24185608759274124, "b": 2.8122180675005465e-17}