{"w": 0.04944414189408922, "b": 0.06859450366464118}