{"w": -0.6810993294867429, "b": 0.03866270742010517}