{"w": -0.8392880619535191, "b": -0.017336271820235623}