{"w": -0.8442649540666591, "b": -0.01718420330723401}