{"w": -0.22835503674610028, "b": 0.10420259442579972}