{"w": -0.07740702233382997, "b": 0.0903879476491801}