{"w": -0.015995730358431094, "b": 0.0454016776413079}