{"w": -0.5602500027401703, "b": -0.017118022214380677}