{"w": -0.537705255181615, "b": -0.032527616056480926}