{"w": 0.9817297083624565, "b": 4.05072520262714e-17}