{"w": 0.1985732520344437, "b": -9.800490207089978e-16}