{"w": -0.38442511352870057, "b": -0.056368578269256675}