{"w": 0.705108398051009, "b": 0.028510363649946552}