{"w": -0.6309053336299639, "b": 0.04966772450576925}