{"w": -0.6732484361805471, "b": 0.047184469915400346}