{"w": -0.20787835516688233, "b": 1.4259525319554323e-07}