{"w": -0.21724595765721375, "b": 3.880236412306948e-05}