{"cc": 0.5499998278430671, "alpha": 9.242612127283269e-18, "beta": 0.549999827843067, "mx": 3.164135620181696e-17, "my": 2.6645352591003756e-17, "sx": 1.0, "sy": 0.9999999999999999}