{"cc": 0.7625546810861593, "alpha": -2.255671105772663e-17, "beta": 0.7625546810861593, "mx": 3.3584246494910984e-17, "my": 3.0531133177191805e-18, "sx": 1.0, "sy": 1.0}