{"w": 0.7243896463404946, "b": 0.02813191523074977}