{"w": -0.36355520276899994, "b": 0.00955746378750423}