{"w": -0.46326809886530834, "b": 2.5037608021508495e-18}