{"w1": 0.7006003109664343, "w2": 0.20229464115415288, "b": -6.682674333738762e-17}