{"w": 0.5586228419509538, "b": -8.406151678259881e-17}