{"w": 0.4124826214357596, "b": -2.293957807059205e-17}