{"w": 0.06674695411625452, "b": -0.11158732601675747}