{"w": -0.22840359607006958, "b": 0.06513335518851382}