{"w": -0.29856056355278077, "b": -0.009265845259245002}