{"w": -0.40507270006277873, "b": -0.07847528568784978}