{"w1": -0.7344936773042058, "w2": -0.7052049668684249, "b": 0.014433142883565703}