{"w1": -1.0309190899085174, "w2": -0.8278535173152369, "b": -0.06585746881927934}