{"w1": -0.5371212713973961, "w2": -1.2795600730365493, "b": -0.06041955251690111}