{"w1": -0.5870337941512496, "w2": -1.3487097640516568, "b": -0.05902622116972661}