{"w1": 0.5093085935182942, "w2": 0.9449117659476564, "b": -0.04747407007999402}