{"w": -0.7766705138984774, "b": -0.004329317419528071}