{"w": 0.6179729616239203, "b": 2.2566183068137226e-16}