{"w": 0.6614744918579408, "b": 0.002811224943588174}