{"w": 0.504068474185967, "b": -0.00024013903847946473}