{"w": 0.528394965824591, "b": 0.00019895268682141275}