{"w": -0.06281086138385776, "b": 2.7280533211387904e-17}