{"w": -0.04823306585440901, "b": 0.18507002946278817}