{"w": -0.16239930229800772, "b": -8.847672568530092e-17}