{"w": -0.14928627391600102, "b": -0.0005384543497507105}