{"w1": 1.1558665313779373, "w2": -0.8633898910535605, "b": 0.06637031042336178}