{"w": -0.5655909795079239, "b": -0.04321828106063372}