{"w": 0.07120553969502942, "b": -0.10815335248282502}