{"cc": 0.27774914096510406, "alpha": -2.325335418594127e-17, "beta": 0.2777491409651041, "mx": -1.2212453270876722e-17, "my": -2.6645352591003756e-17, "sx": 0.9999999999999999, "sy": 1.0}