{"cc": -0.33080289288938775, "alpha": -3.482032020055363e-17, "beta": -0.3308028928893877, "mx": -5.995204332975846e-17, "my": -1.4988010832439614e-17, "sx": 1.0, "sy": 0.9999999999999998}