{"w": 0.03722362824854267, "b": -0.2643370714436735}