{"cc": -0.013053726770173742, "alpha": 4.762364967474243e-17, "beta": -0.013053726770173742, "mx": -8.881784197001253e-18, "my": 4.773959005888173e-17, "sx": 0.9999999999999999, "sy": 0.9999999999999999}