{"w": 0.35710759900411715, "b": -3.295008777656565e-17}