{"w": -0.4080981342030837, "b": 0.10465604200100231}