{"w1": 0.1899444676707522, "w2": 0.3253673040401422, "b": 6.627120744241817e-18}