{"w": 0.6691386123706963, "b": -0.008105005380746693}