{"w1": 0.02150364509576595, "w2": 1.2332016414071538, "b": -0.16439572220108367}