{"w": 0.9999999999999992, "b": -2.4702462297909715e-17}