{"w": 0.6410596002891917, "b": 0.003024175888607865}