{"w1": 0.29920247130775585, "w2": 0.7144450693407596, "b": 5.5115590880115276e-17}