{"w1": 0.28388795043894216, "w2": -0.4019988612852937, "b": -4.215389164813252e-17}