{"w1": -0.7601786327421126, "w2": -1.0270639159933634, "b": 0.11948047707417478}