{"w1": -1.9544196416293658, "w2": -3.4027361959022606, "b": 1.5271676527988085}