{"w": -0.19667935842492706, "b": 0.029017507788803992}