{"w1": -0.5491775165594199, "w2": 0.9256507632413843, "b": -0.04606107724866122}