{"w": 0.14715307075428968, "b": -0.0028735825921581606}