{"w": -0.615023764795637, "b": 0.08802665502634022}