{"w": -0.38525567671148947, "b": -0.17782108512990316}