{"w": -0.2266496812339707, "b": -0.02421863280315362}