{"w": 0.7341947529705529, "b": 9.773881723073107e-18}