{"w": 0.9900990099009902, "b": 2.920656016266377e-17}