{"w": 0.3572535600385104, "b": 0.003007960236057856}