{"w1": 0.6740013416049341, "w2": -0.3100662818738258, "b": 0.000319023880193392}