{"w": -0.6059456694232047, "b": -0.0043115867700971085}