{"w": 0.07913150366371946, "b": -5.460850944211758e-17}