{"w": -0.28519863800408557, "b": -0.05157420235844478}