{"w1": -1.1386721263364201, "w2": -1.5020779499359171, "b": -0.05621710481265464}