{"w1": -0.48834703780933103, "w2": -0.6839033516384032, "b": -0.00489015044642401}