{"w": -0.3719068571741295, "b": -0.09779547545536563}