{"w": 0.36800564901960936, "b": -3.5122949754489264e-17}