{"w1": 1.3411673599496752, "w2": 0.2849485672969865, "b": -0.035574128677631975}