{"w1": 1.506584746460746, "w2": -0.6100054918939569, "b": -0.10980260841018537}