{"w": -0.7580049194175581, "b": 0.07177478677965876}