{"w": 0.2547399542788793, "b": 0.08079060420739359}