{"w": -0.9694870554544709, "b": -2.691852279220959e-16}