{"w": 0.3514920076722562, "b": -0.18851552112510217}