{"w": -0.1927351877230617, "b": 0.0036264078044173}