{"w": 0.5803055208849621, "b": 0.08790995203357274}