{"w1": -2.289353299957466, "w2": 1.3849580483206765, "b": 0.028725398184591078}