{"w1": -0.15227157643619, "w2": -0.8136194949144333, "b": 9.449035808742204e-17}