{"w1": -0.47357867361214634, "w2": -1.401648891252142, "b": 0.28126733304531476}