{"w": 0.35276562773504305, "b": -0.02649619263485115}