{"w": -0.932433515484644, "b": 5.018737296412892e-05}