{"w1": 1.1552002082426303, "w2": 0.028243311316478358, "b": 0.07574212893259086}