{"w": 0.12854654581386338, "b": 0.02431880314107899}