{"w": -0.3791842703454843, "b": 0.002905913309528367}