{"cc": 0.24763865772200594, "alpha": -1.393195459077819e-16, "beta": 0.24763865772200594, "mx": 1.2323475573339239e-16, "my": -1.0880185641326534e-16, "sx": 1.0, "sy": 1.0}