{"w": 0.06262134628437897, "b": 0.03450373228961862}