{"w": 0.44968764348201284, "b": 0.00025860238830795575}