{"w": -0.7219382953422426, "b": 2.654679218878975e-16}