{"w": -0.7386025560638815, "b": 0.08507982967929012}