{"cc": 0.982959675759694, "alpha": -4.5137536171722465e-17, "beta": 0.9829596757596938, "mx": 6.106226635438361e-18, "my": -3.9135361618036766e-17, "sx": 1.0, "sy": 0.9999999999999998}