{"w": 0.12482411517624371, "b": 0.10998883956855825}