{"w": 0.3901140192707167, "b": -0.024287025596847017}