{"w": 0.3827027208181475, "b": 2.6661557107997284e-17}