{"w": 0.3569739951255689, "b": 0.001830014105264718}