{"w1": -6.921338784755014, "w2": -0.8387335096031997, "b": 0.8866353272439718}