{"w": -0.47567948762604256, "b": -0.031082455638921737}