{"w": -0.2137035796271675, "b": -1.6378722106258398e-16}