{"w": -0.21198801533248443, "b": -0.0008993360417420271}