{"w": -0.9999999999999997, "b": 1.3496148643099554e-16}