{"w": -0.6184633348381102, "b": -0.036707840405470094}