{"w": 0.38971672079386926, "b": 0.024551406315143475}