{"w": 0.7886406048694508, "b": -6.418796025672237e-16}