{"w": -0.0037514218703393622, "b": -2.826577769523172e-17}