{"w": 0.9999999999999977, "b": -4.996003610813202e-17}