{"w": 0.20071332122893534, "b": -1.1931354229933658e-16}