{"w": -0.6142468077454122, "b": -0.18476460419985796}