{"w1": 0.07462548117269628, "w2": -2.3464725097355874, "b": 0.11480173105946428}