{"w": -0.5096509659979184, "b": -0.006810140174617748}