{"w1": 0.5669987990664342, "w2": 0.5028552710979333, "b": -7.209300824767318e-18}