{"w": -0.05207662686722743, "b": 0.033251198584809585}