{"w1": -1.4585078269483949, "w2": 5.207235605768598, "b": -1.3266260214522028}