{"w1": -0.4097007899621693, "w2": 1.5856552667254333, "b": -0.3782975713582774}