{"w": -0.3695378408560406, "b": -3.1278901437819604e-17}