{"w": -0.3941101523036148, "b": -0.010891377255377485}