{"w": -0.8129133666942732, "b": 0.019470706793051608}