{"w": 0.5256872374188742, "b": -0.01423225392100731}