{"w": -0.192616156263821, "b": -0.0003681370842758789}