{"w": -0.5840183042123755, "b": 0.008099250664997438}