{"cc": 0.13409486140387852, "alpha": -3.593571642594673e-17, "beta": 0.13409486140387855, "mx": -4.662936703425657e-17, "my": -4.218847493575595e-17, "sx": 0.9999999999999999, "sy": 1.0}