{"w": -0.12385588548129733, "b": -0.4347321033441691}