{"w": -0.6576893838339734, "b": 0.002714066596507738}