{"w": 0.7159924625317384, "b": 0.001260507331823986}