{"w": -0.8112938691322309, "b": -0.001591762140846182}