{"w": -0.37302851153661654, "b": 0.048186389779512104}