{"w": 0.07140249573512003, "b": 0.1597018560707848}