{"w": -0.2659865174035926, "b": -0.052229620450016445}