{"w": 0.04803732238432513, "b": 0.03163911504661106}