{"w": 0.7383155161419951, "b": 0.006516640379149516}