{"w": -0.4811626159626376, "b": -0.008148848370337239}