{"w": 1.0000000000000007, "b": 3.1308289294429427e-16}