{"cc": 0.5256390969983735, "alpha": -6.449277210291192e-17, "beta": 0.5256390969983735, "mx": -1.0436096431476471e-16, "my": -1.1934897514720432e-16, "sx": 1.0, "sy": 1.0}