{"w": 0.4930448993380498, "b": -0.0036100723966823586}