{"w": -0.0069003290036115435, "b": -8.130316516077888e-18}