{"w1": -0.6916671307810884, "w2": -0.1861103863226828, "b": 3.8395238698479186e-17}