{"cc": 0.4802148921144643, "alpha": 1.835842697950758e-18, "beta": 0.4802148921144644, "mx": 3.3167912860676553e-17, "my": 1.7763568394002505e-17, "sx": 0.9999999999999998, "sy": 1.0}