{"w": 0.4754602892222419, "b": 1.993542952367115e-18}