{"w": -0.23786334327139363, "b": -0.009595678251588058}