{"w1": 0.02644523275886418, "w2": -0.6470465473604519, "b": -0.0028824489371339634}