{"cc": -0.21180613794574835, "alpha": -1.6661072062650837e-17, "beta": -0.21180613794574835, "mx": -2.886579864025407e-17, "my": -1.0547118733938987e-17, "sx": 1.0, "sy": 1.0}