{"w": -0.19776982005111754, "b": -0.009618697882697183}