{"w": -0.7006562312825794, "b": 0.019570578565763178}