{"w1": -2.2260893813950635, "w2": -0.9153023979698711, "b": -0.4067662266802958}