{"w": -0.45332085230373526, "b": -0.015546048917194641}