{"w": 0.9373636999696101, "b": 0.017362939854784116}