{"w": 0.04176010938663772, "b": -4.191029672604449e-17}