{"w": 0.022246850964061607, "b": 0.02521031590354339}