{"w": 0.048189516027038484, "b": -0.0026010293587836967}