{"w1": -0.035623187818110864, "w2": 3.587258793296549, "b": -0.9402953894849166}