{"w": -0.37805934153421156, "b": -7.409932908069452e-18}