{"w1": 0.43373496267220446, "w2": 0.5829123586013083, "b": -0.0006558358941311836}