{"w": -0.3877415013050187, "b": 1.888251924705588e-16}