{"w1": -0.03286144842560479, "w2": -1.0586454458414682, "b": -0.010081213549961048}