{"w": -0.012961789698761293, "b": 0.07003695949458204}