{"w": 0.01689645769411651, "b": -0.008003721699860106}