{"w": -0.44530297299021826, "b": -0.0014480321867597346}