{"cc": 0.4429128319927814, "alpha": 3.0563592541510728e-18, "beta": 0.4429128319927814, "mx": -5.828670879282072e-17, "my": -2.2759572004815708e-17, "sx": 0.9999999999999999, "sy": 0.9999999999999999}