{"w": 0.3880898078171711, "b": -0.04781539920698662}