{"w": -0.17077721208212812, "b": 0.054911494783116764}