{"w": 0.424813085965322, "b": 3.990162368172961e-18}