{"w": 0.47428151343485847, "b": -0.036918092171680295}