{"w": 0.678845759651406, "b": -0.013550534491454344}