{"w": 0.6337280274711445, "b": 0.09122206990788156}