{"w": -0.014002543698216716, "b": 1.5182718816715146e-16}