{"w": -0.013988555143073643, "b": 1.5182857037417557e-16}