{"w": 0.5287028033731984, "b": 0.0037787550144308267}