{"w": 0.5850582060918569, "b": 0.002375685490530523}