{"w": 0.4000487653812874, "b": 7.793917226126106e-17}