{"w": 0.3981634530281898, "b": 0.008137329216944331}