{"w": 0.4226875601650106, "b": 0.01079885041712366}