{"cc": 0.10642787432348758, "alpha": -1.5626710457464963e-16, "beta": 0.10642787432348758, "mx": -5.995204332975846e-17, "my": -1.6264767310758544e-16, "sx": 1.0, "sy": 1.0}