{"w": -0.9555086032690668, "b": 4.472222974317445e-16}