{"w": 0.9853918010449267, "b": 0.019495846375321233}