{"w": -0.26712939411764924, "b": -0.007967711837355096}