{"w": -0.1861571460317536, "b": -0.5497849293328781}