{"w1": -0.7046630384246197, "w2": -2.4069783762696937, "b": 0.019924692550866888}