{"w1": -0.2064545174053168, "w2": -0.9086918438817645, "b": 0.026646668869425807}