{"w1": -0.31797674815781996, "w2": -1.118093946904044, "b": 0.041000065430801994}