{"w": 0.5317520156546988, "b": -1.3028895049150648e-16}