{"w": 0.5264871442125729, "b": -1.2962552239162653e-16}