{"w": 0.36294339783462476, "b": 2.9688620499021554e-17}