{"w1": 0.10781701819292876, "w2": 0.4474121475090894, "b": -7.337604145666757e-18}