{"w1": -0.1315741473268054, "w2": 0.6461125385053105, "b": -3.129643188586049e-17}