{"w1": -0.12479921181128377, "w2": 0.9490469206618167, "b": 0.0775951002804933}