{"w": -0.37266212694667683, "b": -0.11342789506952156}