{"w": -0.39027676133299305, "b": -0.0017480065536038406}