{"w": -0.3698120993762988, "b": -0.00138777429508173}