{"w": -0.288031443968621, "b": -2.1587273875046367e-17}