{"w": 0.46953222799284877, "b": -1.7101996100330645e-17}