{"w": 0.4677966644172047, "b": 0.012376113571098751}