{"w1": -1.377242550539076, "w2": 0.2406693083870049, "b": -0.05089231863807068}