{"w": 0.08567684124253633, "b": 0.06688404678561416}