{"w1": -0.2874957870114719, "w2": 1.0556605883795083, "b": 0.05556732712330147}