{"w1": -0.22878393258599783, "w2": 0.5995132516837466, "b": -2.565963509072166e-17}