{"w1": -0.5791997969619417, "w2": 0.20418449033352748, "b": -2.145155190833502e-17}