{"w": -0.2988627594005415, "b": -5.142378452821325e-18}