{"w": -0.2046118035327373, "b": 0.02860994032827939}