{"w": -0.33930759430525403, "b": -0.0018699428221679026}