{"w1": 0.10911965617171193, "w2": 0.6231211765131434, "b": -2.140919742127609e-17}