{"w": -0.9999999999999972, "b": -1.7347234759775097e-19}