{"w": 0.2261204464074206, "b": 1.7316664748907945e-16}