{"w": -0.4190797059983377, "b": 0.041278711369235006}