{"w": -0.383276120575206, "b": 0.042300245910518994}