{"w": -0.3029570467203339, "b": 0.0006184768931086562}