{"w": -0.2886721888491513, "b": 0.000704467570299913}