{"w": -0.4754282597760975, "b": 0.019401399256851026}