{"w": -0.023347957718560512, "b": -0.13037734884574115}