{"w": -0.5104590746272681, "b": 0.05276130707668961}