{"w": -0.5132475880561547, "b": 2.475318271352141e-16}