{"w": -0.4932499610661279, "b": 0.09038984493797754}