{"w": -0.5285380440197821, "b": -0.005093221565176227}