{"w": 0.09111246442000064, "b": 0.0017429653342998508}