{"w": 0.09055100843872509, "b": 0.001703464491071463}