{"w": 0.5875515038417409, "b": 0.01282206493043624}