{"w": -0.19565310793854443, "b": 0.06914927491328465}