{"w1": -0.1185776874479212, "w2": -0.46273989458006337, "b": 5.36765042291126e-17}