{"w1": -0.29910541376225697, "w2": -0.6073372194200705, "b": 0.022536274267841747}