{"w": -0.5503620404161068, "b": -0.014299219852481587}