{"w": 0.46695532241545296, "b": -0.1002879825314191}