{"w": 0.35542699515649995, "b": 1.0376780467141129e-16}