{"w": 0.9863565919533338, "b": -0.009872819486684122}