{"w": -0.11104170114956913, "b": -0.16584621938589797}