{"w": -0.2644795833207261, "b": -0.04984553014218562}