{"w": -0.32173782963932207, "b": 0.0083506576539653}