{"w1": -2.3560347971693187, "w2": -0.14921826826532367, "b": -0.06100021371962521}