{"cc": 0.9131084316362685, "alpha": 3.1472120768877207e-17, "beta": 0.9131084316362685, "mx": 4.440892098500626e-18, "my": 3.552713678800501e-17, "sx": 0.9999999999999999, "sy": 0.9999999999999999}