{"w1": 0.19296419686726363, "w2": -0.5343243645945583, "b": -3.6894863108777784e-17}