{"w": 0.476575308869301, "b": -0.1057008840304785}