{"w": -0.34660881516926684, "b": -3.141370849586492e-17}