{"w": -0.5887478933242208, "b": -0.012855792667620639}