{"w1": -0.028482015769282467, "w2": -0.7413022327684725, "b": -7.396155297322943e-17}