{"cc": 0.019778112518948798, "alpha": -5.1202007828170187e-17, "beta": 0.019778112518948794, "mx": 6.661338147750939e-18, "my": -5.10702591327572e-17, "sx": 1.0, "sy": 0.9999999999999998}