{"w1": 0.9552413488875704, "w2": 0.5680635134784773, "b": 0.00800226524644912}