{"w": 0.6023674760841913, "b": 2.7099955506689493e-17}