{"w": 0.270038765579306, "b": 0.002183269402328713}