{"w1": 1.1720496404100766, "w2": 1.2365156893549671, "b": 0.08450714238022008}