{"w1": 0.08141499141089283, "w2": 0.6860558812613514, "b": -0.010494820332574718}