{"w": -0.1706332624160536, "b": -0.03379312292590419}