{"w": -0.23450872603502138, "b": -1.6523908041690928e-16}