{"w": -0.3311242142726178, "b": -0.21067340851453992}