{"w": -0.30400057822943927, "b": -0.2272363433426854}