{"w": -0.4135841156701107, "b": 0.0556979421919781}