{"w": 0.19092536441936436, "b": -2.286032069843275e-17}