{"w1": -141.18167567514058, "w2": -3.2816806292543075, "b": -9.68006479574643}