{"w1": -14.312938314217782, "w2": -15.94149923506182, "b": 0.6711677222570541}