{"w1": 0.3516069596478951, "w2": 0.4268429658462443, "b": -0.032241422988846136}