{"w1": -0.13964850606384785, "w2": 0.621420187595342, "b": -4.142597777533165e-17}