{"w": -0.9280002611258006, "b": -0.04449282236506899}