{"w": -0.9999999999999991, "b": 5.384581669432009e-17}