{"w1": 0.5746300067833261, "w2": 1.3063905085112457, "b": 0.0458357469867009}