{"cc": 0.07293017326625623, "alpha": 5.702466934778913e-17, "beta": 0.07293017326625621, "mx": 2.0816681711721684e-18, "my": 5.717648576819556e-17, "sx": 1.0, "sy": 0.9999999999999999}