{"w": 0.04446771013716223, "b": 0.003285120147377469}