{"w": 0.04471245653267051, "b": 0.003304780465549771}