{"w": 0.14122634834486303, "b": 0.02672692495610804}