{"w": 0.7523370171827037, "b": 0.03343645964649662}