{"w": 0.6712084546721374, "b": 1.269850275760116e-17}