{"w1": -0.7935903588775991, "w2": -1.3420925978243288, "b": -0.09242351147376629}