{"w": -0.1200396114514076, "b": 0.01496532058401287}