{"w": -0.23762454086514131, "b": 0.022582827304244237}