{"w": 0.4639656051064085, "b": -0.11547840782354257}