{"w": 0.6281925938927074, "b": -0.010166088873689217}