{"w1": -0.6598420589421244, "w2": -0.9236912794810606, "b": 0.002428674234545445}