{"w1": 0.34069465498638096, "w2": 0.3974884758437799, "b": -5.843992722740052e-17}