{"w1": 0.3215835846190805, "w2": 0.3713823711173067, "b": -5.4908028310041937e-17}