{"w": -0.467515695725337, "b": -0.004907170766469668}