{"w": -0.4696528381599122, "b": -0.004985967114895309}