{"w": -0.15775060419383083, "b": 0.03024981161034454}