{"w": -0.5969218633928872, "b": -0.08161626810283869}