{"w": 0.35541781120559607, "b": -0.10469997853892773}