{"w": 0.4249906809328441, "b": -0.11210169182030626}