{"w": -0.059912481658670344, "b": 0.009204874459039699}