{"w": 0.35602182910015406, "b": 3.575384040155492e-17}