{"w1": 0.13767221304995647, "w2": 0.9157560131338072, "b": -0.005744747577293766}