{"w": -0.356743234615931, "b": 0.0915584928456013}