{"w": 0.5590827927991711, "b": -0.024202774513435776}