{"w1": -0.41997821591307694, "w2": -1.2165715347239054, "b": -0.10838045065474446}