{"w1": 3.382283768655857, "w2": 10.713183825228079, "b": 1.525826548799487}