{"w1": 33.05140986476802, "w2": -7.669424010123124, "b": -0.7290410238543326}