{"w": -1.0000000000000002, "b": -1.4155343563970737e-17}