{"cc": 0.2677989606233301, "alpha": -9.100057505462289e-17, "beta": 0.26779896062333003, "mx": -3.3306690738754695e-17, "my": -9.992007221626409e-17, "sx": 1.0, "sy": 0.9999999999999998}