{"w1": 0.39451792265921265, "w2": -0.5568383131555023, "b": 4.1736750276443295e-17}