{"w": 0.7374119064422177, "b": 0.034619228872601125}