{"w1": -0.679982570171801, "w2": -1.0549249035775663, "b": 0.03231916899981646}