{"w": 0.2808444613203778, "b": 1.3343228057045625e-16}