{"w": 0.2641890971253161, "b": -0.03887632393021283}