{"cc": 0.5970545670991337, "alpha": -1.531126747755507e-17, "beta": 0.5970545670991337, "mx": 3.3306690738754695e-18, "my": -1.3322676295501878e-17, "sx": 1.0, "sy": 1.0}