{"w": -0.23474136159007186, "b": -0.20901879495195497}