{"w": -0.14865801303084353, "b": 5.839023278615245e-17}