{"cc": -0.6051612046266664, "alpha": 4.653765612898641e-17, "beta": -0.6051612046266663, "mx": 3.26405569239796e-16, "my": -1.509903313490213e-16, "sx": 1.0, "sy": 0.9999999999999998}