{"w1": -1.6767544568307018, "w2": -3.575755142326744, "b": 1.8074660577768529}