{"w1": -0.5307979396818682, "w2": -0.41980368029628834, "b": -4.4267359801157406e-17}