{"w": -0.05220572490890347, "b": -0.0014583404247113397}