{"cc": 0.2838647960895119, "alpha": -1.8265576109337467e-17, "beta": 0.2838647960895119, "mx": -9.992007221626409e-17, "my": -4.662936703425657e-17, "sx": 0.9999999999999999, "sy": 0.9999999999999999}