{"w": -0.49435817345588495, "b": -0.021333149158415395}