{"w1": 0.4242631328699197, "w2": 0.6151648445140221, "b": -0.011008943730210923}