{"w1": 1.5852835228508835, "w2": -1.1278094026000738, "b": -0.09436229092289156}