{"w": 0.7488314130461875, "b": -0.026995313122809915}