{"w": 0.7350574431336497, "b": -5.992651986827828e-17}