{"cc": -0.5978975327728016, "alpha": 1.0318071506441488e-17, "beta": -0.5978975327728014, "mx": 3.3306690738754695e-18, "my": 8.326672684688674e-18, "sx": 1.0, "sy": 0.9999999999999998}