{"w": -0.5978975327728014, "b": 1.0318071506441488e-17}