{"w1": -0.15630830511648955, "w2": 1.222945020754635, "b": -0.015130311267556857}