{"w": 0.4145947733528744, "b": -0.0026687106811672523}