{"w": 0.1659953968416304, "b": 0.011261040611810227}