{"w1": -0.5608018936678534, "w2": -0.942506059112114, "b": -0.025540014507869177}