{"w": -0.08276788069504733, "b": -0.003768785315628159}