{"w": 0.8394986456062534, "b": 0.0023554767343304927}