{"w": 0.5302380255382177, "b": -0.003037253150916125}