{"w1": -1.0438845359699425, "w2": 0.9857941083196688, "b": 0.047502839170101306}