{"w": 0.24602373797320803, "b": 0.03360598949658428}