{"w": -0.3124535505575141, "b": 7.337584063354131e-16}