{"w": -1.0000000000000009, "b": 2.168265567092933e-15}