{"w": -0.2834422081542696, "b": 0.016976710715435012}