{"w": 0.05578305903599298, "b": -0.040863418947117605}