{"w": -0.3136526074150133, "b": 0.00891559927520172}