{"w": 0.7332097178594491, "b": -0.002530099494166469}