{"w": 0.7331851296347079, "b": -0.004047627540882184}