{"w": -0.17077061316023368, "b": -0.1630157598744355}