{"w": -0.25204684655519943, "b": 0.020892572956971143}