{"w1": -0.4939851510314721, "w2": -1.8516416885609364, "b": -0.032776665290173645}