{"w": 0.6011912373074283, "b": -0.028084736657860387}