{"w": 0.5163053814256332, "b": 0.0006999585379555588}