{"w": -0.44688883965674137, "b": 7.147882908664142e-17}