{"w": -0.009595101103709017, "b": -5.3720854913900726e-17}