{"w": 0.2479968291040779, "b": -0.028936542195908764}