{"w": 0.9536011287529453, "b": -0.012201795752283357}