{"w1": -0.9129295033448256, "w2": 0.005646192077921454, "b": -0.0045332736591422495}