{"w": -0.7217254122075729, "b": -0.0031838594058151634}