{"w1": -1.0556935322761338, "w2": -1.4798573477528543, "b": 0.029334337667056568}