{"w1": -0.4890852136578362, "w2": -0.7053134411079092, "b": -0.0036517611935437053}