{"w1": 0.8714248163714863, "w2": -0.06701962541837862, "b": 0.03092025309468329}