{"w": 0.9372921104085257, "b": -0.022062625021403357}