{"w": 0.1945593215961879, "b": 2.5575864402331633e-16}