{"w": -0.42970930868366103, "b": 5.271790745989685e-17}