{"w": -0.15550664625131005, "b": -0.17434047219265322}