{"w1": 0.17316594981914799, "w2": -0.8892241492545345, "b": -0.014419995165132496}