{"w1": 0.8091662711493232, "w2": 0.37165576145263596, "b": -0.02911103240485116}