{"w1": -0.30343800184901754, "w2": 0.3744616692955583, "b": 0.0028610782294826932}