{"w": 0.9512091874115965, "b": 0.017106505515526088}