{"w": 0.9727887071806495, "b": 0.022123628704684224}