{"w": -0.29667701032633403, "b": -0.18201396985063564}