{"w1": 0.8126059035570709, "w2": -0.3350064832182152, "b": 0.010009399274507641}