{"w": -0.8882670402623237, "b": 8.385590178960117e-18}