{"w": -0.9999999999999996, "b": -1.2323475573339236e-16}