{"w": -0.738976700877427, "b": -0.04249959558561731}