{"w": 0.8036820613015224, "b": 0.0634840403221523}