{"w": -0.21782202978225723, "b": 0.024561575714936314}