{"w1": -0.6471092105308458, "w2": 0.10212170828966192, "b": 1.7168370591105735e-17}