{"w": 0.3652020782228807, "b": -0.06435353915454328}