{"w": -0.5769625893706705, "b": 6.936914589712329e-17}