{"w": -0.5393213609656792, "b": -0.030657983062313113}