{"w1": 0.09659584349693234, "w2": 0.27952315832680963, "b": -9.823461793632704e-18}