{"w1": -0.36737872695452667, "w2": 0.6060365655983144, "b": 3.0622917940254634e-17}