{"cc": -0.6062866019591255, "alpha": -3.899089465267116e-18, "beta": -0.6062866019591254, "mx": 1.5543122344752193e-17, "my": -1.3322676295501878e-17, "sx": 1.0, "sy": 0.9999999999999999}