{"w": -0.6056809210380873, "b": -3.908503637924694e-18}