{"w": -0.6033906447620062, "b": -0.0010637038615741448}