{"w1": 1.846834593070068, "w2": 1.46966532998687, "b": -0.6427643133163318}