{"w": -0.9644774384810583, "b": -1.0223350222528062e-16}