{"w": -0.29938769236308577, "b": 0.12146863190466381}