{"cc": 0.3293207375460647, "alpha": -1.981027427022278e-17, "beta": 0.3293207375460648, "mx": 4.3298697960381107e-17, "my": -5.551115123125783e-18, "sx": 0.9999999999999999, "sy": 1.0}