{"w1": -0.0554837031331786, "w2": -1.5188311459290649, "b": -0.1439664473531863}