{"w1": -0.059256449278199806, "w2": -0.8607262793023318, "b": -0.010421269323908855}