{"w1": 0.07639462105745708, "w2": 0.5239995708175158, "b": -2.321428812097714e-17}