{"w1": 0.1920791213157296, "w2": 1.3730985300199847, "b": -0.009986482251204104}