{"w": -0.9595039660743231, "b": -0.010580379541150908}