{"w1": -0.3573420517937795, "w2": 0.5248962951637381, "b": 8.397710072965632e-17}