{"w1": -0.387714939275337, "w2": 0.6227645864815797, "b": 0.005674340312736559}