{"w": 0.7559027884508261, "b": 8.444634094345448e-18}