{"w": 0.6787054610739873, "b": 0.03602627104989798}