{"w": 0.4572048467292568, "b": -1.4702821488248913e-16}