{"w": -0.17727362133725663, "b": 1.558483901518853e-16}