{"w": 0.2572818812375858, "b": 2.9910820715240636e-19}