{"w1": 2.6911453812908017, "w2": -7.922338689404325, "b": -3.3936030509518114}