{"w1": 0.7899908952891074, "w2": -2.276363844651885, "b": -0.9471938056226349}