{"w": -1.0000000000000009, "b": 6.480926906249356e-17}