{"w1": 1.7244968525826296, "w2": -1.111034006536825, "b": -0.10066124975649925}