{"w": 0.8761509010919724, "b": 0.011387426814621002}