{"w": -0.4098044982554365, "b": 2.2481420175999446e-16}