{"w1": -358.6506583490948, "w2": 178.82065094458042, "b": -189.37623643607995}