{"w": 0.07777144253686, "b": 0.137520265710712}