{"w": 0.6644749966928784, "b": -0.062707604027169}