{"w": 0.674866211179282, "b": -0.06303612869787933}