{"w": 0.023176551313238196, "b": 0.07231930286241382}