{"w1": -0.42850839099218846, "w2": 0.46032850687179006, "b": -0.016033356671767245}