{"w": -0.24802395471577848, "b": 0.01955562661045629}