{"w": 0.8037981864450328, "b": -5.017087781028677e-17}