{"w": -0.7100699244223834, "b": -0.013478131643817223}