{"w1": 0.6443429691896148, "w2": -1.4677059413369284, "b": 0.02576643161874834}