{"w": -0.19741585260240047, "b": -0.16251241432477162}