{"w1": 0.518330825436864, "w2": 0.49818330686650153, "b": -0.0031384362110524755}