{"w1": -2.8520194625460373, "w2": -1.7995208999175463, "b": 0.6318136994875984}