{"w": -0.17127105033083873, "b": -0.2297856395890354}