{"w": -0.23211678361759838, "b": 2.1808994376833436e-17}