{"w1": -0.9906228923975905, "w2": 0.06385222562232304, "b": -0.016839871323307356}