{"w1": -0.6830660821260808, "w2": 0.11492363318253186, "b": 0.006298810241843202}