{"w": -0.8198597264877334, "b": -0.008937402873753157}