{"w": -0.6116808138338329, "b": -4.5482764835906094e-17}