{"w": 0.8529402105645209, "b": -2.3327740674992195e-16}