{"w": 0.18679566558768784, "b": -2.7419475357364753e-17}