{"w": 0.5177444419628074, "b": 7.508266558721474e-17}