{"w": 0.5197234206065168, "b": -0.018159456961598375}