{"w1": -0.11140993101054421, "w2": 1.5035382398807737, "b": 0.03937579440269387}