{"w1": -0.07912749154638042, "w2": 0.6649603818155664, "b": -0.0017263986347256907}