{"w1": -2.937729752216404, "w2": -0.5123785692371389, "b": 0.3441317099725766}