{"w": 0.7165294543379321, "b": 2.1096311764346304e-17}