{"w": 0.6513904130344839, "b": 1.9884970801439922e-17}