{"w": 0.18799712477660396, "b": 0.041068460030834454}