{"w1": -0.4156361929970364, "w2": -0.2015269559947405, "b": 5.605950600911152e-17}