{"w": 0.007253434085058839, "b": 0.22134124260083335}