{"w": 0.5666849688619271, "b": -9.880923960608155e-17}