{"w": -0.4209391952025865, "b": 0.015173538755540394}