{"w": -0.4691246322870539, "b": 0.01833496318131755}