{"w": -0.5241438199921806, "b": -0.001997120432551968}