{"w": 0.12839310712207327, "b": 0.21641829418714592}