{"w": 0.09570225736057264, "b": -0.04966780612980043}