{"w": 0.7085798916755541, "b": 3.0616534659117617e-17}