{"w": 0.12724759598880175, "b": 3.225635570173329e-17}