{"w1": -1.0568976051783734, "w2": 0.7193830822116414, "b": 0.22763081747315875}