{"w": 0.094898970363469, "b": 0.007788244697974345}