{"cc": -0.02565348295679816, "alpha": -2.4951806659402073e-17, "beta": -0.025653482956798167, "mx": -2.0539125955565396e-17, "my": -2.4424906541753444e-17, "sx": 1.0, "sy": 1.0000000000000002}