{"w1": -0.8044092066545957, "w2": 1.074526292667636, "b": -0.17421235633800441}