{"w": -0.051082713341158444, "b": -2.69883860600836e-17}