{"w": -0.3518477582854296, "b": -2.68920142814379e-17}