{"w": -0.3652350496953584, "b": 0.011382768533437136}