{"w": -0.3632832457251404, "b": 2.621428577200353e-16}