{"w": 0.0015261052794419815, "b": -0.02680280043792832}