{"w": 0.025200439372967898, "b": -8.554948197007197e-18}