{"w1": -0.2904331618159538, "w2": -0.4984927720575463, "b": -2.1614474246583478e-17}