{"w": 0.8807926244778408, "b": -0.0031383811073395027}