{"w": 0.6479195791952039, "b": -9.132816848430913e-18}