{"w1": -0.27119625756192794, "w2": 1.295574248271926, "b": 0.011214996024681345}