{"w1": 0.15089655449267364, "w2": 0.9898240934420923, "b": -0.018123033736781213}