{"w": 0.3730352921231888, "b": 0.005697221805791777}