{"w": 0.3654497736829736, "b": -5.654687196090216e-16}