{"w": 0.7581203993354091, "b": 1.027857843209402e-17}