{"w": 0.753732053061197, "b": -0.011826916206307554}