{"w": 0.4804885636021252, "b": -2.1354182019067134e-17}