{"w": -0.9296509784544055, "b": 3.9968028886505634e-17}