{"cc": 0.09414723412625256, "alpha": -4.143276691529837e-17, "beta": 0.09414723412625256, "mx": 6.272760089132134e-17, "my": -3.552713678800501e-17, "sx": 1.0, "sy": 1.0}