{"w": 0.11193030237114726, "b": -0.0022140383564573803}