{"w1": 0.605730976338353, "w2": 0.28800980660529235, "b": -0.03645985357714028}