{"w": -0.04307239510580348, "b": -9.135247065275392e-18}