{"w": -0.5561224725377799, "b": 2.5671075765960172e-17}