{"w": -0.3709559731266975, "b": -0.033766584024039537}