{"w1": 1.001236307058472, "w2": 0.33511305138730335, "b": -0.0434409567759174}