{"w1": 0.1613728721721524, "w2": -0.4364950063989291, "b": -4.837985203470563e-18}