{"w": -0.0246774618090413, "b": -0.00954621202617434}