{"w": -0.023471887896740394, "b": -0.009189136305214996}