{"w": -0.4839112751359251, "b": -0.03162073645947153}