{"w": 0.3817343644589171, "b": -0.06471440026186304}