{"w": -0.1367378584734902, "b": -0.014278829210555984}