{"w1": -0.40054146246250305, "w2": 0.17595627474548167, "b": 2.7307965063355958e-17}