{"w": 0.8654240740678267, "b": -0.0348860606618146}