{"w": -0.47686477698725604, "b": -0.015360897889417578}