{"w": -0.49182697013955906, "b": -0.050283179652696616}