{"w": -0.44704426913984185, "b": 2.2198715606050923e-16}