{"w1": -0.1298283677186318, "w2": 0.5488185961150013, "b": -1.7674098724927678e-17}