{"w1": -0.1294407624046876, "w2": 0.5538722854708718, "b": -1.7919454388668944e-17}