{"w": -0.04690799282618902, "b": -0.02113922319824154}