{"w": -0.04671685282431835, "b": -0.02113832234750502}