{"w": 0.09481532534368295, "b": 1.4519399400401183e-16}