{"w": 0.1365623766051096, "b": -0.0021770725296851035}