{"w": -0.16191115466065098, "b": 0.03671889822639263}