{"w": -0.14876723769926622, "b": 0.05244391060936663}