{"w": -0.262596308231945, "b": -6.327612770409843e-17}