{"cc": 0.48602439906590456, "alpha": 3.1210372961024427e-17, "beta": 0.4860243990659045, "mx": 8.881784197001253e-18, "my": 3.552713678800501e-17, "sx": 1.0, "sy": 0.9999999999999999}