{"w1": 1.24294828630598, "w2": 0.6352903647415344, "b": 0.23298555915851754}