{"w": -0.685007628091894, "b": 5.571122850442148e-17}