{"w1": 0.8000667016371878, "w2": 1.9741623447258483, "b": -0.06184397613886006}