{"w1": 0.3555009299888236, "w2": 1.2140457204922022, "b": 0.02833928111482741}