{"w1": 0.24572688575099477, "w2": 0.882582367853662, "b": 0.01275534312388064}