{"w": -0.5807679280731207, "b": -0.01642848651580816}