{"w": -0.4940811129626749, "b": -0.024500047698432396}