{"w": -0.5699155350190107, "b": 0.03375676197838015}