{"w": 0.7661056835380062, "b": 1.685149203633583e-18}