{"w": -0.37419969622301874, "b": -0.25037348900289025}