{"w": 0.30802778156675387, "b": -4.2645762841209606e-17}