{"w": 0.33547580170636565, "b": -3.813569609818255e-17}