{"w": 1.0000000000000004, "b": 2.6090241078691128e-17}