{"cc": 0.31041024349428514, "alpha": 1.4925582180766056e-17, "beta": 0.31041024349428514, "mx": 3.3306690738754695e-18, "my": 1.5959455978986624e-17, "sx": 1.0, "sy": 1.0}