{"w": 0.2821911304493501, "b": 1.5019570707877017e-17}