{"w": -0.9999999999999961, "b": -6.022959908591468e-17}