{"w": -0.07084098229449452, "b": -4.656124709723436e-17}