{"w": 0.4640580724674076, "b": -0.10261599436893454}