{"w1": 1.043513926847485, "w2": 1.0170712177297145, "b": 0.04187160954189047}