{"w1": 0.47896210025556263, "w2": 1.0084848858080873, "b": 0.03301734819009877}