{"w": 0.6336715266315118, "b": 0.03363102385674269}