{"w": 0.3248141183832442, "b": -1.387366040679892e-17}