{"w1": 0.7621727648749866, "w2": -1.06547559149564, "b": -0.11571054941068663}