{"w": 0.9867624348196684, "b": 0.012494492451652378}