{"w1": 1.2804176884356229, "w2": -0.13478776157501537, "b": 0.3002181540090368}