{"cc": 0.13816584927261, "alpha": 1.6010867272790462e-17, "beta": 0.13816584927261, "mx": -3.552713678800501e-17, "my": 1.1102230246251566e-17, "sx": 1.0, "sy": 1.0}