{"w": 0.14628474950126977, "b": -0.0006003208753482675}