{"w": -0.7259289166370098, "b": 0.028878553966384106}