{"cc": 0.4427046465827198, "alpha": -1.363022036684625e-16, "beta": 0.44270464658271963, "mx": 2.1760371282653068e-16, "my": -3.9968028886505634e-17, "sx": 1.0000000000000002, "sy": 0.9999999999999999}