{"w": 0.9999999999999993, "b": -2.3536728122053305e-16}