{"w": 0.3834499788341195, "b": -0.014456332949547783}