{"w1": 0.20648079568329092, "w2": 0.5762084625873646, "b": 0.017688364419529423}