{"w1": 0.37740240757576893, "w2": -0.376848055292021, "b": -2.9523249843257816e-17}