{"w": 0.12278852103450993, "b": 0.044200325407007586}