{"w": 0.9062155876070027, "b": -0.03496438878765116}