{"w": -0.14611806597002902, "b": 0.09010939278870843}