{"w1": -0.032036676948151016, "w2": 0.1524830257387719, "b": -6.982310096215194e-07}