{"w": -0.6573872620987162, "b": 6.077412658072327e-16}