{"w": 0.13252976492551458, "b": -0.007532904137467056}