{"w": 1.0000000000000002, "b": 4.862776847858186e-16}