{"w": 0.279223466750618, "b": -0.03371180895989956}