{"w": 0.9323048559053384, "b": 0.02187607782635245}