{"w": 0.7070964446774461, "b": -0.011207444772812498}