{"w": 0.8054082475449031, "b": -2.8614584932068295e-17}