{"w": 0.732921505265862, "b": -2.640148254996611e-17}