{"w": 0.09965813547798447, "b": 0.07349528143684167}