{"w": 0.15384741773346622, "b": -0.0012668037433867466}