{"cc": 0.3447774740517576, "alpha": -2.6962638427113e-17, "beta": 0.3447774740517576, "mx": -2.886579864025407e-17, "my": -3.691491556878646e-17, "sx": 0.9999999999999999, "sy": 0.9999999999999998}