{"w": 0.3696648419706236, "b": -0.0008715196842409428}