{"w": 0.37157431300307225, "b": -0.0007652611861165767}