{"cc": -0.06489791463640145, "alpha": 7.034733825362297e-18, "beta": -0.06489791463640145, "mx": 3.9968028886505634e-17, "my": 4.440892098500626e-18, "sx": 1.0, "sy": 1.0}