{"w": -0.021357712348183174, "b": 0.01304927852954885}