{"w": -0.06611986334154034, "b": -0.0014515930836642382}