{"w": -0.06923394432114746, "b": -0.0014300424031587228}