{"w": -0.13522368780224012, "b": 4.443162213219552e-17}