{"w": -0.12900189168420767, "b": 0.037533404719691355}