{"w1": -0.040642719882760095, "w2": -0.8492748694056702, "b": -4.890224867745262e-18}