{"w": 0.004356213773881521, "b": 0.003199510252265014}