{"w": -0.9999999999999989, "b": -7.605027718682314e-17}