{"w1": -0.3190522262002146, "w2": -0.619085077010558, "b": 5.579097714900201e-17}