{"w": -0.12335918279180386, "b": 0.04832915158046058}