{"w1": -2.836270005186968, "w2": 0.8236856597507436, "b": 0.2335384197083599}