{"w": -0.20165988517924646, "b": 2.007292263278453e-17}