{"w1": -0.37445400045352917, "w2": -0.3154159985639998, "b": 4.265485060434995e-17}