{"w": -0.45945037412937756, "b": 6.235405873004597e-17}