{"w": 0.046330659922541303, "b": 0.08337415142199331}