{"w": 0.19198597857067887, "b": 4.198925746787024e-17}