{"w1": 0.8189225512876531, "w2": 0.8771841391530271, "b": -0.09911748795948856}