{"w": -0.08568079195795161, "b": -6.232365556034827e-17}