{"w": -0.08483246728510056, "b": -6.213528964351691e-17}