{"w": -0.07034034736253639, "b": -0.1200585430330588}