{"w": -0.08617411564751008, "b": 0.014784398113202155}