{"w1": -0.5742044608110909, "w2": 0.23580004419845899, "b": 7.625891674939904e-18}