{"w": 0.6895831302012375, "b": -0.008674361436325356}