{"w1": 2.186677776673121, "w2": 0.9920263181301003, "b": -0.7709463577553872}