{"w": 0.22971420447022403, "b": 6.688364256474933e-17}