{"w1": 0.13335641899578057, "w2": -1.0154551384170145, "b": 0.030766978468305138}