{"w": -0.6112726208014786, "b": 8.342561221368495e-05}