{"w": 0.4779552921695452, "b": -3.59187294632771e-17}