{"w": 0.8909214087108263, "b": 2.5883014504230565e-17}