{"w": 0.9781232818602841, "b": -0.00830872858009862}