{"w": 0.7384235267916045, "b": 4.344532883914071e-17}