{"w": 0.5242749944564777, "b": -0.006244898361372837}