{"w": 0.5505211109283948, "b": -9.481414422874421e-18}