{"cc": -0.19238656583210229, "alpha": -5.2883016768788453e-17, "beta": -0.19238656583210234, "mx": 2.964295475749168e-16, "my": -1.099120794378905e-16, "sx": 1.0, "sy": 1.0000000000000002}