{"w": 0.45241982926500013, "b": -0.1914652633347521}