{"w": 1.0000000000000002, "b": -2.825517597671024e-16}