{"w1": -0.1851706093810298, "w2": 0.2930696305657752, "b": -8.969529035618429e-07}