{"w": 0.2634558409398299, "b": -0.006704702267058881}