{"w": 0.25616443150327445, "b": 0.0039835818752776185}