{"w": -0.5179486696180307, "b": 1.0973557096145399e-16}