{"w": 0.7553109675528284, "b": 0.005511023909055241}