{"w": 0.7272611615043056, "b": -0.018339828209422135}