{"w": -0.245209139812579, "b": -1.5165168702131645e-17}