{"cc": 0.08774844603224943, "alpha": 1.5805972821584524e-16, "beta": 0.08774844603224943, "mx": 3.3306690738754695e-17, "my": 1.609823385706477e-16, "sx": 1.0, "sy": 1.0}