{"w": 0.014616157427607352, "b": 0.12600467354342026}