{"w": -0.013363349693522666, "b": -0.01628903778920141}