{"cc": -0.7397180661701604, "alpha": 7.610311815341112e-17, "beta": -0.73971806617016, "mx": 4.884981308350689e-17, "my": 3.9968028886505634e-17, "sx": 1.0, "sy": 0.9999999999999994}