{"w1": 0.07692349848997009, "w2": -1.1162021718645294, "b": -0.056246755399739196}