{"w1": 0.13375456541075098, "w2": -0.5497071708691029, "b": 0.01661352033325339}