{"w1": 1.1012711093388783, "w2": 1.9521252414636023, "b": -0.11361550989749807}