{"w": 0.11157826300656543, "b": -0.033474405824643325}