{"w": 0.9792882749623516, "b": -0.002208442885054396}