{"w": 0.8989804921819361, "b": -1.9381056466626758e-17}