{"w": 0.9790876647526038, "b": -2.0959685153430735e-17}