{"w": -0.758603587410728, "b": -0.010133639928499982}