{"cc": 0.7976641557527027, "alpha": 3.7021802936978606e-17, "beta": 0.7976641557527026, "mx": -2.55351295663786e-17, "my": 1.6653345369377347e-17, "sx": 1.0, "sy": 0.9999999999999999}