{"w": -0.6113342472286237, "b": 0.007966442514056}