{"w": 0.39988305403974445, "b": 0.0606289475314626}