{"w": -0.11730206344737558, "b": -0.11129156890164275}