{"w": -0.4960676252643117, "b": -0.011294557766277968}