{"w": -0.5871998009250727, "b": 3.332756066618758e-17}