{"w1": -1.974638788743992, "w2": -1.043743029635081, "b": -0.13070921091747018}