{"w": 0.38525114924065884, "b": 0.11947388197533808}