{"w": -0.07712841052785349, "b": -0.029239242049296572}