{"w": -0.05656557255257996, "b": 0.013660824228477152}