{"w1": -0.6321927489933633, "w2": -0.7465139818453372, "b": -0.005787382774990435}