{"w1": 0.7358829970774322, "w2": 0.2579570888705795, "b": 5.2883669513830134e-18}