{"w": 0.3532238649318439, "b": -0.39205899865913885}