{"w": -0.16755288115137204, "b": 0.033030873958110156}