{"w1": 0.3921203240593241, "w2": 0.6220935319879218, "b": -1.0441006859469664e-16}