{"w": 0.012449491524536475, "b": -0.01421537588355415}