{"w": 0.31670376529424177, "b": 3.37858927462352e-17}