{"w": -0.009903392864112166, "b": -1.8445256830340544e-17}