{"w": -0.019919748535728417, "b": -0.004167790832553336}