{"w": -0.019828296962570047, "b": -0.0041383455984360384}