{"w": 0.5777366193058531, "b": -0.023396413956536997}