{"w": 0.8136003461630937, "b": -0.005435529794099841}