{"w": 0.777184877065788, "b": -0.0014415075052762738}