{"w": 0.7372248625083139, "b": -0.01700427012154779}