{"w": 0.7917509647649439, "b": 0.005427306535297636}