{"w1": 0.8143371505760661, "w2": 0.1470306347403384, "b": -0.01612387172581083}