{"w1": -2.667004060457328, "w2": -2.6683135983123782, "b": 1.2874694841720986}