{"w": 0.13095058414350522, "b": 2.473281438250249e-16}