{"w": 0.08564675570648628, "b": 0.2369719159840491}