{"w": 0.37392456495901816, "b": -0.01940495109354362}