{"w": 0.1708334511119272, "b": 0.010098222056599201}