{"w": 0.5985241406919997, "b": 0.009731235352628938}