{"w1": -0.1752897636292888, "w2": -0.7500316605383748, "b": -0.012352001736335903}