{"w": -0.29149670714540693, "b": 0.07889151705451672}