{"w": -0.3189377795794363, "b": -0.005139905337165055}