{"w": 0.01485861443446788, "b": -5.621897175595476e-18}