{"w": -0.025008658734799107, "b": -3.4829930868889644e-18}