{"w": 0.6957183198872006, "b": 2.0662189066749125e-17}