{"w1": 0.11243395052846229, "w2": 1.9811147691037587, "b": -0.5288736711129155}