{"w1": 2.0356939462695935, "w2": 2.057825023356207, "b": -0.27481809169856075}