{"w": 0.4346554954675817, "b": 0.0036387042306149364}