{"w": 0.3078767507351966, "b": -0.026793405967318495}