{"w": 0.26113769761720457, "b": 1.5694929682568478e-17}