{"w": 0.27780671562840764, "b": -0.18083765240723385}