{"w": -0.24439898224496043, "b": 9.584091254588913e-17}