{"w": -0.9999999999999984, "b": 3.601285936127851e-17}