{"w": -0.07641247316763301, "b": -0.043318051770698}