{"w": -0.0769591791640761, "b": -0.04368898949934194}