{"w": -0.032712089181524434, "b": 0.005033006431634913}