{"w": -0.7494210134605962, "b": -0.015904466502531685}