{"w": -0.860626582152292, "b": 0.007412568899303296}