{"w": -0.8551385791375007, "b": 0.007720880712927117}