{"w": 0.5815890457401482, "b": 0.012275345949740654}