{"cc": -0.6902968343664597, "alpha": 4.101184362883455e-17, "beta": -0.6902968343664597, "mx": 7.549516567451065e-17, "my": -1.1102230246251566e-17, "sx": 0.9999999999999999, "sy": 0.9999999999999999}