{"w": 0.010707841704958532, "b": -0.3081812967251544}