{"w1": 0.5150102167025719, "w2": -0.16823133435813326, "b": 3.274277745206984e-17}