{"w": -0.41927035876710544, "b": -0.10492798769829567}