{"w": -0.39459416471976, "b": -0.03370181101813996}