{"w": -0.686585481082846, "b": -3.3144239545429955e-18}