{"w": 0.30769226158351354, "b": 0.022184227299215053}