{"w": 0.5548115469661699, "b": -0.0017082668045931078}