{"w": -0.9999999999999993, "b": -4.3409720262843603e-16}