{"w": -0.29094786891053953, "b": -0.20802330240530428}