{"w": -0.024612689094843328, "b": 2.971719145316211e-17}