{"w": -0.11127600499553163, "b": 0.1857885307851112}