{"w": 0.9999999999999856, "b": 3.2751579226441586e-17}