{"w": 0.6399942879046151, "b": -0.01581501986898272}