{"w1": -0.9215559171227052, "w2": -0.21483143486212644, "b": 0.03771521605287289}