{"cc": 0.3462808975962486, "alpha": 4.162166555013691e-17, "beta": 0.3462808975962486, "mx": 8.049116928532384e-18, "my": 4.4408920985006264e-17, "sx": 1.0, "sy": 1.0}