{"w": -0.5838368574864679, "b": -0.01674503697025382}