{"cc": 0.6974040406557136, "alpha": -1.631734397079288e-17, "beta": 0.6974040406557136, "mx": -1.958502804377815e-17, "my": -2.997602166487923e-17, "sx": 0.9999999999999999, "sy": 0.9999999999999999}