{"w1": -0.4705007819268299, "w2": -0.1147211579458354, "b": -0.010463114889135722}