{"w": 0.0022317734893190747, "b": -0.009775526234258952}