{"w": 0.8457777499418068, "b": 0.010824121216074827}