{"w": -0.36766194091282833, "b": 0.0032444865881052706}