{"w": 0.3186662706893229, "b": 2.4778697172644162e-17}