{"w": -0.47993530156963904, "b": 5.5071012654195174e-17}