{"w1": 1.7087065810059938, "w2": -0.6950124156928237, "b": -0.10284970764688901}