{"w1": 0.506687060165203, "w2": -0.1704636393301209, "b": 3.8326784921783225e-18}