{"w1": 0.8633784174113596, "w2": 0.10111550577516229, "b": 0.002224982195282086}