{"w": 0.18266237949484504, "b": 0.005800067278885435}