{"w1": -0.5479636250235179, "w2": -0.4526351366723121, "b": 4.829189741671773e-17}