{"w1": 6.850774983534131, "w2": 0.8770121346041291, "b": -0.6347888720235113}