{"w": 0.05864541921699275, "b": -0.1745044514169028}