{"w": 0.2165429802127003, "b": -0.009143111519743438}