{"w1": 0.8803870725345684, "w2": 0.3541990515659513, "b": 0.10320767806343359}