{"w": -0.7274414526477327, "b": -0.01949120701171228}