{"w1": -3.499092877595314, "w2": 1.080215414062033, "b": 0.0430263266473374}