{"w": 0.5065869468394153, "b": 1.9757987032879773e-17}