{"w1": 0.6120158350485061, "w2": -0.3145476348508165, "b": 1.1092493148988041e-16}