{"w": -0.4051135563222874, "b": -0.009108814164596085}