{"w1": -0.5668859019814196, "w2": -0.4070631500032802, "b": 2.96747490756726e-16}