{"w": 0.23392848438681024, "b": -1.494201502816753e-16}