{"w": 0.2780889171593677, "b": -9.449991475730234e-17}