{"w": 0.42197013223468055, "b": -0.021962718981195006}