{"w": -0.34644110772998016, "b": -0.0350916317991123}