{"w": -0.4391533468956096, "b": 0.006651118016274521}