{"w": 0.8927865384016325, "b": -3.9568973095930384e-17}