{"w": -0.08182415644518558, "b": 1.1058819342538922e-16}