{"w": -0.08255983817146599, "b": 1.1057430832193691e-16}