{"w": 0.02327294999976804, "b": -7.368011958878879e-17}