{"cc": -0.14651679556964636, "alpha": 8.54667126508257e-17, "beta": -0.1465167955696464, "mx": 3.7747582837255325e-17, "my": 7.993605777301127e-17, "sx": 0.9999999999999999, "sy": 1.0}