{"w1": -1.4095039982598512, "w2": -4.237420174356744, "b": 0.249855901576697}