{"w1": -0.3214857948250123, "w2": -0.9619193608741511, "b": 0.04209077414077368}