{"w": -0.31104819232187475, "b": 0.014000478917105975}