{"w1": -0.3764906698476085, "w2": 0.4274308835908211, "b": 1.74475953958306e-17}