{"w": 0.8872131833127835, "b": -2.911623568177472e-17}