{"w": 0.8461552163871073, "b": -0.12566910469155457}