{"w": 0.4810273873926821, "b": -3.7439077264056446e-17}