{"w1": -0.37883688564609547, "w2": 1.0695789752339906, "b": -6.439763176371861e-17}