{"w": 0.41862464017833567, "b": -0.12386416270106745}