{"w": 0.4820608621787576, "b": 0.0029392580072791184}