{"w1": -0.3389792993370397, "w2": 0.10666382722889425, "b": 9.290144937997956e-18}