{"w": 0.37828517420168, "b": -0.03717255376915529}