{"w": -0.19808729136347372, "b": -2.2084644768498116e-17}