{"w": -0.1408422363272479, "b": -0.10718576699684723}