{"w": 0.016111247429963865, "b": -0.04182077154363051}