{"w": 0.06260944935657586, "b": -0.1235326836387714}