{"w": -0.1419604586915012, "b": -1.7901501290800523e-16}