{"w": 0.3419806150239344, "b": -0.0063209429901938605}