{"cc": 0.764941489048448, "alpha": 6.870112044544953e-17, "beta": 0.764941489048448, "mx": 8.881784197001253e-18, "my": 7.549516567451065e-17, "sx": 1.0, "sy": 1.0}