{"w": 0.73412003311858, "b": -0.0025397950581954425}