{"w": 0.7774326372665724, "b": -0.0010173716698480067}