{"w": 0.7743624282608663, "b": 0.016725889837128208}