{"w": -0.3391272225083666, "b": 0.07175819664869827}