{"w": -0.2885547170306398, "b": -0.03437073155148562}