{"w1": 0.6859793803138666, "w2": -0.3190045787366951, "b": 0.005571496948803184}