{"w1": 0.1273542061346488, "w2": -0.5942832126423361, "b": 9.793124520577904e-17}