{"w": 0.11545145308144318, "b": 0.1109051237729405}