{"w": 0.12735641069447864, "b": 4.9169349485627443e-17}