{"w": 0.6044245738099013, "b": 0.011870761423130866}