{"w": 0.5999694278476879, "b": 0.0024912726868187535}