{"w": -0.02596166443925222, "b": -0.01984702340639194}