{"w1": -0.9621915463718866, "w2": 0.19303959184870098, "b": -0.06536666137311516}