{"w1": -1.5658725192957013, "w2": 0.5813220557051083, "b": -0.03340065312436161}