{"w": -0.9999999999999704, "b": 1.0852430065710728e-16}