{"w": 0.15346126177564545, "b": -0.009867870754407617}