{"w": 0.10628803743245495, "b": -3.089919584041499e-16}