{"cc": 0.1271619776347795, "alpha": -4.1800235008331693e-17, "beta": 0.12716197763477952, "mx": -3.0531133177191805e-18, "my": -4.218847493575595e-17, "sx": 0.9999999999999999, "sy": 1.0}