{"w1": 0.9221782622474609, "w2": -0.491244002581467, "b": 0.0011149429781698444}