{"w": 0.24226344316061357, "b": -0.04989226148625006}