{"w": 1.000000000000002, "b": 3.3861802251067277e-16}