{"w1": 1.3715166327902195, "w2": 0.9080883220011965, "b": -0.018914437687058805}