{"cc": -0.01696026398040465, "alpha": 6.208385548161765e-17, "beta": -0.016960263980404653, "mx": -1.4432899320127036e-16, "my": 6.453171330633723e-17, "sx": 0.9999999999999998, "sy": 1.0}