{"w": -0.9999999999999889, "b": -7.97972798949315e-17}