{"w": -0.015418421800367859, "b": 6.230638801113762e-17}