{"w": -0.410532099717639, "b": -0.0066315131989542475}