{"w": -0.1059771829598851, "b": -0.03872522479913577}