{"w": 0.33718544809273804, "b": 0.020424458464964837}