{"w": 0.45930086754835575, "b": 0.07346408195811766}