{"w": -0.1833717526475668, "b": -0.062305515210161984}