{"w": 0.0947615922000383, "b": -0.015658928778212546}