{"w1": 0.39380445929065366, "w2": 0.19217790016331507, "b": -1.209148216414394e-17}