{"w": 0.07882314494063153, "b": -1.0487030953951292e-17}