{"w": 0.21378893622867184, "b": 2.0284852380368566e-16}