{"w": 0.18737180505980022, "b": 0.04771904949302052}