{"w1": -0.8871214689475757, "w2": 0.3294962645072609, "b": -9.003692950166075e-18}