{"w1": 1.6634978808877563, "w2": -1.4137797065101823, "b": -0.10261081818300725}