{"cc": -0.1460586773556345, "alpha": 1.2207477086636623e-16, "beta": -0.14605867735563446, "mx": -1.5543122344752193e-17, "my": 1.2434497875801754e-16, "sx": 1.0, "sy": 0.9999999999999998}