{"w1": -4.331197887234931, "w2": -0.7019684354565522, "b": -1.0568147271971167}