{"w1": -0.21357995374937663, "w2": 0.5300484849966876, "b": -3.981805581801698e-18}