{"w1": -0.22454760196393145, "w2": 0.5514061720796765, "b": -0.002822198430115594}