{"w": -0.5736137019877962, "b": -2.453136332041663e-16}