{"w": -0.4199475231221436, "b": -0.1611334981176038}