{"w": -0.3894790678180398, "b": 0.15307680884207786}