{"w": -0.38800995123445237, "b": 0.17814307588272882}