{"w": -0.27055641129568775, "b": 1.4230506667803279e-16}