{"w": -0.35119423969552477, "b": 0.10461073285611769}