{"w": -0.0036821694292635317, "b": -7.272821600101509e-18}