{"w": 0.8385861623310544, "b": -1.4216577586796476e-17}