{"w": -0.6157767032738455, "b": 8.618379002811594e-05}