{"w": 0.91069899186747, "b": -0.016170467785344818}