{"w": 0.935133425042241, "b": 1.7158923678336992e-17}