{"w": -0.14968827841661386, "b": 8.337636482743266e-17}