{"w": -0.020150982046299015, "b": -0.2655967172840079}