{"w1": 0.6636640447066963, "w2": 0.07129500291060689, "b": -0.03364388039486788}