{"w": -0.1506374263888787, "b": 5.052661416790934e-16}