{"w": -0.15199180884392358, "b": 5.051338190195483e-16}