{"cc": -0.1293431497955362, "alpha": 8.230235386640668e-18, "beta": -0.12934314979553624, "mx": -2.2204460492503132e-17, "my": 1.1102230246251566e-17, "sx": 1.0, "sy": 1.0000000000000002}