{"w": -0.11758468163230569, "b": 8.491325828423476e-18}