{"w": -0.3348069976032243, "b": -0.00996838574452971}