{"w": -0.3450734586948153, "b": 0.027335985336470126}