{"w": -0.38845735580044094, "b": 0.022929794874010083}