{"w": -0.7345450896282439, "b": -6.402231404575306e-16}