{"w": -0.8519537105415236, "b": 0.046173003580712024}