{"w1": 0.32149027880196845, "w2": 0.6308191980726168, "b": 2.2918390595901015e-17}