{"w1": 3.4793582241847973, "w2": 0.33224321224020176, "b": 0.07913754066599206}