{"w": 0.8561562822968758, "b": -6.443892555749762e-17}