{"w1": -1.1268241113206863, "w2": -0.6916372721444696, "b": -0.035187142622057736}