{"w1": -0.8070177640512239, "w2": -0.4669852758344082, "b": -0.03292717286717103}