{"w1": 1.486013697952463, "w2": -0.6819964668924802, "b": 0.0651732020366123}