{"w1": 0.2765882585993421, "w2": 0.4942906562277868, "b": -1.7330941177808485e-17}