{"w1": 0.3221742185816771, "w2": 0.6331215182605608, "b": -0.08525294966495557}