{"w1": 0.026376612399128994, "w2": 0.5694747211564476, "b": 1.0267602001567016e-17}