{"w1": -0.0537383033448026, "w2": -0.6274226232396033, "b": -0.029423566719957717}