{"w": 0.839854046649802, "b": 0.007559050701759768}