{"w": 0.550900797241956, "b": -0.07493514799655276}