{"w": 0.06375226351009365, "b": -0.13161078646481503}