{"w": -0.08276033665965069, "b": 1.0382438494373123e-17}