{"w": 0.05201765006297311, "b": -0.0023090761723799217}