{"w": 0.4394346059047459, "b": 0.0520621715036502}