{"w": 0.5455607268811021, "b": -0.07622875254302378}