{"w": -0.1687185313144869, "b": 0.07663101920673906}