{"w": 0.619824083338663, "b": 0.005296297708163582}