{"w": 0.6157415976942324, "b": 0.1320889806687978}