{"w1": -0.4645458365368219, "w2": -0.625974876939311, "b": -1.3900988187211138e-16}