{"w1": -0.6257769781767207, "w2": -0.7729258314913061, "b": 0.0341826274346399}