{"w1": 2.005165965427069, "w2": 0.4686948947488163, "b": 0.7754134527748874}