{"w": 0.4242850564426207, "b": 0.010190338730604442}