{"w1": -0.3378925391724737, "w2": -0.7280900961321292, "b": -3.0103792627122137e-17}