{"w1": -0.36142884657202196, "w2": -0.5061102391833517, "b": -1.3764542975706108e-16}