{"w1": -0.12195844575747479, "w2": -0.7890765850336995, "b": -1.0822662253318625e-16}