{"w": 0.06903623783610603, "b": 0.08784552641367621}