{"w": 0.35642287672781636, "b": -0.01924470483998195}