{"w": -0.1069018067011382, "b": 0.04534416208535209}