{"w": 0.29874746158149706, "b": -0.033750087372297344}