{"w": -0.17214195100273808, "b": -0.029573511393528675}