{"w": -0.13215357987542029, "b": 0.05908455911689417}