{"w": 0.9805665370258825, "b": -0.012168315618905499}