{"w": 0.559270536895679, "b": -0.003755959802560157}