{"w1": 0.7779994140927792, "w2": 0.0015105239620198027, "b": -0.06522257130544992}