{"w": 1.0000000000000004, "b": 1.4876988529977103e-16}