{"w": 0.5837077644061733, "b": 0.00853930489267878}