{"w": 0.469890958760673, "b": 2.9628583904692994e-17}