{"w": 1.000000000000008, "b": 4.3298697960381174e-17}