{"cc": -0.22965672321261982, "alpha": 9.42846127561976e-17, "beta": -0.22965672321261987, "mx": -7.771561172376095e-17, "my": 1.121325254871408e-16, "sx": 0.9999999999999998, "sy": 1.0}