{"w": -0.21724587831514455, "b": 0.0694124463765066}