{"w": -0.22738289426992064, "b": 9.446132476343467e-17}