{"w": -0.415967386468831, "b": 0.06728166922880703}