{"w": 0.1190799932200666, "b": -0.0554016018325765}