{"w": -0.9945349238019708, "b": -0.0026776869162877226}