{"w": 0.9463869234715799, "b": -0.0028027157499916204}