{"w": 0.950217105547273, "b": -0.007696108318110118}