{"w": 0.1180692030392447, "b": 1.5433295161571076e-16}