{"w": -0.9999999999999916, "b": -1.5237811012980153e-16}