{"w": 0.07351114826162013, "b": 0.1670176766749528}