{"w": 0.6436511460721138, "b": -0.007121449359804268}