{"w": 0.7881781844879996, "b": 0.012769645234343312}