{"w": 0.07280724770320507, "b": -0.047387260839048866}