{"w": 0.015659949518875633, "b": -4.8226399081450785e-17}