{"w": 0.18890122041153234, "b": -0.1071173586196144}