{"w": 0.7760826373554623, "b": 0.01951001174620101}