{"w": 0.7683887537349906, "b": 0.054244821009754224}