{"w": 0.19718454116267747, "b": -0.04776204915553691}