{"w": 0.019308648440110827, "b": 0.0032278274476838236}