{"w": 0.08214547427522792, "b": -0.01302810771839636}