{"w": 0.011714954605541126, "b": 0.0021100288306760175}