{"w1": -0.22532626015765794, "w2": 0.7106121269769767, "b": 0.02127247161918777}