{"w1": 1.0134314433420566, "w2": 0.6558347907825286, "b": 0.02610161642174753}