{"w": -0.38995193803065076, "b": -0.08335640572330116}