{"w1": -0.526665870091025, "w2": 0.8389708333670267, "b": 0.11385638185098707}