{"w": 0.07523471524711992, "b": 5.025486354901078e-18}