{"w1": 0.35570482020626965, "w2": 0.5332408614001543, "b": 0.03115962588586877}