{"w": -0.15475266552495037, "b": -0.28723180074245147}