{"w": -0.21978165884629203, "b": -5.6716909712293e-17}