{"w": -0.26352234836730926, "b": -0.16034291120529892}