{"w1": 8.351771438904873, "w2": 2.073666337202672, "b": -2.0600860320544645}