{"w": -0.3074124324390399, "b": -0.016156630226256213}