{"w": 0.0794915955635018, "b": -4.6414114114572866e-17}