{"w": 0.18376302520003027, "b": -0.26332688365663987}