{"w": -0.46902972733771103, "b": -0.07297247477860169}