{"w": -0.3443724797233554, "b": -0.07263534239886146}