{"w": 0.9632125702623469, "b": -0.008903727617775449}