{"w1": -0.470935930608236, "w2": -0.5321824759039132, "b": 1.872406232816301e-17}