{"w1": -0.45797865608312827, "w2": -0.498469285432152, "b": 1.742549618432105e-17}