{"w": -0.1342520565052875, "b": -0.19104454202694254}