{"w": -0.26245823638573307, "b": -3.2668590701152136e-17}