{"w1": -0.36268590104044846, "w2": -3.877520620251497, "b": -0.18480277896582242}