{"w1": 0.016473022679378814, "w2": -1.7377762347966637, "b": -0.019061035145863735}