{"w": -0.3237073212051613, "b": -0.03796075500490959}