{"w": -0.3328831480816278, "b": -0.07900295365008103}