{"w": -0.32050238709470846, "b": -1.2809848665595319e-17}