{"w1": -1.3423278893055244, "w2": -0.9634871938052125, "b": -0.01764162885505211}