{"w": -0.43872551628069806, "b": -2.3782722768148335e-18}