{"w": 0.6494962950863434, "b": -7.874754327739995e-18}