{"cc": 0.10432867800218609, "alpha": -4.962118550510916e-18, "beta": 0.10432867800218606, "mx": 4.996003610813204e-18, "my": -4.440892098500626e-18, "sx": 1.0000000000000002, "sy": 1.0}