{"w": 0.07992672075272145, "b": 0.08263685347177474}