{"w": -0.2447156579352869, "b": -0.001243331626166567}