{"w": -0.011545984239763829, "b": -0.13565813532203586}