{"w": 0.25187752524022555, "b": 0.08952854702799709}