{"w": -0.6143673916459942, "b": -0.03037168785964954}