{"w": 0.342809751181932, "b": -0.007321666574357188}