{"w1": 0.09428950327804586, "w2": -0.6204145872995533, "b": -1.242670722200963e-17}