{"cc": 0.2389329240201117, "alpha": -1.1445620608740429e-18, "beta": 0.23893292402011168, "mx": 9.436895709313831e-18, "my": 1.1102230246251566e-18, "sx": 1.0, "sy": 0.9999999999999999}