{"w": 0.23879861769488742, "b": 0.008922308668842013}