{"w1": 0.5550410826525253, "w2": -1.5873699019225818, "b": 0.20538000721138272}