{"w1": -0.6169951721656289, "w2": -0.28111578704594925, "b": -3.001454845750603e-18}