{"w1": -0.9628392558196808, "w2": -0.436561924777807, "b": -0.0561766723492286}