{"w1": -0.18725407566964772, "w2": 0.4074272746200643, "b": -0.0035636213255452534}