{"w": -0.32851057051972693, "b": 1.459352958966619e-17}