{"w1": -1.4758412635600238, "w2": 0.4623303287597955, "b": 0.013972494489394777}