{"w1": -0.6943364032412239, "w2": 0.25437927598161125, "b": -0.003222715260291109}