{"w1": 1.0389462703535572, "w2": -0.5905141204986761, "b": -0.17745394041324375}