{"w": -0.5401858003569491, "b": 0.0063110286423722125}