{"w1": -1.9612363802791037, "w2": 0.6784843290567144, "b": -0.010844457593747874}