{"w1": -0.6401422976129751, "w2": 0.20571328999742922, "b": -0.0007982383140986962}