{"w1": -0.6035017447716248, "w2": -0.7071601563467365, "b": 0.04512421045961581}