{"w1": -1.0187636486199738, "w2": 0.4089477321468164, "b": 0.012265736808295624}