{"w": 0.9812083066394852, "b": 2.3632113657412955e-17}