{"w": 0.9885717997000855, "b": 0.019236127015549165}