{"w": 0.13472047497686593, "b": -0.008347450593162975}