{"w": -0.35474763922244285, "b": 0.03493770452877085}