{"w1": 0.2195805546946846, "w2": 1.2965382832284196, "b": -0.028004476917440367}