{"w1": 0.07905985256942799, "w2": 0.9579118623583494, "b": -0.022882193947526316}