{"w1": -0.8118025358749078, "w2": 1.7693415446649774, "b": 0.13974305831013453}