{"w": 0.14787764170723697, "b": -0.015345165261355445}