{"w": 0.9999999999999997, "b": 1.9984014443252805e-17}