{"w": -0.3350150882937389, "b": -7.942183098246503e-17}