{"w": -0.16811169760843084, "b": 0.26655664525986505}