{"w1": 4.558259147486119, "w2": -0.8958956465629409, "b": 0.029377430162487284}