{"w": -0.46091036419151993, "b": 0.006402165148895772}