{"w": -0.024247387969452354, "b": -0.17745229740800134}