{"w": 0.08703379764382463, "b": -2.4821766017811613e-17}