{"w": 0.030269752749266122, "b": -6.44552709743192e-17}