{"w1": -1.5018102978263606, "w2": -1.5339553655833496, "b": -0.11550956069656058}