{"w": 0.853983307691004, "b": -0.007957355954246648}