{"w": 0.7277077351831664, "b": -1.7120084366564567e-17}