{"w1": -0.31776224361043837, "w2": -0.571952626546552, "b": -3.365462591631959e-17}