{"w1": -0.28438670870587757, "w2": -0.5175464735654471, "b": -3.0484742606299334e-17}