{"w": 0.43279702013780913, "b": -0.10333526228396428}