{"w": 0.8459329672631526, "b": 4.999191533604526e-18}