{"w": -0.6441730824363813, "b": 0.019101818652842256}