{"w": -0.6867193696979488, "b": 0.02189351672017248}