{"w": -0.700333352162866, "b": 0.11915866718830166}