{"w": -0.6762238805992349, "b": -0.006190300223862549}