{"w": -0.4499113565280539, "b": -0.012423571016599416}