{"w1": -2.9489810645632857, "w2": -5.401202899802422, "b": 1.4080565262981517}