{"w1": -1.1343472689281515, "w2": 0.2889242214075124, "b": -0.03097644242657415}