{"w": 0.7349801323787686, "b": 0.004366774322073209}