{"cc": 0.14684014993837696, "alpha": -5.947431727540042e-17, "beta": 0.14684014993837696, "mx": 1.9428902930940238e-17, "my": -5.662137425588298e-17, "sx": 1.0, "sy": 1.0}