{"w": 0.14669345648189508, "b": -5.947146718247382e-17}