{"w": 0.015874549448250317, "b": 0.217768696968966}