{"w": -0.554506246516316, "b": -0.00881103777749003}