{"w1": -0.562514606182046, "w2": 0.13149682598454723, "b": 7.291436807886477e-18}