{"w": 0.31277511781992967, "b": -0.10423104368666922}