{"w": 1.0000000000000022, "b": 4.05231403988183e-17}