{"w": 0.07425536945409071, "b": 4.036843765509413e-18}