{"w1": -0.0983129143044029, "w2": -0.8715822402499374, "b": -0.007752075555535025}