{"w": 0.35093559828891185, "b": -0.0039031938213969324}