{"w1": 2.2115555279418153, "w2": -0.5354611428436801, "b": 0.03330870241752501}