{"w1": 1.6239901174828864, "w2": -0.3688008280408667, "b": 0.013291803602138087}