{"w": -0.7731358429068075, "b": 0.047872783617565876}