{"w": -0.9029218538803472, "b": -0.0015458967435774333}