{"w": -0.09821220178775425, "b": -0.03424635051867575}