{"w": 0.3123298169858385, "b": -0.3107476721565491}