{"w": 0.3197459638404889, "b": -0.0039588483557019966}