{"w": 0.24070907015445414, "b": 0.017289677023142862}