{"w1": -0.919078545701584, "w2": -1.4576838147791968, "b": 0.05286218596217892}