{"w": -0.5031985306808052, "b": -0.004976359607426414}