{"w": 0.3684484653000488, "b": -0.06162050563602136}