{"w": 0.3980857029619562, "b": -0.05904368855843677}