{"w": -0.04979069252400397, "b": 1.8215093699183028e-17}