{"w": 0.5054062719525128, "b": 0.027327362657957852}