{"w1": 1.4849187143054245, "w2": -0.3712474547937734, "b": -0.16099502961890477}