{"w": 0.47122428461221555, "b": -2.7948687877050656e-17}