{"w": -0.3339628978088494, "b": -0.0072843106986891365}