{"w": -0.382344000379704, "b": -0.0007804085143386747}