{"w": -0.17417464769398214, "b": 0.048823325230346666}