{"w": 0.40752610883407864, "b": -0.05064082832019507}