{"w": 0.39350632041829026, "b": -0.05131424382589882}