{"w": 0.5280714517841859, "b": -0.002951877014827268}