{"w": 0.1293114563756102, "b": 0.005935226281273506}