{"w": 0.5552310454688287, "b": 1.3328278468700088e-17}