{"w": 0.8898311116632278, "b": 1.024604599124967e-17}