{"w": 0.9778363864431073, "b": 1.092998436769327e-17}