{"w1": 1.119434042214489, "w2": 0.1844015723924609, "b": -0.15000884973010783}