{"w": 0.1387616665512612, "b": -0.00443226158615162}