{"w": 0.14754369301453868, "b": 0.005717862023999196}