{"w": -0.9267641508528682, "b": 0.014458527995322617}