{"w": -0.10034871085752939, "b": -3.533862480113088e-18}