{"w": 0.360812091161199, "b": -0.11627778577437184}