{"w": 0.6002675258768431, "b": 0.05079170215657424}