{"w1": 0.4217988628722588, "w2": 0.7643710573440503, "b": 1.0418851528704125e-16}