{"w": -0.20956694359443415, "b": 0.061647922379292994}