{"cc": 0.5724879527977604, "alpha": 2.4441372635984504e-17, "beta": 0.5724879527977604, "mx": -1.5543122344752193e-17, "my": 1.5543122344752193e-17, "sx": 1.0, "sy": 1.0}