{"w": 0.5668197552453075, "b": 2.43532711479525e-17}