{"w": 0.7030162944411682, "b": 3.5197418640155094e-17}