{"w1": 0.9043461346039356, "w2": 1.7082881974466044, "b": -0.04540908454084497}