{"w": 0.577705776724197, "b": 0.004486363964035848}