{"w": 0.44563728504977007, "b": 0.10162594076770214}