{"w": 0.9028725859537795, "b": 0.010605759246179486}