{"w": 0.8245066561953803, "b": -0.0010243129398862833}