{"w1": 0.5635092962203402, "w2": 0.30615497778878353, "b": 1.0950922832395831e-17}