{"w1": 1.1034155750197512, "w2": 0.6564450160273929, "b": 0.1164880647711357}