{"w": 0.549074614668931, "b": 0.0031159198614815337}