{"w": 0.9555019455927727, "b": -0.004598006632323084}