{"w": 0.9677330104751083, "b": -0.0007305066799485616}