{"w": 0.45835369166713597, "b": -0.008801833589298888}