{"w": -0.2507873890356589, "b": -0.004029420909700667}