{"w": -0.23935454412504026, "b": -2.201535920898295e-17}