{"w": -0.5371884498145227, "b": -0.27360395972444695}