{"w1": 0.33542174773111183, "w2": 1.5231242196580095, "b": -0.019252127943703568}