{"w": 0.41330408111139766, "b": 4.746044989022021e-19}