{"w": 0.09268830919854767, "b": -3.824037769196566e-17}