{"w": 0.8732662763018186, "b": -0.009063015264867566}