{"w": -0.8393422548777715, "b": 9.635275366188293e-17}