{"w": -0.9174311794766159, "b": -0.0038007844789981057}