{"w": -0.760870469276084, "b": -0.022117256488349148}