{"w": 0.999999999999994, "b": 1.1712852909795379e-16}