{"w": -0.6091344042198361, "b": -0.10614905488922803}