{"w": -0.7120997185010519, "b": 0.014716068204432498}