{"w": -0.2839709376118723, "b": -0.007192198794989243}