{"w": 0.9296809296739073, "b": -0.012356494973288862}