{"w": 0.24754916349998665, "b": -2.0676137236663528e-16}