{"w1": -1.0977786989086769, "w2": -1.3323245056476154, "b": -0.27351028806923783}