{"w": 0.36245161896830963, "b": 0.05502879187361874}