{"w": -0.9450126583024886, "b": 0.007905525782145317}