{"w": 0.20850337654661596, "b": -0.02975899434019685}