{"w1": -0.7889058289544726, "w2": 0.07368091339691646, "b": -7.401851618705597e-18}