{"w": -0.572541953257791, "b": -0.07600901603904589}