{"w1": 0.4327281981443108, "w2": 0.43297999872120607, "b": -0.01938594913874593}