{"w": -0.2354139732131604, "b": -0.0032379667986375264}