{"w": -0.9440831536446515, "b": 2.3846548934541326e-16}