{"w1": -0.4272976659961548, "w2": -0.5593156456323329, "b": -2.3876172955985184e-18}