{"w1": -0.42833805008724457, "w2": -0.5534689716840666, "b": -2.185351689893579e-18}