{"w": 0.6099631410883203, "b": 0.0637423686719091}