{"w": -0.5909731032789007, "b": 0.01695144301711443}