{"w": -0.5458361990828683, "b": 0.015293206163913888}