{"w": -0.11486459541454717, "b": 0.008809988438444605}