{"w1": 0.01504074634908061, "w2": -0.6355860330850516, "b": 2.078545427574628e-17}