{"w": -0.32828948656365803, "b": 0.004626403366692599}