{"w1": 0.9467153286573862, "w2": -0.28289641554355804, "b": 0.052115604244110235}