{"w": 0.6740660474349989, "b": -0.012598094123945709}