{"w": 0.044519471394047105, "b": -0.03582459839988951}