{"w": 0.999999999999998, "b": 1.3322676295501761e-17}