{"w": -0.4977759801765801, "b": 2.5505499670196398e-17}