{"w": -0.550204114352151, "b": 0.00567699450400444}