{"cc": -0.49043671283474194, "alpha": -1.223749289037663e-17, "beta": -0.49043671283474194, "mx": 3.164135620181696e-17, "my": -2.7755575615628914e-17, "sx": 1.0, "sy": 1.0}