{"w": 0.7053968653879845, "b": -5.5368304012657294e-18}