{"w": 0.6984127380079054, "b": -5.434090709194036e-18}