{"w": 0.03533524403802826, "b": 0.15471475206005897}