{"cc": 0.11979031024447037, "alpha": -6.070068115365549e-18, "beta": 0.11979031024447041, "mx": 1.3600232051658167e-17, "my": -4.440892098500626e-18, "sx": 0.9999999999999999, "sy": 1.0000000000000002}