{"w": -0.24776119530889498, "b": -2.881608718994e-17}