{"w": 0.41968592103863916, "b": -0.07129384538345453}