{"w": 0.23243649444811335, "b": -0.009262618799291545}