{"w1": 0.24365109624798026, "w2": -0.40128882351990486, "b": 5.877031673084927e-17}