{"w1": 0.4187359385929279, "w2": -0.46733476741960917, "b": -6.39618961043618e-18}