{"w1": 0.3179052223105891, "w2": 0.7040113133511938, "b": 6.651009688885499e-17}