{"w": 0.8404630482477137, "b": 0.00021769355522989822}