{"w": -0.9999999999999986, "b": -6.550315845288418e-16}