{"w": -0.44078091223259797, "b": -0.08393479252840119}