{"w": -0.5984288142330155, "b": -3.8435674248177504e-16}