{"w": 0.17667010102800318, "b": -0.19387488164804734}