{"w": 0.18140277535066088, "b": -0.16332752523549374}