{"w": -0.21752683974817083, "b": 0.2175305025050502}