{"w": 1.0041955258958448, "b": 0.008685245837042443}