{"w1": -0.09224217282803449, "w2": 0.8114351667772586, "b": -0.006446102169486365}