{"w": 0.2695376951826328, "b": -0.02879767112215506}