{"w": 0.9219837812773772, "b": 0.016753429115247576}