{"w": 0.3453170166161563, "b": -0.13136991388432295}