{"w": -0.2691207166830418, "b": 3.164019749287235e-18}