{"w": -0.05113783938401569, "b": 0.002410161493967871}