{"w": -0.05099199342747091, "b": 3.9251219008527393e-17}