{"w": -0.06569959400365527, "b": -1.1082333364546814e-17}