{"w": -0.055966999699912146, "b": -0.15130053829351742}