{"w1": -1.1079377118641252, "w2": 0.2582504397747895, "b": 0.010194524504344913}