{"w": 0.15385322729945639, "b": -1.058568146320534e-16}