{"w": 0.15752535232338136, "b": 0.0012173205294438232}