{"w": 1.0110779259988465, "b": 0.01243163048135043}