{"w": 0.5011649256806096, "b": -0.10147074702278694}