{"cc": 0.2268011958096621, "alpha": 5.77309666594799e-17, "beta": 0.2268011958096621, "mx": -2.1538326677728036e-16, "my": 8.881784197001253e-18, "sx": 1.0, "sy": 1.0}