{"w": 0.019701939021055926, "b": -0.13180144208210975}