{"w": -0.06142869737974036, "b": -0.08697147609954464}