{"w": 0.11282845398623831, "b": -0.20016357168694435}