{"w": 1.000000000000001, "b": -9.769962616701394e-17}