{"w1": -0.34317993793848, "w2": -1.0788078951076254, "b": -0.010417463402882323}