{"w1": -1.0302119087017696, "w2": -0.09487397319643015, "b": -0.008578267101164473}