{"w": 0.8933325251522515, "b": 3.6639198632099344e-17}