{"w": 1.0000000000000002, "b": -2.031708135064037e-16}