{"w": 0.3250427397390702, "b": 0.27992771330493676}