{"w": 0.4027605599415073, "b": 0.02295059621756546}