{"w": -0.1292962931893301, "b": -0.05944057719465157}