{"w": -0.0889994169982043, "b": 7.125741396820162e-17}