{"w": 0.4337495241119398, "b": -0.013726135800825157}