{"w": 0.4661441681807398, "b": -0.01708849525058498}