{"w1": -0.15136870040825334, "w2": -1.1481564367299073, "b": -0.004083235950572701}