{"w": 0.6280260288602609, "b": 2.20276917437621e-17}