{"w": 0.6336726165323311, "b": 2.2215760893085004e-17}