{"w1": -0.6692367483694578, "w2": 0.25828943600875076, "b": -3.248325126822881e-17}