{"w": 0.4238900723661831, "b": -0.041273633100302236}