{"w1": -0.7545985375830482, "w2": 1.4409214643119712, "b": 0.04660187602079306}