{"w": 0.5802907934157365, "b": -0.026908251176188523}