{"cc": 0.9797317500923204, "alpha": -1.753110018624239e-17, "beta": 0.9797317500923204, "mx": 3.8857805861880476e-17, "my": 2.0539125955565396e-17, "sx": 1.0, "sy": 1.0}