{"w": 0.9697685448633703, "b": -0.007118439427775062}