{"w": 0.3439884495306417, "b": 3.0891320303013074e-16}