{"cc": -0.19009536807957067, "alpha": 1.1338447596717706e-16, "beta": -0.1900953680795707, "mx": 3.219646771412954e-16, "my": 5.2180482157382354e-17, "sx": 0.9999999999999999, "sy": 1.0}