{"w": -0.31426441228627006, "b": -0.18698957703884533}