{"w": -0.589336652804079, "b": 1.622461882103033e-16}