{"w": -0.4935475109367199, "b": -0.024444240594325845}