{"w": -0.43601391958350677, "b": 0.0049360034309371735}