{"w": -0.4028933515730241, "b": 0.05841908616132473}