{"w": -0.47899937972259415, "b": -0.007171692577898646}