{"w": -0.8344956131123249, "b": 0.018573829329754356}