{"w": -0.8537711597151725, "b": 0.009488297413424496}