{"w": -0.9999999999999999, "b": 5.482940490519893e-16}