{"w": -0.8387249483492938, "b": -0.000926822874033565}