{"w1": 0.04453249786793339, "w2": 0.9123782245948012, "b": -0.00342090861879173}