{"w": 0.13017597682906124, "b": 0.09883365740016592}