{"w": 0.12329138285287024, "b": 1.4457420880565767e-16}