{"w": 0.11320390607399902, "b": 1.3946730567065253e-16}