{"w": 0.08833247230736505, "b": 0.057148638336072505}