{"w": 0.8977693756644973, "b": -0.00711877993090293}