{"w1": -0.7072324185523188, "w2": -0.07279626621821035, "b": 6.164751856120982e-17}