{"w1": 1.0827675102208505, "w2": -0.4544670838222274, "b": 0.018583876735364813}