{"w": 0.7930320540093122, "b": -0.0034457050098985406}