{"w": -0.9228236648827113, "b": 1.8210581803867813e-16}