{"w1": 0.428018782627889, "w2": -0.9368502174399153, "b": -0.043568623556861114}