{"w1": 0.4462648965890131, "w2": -1.318337840948626, "b": 0.025100885015480565}