{"w": 0.9999999999999969, "b": 4.1633363423443364e-17}