{"w": 0.0628539148964997, "b": 0.019577141169409815}