{"w": -0.7815315144722939, "b": 0.022732790044412064}