{"w": -0.8026553371354864, "b": 0.06326224338842285}