{"w": -0.11284195379353545, "b": 0.03677999855247971}