{"w1": -0.8888304529017403, "w2": 0.6180349793137211, "b": -0.07696318634388455}