{"w": 0.2438531857645088, "b": 4.38405545473245e-18}