{"w": 0.3426857503935731, "b": 0.08956555661027797}