{"w": 0.3469942307146231, "b": 0.13850068061424095}