{"w": -0.16379621257593152, "b": 0.0294936248816359}