{"w": -0.31213279042377845, "b": 0.004879679133114476}