{"w1": -0.15469515381265697, "w2": -0.8591599528194857, "b": -4.698746260081589e-17}