{"w1": -0.47811340426579846, "w2": -0.32771679238917006, "b": -0.004850399885913347}