{"w1": 0.37687924020248614, "w2": 0.5257732998072738, "b": 0.012480039011524507}