{"w1": -1.3467287855049603, "w2": 0.30644127183585534, "b": 0.06780169922516752}