{"cc": -0.11492636208295168, "alpha": -1.3593425193715504e-16, "beta": -0.11492636208295168, "mx": 1.3100631690576846e-16, "my": -1.509903313490213e-16, "sx": 1.0, "sy": 1.0}