{"w": 0.6091940974526464, "b": 1.1914151717304322e-17}