{"cc": 0.40571997227326867, "alpha": -1.6278409718971993e-16, "beta": 0.40571997227326856, "mx": 4.440892098500626e-18, "my": -1.609823385706477e-16, "sx": 1.0, "sy": 0.9999999999999998}