{"w": 0.40624850448572025, "b": 8.404643078101264e-05}