{"w": 0.44433780519621047, "b": -0.0742969647253946}