{"w": 0.3861757423019257, "b": -0.08580508460959152}