{"w1": 1.4262326564521353, "w2": -0.8003426938278205, "b": -0.05352364397913425}