{"w1": -0.6414273405176967, "w2": -1.5939935996127488, "b": 0.19879093855633057}