{"w": 0.4396216780299721, "b": 0.0023321218458326664}