{"w": 0.6257992444360244, "b": -2.8957013085623023e-18}