{"w1": -0.18883915253921119, "w2": 0.6606635931387986, "b": -3.206971106510441e-17}