{"w1": -0.18935145990333388, "w2": 1.037230122610009, "b": -0.10628954767037416}