{"w1": 1.2196536714321662, "w2": -0.30601544005343007, "b": 0.003602910167647678}