{"w": 0.8967025486148265, "b": -7.672492792344958e-17}