{"w": -0.4486238988760559, "b": -0.08969550116027415}