{"w": 0.502787737241054, "b": 0.0037031456223378077}