{"w": 0.7415689458349396, "b": 3.521539438754614e-17}