{"w": 0.8315843316172512, "b": -1.1277558507145908e-17}