{"w": 0.830753578039212, "b": -1.1272946898395265e-17}