{"w": 0.7596993164292895, "b": 0.028198686994626146}