{"w": 0.3886185260141028, "b": 1.97421008249758e-17}