{"w1": 2.499306987643249, "w2": 0.5522998226518776, "b": 0.20378493520185384}