{"w1": 4.0061864235680655, "w2": 1.02630669964692, "b": 0.3146267087369065}