{"w1": -2.0517453758877497, "w2": -0.12021636648347914, "b": -0.07694054375019878}