{"w": 0.7098902264361683, "b": -0.018856664728615177}