{"w": 0.5001095733800903, "b": 0.03209986293375181}