{"w": 0.46737756967305927, "b": 0.03179549277164175}