{"w1": -0.2306231446049764, "w2": -1.1306823127115726, "b": 0.028047610920743607}