{"w1": -1.3960033011353847, "w2": -0.6370267617933262, "b": 0.027977996308419018}