{"w1": 0.4865705023451633, "w2": 0.4841978833787857, "b": 9.665680950013558e-18}