{"w1": 0.5848497334583003, "w2": 0.5385294591128518, "b": 0.02095438198486916}