{"w": 0.9846703819750235, "b": 0.004036335610362762}