{"w": -0.3813594959720307, "b": -2.451126611470515e-18}