{"w1": -0.36062293424713004, "w2": -1.1943328903075072, "b": -0.1194489320267542}