{"cc": 0.5856757748803634, "alpha": 3.937584367085352e-18, "beta": 0.5856757748803636, "mx": 9.43689570931383e-17, "my": 5.920719643726092e-17, "sx": 0.9999999999999999, "sy": 1.0000000000000002}