{"w": 0.41490383935230196, "b": 0.048511388289482295}