{"cc": -0.04381313566814257, "alpha": -1.1497256057398806e-17, "beta": -0.04381313566814256, "mx": 1.176836406102666e-16, "my": -1.6653345369377347e-17, "sx": 1.0000000000000002, "sy": 0.9999999999999999}