{"w": 0.5976771509567944, "b": 0.10166074811589258}