{"w": 0.5105463299313613, "b": 0.01156912119202584}