{"w1": -1.8412597189212216, "w2": 0.520049230865933, "b": -0.21071907875551682}