{"w": -0.47517476229962413, "b": -6.577295320388536e-17}