{"w": -0.4826417621224086, "b": -0.0025315679564838563}