{"w": -0.002987522564246391, "b": -1.0927114530284734e-16}