{"w": -0.00988518267396285, "b": 0.003197898431040567}