{"cc": -0.47262465884725363, "alpha": 1.1669498852186043e-16, "beta": -0.4726246588472537, "mx": -4.440892098500626e-18, "my": 1.1879386363489176e-16, "sx": 0.9999999999999999, "sy": 1.0}