{"w": -0.46569615326950226, "b": -0.03993924982673794}