{"w": 0.6132229257917253, "b": -0.10109333024833023}