{"w": 0.6074628649831947, "b": -0.13074987808571045}