{"w": -0.4093063152063522, "b": -0.002343148647483889}