{"w": 0.18798298726422394, "b": 5.833775406253769e-17}