{"w": -0.7870437091611853, "b": 0.05468660273924787}