{"w": 0.46493955675706045, "b": -6.623755346008955e-17}