{"w": -0.8748638449335403, "b": -0.0011716097207282645}