{"cc": 0.7308163056393884, "alpha": -4.2921445576957146e-18, "beta": 0.7308163056393884, "mx": 1.4988010832439614e-17, "my": 6.661338147750939e-18, "sx": 1.0, "sy": 1.0}