{"w": 0.6643784596721712, "b": -3.2963734026551084e-18}