{"w": 0.7006946467877365, "b": 0.001272864162460506}