{"w": -0.2532664097952543, "b": 0.0379037597256299}