{"w": 0.6516706137222713, "b": -2.2054619823186842e-17}