{"w": 0.6495804436892412, "b": -0.009118505095202869}