{"w": 0.6144849102093325, "b": -0.006254553169310988}