{"w1": -0.7201399645744738, "w2": -0.12535334093614514, "b": 3.8692185220472825e-17}