{"w1": 0.26578845363691606, "w2": -0.7089654239960959, "b": -0.023008326065167888}