{"w": -0.8219578429552542, "b": 0.00647873281968233}