{"w1": -0.6030237022207346, "w2": -3.7274318714677874, "b": -0.004639367696406356}