{"w": 0.1332341160916597, "b": 0.0033807564441930664}