{"cc": 0.580944058017137, "alpha": -9.595937121096236e-17, "beta": 0.5809440580171371, "mx": 1.0880185641326534e-16, "my": -3.2751579226442116e-17, "sx": 0.9999999999999998, "sy": 1.0}