{"w": 0.5803636943228145, "b": -9.589622656362519e-17}