{"w1": 0.5153638404861376, "w2": 0.2346241962024959, "b": 1.8870809237605863e-17}