{"w1": 0.7004264022109861, "w2": 0.24809307673790135, "b": -0.0067326753946542195}