{"w1": 0.36018825263517856, "w2": -0.22686125963051332, "b": 2.153663671542287e-17}