{"w1": 0.5519178786538363, "w2": -0.27822355338388843, "b": 0.04300242497803659}