{"w": 0.4031238455534597, "b": 0.029651649532888597}