{"w": 0.4043528568671553, "b": -0.06849713954080955}