{"w1": -0.5291253577436609, "w2": -1.0468569007907589, "b": 0.03248022295029063}