{"w": -0.2420363538628077, "b": -4.5207796038399145e-17}