{"w": -0.4876736503399385, "b": -1.686035857865857e-17}