{"w1": -0.3778509910004142, "w2": 0.8747884262294221, "b": -0.06402191849147762}