{"w": -0.24752407592978123, "b": 0.026316979884399735}