{"w1": 1.1755394189390709, "w2": -0.127794104272937, "b": -0.020510647742530867}