{"w": -0.21063939264019607, "b": 0.06448296091268757}