{"w1": -0.6306629931676244, "w2": -0.22306104265762905, "b": 1.6889769700194082e-17}