{"w": 0.6451470019264666, "b": 0.13016975671417644}