{"w1": -0.2260876451409059, "w2": 0.6189657957967808, "b": 1.6286948833703423e-17}