{"w1": -0.6457971502354687, "w2": 2.544203011983887, "b": -0.3055058838852918}