{"w1": 0.1649351451993847, "w2": 0.08385722381610361, "b": -2.4572894514532373e-06}