{"w1": -0.24233313348737423, "w2": 0.7178232705365531, "b": 1.156888445037151e-17}