{"w1": -0.2427871445721189, "w2": 0.6589359107047013, "b": 1.1590558753439409e-17}