{"w": 0.4277802339785118, "b": 0.11878569582861381}