{"w": -0.7147135422243596, "b": 0.09795986182718376}