{"w": -0.3952163385973057, "b": 0.0004057228850544905}