{"w1": 0.33084134999486303, "w2": 0.5185784760561143, "b": 1.6186314345343115e-17}