{"w1": 0.6460676504123333, "w2": 1.0870492390619921, "b": 0.005512438513078617}