{"w": 0.29174603183218456, "b": -1.7393317826392563e-17}