{"w": 0.3572681510227389, "b": -0.0041008894523431386}