{"cc": 0.5710210178739987, "alpha": 1.273602511547889e-16, "beta": 0.5710210178739988, "mx": 4.440892098500626e-18, "my": 1.298960938811433e-16, "sx": 0.9999999999999998, "sy": 1.0}