{"w": -0.27275292885271685, "b": -9.351339588944604e-17}