{"w1": 1.1947344264887303, "w2": 0.8484644436450783, "b": -0.05215450689289164}