{"w": 0.6894140683665658, "b": -0.027885898151045127}