{"w": 0.7129919614613908, "b": -0.0009032368848160364}