{"w": -0.37471604659574664, "b": 0.0503891749261682}