{"cc": -0.5441778597543512, "alpha": 6.895465928463781e-16, "beta": -0.5441778597543512, "mx": 2.220446049250313e-18, "my": 6.883382752675971e-16, "sx": 1.0, "sy": 1.0}