{"w": -0.5436342255288222, "b": 6.895453857359098e-16}