{"w": 0.49500493966177117, "b": -2.0450944272238314e-17}