{"w": 0.5248102449975073, "b": 0.008959785784681585}