{"w": -0.31452183657589144, "b": -0.0011293595629403802}