{"w": 0.478756485130343, "b": -0.05016910515165401}