{"w1": 0.720768964921367, "w2": -0.42199093712945607, "b": 0.01832572957479247}