{"w1": 0.3738377366835574, "w2": 0.5521531833344329, "b": -3.0548206116898015e-17}