{"w": 0.7275140166536695, "b": 0.009392310380099089}