{"w1": -25.52356844348396, "w2": 27.46808845365565, "b": 11.034641227274903}