{"w": 0.6187869373122296, "b": 0.056151648078485425}