{"w": 0.673992720209632, "b": 0.0914377060850176}