{"w": 0.654811540818782, "b": -0.011102523590294691}