{"cc": -0.14929860428048408, "alpha": -4.5487995782544217e-17, "beta": -0.1492986042804841, "mx": -4.4408920985006264e-17, "my": -3.8857805861880476e-17, "sx": 0.9999999999999999, "sy": 1.0}