{"w": -0.11506378440584639, "b": 0.028562136459731057}