{"w": -0.1424079440553752, "b": 4.357301540554278e-17}