{"w": -0.4777048558694155, "b": -1.1766906788556718e-17}