{"w": -0.5174965585796918, "b": 0.11061188266559385}