{"cc": -0.3081558430533791, "alpha": -1.8840248263334364e-16, "beta": -0.3081558430533791, "mx": -1.3322676295501878e-17, "my": -1.8429702208777598e-16, "sx": 1.0, "sy": 1.0}