{"w": -0.3657495022722876, "b": 0.0009771754608436753}