{"w": 0.7195623245669384, "b": 0.06938680814960577}