{"w": 0.1433070903539887, "b": -0.27926217782622575}