{"w": 0.5456221284250182, "b": -0.007912610695583272}