{"w": -0.2655928148798441, "b": 0.04197665780699232}