{"w": -0.39969408036677695, "b": 0.05775604203448895}