{"w": -0.39612985849932686, "b": 0.055185163271380004}