{"w": -0.25101914871680786, "b": -0.004577576593119718}