{"w1": 1.1566025440987604, "w2": 0.7188556438040503, "b": 0.43045758101176146}