{"w1": 2.4344635158818275, "w2": 1.0417575059428492, "b": 0.7401870065067744}