{"w1": 1.0123410079241637, "w2": 0.541407258186665, "b": 0.34132900021766027}