{"w": 0.38810006521885715, "b": 0.05131043984269177}