{"w": 0.41954281091614215, "b": -1.39623858143431e-16}