{"w": 0.3861437857097645, "b": 0.08426655125234472}