{"w": -0.3585546889228903, "b": 0.04582382227483717}