{"w1": -0.8349691073993312, "w2": -0.9330619284304869, "b": 0.03822645660719685}