{"w1": 2.826999182959128, "w2": -0.4227058436193271, "b": -0.473695839503131}