{"w1": -0.0609629779724823, "w2": 0.5994479430464799, "b": -9.48657005021082e-18}