{"w": 1.0000000000000002, "b": -2.0053403382291906e-17}