{"w": 0.06897165646526686, "b": 9.49005562921958e-05}