{"w1": -0.7334241424583424, "w2": 0.47295103840140834, "b": -0.007750959698845833}