{"w": -0.09494413940232857, "b": -0.12283226648539064}