{"w": 0.9819433816996991, "b": -0.001411937410557504}