{"w": 0.979487444961618, "b": -0.0007584205598866207}