{"w1": -1.2843976523762373, "w2": -1.0368822480674462, "b": -0.40868543131977925}