{"w1": -1.3411804910658, "w2": 0.9497528948577214, "b": -0.11382829867975762}