{"w": 0.07659670930977347, "b": 0.22302385665173757}