{"w": 0.7456432299672622, "b": 3.301462402338838e-17}