{"w": 0.8187552211870561, "b": 0.03002778808423737}