{"w": 0.9550130262289354, "b": 0.004789902202384525}