{"w": -0.21798478280940295, "b": -2.2374603374114398e-17}