{"w1": -1.7425461839645433, "w2": -1.9162833931708259, "b": -0.5236511053595366}