{"w": -0.02643391202045061, "b": -0.12578746289677567}