{"w": 0.3866992442679526, "b": 0.011558322205332469}