{"w": -0.20920250064394905, "b": -0.08059879151014597}