{"w1": -0.5470895122085719, "w2": -1.2505584792002626, "b": -0.07478045309877328}