{"w": -0.6239019132290519, "b": 0.00871553257191917}