{"w": -0.6529026004344793, "b": -0.003102863219260985}