{"w1": -0.6733505627831085, "w2": 0.5124858774315499, "b": -0.0014090046078660684}