{"w1": 0.6584957955645441, "w2": 1.4080387836042123, "b": 0.18870340262503457}