{"w1": -1.8653232214263258, "w2": 0.41318263582649406, "b": -0.6281610084334586}