{"w1": -0.6480987985996531, "w2": 0.36435392170974135, "b": 1.9677995340355905e-17}