{"w": 0.9224802259356389, "b": 0.005445496770459048}