{"w": 0.48811622518965997, "b": 0.007720807141970553}