{"w": -0.15997024365222526, "b": 0.07301024738865788}