{"w": -0.028243537238750033, "b": 2.310623438451287e-16}