{"w": 0.42151265580653874, "b": 0.0004211404498679974}