{"w": -0.4776008399525127, "b": -0.0021618290006644586}