{"w1": -0.5605006871561552, "w2": -0.4404766374605208, "b": -1.22758144734971e-16}