{"w1": -0.7193991139330026, "w2": -0.664611014723856, "b": -0.011723697649587477}