{"w": -0.14816758109637443, "b": -0.012351090214136275}