{"w": 0.06764172435910011, "b": 0.09427978312728184}