{"w1": 0.36721003557683113, "w2": -0.9543808744215075, "b": -0.24759953472271432}