{"w1": -0.768394982363853, "w2": 1.4168007644731024, "b": 0.047162785761848854}