{"w1": -0.1952541418622858, "w2": 0.5905966613258464, "b": -0.010719672286130619}