{"w": 0.8258633175096295, "b": 0.02693228859448439}