{"w": 0.22152567942658868, "b": 5.505696813594235e-17}