{"w": 0.35111733327862915, "b": -0.07122977662483133}