{"w": -0.18701103341814979, "b": -0.04723709205674368}