{"w": -0.18376793326330734, "b": -0.028663213465028536}