{"w": -0.4999595415181822, "b": -4.1463443157220214e-16}