{"w": 0.9999999999999993, "b": -1.3489209749195645e-16}