{"w": 0.2587254152954679, "b": -5.465153661988533e-17}