{"w": 0.5422991360940748, "b": 0.006915859622022366}