{"w": 0.5454986653346683, "b": -0.013644732124194363}