{"w": -0.03414392889284856, "b": -0.23133128725794927}