{"w": 0.10136700530003129, "b": -0.1789859027700481}