{"w": -0.13482329311788585, "b": 0.012640903153983411}