{"w1": -0.796429142644407, "w2": -0.030705087883563718, "b": 5.0713340581007876e-17}