{"w": -0.5569206353467571, "b": -7.007043975126139e-17}