{"w1": -0.8370199715316892, "w2": -1.1220199246434335, "b": 0.09876116837099436}