{"cc": -0.0037966284649279675, "alpha": -1.5562933335139428e-16, "beta": -0.003796628464927967, "mx": -5.2180482157382354e-17, "my": -1.554312234475219e-16, "sx": 1.0, "sy": 0.9999999999999999}