{"w": 0.05416202778744905, "b": 0.22745211226780504}