{"w": 0.45677024397715416, "b": 1.2098812198121846e-17}