{"w": -0.12534032630910572, "b": 5.4821418060013904e-17}