{"w": -0.999999999999998, "b": -1.443289932012701e-16}