{"w": -0.0976896142340273, "b": -3.6138290512605033e-17}