{"w": -0.09856794243393363, "b": -3.62436056532021e-17}