{"w": 0.29653403762734304, "b": -0.045446205797013355}