{"w": -0.3259646099475004, "b": 0.482275844327158}