{"w": -0.30147732049996373, "b": 0.4630352392338799}