{"cc": -0.026526347675007417, "alpha": 9.135151751383378e-18, "beta": -0.026526347675007413, "mx": 9.325873406851315e-17, "my": 6.661338147750939e-18, "sx": 1.0, "sy": 0.9999999999999999}