{"w": -0.02411486152273402, "b": 8.910259605598611e-18}