{"w1": -0.3313909378018088, "w2": -0.9181697036382392, "b": 0.004672428595194891}