{"w": -0.44555155822632736, "b": 3.076779436284677e-17}