{"w": -0.46999753557235163, "b": -0.020637830245525998}