{"w": 0.4216585537957116, "b": 0.005847394545888632}