{"w": 0.38428712163395695, "b": -0.02723902453104949}