{"w": 0.0890160696170233, "b": -1.039488890742626e-16}