{"w": -0.5638044376855095, "b": -0.004473568969281774}