{"w": 0.047699385445283654, "b": -3.119215860146803e-17}