{"w": -0.03797583863489283, "b": -0.008549329066059387}