{"w1": -0.03521320375754501, "w2": 0.757603117162098, "b": -3.520581147862933e-17}