{"w1": -0.08517511521823107, "w2": 1.519134905831487, "b": 0.06945872079071737}