{"w": -0.1421341340121695, "b": 3.533538716549184e-18}