{"w": -0.11214651866576789, "b": 0.22929716476952772}