{"w": -0.152346440274446, "b": -0.04763121561411587}