{"w": 0.3439601467061883, "b": 0.03879034482379406}