{"w": -1.0000000000000022, "b": 1.4044321261508222e-16}