{"w": -0.06931173518466438, "b": 1.7712435229738025e-16}