{"w": 0.6103570921192184, "b": -0.005905945543043134}