{"w1": 0.15065248770463774, "w2": 0.6386009935325724, "b": -1.962283005336676e-17}