{"w1": -2.198610720584348, "w2": -1.3705871686825313, "b": -0.6639310255858227}