{"w": 0.9384812016586438, "b": 0.03066265023174891}