{"w": -0.7687346154635329, "b": -0.00037647363898546046}