{"w": 0.6928960813019319, "b": 0.03380665713123654}