{"w": 0.7943282396491804, "b": -0.0248328422392988}