{"w1": 2.051075354290501, "w2": 1.7102861351205325, "b": -0.2849506427460874}