{"w1": 0.7525943273095723, "w2": 0.7919595079608485, "b": 0.027398035436480943}