{"w": 0.39031653007810296, "b": 1.7698402336816712e-16}