{"w": 0.4280682303471123, "b": 0.03400162417552148}