{"w": 0.9500394465474887, "b": -0.019150385658144514}