{"w": 0.05895610587890805, "b": -0.10467470477727304}