{"w": -0.9693213522570121, "b": 0.0032205593072827396}