{"w": -0.9610682354155832, "b": -0.00731861732063821}