{"w": -0.9717314776921104, "b": -3.908926668503187e-17}