{"w1": 0.34795002645995393, "w2": -0.5463812141731622, "b": -0.001307482370885995}