{"w1": 0.6384713751825608, "w2": -0.360353186756218, "b": -2.0516779232983404e-18}