{"w1": 1.3480774795210388, "w2": -0.8547160026292547, "b": -0.030247650389260423}