{"cc": 0.9801522490822985, "alpha": 1.1498867987257006e-17, "beta": 0.9801522490822983, "mx": 1.9984014443252817e-17, "my": 3.1086244689504386e-17, "sx": 1.0, "sy": 0.9999999999999998}