{"w": 0.9640625262032564, "b": 0.004647436200728443}