{"w": 0.30154549530690367, "b": 0.018030681128051347}