{"w": 0.4007713666733906, "b": -0.004798812471440282}