{"w": 0.48675281667693804, "b": -0.01017511706724724}