{"w": 0.7694983717134567, "b": 0.004835074189629987}