{"w": 0.22977847393430834, "b": -1.46920659672109e-16}