{"w": 0.2278531592461593, "b": -0.011029491154890407}