{"w1": 36.43363544443021, "w2": 34.88481218773561, "b": 2.9167926058349534}