{"w": 0.1685014995912638, "b": -0.047172429269463245}