{"w": 0.30788246179691103, "b": 0.00012553040802204497}