{"w": -0.0013264440340546213, "b": -0.010074663925228138}