{"w": 0.2634961675535853, "b": 0.01199112364204703}