{"w": 0.32197917476954796, "b": 0.0067540512660449956}