{"w": 0.305541752149758, "b": 0.00572352416025074}