{"w1": 1.2598295964702284, "w2": -0.1886603022703305, "b": -0.06646636519835966}