{"w": 0.5417592363938721, "b": 0.01889894607176894}