{"w": 0.4264051695996892, "b": 3.2388612702032126e-17}