{"w": -0.35479184789814483, "b": 0.11118468646367825}