{"w": 0.10724210461084223, "b": 2.699945532117381e-17}