{"w1": 1.0477289744312974, "w2": 2.006901842015326, "b": -0.17396563442981217}