{"w": 0.4147904301707805, "b": 0.05205123781831142}