{"w": -0.12357282005252417, "b": -0.010123866149363323}