{"w": -0.9620540584957693, "b": 0.0014138148425840876}