{"w": 0.26146700996142147, "b": 0.006815493621110721}