{"w": 0.2757290436591679, "b": 0.007206004387227571}