{"w": -0.3533222362356356, "b": -0.0854804448229884}