{"w1": -9.05931072735999, "w2": -3.0573591890545684, "b": 0.9767843722534048}