{"w1": -0.020347135191444994, "w2": -0.8768718421080868, "b": 0.029995603351052877}