{"w": 0.36486045813883783, "b": -1.0457242531873528e-17}