{"w": 0.7452963116228559, "b": -0.014944562882214955}