{"w": 0.2099511047623918, "b": 1.48317110550947e-17}