{"w": 0.6861121247398756, "b": 0.004619871816649447}