{"w1": -1.074207099307967, "w2": 0.29888945488846824, "b": -0.017606129365364383}