{"w1": -1.5118440203100116, "w2": -0.034148501024633494, "b": 0.12912141686760947}