{"w": -0.23477366373358352, "b": 0.19549003476714966}