{"w": -0.6942349590118829, "b": 1.6954530811928293e-17}