{"w": -0.6311226900108026, "b": 1.4782401292306877e-17}