{"w": 0.9454341265061679, "b": 0.02218726988562942}