{"w1": -0.6307037239630482, "w2": -0.04812561759698266, "b": -9.205495956509744e-18}