{"w1": 0.4446168890002556, "w2": 1.1230566871622518, "b": -0.006024415390487842}