{"w1": 0.5826005177995457, "w2": 1.3745617458413697, "b": 0.03016119187601421}