{"w1": -1.4805553173331836, "w2": -1.9186339727032902, "b": -0.0475003143652729}