{"w": -0.38234967893926375, "b": 0.24585261768203437}