{"w": -0.3275437515166227, "b": -0.008047322019081912}