{"w": -0.36490033498730146, "b": -0.005555734500960585}