{"cc": 0.6191481778413213, "alpha": 3.6960930024316e-17, "beta": 0.6191481778413213, "mx": -6.328271240363392e-17, "my": -2.220446049250313e-18, "sx": 0.9999999999999998, "sy": 0.9999999999999999}