{"w": 0.4204135364090423, "b": 0.00066083387602193}