{"w": -0.11981752265570897, "b": 1.118416000955203e-17}