{"w": 0.9677577954204385, "b": -0.00458364887373572}