{"w": 0.6715647581761567, "b": -0.0068142168567697226}