{"w": -0.05451054894876959, "b": 0.014255143948381503}