{"w": -0.1726806873460452, "b": 0.010663158655398077}