{"w": -0.11220441338648009, "b": -1.9438203450476658e-19}