{"w": 0.49205689102678196, "b": 0.05253897274201486}