{"w": -0.05921099214896236, "b": 3.8012352826038663e-16}