{"w": -0.05494020585672689, "b": -0.004111926650252659}