{"w": 0.5626621413004389, "b": 0.017737614167954153}