{"w1": -0.3003402438063377, "w2": -1.164126431656076, "b": 0.06728426862989263}