{"w": 0.14437130886799351, "b": -0.0037307027996603907}