{"w": 0.4935706196506556, "b": 4.083555834380169e-17}