{"w": 0.4531875689519655, "b": 3.9311195792331806e-17}