{"w": 0.44176641340370404, "b": -0.002714375093498589}