{"w": 0.04841412503954287, "b": -0.005741306775477274}