{"w": 0.326279135359644, "b": 0.0053171054950648736}