{"w1": -0.46524982792167136, "w2": 0.26594261334636626, "b": -0.0053009304807845195}