{"w": 0.6625698237453362, "b": -0.01162778115665912}