{"w1": 0.7776531624103494, "w2": 0.19679014738990266, "b": -0.0024129279834799733}