{"w": 0.5242589311404315, "b": -4.460755936719151e-17}