{"w": -0.17463721131988957, "b": -0.0008594968834055999}