{"w1": 1.1298393542329372, "w2": 2.4594889455064894, "b": 0.11862110805785558}