{"w1": 0.49830057978870984, "w2": 1.0132441237519731, "b": 0.024428183715996588}