{"cc": -0.5472986644522739, "alpha": -1.2189932053791029e-17, "beta": -0.5472986644522739, "mx": 1.2212453270876722e-17, "my": -1.8873791418627663e-17, "sx": 1.0, "sy": 1.0}