{"w": -0.5310903555436992, "b": -0.00040319545678118153}