{"cc": -0.0016456108885727853, "alpha": 2.673319585446094e-18, "beta": -0.0016456108885727855, "mx": 2.2204460492503132e-17, "my": 2.636779683484747e-18, "sx": 0.9999999999999999, "sy": 1.0}