{"w": -0.00164396692165114, "b": 2.6732830820475316e-18}