{"w": 0.6214342068392114, "b": 0.010135830503030449}