{"w": 0.5041208142063278, "b": 6.6796382389992096e-18}