{"w1": -0.06542435333880742, "w2": 0.14431171426672856, "b": -1.6508770598659212e-17}