{"w1": -0.06157490793273644, "w2": 0.1330167879806527, "b": -1.517009742261956e-17}