{"w1": -0.0636645029669972, "w2": 0.13905477860978602, "b": -1.296344126265267e-06}