{"w": 0.4322350532151351, "b": -0.015698910304659294}