{"w": 0.02816267510961495, "b": -0.008591074602755181}