{"w1": -0.3744809363715857, "w2": -0.130794446898172, "b": 1.5231658037628826e-06}