{"w": 0.26455812993119093, "b": -0.005919921175975595}