{"w": 0.3932927752251025, "b": 6.600479014012331e-16}