{"w": -0.4471108351278369, "b": 0.3162234689139295}