{"w": -0.469654122769848, "b": -0.031715475050335395}