{"cc": 0.1115627878158931, "alpha": 5.378614348490581e-17, "beta": 0.1115627878158931, "mx": -4.440892098500626e-18, "my": 5.329070518200751e-17, "sx": 1.0, "sy": 1.0}