{"w": -0.9999999999999988, "b": -4.968248035197572e-17}