{"w": -0.04064281175625394, "b": 0.00504024802034387}