{"w": -0.011468971925713287, "b": 4.015265907866588e-17}