{"w": -0.19434853065797958, "b": 0.012904653459168042}