{"cc": 0.9020358568613281, "alpha": -1.543861100826613e-17, "beta": 0.9020358568613284, "mx": 5.773159728050814e-17, "my": 3.663735981263017e-17, "sx": 1.0, "sy": 1.0000000000000002}