{"w": 0.820032597146662, "b": -1.0704431842730095e-17}