{"w": 0.882017716142243, "b": -0.0068142504502886935}