{"w": 0.5819774120199913, "b": -4.06600055676162e-17}