{"w1": 0.11660133377788968, "w2": -1.9770188595142946, "b": 0.43531695419779054}