{"w": 0.10972118235719114, "b": 2.5698609083760795e-17}