{"w": 0.09984627594504394, "b": 2.5983656143845188e-17}