{"w": 0.11362115712488502, "b": 0.0017045983775717463}