{"w": -0.35029526910524816, "b": -3.3753761559989703e-18}