{"w": -0.07138265795466801, "b": -0.1703218757000159}