{"w": -0.09910503877786529, "b": -1.6626601699688228e-16}