{"w": 0.6451346746858606, "b": 8.759958702166638e-17}