{"w": 0.45099636762412393, "b": -0.008617377400174299}