{"w": 0.6047625095392268, "b": 2.865430073043621e-18}