{"w": 0.6590160838934136, "b": -0.004449899790265992}