{"w1": -1.2101736564076393, "w2": -0.966073274983807, "b": -0.02365970410662657}