{"w1": 77.26991773042252, "w2": -10.743909185753264, "b": -1.6130131858819448}