{"w1": 0.8195682909957801, "w2": -0.15680325291790478, "b": 1.290170060735528e-17}