{"w": 0.7617855035205455, "b": 5.708129571509508e-18}