{"w1": -0.4473516089324631, "w2": 1.088422348017672, "b": 0.07343539304792622}