{"w1": -0.08890334652159723, "w2": 0.7633526373792726, "b": 3.091801232680251e-17}