{"w1": -0.11858035978273021, "w2": 0.8112073145479112, "b": 0.04893084967776978}