{"w": -0.5144076273177516, "b": -8.915670465330401e-17}