{"w1": -0.7299847992563847, "w2": -0.12571575631343038, "b": -4.8005234594690284e-17}