{"w1": -1.0857445072255696, "w2": -0.28577419282829564, "b": -0.006734917503104372}