{"cc": 0.20664168945455574, "alpha": -1.4490329536264966e-17, "beta": 0.20664168945455574, "mx": -3.053113317719181e-17, "my": -2.0799334476961917e-17, "sx": 1.0, "sy": 1.0}