{"w": 0.22628155019100785, "b": 0.035776885184849186}