{"w": 0.2528739038099067, "b": -0.009593253962870751}