{"cc": 0.0020557520428817894, "alpha": -5.698198448952954e-17, "beta": 0.0020557520428817894, "mx": 1.7541523789077474e-16, "my": -5.662137425588298e-17, "sx": 1.0, "sy": 1.0}