{"w": 0.002055752042881815, "b": -5.698198448952954e-17}