{"w": 0.9785620034220538, "b": 5.279857456860256e-17}