{"w": -0.27606406595934846, "b": -8.194624807546483e-17}