{"w": -0.005729679131277096, "b": -0.012236780448933471}