{"w": -0.2225901912617565, "b": 0.10524116610954667}