{"w": -0.17453328675954716, "b": 0.13393115402186806}