{"w": -0.16266129767826976, "b": 0.1075582791158669}