{"w": -0.30212084430990443, "b": 0.10018826376871545}