{"w1": -0.46593074123619166, "w2": -0.3592314402317953, "b": 5.4674595338033863e-17}