{"w1": -1.3761055061964476, "w2": -0.9742971962805431, "b": 0.09729238652747266}