{"w": -0.7907068161023316, "b": -7.779233839392511e-17}