{"w1": 0.7337446783163067, "w2": -0.13415886734217608, "b": -6.354673253300635e-17}