{"w": -0.26311684179441075, "b": 0.0074390543581716465}