{"w1": -0.36585540492649526, "w2": -0.9868305611999372, "b": -0.009390789753887276}