{"w1": -0.2552793552617325, "w2": -0.9815048293514622, "b": -0.012321519979168985}