{"w": -0.17839824459586853, "b": 1.4838452890124601e-16}