{"w": -0.35854615010319885, "b": 1.4593979885278778e-16}