{"w": -0.1933448396315316, "b": 0.1841673828104302}