{"w": -0.9999999999999993, "b": -1.7486012637846194e-17}