{"w": -0.4157198732200204, "b": -0.009447249095090753}