{"w1": -0.0307328486655961, "w2": 0.5848431141562749, "b": 0.03101863380395202}