{"w": 0.6396200517464723, "b": -0.054449283447720064}