{"cc": -0.008012144625480916, "alpha": -2.3261311912489273e-17, "beta": -0.008012144625480918, "mx": 6.661338147750939e-18, "my": -2.3314683517128286e-17, "sx": 1.0, "sy": 1.0000000000000002}