{"w": -0.008004140484995889, "b": -2.3261365230775627e-17}