{"w": -0.058291088731924144, "b": 0.032422198996912316}