{"cc": -0.5466179007586505, "alpha": 1.785693408281981e-17, "beta": -0.5466179007586505, "mx": -9.325873406851315e-17, "my": 6.88338275267597e-17, "sx": 1.0, "sy": 1.0}