{"w": -0.496925364326046, "b": 2.2491197123177973e-17}