{"w1": 2.4562147553296882, "w2": -1.0920098713658228, "b": 0.10185708043854397}