{"w1": -1.603456545606223, "w2": -1.9841584884799814, "b": 0.02461923511230768}