{"w": -0.09995182400838507, "b": -0.24087786182859788}