{"w": -0.09697401571956346, "b": -0.24093550932679614}