{"w": -0.0616852052253562, "b": 1.0100470076841716e-16}