{"w": 0.06517583682856541, "b": -0.05489503566118423}