{"w1": -0.0222503791925721, "w2": 0.30746937223597764, "b": -8.103987888443512e-18}