{"w1": 1.4037915574690705, "w2": 0.37006555491251064, "b": 0.2852203628024176}