{"w1": 0.21979133493078437, "w2": -2.216704895452435, "b": 0.24591084286120365}