{"w": 0.3517419258129276, "b": -0.008102282254975219}