{"w1": 0.2906132227572625, "w2": 0.11481055454007547, "b": -8.432533902143007e-18}