{"w": -0.3861571693763508, "b": 0.05553067640078228}