{"w": 0.5724251726156939, "b": -0.048369857994659975}