{"w": -0.04866492695437562, "b": 0.045304871791883174}