{"w1": 0.19380819766865337, "w2": -3.1164506768143996, "b": 0.2910038592587012}