{"w1": 1.0532600796228688, "w2": -0.3446826876406891, "b": 0.06407175603058488}