{"w": -0.23980378607308586, "b": 4.0319326084060926e-18}