{"w1": -0.4659569170273723, "w2": -0.4752576753387936, "b": 2.5797155989337648e-17}