{"w": 0.2876336192905874, "b": 0.03516645494864703}