{"w": -0.0996681277110069, "b": 0.0016047689532755433}