{"w1": 4.127765039889706, "w2": -0.6252749650566344, "b": -0.44951720692165736}