{"w": -0.40504410204440056, "b": 0.010960079873989927}