{"w": -0.5392578593126235, "b": 9.307138892246309e-17}