{"w": -0.4984641902609968, "b": 0.08046058042454476}