{"w": -0.34462902691429687, "b": 0.035869934972747396}