{"w": -0.57929547313114, "b": -0.006381841930935625}