{"w": 0.46405389105501893, "b": -0.007056217866617354}