{"w": -0.9999999999999997, "b": -3.663735981263016e-17}