{"w": 0.3780945181725972, "b": 0.1305782502827143}