{"w": -0.545177179512936, "b": 0.06759622769206645}