{"w1": 0.19846418652731762, "w2": -0.6737766792799094, "b": -1.3429953348475173e-16}