{"w1": 0.4746065726018125, "w2": 0.6239810439705004, "b": 0.014741126561638567}