{"cc": 0.9242196262771618, "alpha": 2.2540992955390306e-17, "beta": 0.9242196262771618, "mx": 4.440892098500626e-18, "my": 2.6645352591003756e-17, "sx": 1.0, "sy": 1.0}