{"w": 0.966207041529124, "b": -0.027403064966158085}