{"w": 0.8622589372069648, "b": 0.0063905052801273956}