{"w1": -0.529632289141996, "w2": -0.4613855443493412, "b": 1.861942332532835e-17}