{"w1": -0.49268186798389113, "w2": -0.4465474270822102, "b": 1.774421359358154e-17}