{"w1": -1.3552010608651701, "w2": -1.16340953212365, "b": -0.0030426651465167223}