{"w1": -1.1499901622508988, "w2": -1.0377206103887826, "b": 0.044855875371957635}