{"w": -0.2120241904327379, "b": -0.04431780134637951}