{"w": 0.11641066951339103, "b": 8.289784898383975e-17}