{"w": -0.35782294105177975, "b": -0.03784400996288476}