{"w": 0.5496171803989391, "b": 1.5399048360632146e-16}