{"w": -0.05139859381434715, "b": 3.952578364378879e-17}