{"w1": -0.7617529269246557, "w2": 0.20356225902466588, "b": 4.397721320446257e-17}