{"w1": -0.37418288093241464, "w2": -0.5065976369989708, "b": -2.0614899419709835e-16}