{"w1": -1.0268913885974456, "w2": -0.9092128827117735, "b": -0.03196144263340724}