{"w": -0.050233264590262616, "b": -1.2820028452354107e-16}