{"w1": 0.44159300360321413, "w2": -1.1309193237111546, "b": -0.005391495779051597}