{"w": -0.3388789657584382, "b": 0.10065456351589191}