{"w": 0.19929563414497345, "b": 3.7911143210231786e-17}