{"w1": -0.6098910868537772, "w2": -0.3582138197462901, "b": -1.237459322661538e-16}