{"w": -0.2259272598653743, "b": -0.03936989576424837}