{"cc": 0.46212399311380037, "alpha": 3.300388411599764e-17, "beta": 0.4621239931138003, "mx": 6.661338147750939e-18, "my": 3.608224830031759e-17, "sx": 1.0, "sy": 0.9999999999999999}