{"w": 0.45048146785719745, "b": -0.05616002097798922}