{"w": 0.31351503845865414, "b": -0.027057577377181008}