{"w": -0.5216721995120664, "b": -0.004160632292775765}