{"w": 0.9999999999999997, "b": 4.662936703425657e-17}