{"w1": -1.3395769646399127, "w2": 0.6080757748852414, "b": -0.27778115490284555}