{"w": -0.11075357330636455, "b": -0.12222546782982191}