{"w": 0.3614439665926278, "b": 0.03216512555265305}