{"w": 0.27527038081728866, "b": 0.06471847614903345}