{"w": -0.08227579207948324, "b": 2.4228128304487432e-17}