{"w1": 0.3825090749224668, "w2": -0.4800637528034425, "b": 3.465838385387192e-18}