{"w1": 0.5232708315356106, "w2": -0.570729191540487, "b": 0.1336618342622354}