{"w1": -0.37249374777260585, "w2": -0.6270471632331301, "b": 6.093057875037741e-18}