{"w": 0.520597833709553, "b": -7.359933766024668e-18}