{"w": 0.5282841982971023, "b": 0.03166346910108486}