{"w": 0.9999999999999997, "b": -5.8286708792820755e-18}