{"w": 0.9156960627080646, "b": 0.010692344835179744}