{"w1": 0.40637664699359316, "w2": 2.520960650503409, "b": -0.21585547186039367}