{"w": 0.47246159621244554, "b": 0.04667790313156839}