{"w": 0.5939925149035704, "b": 2.439403153850455e-16}