{"cc": -0.043850877358999854, "alpha": -6.788700205756283e-17, "beta": -0.043850877358999854, "mx": 3.1086244689504386e-17, "my": -6.925016116099414e-17, "sx": 1.0, "sy": 1.0}