{"w": 0.7205717069787445, "b": 0.05049964687129786}