{"w": 0.7360023025441326, "b": 0.03604922320036761}