{"w": 0.8012563940350931, "b": -0.004170308865580504}