{"w1": -0.45382522158220323, "w2": -0.48202503791766727, "b": 1.7620013684424247e-16}