{"w1": 1.1066961914187707, "w2": 0.5103652828964292, "b": 0.025765551776479694}