{"cc": 0.48604575064341515, "alpha": -6.9092154105836005e-18, "beta": 0.48604575064341515, "mx": -1.7763568394002505e-17, "my": -1.5543122344752193e-17, "sx": 0.9999999999999999, "sy": 0.9999999999999999}