{"w": 0.5375577016583973, "b": -0.11898911536405835}