{"w1": -0.38507494053630503, "w2": -0.6071515803463733, "b": -5.422459832600402e-17}