{"w1": -0.648440021510382, "w2": -1.385058699199299, "b": 0.042954296460165034}