{"w1": -1.1494552403825256, "w2": -0.3241171506809456, "b": 0.05762888258983103}