{"w": 0.960925439022619, "b": 0.0007400738134781537}