{"cc": -0.6141766956246311, "alpha": 5.426121349216557e-17, "beta": -0.6141766956246311, "mx": 4.496403249731884e-17, "my": 2.6645352591003756e-17, "sx": 0.9999999999999999, "sy": 0.9999999999999998}