{"w": -0.608095738242209, "b": 5.398778912680753e-17}