{"w": -0.6403762002113976, "b": 0.11262024517531191}