{"w": 0.0623039726556508, "b": 0.04641030355028897}