{"w": -0.32266956058583457, "b": -2.850450327024722e-17}