{"w": -0.3844151778383081, "b": 0.09219562424339559}