{"w": -0.29873024509420715, "b": -0.008249115872960403}