{"cc": -0.24009274830348745, "alpha": 1.8045570586518565e-17, "beta": -0.24009274830348742, "mx": 1.6764367671839864e-16, "my": -2.2204460492503132e-17, "sx": 1.0, "sy": 0.9999999999999999}