{"w": -0.17651738788598725, "b": -0.17623946788997738}