{"w": -0.3354190152261961, "b": 0.007401621890682204}