{"w": -0.4606267452435901, "b": -0.01090594497318165}