{"w": -0.28870284249311234, "b": 0.022995645006735062}