{"w": 0.2617100549141345, "b": -0.03227870674854767}