{"w": 0.20053040621604806, "b": 1.7857787464956244e-17}