{"w": 0.11143791870700952, "b": 0.006136804110882202}