{"w": 0.9999999999999996, "b": 2.6645352591003756e-17}