{"w": 0.33350083473023334, "b": 1.591784578398129e-17}