{"w": 0.33316766706317025, "b": 1.590859852360544e-17}