{"w": 0.30314647121969956, "b": -0.1948893795424859}