{"w": 0.14949028347797708, "b": 0.2210200978711995}