{"w": 0.2231378481038928, "b": 0.4083994372293832}