{"w": 0.5017896144034828, "b": 0.15420248101820444}