{"w": 0.40818869666332186, "b": 2.2041921767242385e-16}