{"w": 1.0000000000000002, "b": 2.273181642920008e-16}