{"w": -0.5433467075812697, "b": 2.6156384901560577e-16}