{"w": 0.9999999999999973, "b": 3.8857805861880366e-17}