{"w": -0.6262021003346494, "b": 0.0027212202385359647}