{"w": -0.059566931074056126, "b": -0.030001361560115486}