{"w": 0.24898890500499207, "b": 0.0013835783499751494}