{"cc": 0.24287730232001145, "alpha": 2.5314103319696325e-17, "beta": 0.24287730232001145, "mx": -5.0515147620444624e-17, "my": 1.3045120539345589e-17, "sx": 1.0, "sy": 1.0}