{"w": 0.10142750797078874, "b": 0.0845868555314144}