{"w": -0.537955222904231, "b": 3.011705315492407e-17}