{"w1": -0.32023283308638784, "w2": -0.9947236947431999, "b": 0.00843524922564924}