{"w": 0.6913697555352916, "b": -0.020164846054202774}