{"w": -0.24917990597884948, "b": 0.06488962866865808}