{"w": -0.14072440249635157, "b": -0.006790613549816514}