{"w": -0.034690946364158724, "b": 0.028746276315576014}