{"w": -0.03806458258583048, "b": -0.010453277019986348}