{"w1": 0.5649739435767236, "w2": 0.9971513648973601, "b": -0.012614250395468537}