{"w1": 0.18688204865061303, "w2": -0.4547873483038836, "b": 0.003051888770112199}