{"w1": -0.6216292880808933, "w2": 0.33046552498078774, "b": 9.239486050677913e-17}