{"w1": -0.5714694035711355, "w2": 0.3047966723080876, "b": 8.504123487299451e-17}