{"w": 0.048554020505794576, "b": 0.15926640790831478}