{"w": 0.046216617781722424, "b": 0.15939456586300937}