{"w": 0.7993921567000266, "b": -0.04208569940544815}