{"w": -0.6634191585618048, "b": 0.006020618615042536}