{"w": 0.8430775746061077, "b": -1.0159350207455265e-17}