{"w": 0.6815932939874584, "b": -0.07794058140676273}