{"w": 0.6901254749427504, "b": -0.07878928143004328}