{"w1": 2.3120898241900925, "w2": 1.6088149982408482, "b": -1.0290727608747847}