{"w": -0.8467286233471809, "b": 0.0164290488783078}