{"w1": -0.3037615562161952, "w2": -1.4246830052544177, "b": -0.002089398150990171}