{"w1": 0.25827104697309505, "w2": -0.586600152640426, "b": -8.66340059583873e-17}