{"w": 0.44206785897706485, "b": -0.03226954548194168}