{"w": 0.4098823330404901, "b": -0.031314580865782246}