{"w": 0.44568464024038495, "b": -0.03232094313838981}