{"w1": -0.8334986993359398, "w2": -0.9741339959783303, "b": 0.09242727793430709}