{"w": 0.039451101583602766, "b": 0.2751035080702988}