{"w": -0.3669697767894253, "b": 2.0212165421032493e-16}