{"w1": -1.5554148079477434, "w2": -0.9613884796702892, "b": -0.005264381513346732}