{"w": 0.7352197793635007, "b": 0.03918985354138096}