{"cc": -0.2821945423423668, "alpha": 1.7439694057244183e-17, "beta": -0.2821945423423668, "mx": 2.4424906541753444e-17, "my": 1.0547118733938987e-17, "sx": 1.0, "sy": 1.0}