{"w": 0.10793741102679455, "b": 0.22498081924972468}