{"w": 0.10465374115609515, "b": 0.22454825639095072}