{"w": -0.13264945365497563, "b": 6.985333198584682e-17}