{"w": -0.12190727615982068, "b": -5.497014695747017e-05}