{"w": 0.1990147808938341, "b": -1.2471687515624595e-17}