{"w": -0.7028660492162582, "b": -0.010196714963691518}