{"w": 0.8999975115623237, "b": -0.004483019442627231}