{"w": 0.8951799152049684, "b": -0.00451291024366965}