{"w": 0.9031170955628622, "b": -8.676832331880885e-18}