{"w1": 0.9276943889602295, "w2": 0.24469304005542603, "b": 1.7507299891480675e-18}