{"w1": 2.2946745881863104, "w2": 0.8065165770354368, "b": 0.5240201293408254}