{"w": 0.8714541957236563, "b": -0.012330399861708252}