{"w1": -0.9635383581576178, "w2": 2.4076296858402473, "b": 0.10883454899876732}