{"w1": -0.3195482065662451, "w2": 0.7673519272961241, "b": 0.019677089407380992}