{"w": 0.42117100155798565, "b": -0.03351463416225277}