{"w": 1.0000000000000004, "b": 1.3100631690576851e-16}