{"w": -0.5580435820469529, "b": -0.028610404993703153}