{"w": -0.599695064544816, "b": 0.00335898977447463}