{"w": 0.4147196628985833, "b": 0.023370925408020327}