{"w": 0.08402658182320163, "b": 8.695207705359916e-18}