{"w": -0.009652580825250187, "b": -0.005617146823922416}