{"w": 0.1967344069936864, "b": 3.7164836363007506e-17}