{"w": 0.5497932988079369, "b": -0.2110308675352704}