{"w": 0.2919696913426039, "b": -0.06545108284813225}