{"w1": -0.6009477661270584, "w2": 0.4307392350347423, "b": 4.940779182996107e-18}