{"w": 0.28729814775436313, "b": 8.69032506344576e-18}