{"cc": 0.14974342072078936, "alpha": 1.0040172638326986e-16, "beta": 0.1497434207207894, "mx": -6.994405055138486e-17, "my": 8.992806499463769e-17, "sx": 1.0, "sy": 1.0000000000000002}