{"w": 0.021273583213810215, "b": 0.13656654667619184}