{"w1": 0.6162249137201667, "w2": -1.0301316069728255, "b": 0.0999346695508997}