{"w": 0.07204097921288752, "b": -0.001279350495894842}