{"w1": -0.4898589238084273, "w2": -0.469102581498952, "b": -5.107606132856237e-17}