{"w1": -0.6613993929046891, "w2": -0.9943458434815824, "b": -0.13574033549680725}