{"w1": 0.6917269776111877, "w2": -0.2589851244175967, "b": 0.00935095106272393}