{"w1": 1.5334327620147812, "w2": -1.1569540939207872, "b": -0.09492988033545924}