{"w": 0.28058580929607163, "b": -7.845034759718268e-05}