{"w": -0.7065084404436948, "b": -0.033071472618441684}