{"w1": -2.710583133197524, "w2": 0.35835113234609683, "b": 0.5851341660375164}