{"cc": 0.15946645588327446, "alpha": -2.1917135300267432e-16, "beta": 0.1594664558832745, "mx": -2.4980018054066023e-17, "my": -2.2315482794965644e-16, "sx": 0.9999999999999998, "sy": 1.0}