{"w1": -0.03982933354427481, "w2": 1.2782081013096225, "b": -0.07393941868619706}