{"w1": 0.5905960197552481, "w2": -1.367991346940432, "b": -0.0517036693072743}