{"w1": 0.23337710473191733, "w2": -0.40420034250723264, "b": 2.577717977243007e-18}