{"w": -0.4424215528726082, "b": 0.024955803723213252}