{"w": -0.4746194678827854, "b": 0.0075268537600879926}