{"w": 0.48290711494958677, "b": -0.008650550629431444}