{"w1": -0.23442950814071034, "w2": -1.609885520338265, "b": -0.20536599856523516}