{"w": 0.5990149575283436, "b": -1.620194007271307e-17}