{"w": -0.8921273110073719, "b": 6.17581550812065e-17}