{"w": -0.32495932829486507, "b": -0.010659746393417234}