{"w": 0.08665116061349902, "b": 1.9531528936798043e-18}