{"w": 1.0000000000000004, "b": -3.0198066269804265e-16}