{"w": 0.10260118242681669, "b": -1.505411126077895e-16}