{"w": 0.15058284509063571, "b": 0.008231151605259092}