{"w": 0.15919482240742064, "b": 0.013012519373366185}