{"cc": 0.6341571625625121, "alpha": -9.122165431354742e-17, "beta": 0.6341571625625122, "mx": 5.412337245047638e-17, "my": -5.689893001203927e-17, "sx": 0.9999999999999999, "sy": 1.0}