{"w": -0.16642248449926558, "b": 0.03208974824458524}