{"w": 0.5057372507458014, "b": 0.08511430694074881}