{"w": 0.3859151623004962, "b": 0.00011469760499482895}