{"w": -0.12908224256017062, "b": -0.10626174339225579}