{"w": -0.0590311742030519, "b": 5.614410063947492e-17}