{"w": 0.8950727013988905, "b": -0.0036340741090527748}