{"cc": -0.3953762920693239, "alpha": -7.137707378939e-17, "beta": -0.39537629206932384, "mx": -2.220446049250313e-18, "my": -7.049916206369744e-17, "sx": 1.0, "sy": 0.9999999999999999}