{"w": -0.1154653275393816, "b": 0.027953141134426436}