{"w": 0.2535492636358789, "b": 6.53768267701473e-17}