{"w": -0.05180404041661082, "b": 0.019017296862043984}