{"w": 0.564574969843419, "b": 0.0005856230782819887}