{"w": 0.5618457899185759, "b": -1.6056745093831384e-19}