{"w": 0.19248845932377126, "b": -0.17079067707447304}