{"w": 0.2644130443823867, "b": 9.703745056678019e-17}