{"w": 0.15732427338137067, "b": -0.24704584382397266}