{"w": 0.17212790915063558, "b": -0.22871007200795782}