{"w": 0.25577474957883317, "b": 0.024044817229505445}