{"w1": -0.2284168370834922, "w2": 0.21497297401979976, "b": -4.2640114617176876e-17}