{"w": 0.6338441293194653, "b": -5.816625633271616e-17}