{"w1": -0.5906984987253602, "w2": -0.40121059295557077, "b": -2.683795376565754e-16}