{"w": -0.07314644635203035, "b": -0.0006638693528503834}