{"w": -0.7443071947410861, "b": -4.864756401236598e-17}