{"w": 0.00683719979394409, "b": 1.2131231532880092e-16}