{"w": 0.00531875438707807, "b": -0.05699996160159767}