{"w": -0.5471070235787767, "b": -6.536558731480183e-18}