{"w": 0.8829356885901453, "b": 1.8195449144475416e-18}