{"w": 0.7119428690140872, "b": -6.307728966065526e-17}