{"w1": -0.4238841934512757, "w2": -1.2970201670825352, "b": -0.014398555970346012}