{"w": 0.6832885407755536, "b": -0.005168320990516707}