{"w": 0.7026018869927534, "b": 1.8982461163663873e-16}