{"w": 0.5486725556957903, "b": -0.03739122512242988}