{"w1": 0.5150806879816288, "w2": 0.22861036984026972, "b": -2.129717137168479e-19}