{"w1": 72.9857190386998, "w2": -25.317837299537324, "b": 13.89547543884755}