{"cc": 0.6313269618936859, "alpha": -8.747524951759005e-17, "beta": 0.631326961893686, "mx": 2.2648549702353194e-16, "my": 5.551115123125783e-17, "sx": 0.9999999999999999, "sy": 1.0}