{"w": 0.7272577295100504, "b": 0.0534218215919903}