{"w": 0.44839617929892, "b": -2.036337691605281e-17}