{"w1": 0.6999264259753837, "w2": -0.16223011429221673, "b": 7.050297903915504e-18}