{"cc": 0.5374225934784387, "alpha": 1.3057709249615997e-16, "beta": 0.5374225934784385, "mx": -1.6653345369377348e-16, "my": 4.107825191113079e-17, "sx": 1.0, "sy": 0.9999999999999996}