{"w": 0.45491037914445626, "b": 0.02181511882936216}