{"w": -0.1888883718213939, "b": -0.09371099897339985}