{"w": -0.9999999999999988, "b": 3.719247132494275e-17}