{"w1": -0.6342018182261713, "w2": -0.12434580583586965, "b": -1.683889875860568e-18}