{"w": -0.14920700256552744, "b": 0.09098462373483884}