{"w": -0.20056946323770355, "b": -0.004499556447160905}