{"w": 0.6264336515594134, "b": -0.0010814742926713184}