{"w1": -0.6367942620187034, "w2": -0.05054084021106755, "b": -0.03383706451354608}