{"w": 0.37649170083064476, "b": -0.1374149676081391}