{"w1": 1.5267416298597458, "w2": 1.2530493536527432, "b": -0.13681862619663432}