{"w": -0.09827924789200009, "b": -0.1591056079692497}