{"w": -0.030712488651839235, "b": -0.05379386453221118}