{"w": -0.10035343218796713, "b": -0.015761323381186524}