{"cc": -0.01790323620754193, "alpha": -6.910636824082427e-17, "beta": -0.017903236207541934, "mx": 1.0880185641326534e-16, "my": -7.105427357601002e-17, "sx": 1.0, "sy": 1.0000000000000002}