{"w1": -0.3148951202965954, "w2": -0.9672829672031213, "b": -0.05728782004891467}