{"w1": 0.11043290370532925, "w2": -0.790410760010377, "b": 0.004203540796032965}