{"w": 0.32838754246957835, "b": 0.02737467384104575}