{"w": 0.36533339111773894, "b": -0.005456227775910469}