{"w": 0.10574850815406366, "b": -3.94840549761349e-18}