{"w": -0.6266327019967808, "b": 0.305353674967716}