{"w1": 0.725493554439102, "w2": -0.18217268707737574, "b": 3.265838654001079e-17}