{"w1": 0.6030324620394723, "w2": -0.22387817771562135, "b": -2.8732026528027585e-17}