{"w1": 0.5797229146807716, "w2": -0.2253959336123667, "b": -0.0002470494932660019}