{"w": 0.578235916231216, "b": 0.006829916864641053}