{"w": -0.8072867608806751, "b": -0.030746815430830018}