{"w1": 0.44595989555561, "w2": 0.8248335285729452, "b": 0.011198768644596407}