{"w": -0.040210185396633645, "b": 0.018724184555086548}