{"w": 0.08467368100978509, "b": -0.2182144792370804}