{"w1": 0.9604696959942088, "w2": 2.9646497223985286, "b": 1.1539512444681688}