{"w1": 0.6273021998957411, "w2": -0.4634704795521086, "b": 0.010654679075375513}