{"w": 0.565231259259064, "b": 0.01346413818980433}