{"w": 0.12498878150246569, "b": -4.71854749493103e-17}