{"w": -0.699372995567185, "b": -2.870361990450441e-17}