{"w1": 0.8308068015883641, "w2": -0.1491774511699631, "b": -0.19037457816270764}