{"w1": -0.6714741618368871, "w2": 0.30881817917653814, "b": -1.7891665797892576e-17}