{"w": -0.02826945216195906, "b": -0.01805179743076947}