{"w": 0.822776142864809, "b": -0.11318006979339135}