{"w": -0.4869259223911344, "b": -0.2217429247141579}