{"w": -0.5156405466315107, "b": 9.262342800891171e-17}