{"w1": -0.6083911910972736, "w2": 0.10591651468395723, "b": 3.441505722136258e-17}