{"w1": -0.7657905744059217, "w2": 0.15273737370805857, "b": -0.0413484927380418}