{"w": 0.29592794062752076, "b": -0.018219785481194944}