{"w": -0.9588766261214514, "b": -0.012680108221566786}