{"w1": -34.988207870527276, "w2": -16.33219035919471, "b": -0.5983448140441877}