{"w": 0.2472114573715022, "b": 0.043955858108804535}