{"w": 0.5138500715168072, "b": -1.529709565210156e-17}