{"w": -0.13579468005380266, "b": 0.1269898223646928}