{"w": 0.17640021851844254, "b": -0.031753270675038435}