{"w": 0.15491231485928242, "b": 0.004928022957389616}