{"w": 0.14725731508972156, "b": 0.004883414893298152}