{"w": -0.6080919768977612, "b": 0.0022231324731039606}