{"w1": -0.4871546364324379, "w2": -2.060279187498746, "b": -0.062283117482201264}