{"w1": -0.7649863975818304, "w2": 0.09959898431545594, "b": -2.2272429880739395e-17}