{"w": -0.013629072776575022, "b": -2.560900533269337e-18}