{"w": -0.5915751721513928, "b": 0.036566240805418704}