{"w": -0.6927260214639385, "b": -0.007473058893491902}