{"w": -0.005131767273872152, "b": 0.009581766224589207}