{"w": -0.2762053821383248, "b": -0.01566337005230509}