{"w": 0.49888004986844076, "b": 0.0014015263689481205}