{"w": -0.012053706771859577, "b": -0.020569289186447202}