{"cc": -0.4413209030629083, "alpha": -8.120110846221345e-17, "beta": -0.4413209030629083, "mx": -1.6764367671839864e-16, "my": -7.216449660063518e-18, "sx": 0.9999999999999999, "sy": 0.9999999999999999}