{"w": -0.4558199965853697, "b": -0.01655752648039374}