{"w": 0.47799519348196085, "b": 1.176347801245691e-16}