{"w": 0.690943193474945, "b": -0.0481241711048888}