{"w": -0.2062589682957598, "b": -0.0391890668697586}