{"w": -0.1199950654635662, "b": 0.004497096531360399}