{"w": 0.5962314855285742, "b": 0.05152400992167949}