{"w": 0.5922661461099634, "b": 1.557219584737094e-16}