{"w": 0.904666666685051, "b": 0.003796354994542026}