{"w": 0.47952811571046605, "b": 5.2891225687900585e-17}