{"w": 0.9177521249946669, "b": 1.8888252628563864e-17}