{"w": 0.9260635457565678, "b": -0.010299292562318582}