{"w": -0.9999999999999992, "b": 4.329869796038106e-17}