{"w": -0.5100951487140091, "b": -0.0012131874954134023}