{"w": -0.5104638965743556, "b": -0.0006428159150338592}