{"w1": -0.7993764452844463, "w2": -0.29403818079362687, "b": 0.00899841123902201}