{"w1": 0.18120099198235307, "w2": -1.0132247769969227, "b": 4.4043915784714616e-17}