{"w1": 0.29639368438243485, "w2": -0.7962827595022799, "b": -0.012198952113729698}