{"w1": 0.12152736456318253, "w2": -1.3162960153248033, "b": 0.07260107866634362}