{"w1": 0.5937076452600049, "w2": -0.105629853301753, "b": 3.468903835502869e-17}