{"w": -0.0894410672461559, "b": -8.444866255304845e-17}