{"w": 0.04877136687691804, "b": -0.0116229950923097}