{"w": 0.052211824391487034, "b": 1.5958228169803696e-16}