{"w": 0.06381549176391539, "b": -0.0003216273132340231}