{"w": 0.6622970333398596, "b": -0.0012872574818243322}