{"w": 0.6223680415049226, "b": 0.004349813572552527}