{"cc": -0.4031566752429729, "alpha": 3.9412917374193055e-17, "beta": -0.4031566752429729, "mx": 0.0, "my": 3.9412917374193055e-17, "sx": 0.9999999999999998, "sy": 0.9999999999999998}