{"w": -1.0000000000000002, "b": 3.9412917374193055e-17}