{"w1": -0.48906957378051175, "w2": -0.503958832907631, "b": 8.16053261730493e-17}