{"w1": -0.8624068812539883, "w2": -1.8125841709621924, "b": -0.18791180890909723}