{"w": 0.7330102747206155, "b": 0.0017937145056760645}