{"w1": 0.25519213163596643, "w2": -0.10728030187884338, "b": 4.825465075727436e-17}