{"w1": 0.650927640975539, "w2": -1.2912280020349347, "b": -0.022030290952159772}