{"w": 0.0059273524939082575, "b": 0.07307181109197523}