{"w": -0.9016496983532603, "b": 0.004034906425130996}