{"w": -0.8699962647584091, "b": 0.0031265347753063905}