{"w": -0.9999999999999999, "b": -2.720046410331633e-16}