{"w": -0.2635689177068195, "b": -7.82327907972349e-17}