{"w": 0.41685547134812334, "b": 6.661338147750939e-18}