{"w": 0.42060342263896566, "b": 6.661338147750939e-18}