{"w1": 1.2301498403163271, "w2": -1.7728905488783901, "b": -0.5131327949177639}