{"w": -0.7654593939699641, "b": -2.2409489752965916e-16}