{"w": -0.06710718970114089, "b": 0.05381149049144049}