{"w": -0.19635108126551376, "b": 0.006765499308297297}