{"w": 0.9999999999999997, "b": 1.0706713293728851e-16}