{"w": 0.7595361865031602, "b": 9.013132110801595e-17}