{"w": 0.9145490049641568, "b": 1.0440874809329173e-17}