{"w": 0.8865570270670039, "b": 0.023321624417416083}