{"w": -0.7723273990926007, "b": -5.318178473564174e-17}