{"w": -0.023305387152422852, "b": -2.0369602031543115e-18}