{"w": -0.9614705355316288, "b": -0.006729313185339925}