{"w1": -0.44416332253410734, "w2": 0.5906960487772092, "b": -0.027214838191745565}