{"w": 0.06879890396069714, "b": -5.845594638967154e-18}