{"w": 0.8302466577948217, "b": 0.000141059524439437}