{"w1": -0.38747742653969114, "w2": -1.0205919984643566, "b": 0.08621861813017255}