{"w": -0.36912755232992756, "b": 0.06698786896631787}