{"w": -0.35743109369430426, "b": 0.1537709086613287}