{"w1": -3.5825855158695306, "w2": 12.88821591051155, "b": 1.8387801923224794}