{"w": 0.9781396933539709, "b": -2.808916453581286e-17}