{"w": 0.09257595497246932, "b": 0.102421317331822}