{"w1": 0.5856918566248573, "w2": -0.26283450282973925, "b": -3.66325383200361e-05}