{"w": 0.2162152695412181, "b": 1.5340560427215661e-16}