{"w": -0.0021479855927231117, "b": 0.2153557228398204}