{"w": 0.11043235766939472, "b": -6.812220092184225e-17}