{"w1": 1.1679629936609235, "w2": -0.3993224329202193, "b": -0.20298691869163737}