{"w": 0.31049422461503107, "b": -0.007470901665380356}