{"cc": 0.5748045227175773, "alpha": -1.0743795020425495e-17, "beta": 0.5748045227175773, "mx": -1.2212453270876722e-17, "my": -1.7763568394002505e-17, "sx": 1.0, "sy": 1.0}