{"w": 0.4176914167616823, "b": -0.09688330726783301}