{"w": -1.0000000000000009, "b": -2.298335133321673e-16}