{"w": -0.0272482104555711, "b": -3.68158752515571e-17}