{"w": 0.6083073848035917, "b": -3.735883192670547e-16}