{"w": 0.5530067134578106, "b": -3.6990455455073585e-16}