{"w": 0.4968689694699987, "b": 0.08539653697749827}