{"w1": -1.079375030697502, "w2": 0.6703476944730287, "b": 0.008522965862202025}