{"w1": 0.3805486551177964, "w2": -0.420347517146982, "b": 0.003545955783861356}