{"w1": -1.146396837668717, "w2": 0.8152601267415701, "b": -0.26220978433453307}