{"w1": -1.2925032603836677, "w2": -0.763216377559599, "b": -0.0015769170563287287}