{"w1": 0.7796315445823876, "w2": 2.1506380126118385, "b": 0.08711847962466944}