{"w": 0.7225455302314217, "b": -2.875679828624119e-17}