{"w": 0.42783964599043867, "b": -1.9772107649258478e-17}