{"w": 0.38943932950520826, "b": 0.03801912321799275}