{"w": 0.22073265452991328, "b": 1.0599653130942514e-16}