{"w": 0.24289148206895944, "b": -0.006453798213135603}