{"w": -0.5271373204371095, "b": 8.7183428983755e-18}