{"w": -0.5219181390466431, "b": 8.643014978833418e-18}