{"w": -0.526610709727382, "b": 8.710742379021103e-18}