{"w": 0.01508861450692737, "b": -1.6026170423333158e-16}