{"w": 0.9885149276164357, "b": 0.01246700074021767}