{"w": 0.9801567003323591, "b": -2.1367301941832168e-17}