{"w": 0.5014264761061437, "b": -4.554527516881387e-16}