{"w": 1.0000000000000007, "b": -1.7762701032264533e-16}