{"w1": -0.5457566693885447, "w2": -0.04313977627985872, "b": -1.2666969497490061e-17}