{"w": -0.7206500911337117, "b": 0.1680562605040735}