{"w": -0.6209567070638325, "b": -0.0052165266650907}