{"w": -0.4724733930925534, "b": 0.10250395854260308}