{"w": -0.5451945983624237, "b": -1.2949486147579065e-16}