{"w": -0.4720491990423474, "b": 0.20995311613454987}