{"w": -0.22583787501736924, "b": 0.0006758809041282916}