{"w": -0.2547746009619023, "b": -0.04839119324028683}