{"w": 0.2846024791455541, "b": -3.0751801579879077e-18}