{"w1": -0.5171140891598968, "w2": 0.4116787414933553, "b": 3.5957284061456404e-17}