{"w": 0.31204969635509294, "b": 1.139240490075641e-16}