{"w1": -1.288735672545376, "w2": -0.2926329971918796, "b": 0.007866362262774318}