{"w": 0.14978925440350288, "b": -2.2204460492503132e-17}