{"w1": 0.7633511000826143, "w2": -1.3688593398342697, "b": 0.1250087912978233}