{"w1": 0.31024703245867985, "w2": -0.6590293862876948, "b": 0.02389150263077708}