{"w": -0.09088708036751583, "b": -3.2724083415341954e-18}