{"w": -0.8499800278274218, "b": 3.9449947229159685e-18}