{"cc": 0.03981471742475932, "alpha": 5.391261242584739e-18, "beta": 0.039814717424759324, "mx": -2.3869795029440865e-17, "my": 4.440892098500626e-18, "sx": 0.9999999999999999, "sy": 1.0}