{"w": 0.014176494328209787, "b": -0.11394485912338984}