{"w": 0.3746269252767372, "b": 0.11724184871046403}