{"w": -0.2992729128403129, "b": 0.15149409528299504}