{"w": -0.4392034170141688, "b": -0.022315803193379596}