{"w": 0.6925139613811301, "b": 0.033626243837034164}