{"w1": -0.06492072206378113, "w2": 0.42919359895880993, "b": -0.0064649334886383025}