{"w1": -1.1025997480682994, "w2": -0.14530032625285613, "b": 0.08439711936872017}