{"w": 0.24803636360256642, "b": 0.10000000000000002}