{"w": 0.32635865532224484, "b": 0.1481970121267349}