{"w": -0.5389836445660288, "b": -0.02578863190030678}