{"w": 0.230707969945503, "b": -7.907675707713446e-06}