{"w": -0.16220944087941747, "b": -0.004476741635989108}