{"w1": -0.6835865502164323, "w2": 0.13661686023064876, "b": 2.1290286576613676e-18}