{"w": -0.31010299552131027, "b": 0.20767374661182716}