{"w": 0.9137650137632153, "b": 0.09070350370500319}