{"w": 0.9999999999999997, "b": -3.0531133177191894e-18}