{"w": 0.5606795859075685, "b": 0.09041122259036029}