{"w": 0.3072812643239177, "b": -0.07949106724337461}