{"w": -0.5135530458516189, "b": -1.344305152396802e-17}