{"w": 0.592985298706794, "b": -0.01280266415359899}