{"w": -0.10505986834023853, "b": -0.0004612392570155707}