{"w1": -0.8167890547603391, "w2": -0.7736904601555746, "b": -0.029293254394108056}