{"w": -0.4261389145617186, "b": 0.4511271178795955}