{"w1": 0.7035138683120878, "w2": -1.2435513822180795, "b": -0.07109855946465825}