{"w1": 0.4633028492578778, "w2": -0.22260532230814561, "b": 0.0038023486689230668}