{"w1": 2.7797218683014275, "w2": -1.9117263198088128, "b": 0.069834134434769}