{"w1": 1.0862771198630077, "w2": -0.5558249717840126, "b": 0.006155537781180796}