{"w1": 0.8857760965982704, "w2": -0.5746843792593563, "b": 0.029147326241825033}