{"w": -0.08195525801719808, "b": -0.09796374542217327}