{"w": 0.2748360910200625, "b": 0.07540687864889892}