{"w": 1.0000000001138736, "b": -3.209843491708513e-10}