{"w": 0.10005100106799446, "b": -0.03246713489357695}