{"w1": -0.3695184096075561, "w2": -0.5495659524284521, "b": 9.47642517038553e-17}