{"w": 0.8134070397126809, "b": 0.04168203703695363}