{"w1": -0.4134904624501153, "w2": 0.19773263322341889, "b": 0.012601256926316418}