{"w1": -0.2941047822033631, "w2": -0.7398545456830544, "b": -0.005853401292284233}