{"cc": -0.3288042500409389, "alpha": -2.0228381471003e-17, "beta": -0.3288042500409389, "mx": -2.7755575615628914e-17, "my": -1.1102230246251566e-17, "sx": 0.9999999999999999, "sy": 0.9999999999999999}