{"w": -0.323108334670597, "b": 0.007889675469636828}