{"w": 0.7689543579758193, "b": -0.0066492398520483905}