{"w": 0.4259448206435438, "b": -0.07492814958137417}