{"w1": -0.22934902583631928, "w2": 0.4318276781212103, "b": -1.5459873762763437e-17}