{"w": -0.4516368763935404, "b": -8.27347388078591e-17}