{"w1": 0.8238635131207431, "w2": -0.9835066666586121, "b": -0.16234807735097267}