{"w": 0.42375377673938197, "b": -0.044633418753536616}