{"w1": -0.2521921059164592, "w2": -0.5994282187849719, "b": 3.7811155886661335e-17}