{"w": -0.9999999999999966, "b": -3.0420110874729375e-16}