{"w": -0.34996544994172896, "b": -0.1804733259105113}