{"w1": 0.02917879273606704, "w2": -0.5860836228502948, "b": 1.8910062346417555e-17}