{"w": 0.3094129799909515, "b": 0.006188626906278107}