{"w": 0.2409870798840943, "b": 0.34761892439283537}