{"w": 0.5690881651112435, "b": 0.00461436868721701}