{"w1": 0.7512062561688119, "w2": 1.4566774895733825, "b": 0.10724680494373329}