{"w1": 0.8305004818265683, "w2": 1.7565311784899948, "b": 0.0026579518773098693}