{"w1": -0.5187913830177965, "w2": -0.6607077440324167, "b": -0.0610930419629723}