{"w": -0.8077064488804084, "b": 0.027192347629833802}