{"w1": 0.24762397500950048, "w2": 0.8909485257559461, "b": 0.002993174683663731}