{"w1": -1.2549639224941338, "w2": 0.008034486437244165, "b": -0.036831804349386356}