{"w1": -0.1426067124874352, "w2": 0.4920517031810502, "b": 2.7107623702868076e-17}