{"w1": -0.8321228803554918, "w2": 1.5437378481916046, "b": -0.07514655894919353}