{"cc": -0.10792461026602901, "alpha": 1.055926961837584e-17, "beta": -0.10792461026602898, "mx": 1.5543122344752193e-17, "my": 8.881784197001253e-18, "sx": 1.0, "sy": 0.9999999999999998}