{"w": 0.8924421192922745, "b": -0.026488825576965754}