{"w": 0.7939594012068802, "b": -0.0037976873631222693}