{"w1": 44.008739650746286, "w2": -13.00352778590965, "b": 16.83314631271054}