{"w": 0.3390815404465115, "b": 0.12587628754431232}