{"w1": 0.00936296418945955, "w2": 0.5300394192941541, "b": -0.01788449834857045}