{"cc": 0.27634308479262115, "alpha": -4.687022047283248e-17, "beta": 0.27634308479262126, "mx": -6.661338147750939e-18, "my": -4.871103520542874e-17, "sx": 0.9999999999999998, "sy": 1.0000000000000002}