{"w1": -0.7922388394168978, "w2": -2.0857668283993487, "b": 0.036296056088904245}