{"cc": 0.32117699194515026, "alpha": 1.8989278229144678e-16, "beta": 0.3211769919451502, "mx": -4.529709940470639e-16, "my": 4.4408920985006264e-17, "sx": 0.9999999999999998, "sy": 0.9999999999999997}