{"w": -0.2535524356948806, "b": 0.07825894436756807}