{"w": -0.2962786190675844, "b": -0.004578516040004043}