{"w": 0.10011279048626158, "b": 0.015973242080091467}