{"w": 0.4033419485105048, "b": 7.131686457927031e-18}