{"w": 0.3666744986459133, "b": 5.6254517154505824e-18}