{"w": -0.3562989182931077, "b": 0.020432865745274677}