{"w": -0.4889347394204759, "b": 0.004384128552053312}