{"w": -0.2289667888878355, "b": -0.24846336569342786}