{"w": -0.3238406355353329, "b": 7.866412277326434e-18}