{"w": 0.43949838959812015, "b": -0.13078905585135972}