{"w": 0.6734270963841507, "b": 0.04230037123577049}