{"w": 0.36712129365003265, "b": -0.009792295014912073}