{"w": 0.09212337136610627, "b": -0.25222696708518827}