{"w": 0.07522743187728992, "b": -1.0750415214415097e-16}