{"w1": -0.33795664381824453, "w2": -0.5936817521887681, "b": 1.8709170505697368e-17}