{"w1": -0.33352302238541737, "w2": 0.2923917686364306, "b": -1.292448270082623e-17}