{"w": 0.3869134010639045, "b": -0.014888974723462433}