{"w1": -0.16465410644936435, "w2": -0.8058701596410927, "b": -1.438793380901415e-17}