{"w1": 0.3597791158526206, "w2": -1.6532876443851086, "b": 0.027899337362406684}