{"w1": 0.19802321052560576, "w2": -0.7559933504523442, "b": 0.02833997909085184}