{"w": 0.13809712933624768, "b": 1.5602071028761617e-17}