{"w": -0.4270502885061356, "b": -0.024429009340268003}