{"w1": -1.3403212192683107, "w2": -2.297772727139198, "b": 0.33954427571369244}