{"w": 0.4970177295916757, "b": 0.029816345057555996}