{"w": 0.1724592023015128, "b": -3.1237664812332e-17}