{"w": 0.7128245570257751, "b": -5.805042606940506e-17}