{"cc": -0.1115034488796969, "alpha": -1.2709542568786474e-17, "beta": -0.1115034488796969, "mx": -5.595524044110789e-16, "my": 4.9682480351975756e-17, "sx": 1.0, "sy": 1.0}