{"w": -0.0542965937383691, "b": -0.021325259234974196}