{"w": -0.11436526426158304, "b": 0.00032883073587629274}