{"w1": -0.4412564903402423, "w2": -0.263942328396279, "b": -0.015359945305207429}