{"w": 0.13062065376432003, "b": -0.017080314031566086}