{"w": 0.10357832582923407, "b": -0.06960439574156575}