{"w": -0.3534485263772336, "b": 0.09999999999999992}