{"w": -0.009376833585835541, "b": 2.5235375863935285e-16}