{"w": -0.7267726825358201, "b": -0.054726780045754694}