{"w1": -0.6211875657053637, "w2": -0.33166896587481315, "b": -5.71639932890383e-17}