{"w": -0.5472314244814822, "b": -1.540931761415635e-16}