{"w": 0.6016867863757809, "b": -1.2172913393478957e-16}