{"w": -0.39677059539682, "b": 0.004572176047259388}