{"w": 0.5665239506319092, "b": 0.01776757891435576}