{"w": 0.8057515558956636, "b": 2.9541617679400756e-17}