{"w1": -0.625022306271536, "w2": 1.5433669368818288, "b": 0.05919004946328517}