{"w": -0.07885966153342247, "b": 0.05973819616338695}