{"w": 0.32391790994501574, "b": -1.6052195741162186e-05}