{"w1": -0.5968044093645867, "w2": -0.03440443781325952, "b": -1.1936864506754139e-17}