{"w": -0.11711845617861309, "b": -0.07044858848375535}