{"w": -0.07276990087156218, "b": 0.029258882449162367}