{"w1": -1.0406288415681562, "w2": 0.23111847879618705, "b": -3.381341000334282e-17}