{"w1": -0.7613048067337547, "w2": -0.9172753320818992, "b": 0.09867557087654139}