{"w": -0.7024567455784527, "b": 0.008465844803343357}