{"w": 0.4530096720014848, "b": 1.1714156182444011e-17}