{"w": 0.46865030118601786, "b": 0.0320108041158401}