{"w": 0.47836840366722655, "b": 0.0629769399973037}