{"w": 0.4631529677107418, "b": 0.06892063533997873}