{"w": 0.489412801101894, "b": 0.056893420173405373}