{"w": 0.4894557718666484, "b": 0.056964106571424575}