{"w": 0.6191560298838233, "b": -0.004148588788296388}