{"w": 0.032733216902297656, "b": -0.008964412801131678}