{"w": -0.21120290419440782, "b": 0.0002970851666237173}