{"w": -0.21139652164222725, "b": 0.0009651381571702186}