{"w1": 0.4682791072125885, "w2": 1.5165270351716968, "b": -0.03990257106901601}