{"w": 0.9395664866840215, "b": -0.002748896696180044}