{"w": -0.04199029942368484, "b": 1.113670242525353e-16}