{"w": 0.8239955122071155, "b": -0.03190426796061395}