{"cc": -0.2925107921366809, "alpha": 5.090396531263599e-18, "beta": -0.29251079213668085, "mx": 2.220446049250313e-18, "my": 4.440892098500626e-18, "sx": 1.0, "sy": 0.9999999999999999}