{"w": -0.22862511645586667, "b": -0.027073824474901892}