{"w1": -0.7326919906694146, "w2": -0.07401985499659035, "b": 3.459634939469759e-17}