{"w": 0.3334058319296529, "b": -3.1275789278484914e-17}