{"w": 0.5003300850448121, "b": -0.024170090028131086}