{"w": -0.32290530836293385, "b": 3.020117632462195e-17}