{"w": 0.5517430556753314, "b": -2.0022718054131948e-16}