{"w": 0.39471010082644653, "b": 0.030936330430009124}