{"w": -0.6383815013854353, "b": 0.026434210101505557}