{"w": -0.5709837566380763, "b": 0.002041112179462031}