{"cc": -0.05717003319079707, "alpha": -5.573277343554488e-17, "beta": -0.057170033190797075, "mx": 1.5543122344752193e-17, "my": -5.662137425588298e-17, "sx": 0.9999999999999999, "sy": 1.0}