{"w": -0.06179243316466473, "b": 0.0026254328408909493}