{"w": 0.2748836408484453, "b": -0.0585928514001155}