{"w": 0.6501549567503333, "b": 0.3404968178654928}