{"w": -0.3656538207653375, "b": -0.06654346495186056}