{"w": -0.4794546547024968, "b": 5.964037805694086e-17}