{"w1": 3.875127514094049, "w2": 0.2756918445263946, "b": 0.8360293637506481}