{"w1": 2.339137785817237, "w2": 0.16938602095345312, "b": 0.2809688163181834}