{"w1": -0.4654479584832032, "w2": -0.5006374829339367, "b": -2.2157654385555846e-16}