{"w1": -1.4222026709617581, "w2": 0.8475045869670107, "b": -0.27831292773654237}