{"w1": -0.5472833466656234, "w2": 0.3765208762146177, "b": -0.03928045647287534}