{"w": -0.9587982660057203, "b": 0.0026852313522211916}