{"w": -0.9622504282902093, "b": -8.127396210726186e-18}