{"w": -0.9612891391510587, "b": -8.108185794685257e-18}