{"w": -0.9270272000629974, "b": 0.012720352928027631}