{"w1": -0.1076589300890796, "w2": 0.4664014804517519, "b": -0.009895124822251945}