{"w": -0.08984742506416221, "b": 1.5982820072024924e-16}