{"w": -0.09681050721223657, "b": 0.04593393061451066}