{"w1": 0.20112097966846337, "w2": -0.3433450558099846, "b": -1.1007467309656627e-06}