{"w1": -0.20047349381372992, "w2": -0.9024788931361446, "b": 2.310743321683444e-19}