{"w": 0.40790793727081825, "b": -0.03153894281296445}