{"w": 0.40787044481782475, "b": -0.031588974950754765}