{"w1": -0.2841414507196739, "w2": -1.0763028035758326, "b": 0.08662468232512524}