{"w": -0.371434310542045, "b": 0.02669804915149499}