{"w": 0.4799631844941895, "b": 0.05702562846052684}