{"w": 0.8402521585140621, "b": 1.3395308649024978e-17}