{"w": 0.5071993893508984, "b": -0.05447849063605647}