{"w": 0.6649571150064343, "b": 0.011775989118413944}