{"w": 0.35665637139678336, "b": -0.018677177664865895}