{"w": -0.915232905489793, "b": -0.00864482436547926}