{"w": -0.48654692662498805, "b": -0.05041274187241214}