{"w": -0.5303817095478381, "b": -0.04919350642060169}