{"w": -0.24069440500830935, "b": 0.02231072768460923}