{"w": -0.2480371093268835, "b": -0.03708503168822863}