{"w1": 0.8092976796575799, "w2": -0.962682570577279, "b": -0.07745042105529336}