{"w1": 0.31716616698259703, "w2": -0.27340942965836496, "b": -4.271829938232799e-17}