{"w1": 0.8462408397132821, "w2": -0.8551999398334378, "b": -0.04634830482105189}