{"w1": -0.7264921808080556, "w2": -0.04020310114124481, "b": -5.771584566832693e-17}