{"w1": -0.6666765226598962, "w2": -0.0335425464738179, "b": -5.299357537205338e-17}