{"w1": -2.912433662108187, "w2": -0.35817298373273965, "b": -0.13562187896595396}