{"w1": -0.8686143339526322, "w2": -0.1267016500741419, "b": -9.282497036581218e-18}