{"cc": 0.21279590177507834, "alpha": 8.776018165958247e-18, "beta": 0.2127959017750783, "mx": -1.7763568394002505e-17, "my": 4.996003610813204e-18, "sx": 1.0, "sy": 0.9999999999999998}