{"w": -0.7917572332622835, "b": 0.011844867833573126}