{"w1": -0.3798122699184225, "w2": 0.5175401252204668, "b": 2.225119461679021e-17}