{"w": -0.44584005959245776, "b": 0.008253122063357307}