{"w": 0.18162926880764896, "b": 0.18231600877571405}