{"w1": 0.6439522560047943, "w2": -0.00276968068305229, "b": -1.1640300035882939e-17}