{"w": -0.4700721017268489, "b": 3.256596322314909e-17}