{"w": -0.5137120706728654, "b": 0.07245622731348282}