{"cc": -0.46581769713651283, "alpha": 1.1467591860195374e-17, "beta": -0.4658176971365127, "mx": 5.551115123125783e-18, "my": 8.881784197001253e-18, "sx": 1.0, "sy": 0.9999999999999998}