{"w": 0.9444924576455349, "b": -0.01668176901128549}