{"w": -0.41333527657012636, "b": 2.6358223659800178e-16}