{"w1": 0.7498962180847791, "w2": -0.33216781484334934, "b": 6.0402169720225725e-18}