{"w": -0.6626991038437715, "b": 0.03702819301060568}