{"w": 0.0016508560287540022, "b": -4.903309492085328e-17}