{"w1": -0.8595653478334628, "w2": -0.2061260830220373, "b": 0.060611180048002755}