{"w": 0.10777962577835394, "b": -0.21744883679291316}