{"w": 0.08050158104087315, "b": 3.1086244689504386e-17}