{"w1": -1.0543181035648572, "w2": 0.9482726738531113, "b": 0.013801047332111734}