{"w": 0.049140911930169895, "b": -0.24714912890351193}