{"w": -0.26553471991983957, "b": 1.2523341081397458e-16}