{"w": -0.26581322606675833, "b": -0.01107229610377427}