{"w1": 0.3557955926716228, "w2": 0.9387398169313296, "b": -6.198407591083543e-17}