{"w": -0.45371811287640823, "b": 0.1276391741730056}