{"w": -0.06263318631094927, "b": -0.011463425103733512}