{"w": 0.16188938401246328, "b": 8.60245802073956e-17}