{"w": -0.1270539711407446, "b": 0.02989786283686842}