{"w": 0.6276800822436244, "b": 2.7744743765185487e-17}