{"w": 0.6270530292144098, "b": 2.77148085106256e-17}