{"w": -0.18612844999396913, "b": 0.02826726588928158}