{"w1": -1.3146799308528077, "w2": -3.050849414337731, "b": -0.5233829652997313}