{"w1": 1.8611779882961326, "w2": -0.16850514991135296, "b": 0.11352544475738591}