{"w": 0.5378419941871243, "b": 0.0076856602386302835}