{"w1": -0.29256787421498176, "w2": 0.36983305114621007, "b": -4.160903857011062e-18}