{"w1": 0.4785024069546348, "w2": 0.6408860196009631, "b": 7.276504054733439e-17}