{"w1": 1.2406072368199206, "w2": 1.4018571374443918, "b": -0.029752037010351697}