{"w1": 0.6740373515901968, "w2": 0.9954769475517705, "b": -0.10870445937393784}