{"w": 0.6012264059992518, "b": -9.606492727407897e-17}