{"w": -0.10024104428810517, "b": -0.003097700611824827}