{"w": -0.4519652354781405, "b": -1.5655844042233745e-17}