{"w1": 0.11646363179834299, "w2": -0.4604336505775089, "b": -9.913312767426824e-07}