{"w": 0.953911192827385, "b": -0.04872637349771753}