{"cc": 0.7271936599234677, "alpha": -5.449351824530151e-18, "beta": 0.7271936599234678, "mx": 1.0547118733938987e-17, "my": 2.220446049250313e-18, "sx": 0.9999999999999999, "sy": 1.0}