{"w": 0.9372060410710825, "b": 0.03821345422360067}