{"w": 0.6601530867948202, "b": -0.02675008526634264}