{"w1": -0.8041554088641477, "w2": -0.7961311259913417, "b": -0.011629031758493377}