{"w1": -0.9299359655428301, "w2": -0.4524050757407765, "b": 0.0339467360652428}