{"w": -0.48930894700403327, "b": -0.07402467146112157}