{"w": -0.5016557132340113, "b": -0.07464485971176127}