{"w": 0.9083280048931544, "b": -0.0028191497203466473}