{"w": -0.02696491458229218, "b": -0.002322878279489529}