{"w1": 0.3166775941486657, "w2": -0.28575354154124355, "b": -1.6226476022088165e-17}