{"w1": 0.32140474726142354, "w2": -0.29296007614494124, "b": 0.0025862838339255068}