{"w": 0.6200181306419588, "b": 0.4658641654304806}