{"cc": 0.11796644390913061, "alpha": -5.988300144504776e-17, "beta": 0.11796644390913061, "mx": 6.017408793468348e-16, "my": 1.1102230246251566e-17, "sx": 1.0, "sy": 1.0}