{"w": 0.05532458849549038, "b": -0.17426708120054601}