{"w": 0.11784859531381676, "b": -5.981208712767381e-17}