{"w": 0.052677494596639535, "b": -0.1491845288116359}