{"w": 0.12443018905338524, "b": 0.03811436238231167}