{"w1": 0.34465811921830763, "w2": -0.6399651375812047, "b": 0.02970527605385065}