{"w": -0.33759086618972123, "b": 0.07628617199638799}