{"w": 0.11594532739234882, "b": -2.276202508237609e-16}