{"w": -0.4951852228553554, "b": -0.006789259005797275}