{"w": -0.6045695560772667, "b": -0.007850989205607123}