{"w": -0.5832318741187636, "b": 0.0026453351044636864}