{"cc": -0.4453267865605024, "alpha": 2.1406551138627447e-17, "beta": -0.4453267865605024, "mx": 4.440892098500626e-18, "my": 1.9428902930940238e-17, "sx": 1.0, "sy": 1.0}