{"w": 0.5147777240766775, "b": -0.05592818168443161}