{"w": 0.7359479474502177, "b": -4.724036086579338e-17}