{"w": 0.5103359931561329, "b": -0.05333006687417241}