{"w1": -0.9210449852494744, "w2": -0.11283507093952022, "b": -0.01470846907004375}