{"w": 0.4777577878113663, "b": 0.016717627688806677}