{"w1": -1.53333525610651, "w2": 0.8982292986641759, "b": -0.17819742877462036}