{"w": 0.5292413662991231, "b": 2.6611280120873354e-17}