{"w1": -0.30370760675823844, "w2": 1.0209393965712568, "b": -0.06920726808995861}