{"w1": -1.8094048040438422, "w2": -2.2927237559366223, "b": -0.1588517116367085}