{"w": 0.48525704486066523, "b": 0.16029784637177502}