{"w": -0.44407264833114735, "b": 0.028065266898620496}