{"w": 0.9505615279898562, "b": 0.0017312848929540562}