{"w": 0.2613945080982702, "b": -1.072422496736867e-17}