{"w": -0.4173959741905023, "b": -1.4187788923563464e-16}