{"w": -0.26229140992390126, "b": -0.23203056627032412}