{"w1": 0.7816984725216696, "w2": -0.18945382310127665, "b": 3.139488404819099e-17}