{"w1": 2.0901000756621664, "w2": -0.6805256538918546, "b": 0.055414829466624495}