{"w": -0.7076516128960192, "b": 0.0011698495977768902}