{"w": -0.02560491564900019, "b": 1.0306269573132627e-17}