{"w": -0.3597841442211424, "b": 0.19808481337379846}