{"w": -0.38937331583877305, "b": -1.3999889902988367e-16}