{"w": -0.430423642881645, "b": 0.04303575831859823}