{"w1": 0.13407067493055577, "w2": -0.6019877413412859, "b": 1.3828127321068902e-17}