{"w1": -1.01898116138929, "w2": -0.4759874935032997, "b": 0.08758902394281007}