{"w": -0.5282203830516448, "b": 0.04324807386819888}