{"w1": -0.11434195073537304, "w2": 9.913643445995048, "b": 1.2584689123348458}