{"w": 0.37690067183533793, "b": 0.006850244105532209}