{"w": 0.3835841281642152, "b": 0.0125409235069084}