{"w": -0.08337640079427763, "b": -0.000613691416350968}