{"w": 0.6981572851487841, "b": -2.1974232589755545e-17}