{"w": 0.5578152003110247, "b": 0.03970603667262614}