{"w": 0.6261918906130137, "b": 0.014380766700782399}