{"w": 0.5950868526608988, "b": -5.378587175635203e-17}