{"w": 0.4165892197371817, "b": -0.09289336374661346}