{"w": 0.4142626950220599, "b": 0.001272995245059532}