{"w": 0.47668490775217726, "b": 0.0032518836778167143}