{"w": -0.21718858574730346, "b": -0.13780974494000636}