{"w1": -2.866654134133497, "w2": -3.1194539652512705, "b": -1.1184532509151162}