{"w": -0.9439540461354005, "b": 0.00017043257523648712}