{"w": -0.09763225123037164, "b": 1.1890849006422353e-18}