{"w1": -1.2123279945234826, "w2": 0.8222444437154102, "b": 0.058168615259722944}