{"w": 0.15436682403094773, "b": 0.13297037112581675}