{"w1": 0.3843661644741326, "w2": 0.5742034656043659, "b": 1.91157969659169e-17}