{"cc": -0.6730800050351187, "alpha": 1.7397525834357633e-16, "beta": -0.6730800050351186, "mx": 3.813616089587413e-16, "my": -8.271161533457416e-17, "sx": 1.0, "sy": 0.9999999999999998}