{"w": -0.9542540289533877, "b": 0.006301101167606373}