{"w1": -0.58773676413305, "w2": -1.9886235486353014, "b": 0.09090028862607985}