{"w1": -0.8557195469497442, "w2": -0.761454818134779, "b": -0.016826898152175303}