{"w1": -0.7138285894097126, "w2": -0.6613509822218991, "b": -0.00802432209228341}