{"w": 0.633514064196673, "b": -1.762479051592436e-17}