{"w1": -0.9643403727634543, "w2": 0.5614608879391414, "b": 0.03213488074871526}