{"w1": -0.42720803880418823, "w2": 0.3143372775209306, "b": 0.004746955651186699}