{"w": 0.010781171574906162, "b": -0.16599109536360065}