{"w1": -0.7786860415437077, "w2": -0.13764694338585942, "b": -0.01821834654762138}