{"w1": -1.4850144418956865, "w2": 1.2687061677052656, "b": -0.07308733447794782}