{"w1": -0.371049542567969, "w2": -0.5224308220359372, "b": 0.014475854628087564}