{"w": -0.12521190811560773, "b": -0.03763501202394458}