{"w": 0.4037228331020376, "b": -0.0020158493923555735}