{"w": 0.4286719888511593, "b": -5.523867529247689e-17}