{"w": 0.4317727924705441, "b": 0.0017152228638197403}