{"w": 0.18942137180068522, "b": -0.08315880498240456}