{"w": 0.19226352301907973, "b": 5.9399154902805815e-18}