{"w": 0.7071622583359254, "b": 0.047425981279825294}