{"w": 0.2877685428095726, "b": -1.7351447067190825e-16}