{"w": 0.7639040577706183, "b": 0.01808968123860267}