{"w": 0.8014048525019725, "b": 0.023295049125876474}