{"w": 0.2906480797868276, "b": -2.3878142201094144e-16}