{"w": -0.5986235429753537, "b": -5.759406159520289e-17}