{"w1": 3.0991672959701835, "w2": -3.3251833320940496, "b": -1.1242726382903614}