{"w": 0.7417486816419544, "b": -0.01007193235370527}