{"w": 0.010278032475372042, "b": 0.041405298240842575}