{"w": 0.7591462056326128, "b": -0.005323149039409543}