{"cc": 0.07655720405432051, "alpha": 2.153518360746992e-17, "beta": 0.0765572040543205, "mx": -2.0261570199409106e-17, "my": 1.9984014443252817e-17, "sx": 1.0, "sy": 0.9999999999999999}