{"w1": -0.4843306053126573, "w2": 0.217265582644647, "b": -0.0009154067901519375}