{"w": -0.05825608463122102, "b": -0.05588910120842765}