{"w": -0.41168411087787615, "b": 0.01801686411377285}