{"w": -0.38978556796852004, "b": 0.01642488534886359}