{"w": 0.9496648002480195, "b": -0.016334262623785584}