{"w": 0.8561572472795499, "b": 5.03372387841471e-18}