{"w": 0.881752745904742, "b": 0.0013074810586485113}