{"w": -0.9999999999999982, "b": -1.574088082101351e-16}