{"w": -0.16689165019886365, "b": -0.0574315292028729}