{"w": -0.5953168950025848, "b": 0.0004374614174049517}