{"w": -0.5981352297657758, "b": -0.07047424872037744}