{"cc": 0.708799039822285, "alpha": 2.7886993508396625e-17, "beta": 0.7087990398222851, "mx": -3.3861802251067274e-17, "my": 3.885780586188048e-18, "sx": 0.9999999999999999, "sy": 1.0}