{"w": 0.7080909488734117, "b": 2.786301627271011e-17}