{"w1": -1.769601634100678, "w2": -0.9424627124428193, "b": 0.4781499458035443}