{"w": 0.18223387131008362, "b": -0.004544106237392306}