{"w": 0.13550567133423166, "b": 0.007427231705990333}