{"w": 0.5289248795684915, "b": 1.6359733079580333e-17}