{"w": 0.878470135550575, "b": -0.000502760527018335}