{"w": 0.9615150747914122, "b": -0.0011793588159954712}