{"w": 0.6865891790635642, "b": -0.008739609368125241}