{"w": 0.3500460283623729, "b": -1.809704411537159e-17}