{"w": -0.007625012790925423, "b": -0.1012217149382042}