{"w": -0.04287902533077787, "b": -0.09980260331408106}