{"w": 0.8767328276490083, "b": -1.1394407073575488e-16}