{"w": 0.8148961333798073, "b": 0.00033248649110140943}