{"w": -0.41370071407293213, "b": -1.472330829440224e-17}