{"w1": -0.15619578254879304, "w2": -1.160578211502038, "b": -0.06750301399700145}