{"w1": -0.9778190435221996, "w2": -1.0112010651696706, "b": 0.10813101565748465}