{"w": 0.900236460345134, "b": 0.031844610013220045}