{"w": -0.19744040310118677, "b": -0.01667554774913091}