{"w": 0.6785491995633192, "b": -5.9479194960856085e-18}