{"cc": -0.37792495010048777, "alpha": 3.4066200293056185e-17, "beta": -0.3779249501004879, "mx": -1.1990408665951691e-16, "my": 7.938094626069869e-17, "sx": 1.0, "sy": 1.0000000000000002}