{"w": -0.358988401216302, "b": 0.0658851503141673}