{"w": 0.7371461734402643, "b": 0.032495373600400175}