{"w": 0.7803938693123502, "b": 0.03461841462867044}