{"w1": 0.7736116332989079, "w2": 0.6002444753480256, "b": -0.026329524335427193}