{"w1": 0.4526345826672989, "w2": 0.34568714119984206, "b": 9.088242711591255e-07}