{"w": 0.3603300507202849, "b": -1.9503958380724005e-16}