{"w": 0.34686220017595054, "b": -0.13373584611093692}