{"w": 0.002106000484068202, "b": 0.22156863926203044}