{"w": 0.34433621402572767, "b": 0.05253245622281136}