{"w": 0.8419588640791115, "b": -0.004614529016788958}