{"w": -0.15475594825557068, "b": 0.013770883003540142}