{"w": 0.5568980564239676, "b": 0.0428467701340056}