{"w": 0.48616381416136006, "b": 0.03627041033470407}