{"w1": 0.5959770148686085, "w2": 0.31712546022044347, "b": 2.637032743520993e-17}