{"w": -0.31952288380465177, "b": 0.10832057059749}