{"w": 0.48048027963953815, "b": -0.00705250015094319}