{"w": -0.1545949201791037, "b": 0.026092098029194655}