{"w": -0.1516765463354291, "b": -0.0017897069232915676}