{"w1": -0.8522759957115476, "w2": -1.3572861518718364, "b": -0.022063790718157457}