{"w1": -0.5330103813425299, "w2": -0.7393165838736503, "b": -0.012158589250886177}