{"w": -0.5133985265952273, "b": -0.05027878252002846}