{"w": -0.491045226745832, "b": 2.5736313160775314e-16}