{"w": -0.23971033520714452, "b": -0.03938682021368144}