{"w": -0.5811602133994034, "b": 2.3000938044183183e-17}