{"w1": 0.6111985882303657, "w2": 1.1651719251084356, "b": -0.020397090837403917}