{"w": 0.5413550293848974, "b": 8.138037250308077e-17}