{"w": 0.6533356977144409, "b": 0.16360327965059054}