{"w": 0.5180797386507989, "b": -0.018704052582323216}