{"w": 0.3281608626473105, "b": -0.033149580204242746}