{"w": -0.15161602279876152, "b": 4.351034725674035e-16}