{"w": -0.9999999999999996, "b": 6.605826996519679e-17}