{"w": -0.6599191912117535, "b": -0.019309219691338586}