{"w": -0.7195896001022267, "b": -2.6270033264827993e-17}