{"w": -0.6607842516633871, "b": -0.035066384317957715}