{"w": 0.17944401513821276, "b": 0.2542112918850386}