{"w": 0.3229245833579559, "b": -0.06371432315561851}