{"w": 0.01283097276715226, "b": -0.0024312149320061156}