{"w": -0.5550210833322912, "b": 0.0627619035990662}