{"w": -0.6082034382539775, "b": 0.21749728276517832}