{"w": -0.5408523337183739, "b": -0.012388969350381245}