{"w": -0.004415081104200466, "b": -1.881129442873491e-17}