{"w": -0.5054285461601609, "b": 1.778767598175151e-17}