{"w": -0.31321060570765796, "b": -0.0707101122344427}