{"w": -0.6681973480608386, "b": 0.03743350003624879}