{"w": -0.6630333497893948, "b": -0.002801423597153308}