{"w": -0.07820399974338282, "b": -0.044714061820539094}