{"cc": 0.7404172607136821, "alpha": 2.651526069639314e-17, "beta": 0.7404172607136821, "mx": -2.0816681711721685e-17, "my": 1.1102230246251566e-17, "sx": 1.0, "sy": 1.0}