{"w": 0.7396775831305514, "b": 2.6499863063575813e-17}