{"w1": 1.6336644153918267, "w2": 1.2550240052894024, "b": -0.06519026459076052}