{"w1": 0.408893426101163, "w2": 0.38469098419714415, "b": 1.0569839267518563e-17}