{"w": 0.37588325937505285, "b": -0.0069755592804132205}