{"w": 0.3725761522745805, "b": -0.007030544988263389}