{"w1": -0.09763113340112514, "w2": -0.8247425523829047, "b": -7.908229301210767e-17}