{"w": -0.5313439904406747, "b": -0.24468120066019164}