{"w": -0.5633259340003378, "b": 7.756032836869089e-17}