{"w": 0.1257392935498171, "b": -0.013910341501171042}