{"w1": -3.5886527627502525, "w2": -2.428067704199795, "b": 0.1331385748792161}