{"w1": -0.4352852939023087, "w2": -0.7384079556327819, "b": 0.012864756213181505}