{"w1": 1.5587012507768239, "w2": -1.1551500498480316, "b": 0.018700079212834786}