{"w": 0.5925186910158088, "b": 0.011307716799781861}