{"w1": -1.448298841924144, "w2": 0.8869338275477411, "b": 0.07584431297757376}