{"w": -0.24964733601127462, "b": 1.1327093908074317e-16}