{"w": -0.49729029237899747, "b": -2.659721851435033e-17}