{"w": 0.9733461912775682, "b": -6.38602853297823e-17}