{"w": 0.5820042004972499, "b": 0.008418219311131153}