{"w": -0.21796259074940313, "b": -0.1548146399266334}