{"w": -0.35952003318579384, "b": 0.202768199802071}