{"w": -1.000000000000001, "b": -1.712519015484306e-16}