{"w": -0.31619409431455836, "b": 0.07738889234647484}