{"cc": 0.4044528257883755, "alpha": 1.8449476727637194e-17, "beta": 0.4044528257883756, "mx": -4.440892098500626e-18, "my": 1.6653345369377347e-17, "sx": 1.0, "sy": 1.0000000000000002}