{"w": 0.3873093820533271, "b": -0.04214378971544652}