{"w": -0.18837823654407707, "b": 0.12798740358729827}