{"w": -0.7332781994256757, "b": 0.05120272369928711}