{"w": -0.7120417468809802, "b": 0.043303121854407566}