{"w": -0.15537780198784282, "b": 0.03852126362467411}