{"w": 0.006440387004893223, "b": -8.823152016290554e-17}