{"w": 0.0063766207969239925, "b": -8.823732532931254e-17}