{"w1": -0.016510191289413893, "w2": -0.7534267600673332, "b": 5.5170474613081185e-17}