{"w1": -0.08562523046656072, "w2": -1.3426074358271016, "b": 0.05774024358550287}