{"w1": 0.11103896625815363, "w2": -0.3833350782586079, "b": -5.844710275997006e-18}