{"w": 0.3966569422961457, "b": -0.003685468651384576}