{"w": 0.05018150125083613, "b": 0.18794829429331036}