{"w": 0.01977519209400585, "b": 0.20803843978043812}