{"w": -0.21648146882785874, "b": -0.0069371386924542726}