{"w": 0.34771692403449916, "b": 0.09488461828396223}