{"w": 0.2559690852283839, "b": -0.005894590451443776}