{"w": -0.3609730532418982, "b": 0.005522673967191055}