{"w": 0.9999999999999958, "b": -2.1760371282653009e-16}