{"w1": -0.7174127694759954, "w2": -0.8401118815791072, "b": 0.02339419089534455}