{"w": -0.43464220637973655, "b": 8.411208526846298e-17}