{"cc": 0.356488917414618, "alpha": 2.2019720521322676e-17, "beta": 0.35648891741461813, "mx": -3.9968028886505634e-17, "my": 7.771561172376097e-18, "sx": 0.9999999999999999, "sy": 1.0000000000000002}