{"w": 0.3240808340132892, "b": 2.0724433307782077e-17}