{"w": -0.12661347286184343, "b": 0.001233726854592776}