{"w": -0.31605409022204656, "b": 4.0400155454043165e-16}