{"w": -0.5853826332483103, "b": 0.027100326301153527}