{"w1": -1.1063107161324435, "w2": 0.34113358022903983, "b": 0.3135053903262194}