{"w": -0.1260550411689359, "b": -0.27385712919301003}