{"w1": 0.49882814502618394, "w2": 1.1606217013395963, "b": 0.027943936040905032}