{"w": 0.0908035397651521, "b": -0.04090620530730171}