{"w": 0.08431769215388599, "b": -0.06039674113612264}