{"w": 0.6965496211030103, "b": 0.0044295488698087165}