{"w1": 0.43015015817449703, "w2": 1.1630805922117626, "b": 0.1262135730256928}