{"w1": -0.3763994618883506, "w2": -0.4637252381216084, "b": -7.665837995268398e-18}