{"w": 0.11697331407505211, "b": 0.16408034621575718}