{"w": 0.8044439764061767, "b": -3.7870927960431035e-17}