{"w": -0.23354983093231318, "b": 2.6075346821500048e-17}