{"w": -0.23123745636862686, "b": 2.5839159685141135e-17}