{"w": -0.07767204751309076, "b": -0.0024585947840883027}