{"w1": 0.41639866723418567, "w2": -0.39128220499813093, "b": 4.1562562633083274e-17}