{"w": -0.284152483420403, "b": 0.008178417184381379}