{"w": 0.075090591848565, "b": -0.000807037429317516}