{"cc": 0.383598931831199, "alpha": 7.513098880432166e-18, "beta": 0.3835989318311991, "mx": -2.220446049250313e-18, "my": 6.661338147750939e-18, "sx": 0.9999999999999998, "sy": 1.0}