{"w": 0.36605677979490087, "b": -0.015176149014383801}