{"w": -0.7183566624871424, "b": -0.08919552076836157}