{"w1": -0.2610528629228984, "w2": 2.3770041369865136, "b": -0.14946822742456878}