{"w1": -0.2792127030891149, "w2": 0.9739970527607034, "b": 0.0973087638090842}