{"w1": -0.09889005063131914, "w2": 0.8088464947214586, "b": -0.030994566895570175}