{"w1": -1.112768704857592, "w2": -1.1483827389148873, "b": -0.043564778696096734}