{"w1": -0.3727215242228434, "w2": -1.0128645384040569, "b": 0.01265455890132261}