{"w1": 0.7687235386804563, "w2": -0.5594871319216006, "b": -0.011535120549398682}