{"w": 0.2646290127704241, "b": 0.017792626415723597}