{"w": -0.5875969049948205, "b": -0.012544580336017463}