{"w": 0.540326614947202, "b": 0.00426549427907127}