{"w1": 0.03138234135513902, "w2": -0.5337659021373579, "b": -4.224076356097023e-18}