{"w": 0.1777683752334406, "b": 0.06488167261366333}