{"w": 0.22130489743566653, "b": -3.596353687784473e-17}