{"w1": -0.9289191943287225, "w2": 0.2915153557984276, "b": 0.013979911556896887}