{"w": -0.2045982875478668, "b": 2.839776853835163e-17}