{"w1": 0.19436078742269167, "w2": 0.4590601838584307, "b": -2.611594825521247e-17}