{"w1": 0.47383713570591707, "w2": 1.6049720779805223, "b": -0.05355855726918682}