{"w": -0.09844718261478287, "b": -0.16966407579940856}