{"w": -0.12048025343869745, "b": 2.1773073078175212e-17}