{"w": 0.009761870756280103, "b": -0.20202727642297527}