{"w": 0.007448972399320967, "b": -0.009434657446667013}