{"w": 0.5078638817919128, "b": -0.09555392671083274}