{"w": -0.09688945223884537, "b": 0.04582729080001201}