{"w": 0.5281080978454095, "b": -2.0115440593880826e-17}