{"w1": -0.47528780714841407, "w2": 0.4571577196023858, "b": 5.3234836826900595e-17}