{"w1": 0.48780515674015645, "w2": 1.1549671771251728, "b": 0.023899144255121362}