{"w": 0.10544233766181917, "b": -0.12455787545616284}