{"w": -0.3869283355316508, "b": 0.010052932991240928}