{"w": -0.37276961403074454, "b": -2.3621953983567e-17}