{"w": 0.7894464814680454, "b": 0.004063322496104747}