{"w1": -0.11828865766919792, "w2": 0.6633643261027994, "b": -1.982565263203119e-17}