{"w": -0.49803583458385425, "b": 0.016583144444715352}