{"w": -0.46139171293222103, "b": 0.014055983588889428}