{"w": -0.4718918407466136, "b": -9.343276732565011e-18}