{"w1": 2.1249031148239275, "w2": -0.903562382529405, "b": -0.7093693334518106}