{"w1": 0.9201426562646818, "w2": -0.5388812585411119, "b": -0.22187316457583098}