{"w": 0.1503906032650391, "b": 4.377466248486103e-17}