{"w": -0.5721598778459023, "b": -7.111679089414844e-17}