{"w": -0.20248608394048087, "b": -0.0040547430534724205}