{"w": 0.11909623424860055, "b": -0.002558466471799279}