{"w": 0.10220961397213649, "b": 0.0012412231152778008}