{"w": -0.2926879464130307, "b": -0.004677494222287373}