{"w": 0.14549635505208008, "b": -0.00952950324622767}