{"w": 0.46019097601186876, "b": -0.009302175675751034}