{"w": 0.3156236964157151, "b": 0.05697315718700968}