{"w": 0.3352254052324317, "b": 0.03720034398817207}