{"w": 0.00639269245122644, "b": 7.374314237227448e-17}