{"w": -0.48270934524573017, "b": -0.008440526158230953}