{"w": 0.0814005369283433, "b": -0.005540485675034805}