{"w": 0.8653872907835694, "b": 0.06546536460197605}