{"w1": -0.18727916296970332, "w2": -0.4154346391368109, "b": -9.675908229796063e-05}