{"w": 0.8288768319177412, "b": 0.0146559079324678}