{"w": 0.7432705095761006, "b": 2.0199929348944665e-17}