{"w": 0.6757004632510005, "b": 5.646472035152443e-18}