{"w1": 0.1952596730569669, "w2": -0.6549325332902256, "b": 3.1026734174128556e-18}