{"cc": 0.5696058510149289, "alpha": 2.9568895529721387e-16, "beta": 0.5696058510149288, "mx": 5.0515147620444624e-17, "my": 3.24462678946702e-16, "sx": 1.0, "sy": 0.9999999999999998}