{"w": 1.0000000000000009, "b": -1.5543122344752224e-17}