{"w": 0.5655318692143085, "b": -2.037139721356596e-18}