{"w": 0.5734410370168056, "b": -0.0026358231128786177}