{"w1": -1.0195713991581055, "w2": 0.17802165823831503, "b": -0.004616490165095806}