{"w1": -1.0049388948967926, "w2": 0.17609230853258948, "b": -0.004536729203269559}