{"w": -0.2014886825175894, "b": 0.051467335105825504}