{"w": -0.43302975320573545, "b": -0.0035569694408094203}