{"cc": 0.42954365387233323, "alpha": 2.5178018965666035e-17, "beta": 0.42954365387233334, "mx": -4.052314039881821e-17, "my": 7.771561172376097e-18, "sx": 0.9999999999999998, "sy": 1.0}