{"w1": -0.406777108869895, "w2": -2.595617426666737, "b": -0.2595609092888372}