{"w": -0.13120688136087313, "b": 0.05504384535906238}