{"w": -0.13032794185402014, "b": 0.05512260622558222}