{"w1": -0.6378313609176359, "w2": -0.7641710219468629, "b": -0.00629998305297145}