{"w": -0.7324333407472499, "b": -0.012027299454410976}