{"w": 0.9999999999999982, "b": 1.4432899320127017e-17}