{"w": 0.0473425802080039, "b": 3.8562772997963616e-18}