{"w1": 1.0477108343122983, "w2": 0.29129859601517144, "b": -0.013809243278617862}