{"w1": 0.8355055335536382, "w2": 0.10890302797825709, "b": -0.007413973089311026}