{"w": 0.19340578118415114, "b": -0.09866777087348738}