{"w": 0.8648251185092652, "b": 2.790401717060303e-17}