{"w": 0.7178267121689309, "b": 0.006076300164105736}