{"w": 0.1564804517191903, "b": -0.18843629369458845}