{"w": 0.14250837340576247, "b": 0.04083599933596184}