{"w": -0.02799816525468552, "b": -0.03047038944038223}