{"w": -0.0017760202266625758, "b": -1.4436842877222717e-17}