{"w": -0.4279103762713792, "b": 0.09357430669812415}