{"cc": 0.001088014084265461, "alpha": -6.260976303907218e-17, "beta": 0.0010880140842654614, "mx": 4.019007349143067e-16, "my": -6.217248937900877e-17, "sx": 0.9999999999999997, "sy": 1.0}