{"w": 0.001086927157108353, "b": -6.260932620224894e-17}