{"cc": -0.007242435994243318, "alpha": -2.0601692801802912e-17, "beta": -0.007242435994243318, "mx": -8.6389229103645e-18, "my": -2.0539125955565396e-17, "sx": 0.9999999999999998, "sy": 0.9999999999999998}