{"cc": 0.0343911456411162, "alpha": 1.862824778579442e-16, "beta": 0.0343911456411162, "mx": -5.773159728050814e-17, "my": 1.8429702208777598e-16, "sx": 1.0, "sy": 1.0}