{"w": 0.5230298910290152, "b": -0.011703584236518596}