{"w": -0.12023557166193982, "b": 6.414144180457006e-17}