{"w": -0.12150544588264672, "b": -0.006188361676495125}