{"w": -0.5419826603798346, "b": 8.091035891630497e-17}