{"w": -0.49271150943621317, "b": 7.325208364447038e-17}