{"w1": 2.230200152016946, "w2": 2.015338290522008, "b": -0.21195836622913047}