{"w": -0.4335694520058026, "b": -0.007204326782588605}