{"w": 0.9150670515349808, "b": -0.05772558758979551}