{"w": 0.27733878934907, "b": -1.2887132684465524e-17}