{"w1": 0.3921070486263875, "w2": -0.4629843073765817, "b": -8.362586272127284e-17}