{"w1": 0.36911763945599124, "w2": -0.4318083445753747, "b": -7.837376838901549e-17}