{"w1": 0.4770605856339389, "w2": -0.6147470268252944, "b": 0.016941828753817185}