{"w": 0.48861348125030823, "b": -0.005705184437469146}