{"w": -0.7278902066411566, "b": 1.8156317220509585e-17}