{"w": -0.7344346740335344, "b": 1.8040064126382764e-17}