{"w": -0.5140451620728983, "b": -0.05204007644983639}