{"w": 0.3520560672922951, "b": 0.003750220259507521}