{"w": 0.12409087709514824, "b": -4.4637472613713395e-17}