{"w": -0.3972575287684663, "b": 0.17370284600369312}