{"w": -0.29144725026923995, "b": -0.018009102207015622}