{"w": 0.14775226721103174, "b": 2.3656606706196194e-17}