{"w": -0.26352585989903354, "b": 0.019527648438417766}