{"w": -0.23858453262121743, "b": 0.0002567264971552047}