{"w": 0.36306903916510946, "b": -0.029530126893572817}