{"w": 0.8366105182225271, "b": 2.9547732825418524e-17}