{"w": 0.8283272457648782, "b": 2.969487330224613e-17}