{"w": 0.7874718943007042, "b": -0.01761108999705835}