{"w": 0.8609096188790646, "b": -0.015312031543562178}