{"w": -0.6768096533008072, "b": -0.0026696561870560116}