{"w1": 0.16097999253416995, "w2": -0.7859552658254785, "b": 1.999032817091454e-16}