{"w1": 1.2402267031707102, "w2": -5.860546096872132, "b": -0.3215198929603499}