{"w1": 0.012685467638852933, "w2": -0.7642153204615787, "b": -0.0015265898533682477}