{"w1": -0.6939338531560004, "w2": 0.07315687225635799, "b": 1.0414250436081205e-18}