{"w1": -0.8318275517334702, "w2": 0.12398644414219655, "b": 0.0013989921859836052}