{"w1": -0.7640503470680999, "w2": 0.27471141616452244, "b": -1.1017822253443639e-16}