{"w": 0.049860001547155815, "b": -4.651215749658107e-16}