{"w1": 0.25860009704902315, "w2": -1.0282646571553267, "b": 0.0034660460058513337}