{"w1": -0.8134116548511733, "w2": -0.8027226185064267, "b": -0.02684030218958742}