{"w": 0.7395778576220711, "b": -0.0031983519576209386}