{"w1": 0.10975845691847215, "w2": -0.6012659062577629, "b": 1.9229942557843663e-18}