{"w1": 0.11655897583605936, "w2": -0.7606831165121851, "b": 0.03315719255676385}