{"w": -0.45240210519678736, "b": 0.05315123902802221}