{"w": -0.46625257789566005, "b": -0.0047636165403512655}