{"w": -0.500694366732897, "b": 0.006944919272469284}