{"w": 0.4316904779224234, "b": -1.979675679951284e-17}