{"w": 0.20253672230371358, "b": -0.024871000235018398}