{"w": 0.3644734617036663, "b": -0.012608378464663814}