{"w": 0.16127284392856825, "b": 0.048902444368645194}