{"w": 0.17775475387730577, "b": 0.02391219657090933}