{"w1": -0.5204909547275196, "w2": -0.4833627503317159, "b": 5.1183082036621804e-18}