{"w": -0.19071138966218312, "b": 0.18997734527895813}