{"w1": 1.2466696613656976, "w2": 0.1560563667334724, "b": 0.13355902510376233}