{"w": -0.002707481230353669, "b": 0.11048557811553147}