{"w": 0.48920865335612324, "b": -0.1367278104729255}