{"cc": -0.40241656903264134, "alpha": 1.0199302044376385e-16, "beta": -0.40241656903264134, "mx": 2.375877272697835e-16, "my": 6.38378239159465e-18, "sx": 1.0, "sy": 1.0}