{"w": -0.8123989958917812, "b": 3.125831532352048e-17}