{"w1": -0.9985831315210574, "w2": 0.532706474928037, "b": 0.06542148173671569}