{"w1": -0.6662590994705723, "w2": 0.42750980397020194, "b": -0.003787146751961736}