{"w": 0.23361222276379456, "b": -1.152088610148867e-16}