{"w": -0.22598147304882463, "b": -4.4420968380339965e-17}