{"w": -0.05779633618885886, "b": 0.05225721110411327}