{"w": 0.8866003326781873, "b": -0.0399066632769053}