{"w1": -0.06542108323496806, "w2": 0.45831666912549807, "b": 2.1943845568678283e-17}