{"w1": 0.05218483514745289, "w2": 1.9225346880742709, "b": -0.06396197966799935}