{"w": -0.013724704299217143, "b": -0.01309934482430595}