{"w": 0.06722096850520126, "b": 0.24731072042036828}