{"w": 0.018544299835099344, "b": -0.0008735517930821621}