{"w": -0.02616863951816506, "b": 0.3612986165107772}