{"w1": -0.4783016903266759, "w2": -0.5083498324877073, "b": -4.7119255294970124e-17}