{"w1": -0.1808366171873338, "w2": -0.6716945306054442, "b": -2.6085782793868428e-17}