{"w1": -0.5565897541182813, "w2": -1.965360878866106, "b": -0.05200558889418275}