{"w": 0.08054388349233117, "b": 1.5566929687056466e-16}