{"w1": 0.24902114596745603, "w2": -1.8122564378074366, "b": -0.17671777646445883}