{"w1": -0.23375451584848203, "w2": -0.6355766192815226, "b": 6.533858951194807e-17}