{"w": -0.9999999999999999, "b": 1.8804402479588585e-16}