{"w": -0.3984287645446941, "b": -0.022488359687103658}