{"w1": -0.7429502491508685, "w2": 0.21210773504484604, "b": -0.03211988250461295}