{"w": -0.580616668069571, "b": -0.030938527422303103}