{"w": -0.42611470438165366, "b": -0.005240307761729637}