{"w": -1.0000000000000038, "b": -6.494804694057195e-17}