{"w": -0.06839698647725127, "b": 0.033743795162316736}