{"w": 0.2426279279996481, "b": 0.0864433662132105}