{"w": 0.2527431681042764, "b": 0.08770592920894207}