{"w1": -20.785092372821534, "w2": -15.878139017812645, "b": 2.5650633845875106}