{"w1": -0.4795392451345742, "w2": -0.5040524983849617, "b": -7.90360731813449e-17}