{"w": -0.398840948046299, "b": 6.675378443224585e-17}