{"w": 0.10139532350917337, "b": 0.18596655183664418}