{"w": 0.6794258491129133, "b": 0.0012409255941406817}