{"w": 0.7298640520445961, "b": 6.615118036163051e-17}