{"w": 0.7376748692742843, "b": 0.0018320990486819198}