{"w": 0.9660511384874437, "b": -0.00039815007900628107}