{"w": 0.9757300506513027, "b": 4.167388937555432e-18}