{"w1": -0.5182866641569541, "w2": -1.103811646812462, "b": 0.01833465654086719}