{"w": 0.009465067337602107, "b": -0.046336990616451024}