{"w": -0.9999999999999972, "b": 2.1871393585115517e-16}