{"w": 0.5794380873010546, "b": -0.007044051757517877}