{"w": -0.020175298410617323, "b": 1.8694598772034456e-17}