{"w": -0.025445503870872375, "b": -0.010948623590213168}