{"w": -0.04640842844502465, "b": -0.04217390041579337}