{"w": -0.06902822058931486, "b": 0.0065089008544026265}