{"w": -0.5326231335553149, "b": -0.06675003103505411}