{"w": -0.4354308006633027, "b": -8.619672894962406e-17}