{"w": -0.3938399801605818, "b": 0.054445969062750045}