{"w": 0.38648189127430066, "b": -5.775998056576716e-17}