{"w": -0.49700911978111234, "b": 0.004521593315547624}