{"w": -0.5655310505735356, "b": 2.645946272302802e-17}