{"w1": 0.6124208765692275, "w2": 0.04520331494521147, "b": 3.367434589645424e-17}