{"w": 0.17385287353046597, "b": 0.15958112713756153}