{"w1": 0.06874428195446104, "w2": 0.6894400758110746, "b": 2.3195257941694213e-17}