{"cc": -0.4723510956340158, "alpha": -6.78741112514459e-17, "beta": -0.4723510956340158, "mx": 1.183775300006573e-16, "my": -1.2378986724570495e-16, "sx": 1.0, "sy": 1.0}