{"w": 0.5272597849373359, "b": -0.14041424531739516}