{"w": -0.46134108127984436, "b": -4.2565496630236704e-17}