{"w1": 0.356464248742272, "w2": -2.2582024609604314, "b": 0.06014143453147506}