{"w": 0.9568071422747214, "b": -5.0490090781282054e-05}