{"cc": -0.5230306284277465, "alpha": -1.4950887113271787e-16, "beta": -0.5230306284277466, "mx": -1.0966921815125374e-16, "my": -9.214851104388799e-17, "sx": 1.0, "sy": 1.0000000000000002}