{"w": -0.9655463088360702, "b": -0.006596466537538489}