{"w": 0.37766867887128286, "b": -0.07777734998106926}