{"w": -0.01661636831826244, "b": -4.421435083325473e-17}