{"w": 0.07578918565231023, "b": 0.07811755313950881}