{"w": -0.051643447183305845, "b": -0.002308946579650969}