{"cc": -0.005955894259946873, "alpha": -4.782951830366064e-16, "beta": -0.005955894259946872, "mx": -1.509903313490213e-16, "my": -4.773959005888173e-16, "sx": 0.9999999999999999, "sy": 0.9999999999999998}