{"w": 0.06308920616173655, "b": 0.02571874124229794}