{"w1": -0.9855153986849157, "w2": 0.4016773320265123, "b": -0.06220021299050933}