{"cc": 0.09068426818811759, "alpha": 2.2956813074381993e-17, "beta": 0.0906842681881176, "mx": -2.0539125955565396e-17, "my": 2.1094237467877975e-17, "sx": 0.9999999999999999, "sy": 1.0}