{"w": 0.09068426818811766, "b": 2.2956813074381996e-17}