{"w1": -0.500288158604401, "w2": -0.6142446362555112, "b": -0.028502170946130487}