{"w": 0.47189570801923025, "b": 0.04368459918371373}