{"w": -0.43219505892503046, "b": -0.061591374368397844}