{"w": 0.2867466689322792, "b": 3.453998560842758e-17}