{"w": 0.01326815767474863, "b": -0.0027298344044767112}