{"w": -0.20393454189043192, "b": -0.16606064777954369}