{"w": -0.6163265071591159, "b": -0.007184433587813831}