{"w1": -0.07928832644751088, "w2": -0.6066083175121857, "b": 4.5627627799860825e-17}