{"w": -0.2240372808558601, "b": -0.0008206062111012607}