{"w1": 0.26805490128261356, "w2": 0.9115688014539007, "b": -0.012944900534482665}