{"w": 0.11298918529349283, "b": 0.028432180279042422}