{"w": 0.03133464531866251, "b": 7.73526912476756e-18}