{"w": -0.25136418168330477, "b": -0.1324854720847981}