{"w1": 16.08068598599605, "w2": 4.174387230044107, "b": -2.090780971740902}