{"w1": 5.001009330167667, "w2": 0.8719481671802036, "b": -0.5742375624102575}