{"cc": -0.6750356061767997, "alpha": 2.683442256388737e-16, "beta": -0.6750356061767997, "mx": 9.325873406851315e-17, "my": 2.0539125955565397e-16, "sx": 1.0, "sy": 1.0}