{"w": -0.6637668021314513, "b": -0.0024041339223540986}