{"w": -0.7221403532839638, "b": 9.954399895122546e-17}