{"w": 0.3660261636921476, "b": 9.589269952177155e-17}