{"w": 0.3330838089598542, "b": 9.38445913220585e-17}