{"w": -0.6057078616387901, "b": 0.006561344303045937}