{"w": -0.9999999999999996, "b": 8.49320613838245e-17}