{"w": -0.0591192931924148, "b": 0.054083862394462334}