{"w1": -2.611378987385805, "w2": -1.2167509869730022, "b": 0.18523528924600008}