{"w": -0.9873909603001662, "b": 0.01137564140199775}