{"w": -0.23624453672590423, "b": -0.002843468181130709}