{"cc": -0.13746682260974818, "alpha": 1.306926635331088e-16, "beta": -0.13746682260974824, "mx": 1.0880185641326535e-15, "my": -1.8873791418627663e-17, "sx": 0.9999999999999999, "sy": 1.0000000000000002}