{"w": -0.12496983873613478, "b": 1.1709571308295098e-16}