{"w": 0.5334126801651556, "b": -0.020566454430318237}