{"w1": -0.7003223680878733, "w2": -0.3932217679993646, "b": 1.629388393064488e-16}