{"w1": -0.9811861506639603, "w2": -0.7196919796503047, "b": 0.11565096243418253}