{"w": 0.44847933226862274, "b": 0.1634508840135074}