{"w1": -0.09089335448126853, "w2": -0.6770278050276367, "b": 3.569639099613053e-17}