{"w1": -0.050522327542567955, "w2": -1.0670175761154352, "b": 0.006624795111798229}