{"w1": -1.2206597684549025, "w2": 0.22106791679243554, "b": -0.03643516152672377}