{"w": -0.029408284986470374, "b": -1.9824443495628346e-17}