{"w1": -0.9576229349000146, "w2": -1.2287826184234665, "b": -0.08405890188296966}