{"w1": -0.9199084294234382, "w2": -1.1706678963846051, "b": -0.06841474227709239}