{"w": -0.0706763670561554, "b": -0.021970061825415225}