{"w": 0.25307830366722406, "b": -1.2863257684217227e-17}