{"w": 0.4599605903939649, "b": -1.3012601410743044e-17}