{"cc": -0.48181044181994603, "alpha": 8.877117180556012e-17, "beta": -0.4818104418199459, "mx": -1.249000902703301e-18, "my": 8.937295348232511e-17, "sx": 1.0, "sy": 0.9999999999999998}