{"w": -0.3936084011506353, "b": 0.14266497509533863}