{"w": -0.4770400414058872, "b": 8.877713003998353e-17}