{"w": -0.481329112707239, "b": 8.877177298605639e-17}