{"w": 1.0000000000784028, "b": -8.560244825200352e-10}