{"w1": -0.4273433170579113, "w2": -0.5379034651543277, "b": 5.2486810267226926e-17}