{"w": -0.4051359505664884, "b": -0.03894205869568214}