{"cc": -0.4205250789175679, "alpha": 1.001559079626989e-17, "beta": -0.4205250789175679, "mx": 6.605826996519681e-17, "my": -1.7763568394002505e-17, "sx": 1.0, "sy": 1.0}