{"w": -0.38229552628869806, "b": 7.490212688063307e-18}