{"w": -0.41988850328250704, "b": -0.05254945219306206}