{"w": 0.21622446451229743, "b": -0.04834553964018913}