{"w": 0.742908807765871, "b": 0.05110412070319797}