{"w": -0.1434512863525912, "b": 0.1510963551411132}