{"w1": 0.42187552695680236, "w2": 0.327911385341934, "b": -4.215616830059945e-19}