{"w1": 1.4156497948584255, "w2": 0.4745489296393482, "b": -0.02490830807533349}