{"w1": 0.46431381100120145, "w2": 0.42171548228861305, "b": -0.014990128607587971}