{"w1": -0.8224556976320511, "w2": 1.3011407784469888, "b": -0.06537104157874393}