{"w": -0.8628929781502368, "b": 7.201787458649623e-17}