{"w": 0.9205977658176685, "b": 0.07429041469324271}