{"w": 0.8587568990335465, "b": -8.0837234577955425e-16}