{"w": -0.6977275455241199, "b": 4.076272725379843e-18}