{"w": -0.7747006900686059, "b": 0.00612160869552613}