{"w": -0.6073483517430948, "b": 2.843084895007383e-17}