{"w": 0.2558049736305375, "b": -2.9914581571384654e-17}