{"w": 0.7938998453291751, "b": 2.0543236699981396e-17}