{"w": 0.9270616178382608, "b": -0.02723198902679834}