{"w": 0.8634549560577727, "b": 0.0027070923488831454}