{"w": 0.166538736428162, "b": 0.07350475816056701}