{"w": 0.9999999999999906, "b": -2.6811886044697314e-16}