{"w": -0.11142225772958056, "b": -0.16221787013440184}