{"w": 0.13956373822258136, "b": -0.4083868929249183}