{"w": 0.32222403442089115, "b": 6.59915522607716e-16}