{"w1": 0.2720201282188069, "w2": 0.5319284230449687, "b": 0.010325146793747159}