{"w": 0.030949183195390497, "b": 0.18973699773361458}