{"w1": 0.5534478307002529, "w2": -0.08493848841203751, "b": 2.901912945441946e-17}