{"w": 0.4087006556405449, "b": -0.004508549226743819}