{"w": 0.5746005522074451, "b": -1.4977307099916351e-18}