{"w": 0.14169362683064435, "b": -0.045732620531827486}