{"w1": 0.2046077323904914, "w2": -0.20833888805729125, "b": -2.9853263776014906e-17}