{"w1": 0.19174118575114835, "w2": -0.19504155973755957, "b": -2.797096325123138e-17}