{"w1": 0.8724093850327772, "w2": -0.4714448890100683, "b": -0.008663214548143294}