{"w": 0.5226180796958104, "b": -0.0167931718085474}