{"w1": 0.24804710566306556, "w2": 0.7047584262320696, "b": 2.2031008631901157e-17}