{"w": 0.35722468920236977, "b": -5.994822755262027e-17}