{"w1": -0.8100982126189986, "w2": -1.2556701360177636, "b": -0.13348895422557422}