{"w1": -2.022244964273523, "w2": 0.746218090384765, "b": -0.21055793274959522}