{"w": 0.6926310599686609, "b": -0.04757110559116418}