{"w1": -0.4883999145132379, "w2": -0.493108716583883, "b": -1.9229837908254112e-16}