{"w1": -1.0227983765800128, "w2": -1.1795316328577505, "b": -0.12162160660578268}