{"w": 0.25848594369140965, "b": 0.08196128496133048}