{"w": 0.20442730773842355, "b": -0.13153601417388233}