{"w": 0.35943944317595056, "b": 0.008684441268777958}