{"cc": 0.41135659011780457, "alpha": 2.9177866092413204e-17, "beta": 0.4113565901178045, "mx": -1.1546319456101628e-16, "my": -1.8318679906315084e-17, "sx": 0.9999999999999999, "sy": 0.9999999999999998}