{"w": 0.24059286342728955, "b": -0.1416581056949456}