{"w": 0.893423509134157, "b": -0.0059298100254018}