{"w": 0.1295441611890406, "b": -3.7747582837255325e-17}