{"w": 0.12749640146040694, "b": -0.04347266139868995}