{"w": -0.019710611073413414, "b": -0.20187829527273501}