{"w": -0.004844985796977114, "b": -0.0008546789819224153}