{"w": 0.35734062880210843, "b": -0.017105579482321796}