{"w": 0.25798211301920027, "b": -0.10897703526515079}