{"w": -0.030404333766822146, "b": 5.706037302819379e-17}