{"w": -0.033113630835152834, "b": 5.665430329010942e-17}