{"w1": -0.4702120363840751, "w2": -1.745247687691731, "b": 0.058553126541405535}