{"w": 0.17661479064184163, "b": -0.13666019313353206}