{"w": 0.08290794353062396, "b": 0.03724588060900653}