{"w": 0.14335050658442536, "b": 0.03321097303410114}