{"w": 0.20095607461846118, "b": -0.003794239368991534}