{"w1": -0.9950943424893235, "w2": -0.7249310322387272, "b": 0.046370657392054586}