{"w": -0.8796905259139332, "b": -0.03586325765009498}