{"w1": 0.728601613072508, "w2": 1.256964211418183, "b": 0.009265482237203772}