{"w1": 1.4548267348628037, "w2": 1.4196426858528945, "b": -0.31391037347219186}