{"w1": -0.7535322823683271, "w2": -0.10123233073656916, "b": -6.359343480289408e-17}