{"w1": -1.0096137398383156, "w2": 0.10944259311318591, "b": -8.112374977480027e-17}