{"w": -0.1922477238856865, "b": 0.2254920502987293}