{"w1": 0.07784669322799369, "w2": -0.5281466206297698, "b": -0.0003842554814467436}