{"w": -0.2928970985773537, "b": 0.42255974861555684}