{"w": 0.6936502378308121, "b": 2.3154468852964092e-17}