{"w": -0.021256566338084204, "b": -3.578464132292107e-17}