{"w1": 0.532341425127471, "w2": 0.2709638886969948, "b": -0.0045706931800333}