{"w": 0.5245848758097365, "b": 0.004350143693805409}