{"w1": 0.17057144495228493, "w2": -1.563283240975707, "b": 0.14487850839874822}