{"w": 0.4070729873781322, "b": 1.276063111185644e-16}