{"w": -0.6369734414529564, "b": -0.012213020500874184}