{"w": 0.12360869332242222, "b": -0.2033378444009074}