{"w": -0.6158998702482907, "b": 0.007446451799307613}