{"w1": -0.43191937066369895, "w2": -1.348606316469362, "b": -0.1130564866889529}