{"w": 0.1486757267999907, "b": 0.0729535257204633}