{"w": -0.27098935078721353, "b": 0.274938831987527}