{"w1": -0.6208378352879835, "w2": -0.5520510617948169, "b": 1.1400386038336209e-17}