{"w": 0.7639522091375768, "b": -0.09885391177542699}