{"w": -0.2918099828733849, "b": -0.1951448323836331}