{"w": 1.0000000000000073, "b": 1.6098233857064735e-17}