{"w1": 0.3982524900277693, "w2": 0.32135033547260555, "b": -4.1969244734125644e-17}