{"w1": 0.9284342125678943, "w2": 1.0061845906897702, "b": -0.1286748455132388}