{"w1": -0.925649441841849, "w2": 1.6652146945339577, "b": 0.005227191197534229}