{"w": 0.757540619404084, "b": 0.008045329457963685}