{"w1": -38.1803142654598, "w2": -17.25431942810049, "b": -3.2880595152081273}