{"cc": -0.8876979315579416, "alpha": 1.0695996266330296e-16, "beta": -0.8876979315579417, "mx": 6.328271240363392e-17, "my": 5.0784029759221025e-17, "sx": 0.9999999999999999, "sy": 1.0}