{"w": 0.2121286860227048, "b": -0.0018926182377628064}