{"w": 0.010964574893100177, "b": -0.17986226807272346}