{"w1": -1.4514712133785659, "w2": -0.08489644738846704, "b": 0.25905334962589305}