{"w": 0.5203776756400252, "b": -1.2726510295735462e-16}