{"w1": 0.2047612222010413, "w2": 0.8773620539425637, "b": 0.011305207757360092}