{"w": 0.1836827304058769, "b": -0.2531092386161661}