{"w": 0.368422888739376, "b": 1.951660511781281e-17}