{"w": 0.25027043003219024, "b": -0.12991793448808803}