{"w": 0.13685238888855755, "b": -0.0008545828124708003}