{"w": 0.17546262049067146, "b": -0.0009242233826259778}