{"w1": -1.5160501429830555, "w2": 0.7467753637108026, "b": 0.10404146599206279}