{"w": 0.5016256435015554, "b": -0.2184199328935811}