{"w": 0.6540663687593926, "b": -0.43787293173166164}