{"w": -0.37199806109360023, "b": 0.030391517342593218}