{"w": -0.38880343300088915, "b": -0.16389323951858425}