{"w1": -0.6164985698911188, "w2": -0.26399012288442075, "b": 8.802532934792486e-18}