{"w": -0.40280270372235283, "b": -2.926632508325151e-17}