{"w": 0.15764270007105471, "b": -0.05826397476188476}