{"w": 0.3054134915680937, "b": 0.0053190587826827855}