{"cc": 0.4845468478436331, "alpha": -1.7857595822993879e-16, "beta": 0.4845468478436331, "mx": 6.151329445813758e-17, "my": -1.4876988529977099e-16, "sx": 1.0, "sy": 1.0}