{"cc": -0.713625052794983, "alpha": 9.684573074817803e-17, "beta": -0.713625052794983, "mx": 9.214851104388799e-17, "my": 3.1086244689504386e-17, "sx": 1.0, "sy": 1.0}