{"w1": -0.18053790403387013, "w2": -0.7773206365469431, "b": 3.597309485682627e-17}