{"w": 0.771211669143962, "b": 0.03606830350449669}