{"w1": -0.16520687689570915, "w2": 0.7480209476063906, "b": -0.0007145445519367369}