{"w1": 1.7857110857097107, "w2": 0.22608513379253772, "b": -0.1444764740602408}