{"w1": 0.8121598848929614, "w2": 0.10004366698227199, "b": -0.024429276237500346}