{"w1": 0.45367174047288944, "w2": 0.7798763696765942, "b": -5.644982308342504e-17}