{"w": 0.8591840823088608, "b": -3.780310510910999e-17}