{"w1": -0.2930802866934886, "w2": -0.3251761224731622, "b": -1.1729509399074515e-17}