{"w": 0.7640260939207209, "b": -0.11912060316449191}