{"cc": 0.5578976797019377, "alpha": -1.543796619198186e-16, "beta": 0.5578976797019378, "mx": 7.771561172376095e-17, "my": -1.1102230246251565e-16, "sx": 0.9999999999999999, "sy": 1.0}