{"w1": -0.9211957836396177, "w2": -0.7906078546316145, "b": 0.04709004811754172}