{"w1": 10.437645390561515, "w2": 4.666330569640935, "b": -3.007283380079364}