{"w": 0.9999999999999996, "b": 3.0444397003392955e-16}