{"w1": 0.7284472452157782, "w2": -0.4214206441577937, "b": -8.376863389544409e-17}