{"w": 0.16354922848601228, "b": -0.01212145870774161}