{"w": -0.42730803325282996, "b": -0.05525721822175965}