{"w": -0.41100340313672534, "b": -0.008035232858579256}