{"w1": -0.9301320820901141, "w2": 0.1334392040953764, "b": 1.0182770141956882e-17}