{"w1": -3.275717776333213, "w2": 0.22602659033318293, "b": 0.3578061693448744}