{"w": -0.2981522235093703, "b": -0.008459040994203205}