{"w1": -1.0108694084949934, "w2": -0.5063018276488391, "b": -0.2558506254318252}