{"w": -0.05014561530439957, "b": -0.01662272784738303}