{"w": -0.5332350962546858, "b": -0.13937440775639298}