{"w": -0.35977792159164584, "b": 0.010989086202032379}