{"w1": 0.5573607415614047, "w2": 0.3843212554088659, "b": 1.0062475547968428e-16}