{"w1": 0.8139204945853576, "w2": 0.6352486330357695, "b": 0.01657213175629232}