{"cc": -0.23071195526537092, "alpha": 2.4976711447743148e-17, "beta": -0.23071195526537092, "mx": 5.773159728050814e-17, "my": 1.1657341758564143e-17, "sx": 1.0, "sy": 1.0}