{"w": -0.23071195526537072, "b": 2.4976711447743136e-17}