{"w": 0.8961925699270641, "b": -3.540969513517242e-17}