{"w1": 0.13231820268957148, "w2": 0.8571818919081646, "b": -0.011911135628070578}