{"w": 0.437664602568828, "b": -6.522925760796445e-17}