{"w": -0.2988112631171269, "b": -0.11504350202041982}