{"w1": 1.573337018905269, "w2": 2.28313164735808, "b": -0.05959181672349871}