{"w": 0.31211700184542934, "b": 2.5359783338515434e-17}