{"w": -0.7917341598504064, "b": -0.02137337111872613}