{"w": -0.7704604460740112, "b": 0.009172687911396757}