{"w": -0.5243459110079357, "b": -2.426622245290632e-16}