{"w": -0.3024271192023789, "b": -0.021902298795470575}