{"w": 0.2161610771689686, "b": -0.3238273641201669}