{"w": 0.2228887254331112, "b": 1.9668530309232277e-16}