{"w": 0.03301193698615116, "b": 0.0011353341687448566}