{"w1": -1.7895515876548518, "w2": -0.9314665387019269, "b": -0.10621886177154256}