{"w1": -1.5349866485144297, "w2": -0.8048711474273123, "b": -0.12151271274342927}