{"w1": -0.22285912392114618, "w2": 1.1709064797350213, "b": 0.1528374447925488}