{"w": -0.051239423818464136, "b": -0.09449465193182549}