{"w": 0.4126877871235734, "b": -0.011561767670328594}