{"w": 0.4507599380078353, "b": -0.012124401205522}