{"w": 0.6585347323417196, "b": -9.304205581117806e-17}