{"w": 0.40362053429193806, "b": 7.09448853508628e-05}