{"w": -0.23638581909506698, "b": -3.072349003905473e-17}