{"cc": 0.9027733363327117, "alpha": -6.411511339839576e-17, "beta": 0.902773336332712, "mx": 5.995204332975846e-17, "my": -9.992007221626408e-18, "sx": 0.9999999999999998, "sy": 1.0}