{"w": 0.8620340426663083, "b": -0.0642025270807151}