{"w": 0.8801180438295081, "b": -0.07189490728069176}