{"w1": -0.8681192159444567, "w2": 0.8138585811787771, "b": -0.07081830616268972}