{"w": -0.07150382410667783, "b": 0.2614948214788657}