{"w": -0.6101558765834174, "b": -1.7085713380357467e-17}