{"w": -0.4739316088152699, "b": 0.13304017845077415}