{"w": 0.9837748343400475, "b": -0.029556009405469943}