{"w": 0.9586726886111573, "b": 0.008920181713504394}