{"w1": 1.4826183592327689, "w2": 1.1145534790392468, "b": -0.10504282025150534}