{"w": 0.46713924441289795, "b": 6.551889845372798e-18}