{"w": -0.3589836147359805, "b": 1.992759372715261e-19}