{"w1": -0.21290118163481536, "w2": -1.1768256925305283, "b": -0.015446183947138432}