{"w1": 0.27698256032426644, "w2": 0.8080225821176813, "b": -1.3226167000543723e-17}