{"w1": 0.29976230045666297, "w2": -0.6282044989410663, "b": 4.435633317556882e-17}