{"w1": 0.354226861697658, "w2": -1.2042639975887626, "b": -0.2869471266372086}