{"w1": 0.19725202953551488, "w2": 0.6169931039643016, "b": 2.957446751266922e-17}