{"w1": 0.24368308721090823, "w2": 0.6942043423240154, "b": 3.5327665115615855e-17}