{"w1": 0.23703948132364344, "w2": 0.6949965126006667, "b": -0.0024362373396460578}