{"w": -0.5703221928623053, "b": -7.008368932857548e-17}