{"w": 0.6741951750460496, "b": 0.05526499171134757}