{"w1": 1.1051307172582812, "w2": -0.057989133063600456, "b": -0.022058639400099785}