{"w": 0.5711444645106234, "b": -1.9067091132453566e-18}