{"w": 0.4934832680638983, "b": -0.0821928520552825}