{"w": -0.4198080633048299, "b": -0.0017781325236907956}