{"cc": 0.05329389533252177, "alpha": 1.4673022745277203e-16, "beta": 0.053293895332521775, "mx": 7.993605777301127e-17, "my": 1.509903313490213e-16, "sx": 0.9999999999999999, "sy": 1.0}