{"w": 0.3233026673849517, "b": -0.04592862519284894}