{"w1": -0.2167559631518016, "w2": -0.523266150259619, "b": -2.5909219133277562e-17}