{"w": 0.3209692395323715, "b": -0.02729785604591226}