{"w": 0.5141980727770166, "b": 0.002028440013314414}