{"w1": 0.3244162316310113, "w2": 0.9630138196393025, "b": 8.324677009237901e-17}