{"w": 0.8096231470599684, "b": -1.0103477662413546e-17}