{"w": 0.8169024760545134, "b": -1.0523724952398947e-17}