{"w": 0.8158151378775669, "b": 0.01035531766513596}