{"w": -0.5255242103052398, "b": 0.017368929782151432}