{"w1": 0.34205617101553926, "w2": -0.23067067865485147, "b": -3.0547331094635153e-18}