{"w": 0.8255057588920575, "b": -0.000993500367629816}