{"w": 0.05898832974814749, "b": -5.787484766174393e-17}