{"w": 0.05840428687935395, "b": -5.759862166177497e-17}