{"w": 0.0878970465304331, "b": 0.1191019393206306}