{"w": 0.6348976737016543, "b": 0.07536560301474073}