{"w1": 1.9446908560315106, "w2": -3.2233528901169857, "b": 0.7761670777322991}