{"cc": 0.6429019729992829, "alpha": 7.936137036328398e-19, "beta": 0.642901972999283, "mx": -1.3322676295501878e-17, "my": -7.771561172376097e-18, "sx": 0.9999999999999998, "sy": 1.0}