{"w": -0.07894749034054364, "b": -2.468785193449208e-17}