{"w1": 0.3456574938359865, "w2": -1.4803791101108237, "b": -0.1921067192421192}