{"w": -0.6424376379376282, "b": -6.95291454394912e-17}