{"w": -0.7000507163356916, "b": -0.04763514359308625}