{"w1": -0.25598843276659344, "w2": -0.8460564444916583, "b": -8.864566004159746e-19}