{"w1": 2.044128502989251, "w2": 0.05447093766340347, "b": 0.03566654488379917}