{"w1": -0.5504357200248563, "w2": -0.4467441284908825, "b": 1.0806224897367704e-17}