{"w1": -0.91886920039445, "w2": -0.68674187169101, "b": 0.0387315163533095}