{"w": -0.3279685723247393, "b": -4.173520885303059e-17}