{"w": -0.18752298084220467, "b": 0.19175646348425102}