{"w": -0.357236121922868, "b": -0.039684983690868286}