{"w": -0.6109853209385477, "b": -0.05297192921640461}