{"cc": -0.1846352205207134, "alpha": -9.648153002579596e-17, "beta": -0.18463522052071335, "mx": -1.5876189252139738e-16, "my": -6.716849298982197e-17, "sx": 1.0000000000000002, "sy": 0.9999999999999999}