{"w": -0.16785020047337576, "b": -9.381670847707105e-17}