{"w": -0.025431282607540257, "b": -6.035946287500353e-17}