{"w": 0.29253243337070733, "b": 0.018153818642799333}