{"w": 0.8023296964451739, "b": 0.006028385240082654}