{"w": 0.7413546929585735, "b": -0.004549495601233398}