{"w1": -0.8880914301070243, "w2": 0.15046145152732607, "b": -0.022550065327293436}