{"w1": 0.32599817369569917, "w2": -0.6302389917311281, "b": -5.791695014187744e-18}