{"w": -0.9039115907626905, "b": 0.003197709985150572}