{"w": 0.13510201238243194, "b": -0.020193524418531155}