{"w": 0.12773135418124307, "b": -0.08219673495150495}