{"w1": 0.10468528479642042, "w2": -1.4986622490304853, "b": -0.11271844621788457}