{"w": -0.3186456237120872, "b": 1.8982959625761126e-17}