{"w": -0.15344037828751755, "b": -0.2009491807816839}