{"w": 0.9999999999999993, "b": 8.271161533457412e-17}