{"w": 0.2773930943766107, "b": 5.0621422359525184e-17}