{"w1": -0.07429931229573918, "w2": 2.2275311616719846, "b": -0.00027503022811785154}