{"w": -0.4838229731454875, "b": -0.0314543007490895}