{"w": -0.5052968572620934, "b": 5.468785422658374e-18}