{"w": 0.8031268188546514, "b": -1.6521558887895236e-17}