{"w": 0.7987107050196381, "b": 0.0072977477494985885}