{"w": 0.6062704589322734, "b": 6.083014276127892e-17}