{"w": -1.000000000000002, "b": 8.326672684688684e-17}