{"w": -0.18750486900261326, "b": 4.2188734408338736e-17}