{"w": 0.28876179996791224, "b": 0.08050495769807382}