{"w": -0.5668317231955825, "b": 0.01616860355121963}