{"w": -0.5356603697153374, "b": -0.06660192676881507}