{"w1": -0.04789350688638202, "w2": -1.161954644366886, "b": 0.14265431807043497}