{"w": 0.7656776274842367, "b": 0.001447851092226079}