{"cc": 0.2642419845997503, "alpha": 1.5002123372011026e-17, "beta": 0.26424198459975035, "mx": -3.9968028886505634e-17, "my": 4.440892098500626e-18, "sx": 0.9999999999999999, "sy": 1.0}