{"w": 0.26384753824211327, "b": 0.008279036546632089}