{"w1": 2.8880125738025773, "w2": 1.665277868204959, "b": 0.08841158351479718}