{"w": -0.0186732799963597, "b": -0.25375093710958363}