{"w": 0.10030931709328093, "b": -0.05243915392315578}