{"w": 0.6556381117876522, "b": -0.03546615492430411}