{"cc": -0.14966996054178386, "alpha": -4.9057521878867174e-17, "beta": -0.14966996054178386, "mx": -1.3877787807814458e-18, "my": -4.884981308350689e-17, "sx": 1.0, "sy": 1.0}