{"w": -0.13503682998276226, "b": -0.05478698660913109}