{"w": 0.5065581083284338, "b": -0.03162590842536731}