{"w": 0.9587250767081855, "b": -1.5340044121054685e-16}