{"w": -0.8916978417970605, "b": 0.01196653280905871}