{"w": -0.18111476174053528, "b": 2.929372565190592e-17}