{"w1": 0.6342810166699454, "w2": -0.4744473121715968, "b": -2.0161535892919055e-16}