{"w1": -1.1936345826741037, "w2": -0.011329904480630943, "b": -0.013947061625336907}