{"w1": -0.07199504799222602, "w2": 1.026412312817818, "b": -0.05403455686781308}