{"w": -0.5845490731401575, "b": -0.009966340254963901}