{"w": 0.10943827766163378, "b": -0.0005081567015498903}