{"w1": -0.5235641527109883, "w2": -1.180126991473187, "b": -0.0034796619911169058}