{"w": 0.4986528830798438, "b": 4.439097378234683e-17}