{"w": 0.6960782447518873, "b": -0.016784118903539497}