{"w1": 1.3800981706125812, "w2": -0.3369198235816152, "b": 0.06421251414340283}