{"w": -0.9813568740517563, "b": -0.036094242940898136}