{"w": -0.9452366262449617, "b": -0.028980434411210107}