{"w": -0.9741696869314559, "b": -0.00957544540650547}