{"w": -0.2314405697089699, "b": -0.08550336073086176}