{"w": -0.22576221297291435, "b": -0.09262735789411865}