{"w": 0.41217896907372625, "b": 1.5960168810838557e-16}