{"w": 0.6221244433713166, "b": 4.1886879089611136e-17}