{"w": 0.6243867314413823, "b": 0.01688357645409549}