{"w": -0.0022640095647593617, "b": 0.044001008458557256}