{"w1": -0.1898597423855906, "w2": 0.8745881598079452, "b": -0.03597652548364091}