{"w1": 0.6654225967025741, "w2": -0.1536767365246189, "b": -8.181308058483063e-19}