{"w": 0.5722870087356279, "b": -1.889086576363136e-17}