{"w1": 0.3658887483816865, "w2": -0.3398424014589644, "b": -1.0472166061235608e-17}