{"w": 0.016625060071591757, "b": 2.474422171521e-16}