{"w": 0.11777907382819379, "b": -0.28724347875023254}