{"w": 0.5221513849864587, "b": 0.11624150345937327}