{"w": 0.365330770042532, "b": -6.311251244769944e-06}