{"w1": -0.4960483614286623, "w2": 5.1549994268529025, "b": 0.47795813551841604}