{"w": -0.4663142429903908, "b": -0.0006502881851551639}