{"w": -0.47368397186245204, "b": 0.00042274857103177495}