{"cc": -0.31171332657179424, "alpha": -5.352712192795386e-17, "beta": -0.3117133265717943, "mx": -2.2870594307278225e-16, "my": 1.7763568394002505e-17, "sx": 0.9999999999999999, "sy": 1.0}