{"w": 0.5804116126378076, "b": 0.12174141850726958}