{"w": 0.09458352676259348, "b": 0.002017589223128928}