{"cc": -0.244649962910715, "alpha": 2.4105772645083297e-17, "beta": -0.24464996291071503, "mx": 7.771561172376097e-18, "my": 2.2204460492503132e-17, "sx": 0.9999999999999999, "sy": 1.0}