{"w": -0.493887637616772, "b": -0.0011846527022024047}