{"w": -0.1560033371173433, "b": -0.011793270031474096}