{"w": -0.15807356316030668, "b": 0.06427944795145492}