{"w": 0.06651001642681616, "b": -0.025328010562193606}