{"w": 0.30399553991179495, "b": -0.1326420957270844}