{"w": 0.3655047222351567, "b": 3.063727774671935e-17}