{"w": 0.2933408598213725, "b": -0.13708608514861312}