{"w": 0.12327067496966229, "b": 2.937483167738885e-17}