{"w": -0.22487178374404118, "b": -0.0045756164326941455}