{"w": 0.6919417545303232, "b": -9.933335187938337e-17}