{"w": -0.31424171157698577, "b": -1.74473388719457e-17}