{"w": 0.4157166729185882, "b": -0.008151845077113324}