{"w": 0.4089321437825034, "b": -0.00927144397523616}