{"w": 0.41723506452415404, "b": -0.008839856010424044}