{"w": 0.612086438952592, "b": 0.003979674987326695}