{"w": -0.021612164686494423, "b": -0.004661882091675507}