{"w": 0.01276822966999772, "b": 0.15241495202286962}