{"w": 0.08121862199764003, "b": -0.03695180421107054}