{"w": -0.7157246778644848, "b": -0.0470636566107465}