{"w": -0.7625988481539953, "b": -0.02252300273415789}