{"w": 0.022398775935852728, "b": -0.01840922941956304}