{"cc": -0.3459913313021066, "alpha": 1.8227793132190625e-16, "beta": -0.3459913313021065, "mx": 3.375077994860476e-16, "my": 6.550315845288423e-17, "sx": 1.0, "sy": 0.9999999999999999}