{"w": -0.3356251980475703, "b": 0.15755401279184522}