{"w": -0.24419861828354864, "b": 0.09984924626978993}