{"w": 0.8393031816578699, "b": 0.02027233484670917}