{"w": 0.30075467390541094, "b": -3.1247373336103827e-16}