{"w": 0.2736867532539239, "b": -3.1043023620698973e-16}