{"w": -0.13672802750937818, "b": 0.09269350265353442}