{"w": -0.610162901934202, "b": 0.02082160562792256}