{"w": -0.6408366826853256, "b": 0.02251042422435144}