{"w": 0.5373466816386067, "b": -0.03180345086518229}