{"w": -0.034866761312973636, "b": 9.424745532956035e-17}