{"w": -0.1013578070976793, "b": 0.22842323283130692}