{"w": 0.10565108264934937, "b": 3.1206254754880995e-18}