{"w": -0.2904710296501455, "b": 0.01845029864762856}