{"w": 0.9470826595458133, "b": 0.006557208600947169}