{"w": 0.5636600408175078, "b": 0.0008480876943742394}