{"w1": 0.5873929521625616, "w2": -0.29152686779404685, "b": 1.743142144491198e-17}