{"w": -0.48070913769743934, "b": -0.00601952628551022}