{"w": -0.08287023342809804, "b": 0.24624739628276598}