{"w": 0.14654730949244016, "b": -0.04251019334563103}