{"w": 0.24334661087145315, "b": -0.20994757863737332}