{"w": -0.2742999604646737, "b": -6.553424645329493e-18}