{"w": 0.3151283420776152, "b": 0.02541094975852179}