{"w": -0.5697776053229087, "b": 0.09077407512036734}