{"w": -0.5769958770570474, "b": -0.004639157021002552}