{"w": 1.0000000000000018, "b": 1.6653345369377363e-17}