{"cc": -0.532592577270145, "alpha": -3.581661702574253e-17, "beta": -0.5325925772701451, "mx": -8.881784197001253e-18, "my": -3.1086244689504386e-17, "sx": 0.9999999999999999, "sy": 1.0}