{"w": -0.5611236165376091, "b": -0.00213286290046699}