{"w1": -2.012574805475637, "w2": -1.5823160213020513, "b": -0.40244168115272183}