{"w": 0.1509558214047848, "b": -3.8879029360500914e-17}