{"w1": -0.7762089937953911, "w2": -0.15719104607576836, "b": 0.014431656287252688}