{"w1": -0.7658315085311536, "w2": -0.15957474407079775, "b": 0.013671490969654887}