{"w": 0.2205771270673404, "b": 2.7657787417042765e-17}