{"w": 0.19831049044916582, "b": -5.489307827768478e-17}