{"w": 0.19182041454029858, "b": -0.0059238267574020925}