{"w1": 0.3605520165912974, "w2": -0.0763797361664139, "b": 6.383895702562066e-19}