{"w": -0.14570891985855997, "b": -0.04248431571305549}