{"w": -0.13465036595799923, "b": -0.034585214637422}