{"w1": 0.2482981560843463, "w2": 0.6943335913966905, "b": 0.04898922099034449}