{"w": 0.45796996324407724, "b": 8.886329441902613e-17}