{"w": -0.18615023296240224, "b": -0.1643528991098127}