{"w": -0.23034512157186043, "b": 0.023594804425503844}