{"w": -1.0000000000000013, "b": 2.8865798640254046e-17}