{"w1": 1.2146300493930016, "w2": 3.4723034128084156, "b": 0.3565616952797983}