{"w1": 0.8475161998618904, "w2": 1.767620072813033, "b": 0.2899780346425957}