{"w": -0.6443707691058207, "b": 0.0003089793273375954}