{"w": 0.7258526647989387, "b": -0.1008733180225554}