{"w": -0.1361610812491837, "b": -0.19590752671379696}