{"w": 0.6618315661665, "b": 0.024929908318556956}