{"w": -0.0449905036450292, "b": -0.21065516138191945}