{"w1": 0.730808496641977, "w2": 0.08221331973501592, "b": 1.1170379406720213e-16}