{"w": -0.1572247983110814, "b": 0.013601503100523068}