{"w": -0.1665388093725699, "b": 0.013723341995220134}