{"w": 0.6874200425327094, "b": 0.016915515772422885}