{"w": -0.20105702823397678, "b": 5.994030795892807e-17}