{"w1": -2.6875957854403643, "w2": 0.5519616496350592, "b": -0.24675329944324567}