{"w1": -0.3703054618801545, "w2": 0.46209135411923186, "b": 1.3644344414106846e-17}