{"w": -0.2521336202465989, "b": 0.22390043685517577}