{"w1": -0.7766819209561169, "w2": 0.1266285021940882, "b": 0.0076804319924843045}