{"w": -0.010810523104592903, "b": 1.7154526462480067e-17}