{"w": -0.26986029903176906, "b": -0.11137452706760491}