{"w": -0.29571074484382065, "b": -0.07236662189107766}