{"w": -0.42162738888146883, "b": 0.02987452923571605}