{"w": -0.4136498886570336, "b": 0.043638269298033924}