{"w": 0.7676894601921748, "b": -4.3158616926214617e-17}