{"w": -0.4622891430325864, "b": 0.013121256322558793}