{"w": -0.47603588453275775, "b": -0.013195721202143636}