{"w": 0.9999999999999984, "b": -3.34177130412172e-16}