{"w1": 0.6107902260888411, "w2": -0.45909359771285435, "b": 5.067858715778164e-17}