{"w": 0.5489204157511385, "b": -0.0047220676613770295}