{"w": 0.725652220641237, "b": 4.8647683005353476e-17}