{"w1": 0.7879837006126267, "w2": -0.620394655442274, "b": -0.05417082077854603}