{"w": 0.8857238113557143, "b": -8.033285682471874e-17}