{"w1": -0.25987736197018463, "w2": 0.7334637427762392, "b": -0.02938371699709571}