{"w": 0.4447890444228896, "b": 7.529818521476234e-18}