{"w": 1.0000000000000022, "b": 1.3986208025061873e-18}