{"w": 0.15003400370761003, "b": 4.716573403527148e-17}