{"w": 0.6683864025318861, "b": -0.0152115492101881}