{"w": 0.722309109514393, "b": -0.14009784661780644}