{"w": -0.3841104697721644, "b": -3.5350727564910805e-17}