{"w": 0.6630349981087138, "b": -0.008546075768497544}