{"w": 0.5632483087951365, "b": -9.015868038632329e-20}