{"w1": 0.2719899688139218, "w2": 7.917477372319231, "b": 1.0186953059678296}