{"w": -0.665691106302145, "b": 3.096606724673871e-17}