{"w": -0.017605886753862966, "b": 2.1925338626790112e-16}