{"w1": 0.5570981644336128, "w2": -0.29982706862259206, "b": -0.014040776718806589}