{"w": 0.6780236253677183, "b": 0.022192317253519323}