{"w": 0.6735957955511345, "b": 0.018181679314449806}