{"w": 0.04216338059462316, "b": -0.06160678537704899}