{"w": 0.040424312629281665, "b": -0.061250424349765686}