{"w": -0.9023740357759833, "b": 9.671823037528614e-17}