{"w": -0.8962864698443243, "b": 0.006131366081919222}