{"w": -0.18595293131940638, "b": 0.01979822549978311}