{"cc": 0.451157984992022, "alpha": -2.1350281790455623e-17, "beta": 0.4511579849920221, "mx": -9.048317650695025e-17, "my": -6.217248937900877e-17, "sx": 0.9999999999999998, "sy": 1.0}