{"w1": -1.0669672744188556, "w2": 0.6739173789067692, "b": 0.07584883903041882}