{"w1": 0.3428435567849584, "w2": 1.5382103142011616, "b": 0.0027065769971044706}