{"w1": 2.0801916566803156, "w2": 0.760203827553397, "b": 0.049338477470852474}