{"w1": -1.3664589727493777, "w2": 0.12327763422412218, "b": 0.11807486943865914}