{"w1": -1.8735792542264798, "w2": 0.17066695718832944, "b": 0.20246246453827568}