{"w1": -2.5049534516263137, "w2": -0.0408426090836689, "b": 0.4117374163958189}