{"w1": -2.199838093856842, "w2": 0.03972999448045138, "b": 0.2909900663328725}