{"cc": -0.11437675245769874, "alpha": -2.581111465557875e-17, "beta": -0.11437675245769874, "mx": 1.0436096431476471e-16, "my": -3.7747582837255325e-17, "sx": 1.0, "sy": 1.0}