{"w": -0.11437675245769874, "b": -2.581111465557875e-17}