{"w": -1.0000000000000009, "b": 6.661338147750948e-17}