{"w": 0.42913441599773894, "b": -0.055242106397644174}