{"w": 0.4936999627144231, "b": 0.004002333717637974}