{"w": 0.4690862707446249, "b": 0.0035672712302823577}