{"w": 0.9529233459772711, "b": -0.03429640878634299}