{"w": 0.21808151511165144, "b": -0.18285390400718196}