{"w": -0.22825501506020754, "b": -1.5482543644060518e-17}