{"w": -0.2367959424907077, "b": 0.022252318304032376}