{"w": -0.23027751937825972, "b": -0.0007237829666241063}