{"w": -0.8388037274157238, "b": -0.026907267374898063}