{"w": -0.9479257192089592, "b": -0.010191518889088156}