{"w": -0.9481135689877154, "b": 0.006921346055166134}