{"w": -0.20254158889232945, "b": -0.28533862271693755}