{"w1": 0.2655399043566361, "w2": 0.8028047681490449, "b": 1.4589356396411452e-17}