{"w": -0.5080684154709542, "b": -1.1692765095039518e-16}