{"w": -0.6799141329634617, "b": -0.009638748390068135}