{"w": -0.3786193023848699, "b": -0.0001224553587856076}