{"w": 0.09114545257760875, "b": 0.19900647103327063}