{"w": -0.3131592530224989, "b": -0.07845386801888468}