{"w": 0.5333326106662049, "b": 0.022916805894271766}