{"w": 0.5770222499920546, "b": 0.0727798960470114}