{"w": -0.08696494362079168, "b": 5.744216088611846e-18}