{"w": 0.11532809059620212, "b": 6.205831835930722e-17}