{"w": 0.10511792095065009, "b": -0.2812952486008979}