{"cc": 0.32307412603809704, "alpha": 3.4288826633376866e-17, "beta": 0.323074126038097, "mx": 5.551115123125783e-18, "my": 3.608224830031759e-17, "sx": 1.0, "sy": 0.9999999999999998}