{"w": 0.2300196536155748, "b": 0.03377187660724425}