{"w": -0.29800098085857063, "b": 0.08166962013318213}