{"w": 1.0000000000000002, "b": 3.0531133177191805e-16}