{"w": -1.0000000000000009, "b": -1.2982670494210427e-16}