{"w": -0.13962602263244586, "b": -9.979738489652447e-17}