{"w1": -0.01770536065302252, "w2": -0.44054094181679515, "b": 1.699559877222527e-17}