{"w": 0.23464136761739202, "b": -0.029306077236742875}