{"w": 0.8768352342475463, "b": 0.010087117234339651}