{"w": 0.9201267368301457, "b": -0.005492091199931978}