{"w1": -0.33353885878210104, "w2": -0.8399133178205821, "b": 0.003992173765314527}