{"w1": -0.5029209708799748, "w2": -0.08106945947653188, "b": -0.006323790525445405}