{"w": 0.028977985426115946, "b": -0.00042999990731795723}