{"w1": -0.821996623151238, "w2": -0.7951479244209699, "b": -0.2638531556055926}