{"w": -0.5120258307014142, "b": -0.001984691500395591}