{"w": -0.453069573052642, "b": -4.261938667245878e-17}