{"w": -0.4738375851158572, "b": 0.06026038348470514}