{"w": -0.6419628987153447, "b": -2.8508879644355323e-18}