{"w": -0.034637003668830074, "b": -9.650880176544477e-18}