{"w": 0.294245339129261, "b": 1.0183675931554525e-17}