{"w": 0.29162335095880226, "b": 1.0271005680668667e-17}