{"w": 0.791965339125369, "b": -5.234139696623222e-18}