{"w": 0.6374241103757224, "b": -0.007689071660998508}