{"w": -0.13936248172069088, "b": -2.036670783278247e-17}