{"w": -0.15016342552577477, "b": 0.054182597096006424}