{"w": 0.0413871116208935, "b": -7.837379434870686e-17}