{"w": 0.024767853598269527, "b": -0.0228424860299964}