{"w": 0.023554507418383233, "b": -0.021834927667838552}