{"w": -0.015362250474047828, "b": -0.07074617985351088}