{"w": 0.005654464870627096, "b": -0.25814178914440233}