{"w1": -2.6461240672014084, "w2": -0.17970878559604583, "b": -0.19427458013824672}