{"w": 0.33912871855791366, "b": 0.11290251015084628}