{"w": 0.30256335464765105, "b": -0.12725376588471696}