{"w1": 0.5373967712096477, "w2": 0.6674460682067932, "b": 0.13891030757835598}