{"w": -0.8259923175539192, "b": -3.895447059409283e-18}