{"w": -0.3203587129173171, "b": 0.007781383509543192}