{"cc": 0.06903951919538473, "alpha": -5.5946770718099485e-18, "beta": 0.06903951919538473, "mx": 6.661338147750939e-18, "my": -5.134781488891349e-18, "sx": 1.0, "sy": 1.0}