{"w1": 1.668024526405896, "w2": 0.6041486232277922, "b": -0.16646995974644943}