{"w": -0.9278301889266601, "b": 1.3988810110276973e-16}