{"w": 0.6478395591628189, "b": -0.20447747166405822}