{"w": -0.7181331185533865, "b": 0.045159697594680984}