{"w": 0.9990009990009989, "b": -4.713040924342182e-17}