{"w": 0.4363182984969161, "b": 2.122149907213883e-16}