{"w": -0.5014664952187231, "b": -5.77452736292697e-16}