{"w": -0.3491779211850861, "b": 0.026440286132125665}