{"w": -0.40940033986344776, "b": 0.0004137084642350051}