{"w": -0.1969014322764663, "b": -0.005062122305370517}