{"w": 0.9999999999999996, "b": -2.8754776337791553e-16}