{"w1": -6.108086998683399, "w2": -3.5892362515105813, "b": -3.0574117755525267}