{"w": 0.9435177836770063, "b": -0.03480161309427865}