{"w": 0.08683351407757689, "b": -0.13058679732181575}