{"w": 0.052108789789033313, "b": -0.19824272185925496}