{"w": -0.07973295278096594, "b": -1.2000002006879653e-16}