{"w1": -0.47554575076343175, "w2": 0.28347971553130646, "b": -1.5839395412966724e-17}