{"w1": 0.32806406091457774, "w2": 0.4602504761329427, "b": -0.004190377997279587}