{"w": -0.058739898940308934, "b": 1.9826752457450987e-17}