{"w": -0.10715068939588446, "b": 0.011350283708356463}