{"cc": 0.9697752555153405, "alpha": 1.6147134075077246e-17, "beta": 0.9697752555153408, "mx": 1.9984014443252817e-17, "my": 3.552713678800501e-17, "sx": 0.9999999999999997, "sy": 1.0}