{"w": 0.8962621752318982, "b": 0.015875656463761358}