{"w1": 0.07506525594571259, "w2": 0.9463507655359606, "b": 6.042268711899354e-17}