{"w": 0.07855869115610795, "b": 7.637988810136345e-17}