{"w": -0.1291608920267692, "b": 5.94877835069063e-18}