{"w": -0.11564374888234402, "b": 0.11261367400451434}