{"w": 0.16557706842109682, "b": -0.1841266406102948}