{"w": 0.1744973239073698, "b": 0.019828510564370426}