{"w": 0.33848445813052863, "b": -0.0004549451983397509}