{"w": -0.5082330212958903, "b": -0.02235617832588}