{"w1": -0.5507014686284725, "w2": -0.7186321718094885, "b": 0.052635842402526126}