{"w1": -0.6947256223307118, "w2": 0.4757163651219543, "b": -0.011551987387430768}