{"w1": -0.26330026830417574, "w2": -0.030975358881509055, "b": 5.851606390976022e-17}