{"w": -0.17157002439513352, "b": 0.2615340011078759}