{"w": -0.17920133841703434, "b": 3.5572626213186476e-18}