{"w": -0.19692454771102677, "b": 3.517909191261766e-18}