{"w": -0.18196435826128282, "b": 0.032459753078201356}