{"w": -0.19016269120953647, "b": 0.0018766009897774006}