{"w": -0.1812318285841554, "b": 0.001764973318537861}