{"w": 0.5051590553948314, "b": 0.023799498675538322}