{"w": 0.5110146299074139, "b": 0.024983237097949022}