{"w": 0.4656312606527368, "b": 5.703374391917844e-17}