{"w1": -0.5359209596113453, "w2": -0.5091353218926652, "b": 3.276940969794532e-16}