{"w1": -2.2250868463218794, "w2": 0.06580430141490415, "b": 0.015566980875566792}