{"w": 0.1621035771044252, "b": 0.00870227563458925}