{"w": 0.9343571168455594, "b": -0.001967609559429116}