{"w": 0.6150843341469674, "b": -8.417480868973528e-17}