{"w": -0.7063750868717141, "b": -0.010551823302389055}