{"w": -0.7512188294101918, "b": 0.00281171610365657}