{"w": 0.7502676765829286, "b": -6.6732253759717524e-18}