{"w": 0.2810542953522541, "b": -0.004326672502586171}