{"w1": 0.40639042306803935, "w2": -0.5476480566407086, "b": 4.8093242410661494e-17}