{"w": 0.1748607656904603, "b": -0.059563829480066874}