{"w": 0.18762217634039624, "b": 0.008921685237204664}