{"w1": 0.37360326002040006, "w2": -0.02985940234032539, "b": -0.0004818339049054432}