{"w": 0.828535844290519, "b": -0.008018340439985122}