{"w": 0.9023361111437361, "b": 0.01256604004760336}