{"w": 0.9040411053152708, "b": -0.0004469914182017791}