{"w1": -0.8853264686924824, "w2": -2.134300129466998, "b": 0.3470678750117022}