{"w": -0.3806969133087372, "b": 6.573977282090422e-17}