{"w": -0.37539760508669673, "b": -0.1174617008677104}