{"cc": 0.006781978842076146, "alpha": -1.4854551827654677e-17, "beta": 0.006781978842076146, "mx": 6.217248937900877e-17, "my": -1.4432899320127036e-17, "sx": 1.0, "sy": 1.0}