{"w1": 0.4646407578978854, "w2": -2.194089166170255, "b": 0.2903435202059115}