{"w": 0.6553627909109171, "b": -0.03246991613716618}