{"w": 0.6702273118594616, "b": 8.664408617938911e-18}