{"w": 0.10013769249782477, "b": 0.00430404567355976}