{"w": -0.4726185095936861, "b": 0.011584065233949302}