{"w": -0.42479965408387427, "b": 8.263519589033949e-17}