{"w": 0.006131174491164049, "b": -0.14098806824579038}