{"w": 0.9890489453972952, "b": -0.003350696245092403}