{"cc": 0.049830106076980935, "alpha": 2.2175039376753017e-16, "beta": 0.04983010607698092, "mx": 2.2870594307278225e-16, "my": 2.331468351712829e-16, "sx": 1.0000000000000002, "sy": 1.0}