{"w": -0.2979378508046133, "b": 0.01352935907415187}