{"w1": -0.09793922337330044, "w2": 0.13885220230389475, "b": 4.286257279995098e-06}