{"w": 0.1462769468701875, "b": -2.0090323307592476e-17}