{"w": -0.2591595716757035, "b": 0.010168326297506556}