{"w": 0.7530879520857611, "b": 8.227957210922831e-20}