{"w1": -0.41685501760457866, "w2": -0.2681368825995696, "b": 5.664900723942301e-17}