{"w1": -0.734335875859846, "w2": -0.9603695182700216, "b": -0.12561558327032757}