{"w1": -1.6037856430385107, "w2": 0.5443428865437794, "b": -0.019605184946114653}