{"w1": 0.02286734191751333, "w2": 1.2005504393049455, "b": 0.05677440583151891}