{"w": 0.04678155157593269, "b": -2.6995289489627805e-16}