{"w": 0.13993686225873714, "b": -0.09939590325338121}