{"w": 0.1791675336204186, "b": -0.011518199098139118}