{"w": 0.2632458772894617, "b": 0.0008952218149561042}