{"w1": -4.296719674473733, "w2": -1.7884612427380604, "b": -0.5677932425615094}