{"w": -0.9999999999999977, "b": -2.570166302007232e-16}