{"w": -0.15057114968152216, "b": 0.11347883291580482}