{"w": -0.9634111469516505, "b": -0.006539915526228565}