{"w": -0.18047351639904516, "b": 3.9343951776431145e-17}