{"w1": -1.3943610496875933, "w2": 2.7441222160305476, "b": -0.27652801327145904}