{"w": 0.6721394309859698, "b": 4.3679802310329776e-18}