{"w1": -1.2530658844147802, "w2": 0.3799657191888976, "b": -2.849678366743178e-17}