{"w": 0.018699861007401286, "b": 2.9011125753988024e-17}