{"w": 0.013423504430726941, "b": 0.004050528222903773}