{"w": -0.6129790986370784, "b": -2.5387744740851064e-16}