{"w1": -1.1077057242298705, "w2": -0.7362332173442601, "b": -0.0019077479461026697}