{"w": 0.04373249252975353, "b": -0.1399536639473986}