{"w": -0.24647915450587382, "b": 0.016987792622326893}