{"cc": 0.5715906553764811, "alpha": -7.169264561821829e-17, "beta": 0.5715906553764811, "mx": 2.4424906541753444e-17, "my": -5.773159728050814e-17, "sx": 1.0, "sy": 1.0}