{"w": -0.11423348447872536, "b": -0.16685998808479788}