{"w": 0.11193174385217826, "b": -0.04714141746844137}