{"w": 0.14903230670411854, "b": 3.006933800380107e-17}