{"w1": 0.4913414259295653, "w2": -1.1060936615756003, "b": 0.09199327314170566}