{"w": -0.27891493982999227, "b": -0.10299067088106095}