{"cc": 0.41562798876762597, "alpha": -5.766134560982436e-18, "beta": 0.41562798876762586, "mx": -2.886579864025407e-17, "my": -1.7763568394002505e-17, "sx": 1.0, "sy": 0.9999999999999998}