{"w": 0.34770278614638267, "b": -0.10564250441855844}