{"cc": -0.5393873263205557, "alpha": 2.6723605921980872e-20, "beta": -0.5393873263205556, "mx": 2.886579864025407e-17, "my": -1.5543122344752193e-17, "sx": 1.0, "sy": 0.9999999999999999}