{"w": -0.5432929227180524, "b": 0.008028457181084147}