{"w": 0.5740221605641515, "b": 0.001756071919109252}