{"w": -0.8180387083799479, "b": 3.746231136501424e-16}