{"w": -0.8172214868930545, "b": 3.7447068756749984e-16}