{"w": -0.0844863957515927, "b": -0.004138533146855769}