{"w": -0.055857464908817385, "b": -3.1234563048054935e-17}