{"w1": -1.1096785314591142, "w2": 0.16228473654019637, "b": -0.013636923217356127}