{"w1": -0.5887270711286289, "w2": -0.7737159141007984, "b": -0.03459961870312399}