{"w1": -0.5585814884075342, "w2": 1.3675776625194571, "b": 0.1088135552356387}