{"w1": -0.33407474443208546, "w2": 1.5933295270708978, "b": 0.31953640047402987}