{"w": -0.08091375153420811, "b": -8.594640713319538e-17}