{"w": 0.7837383627882716, "b": -2.6883585424883642e-17}