{"w": 0.22490641549016394, "b": 9.813958177425427e-17}