{"w": 0.14197699635889632, "b": 0.12733078117456342}