{"w": -0.46383240499265255, "b": -1.6960551389077815e-16}