{"w": -0.47993185615514733, "b": 0.002081424377050129}