{"w": -0.14763581987809601, "b": 0.27345206218970397}