{"w": -0.1827240640656437, "b": -4.6801792382721986e-17}