{"w": -0.3267321232361389, "b": 0.13370665180346827}