{"w": 0.7195690075362943, "b": 4.0534698284225344e-17}