{"w": 0.11361194920490417, "b": -2.948617813263256e-16}