{"w1": 0.12286904471605928, "w2": -0.6581806433705708, "b": 1.8133688420273368e-16}