{"w1": 0.154871304945407, "w2": -1.3183510624470804, "b": -0.011247065149527466}