{"w": 0.9534865146005448, "b": -0.01090874723658335}