{"w": 0.974200085913073, "b": 3.791944478917127e-17}