{"w": -0.041875782063043106, "b": -0.042435206373261716}