{"w": -0.01628224609780138, "b": -0.05468552636259949}