{"w": -0.14237489784394836, "b": -3.703682234277399e-18}