{"w": -0.024919782473298534, "b": -0.028387101316193368}