{"w1": -2.167816022748591, "w2": -0.9794400538995094, "b": -0.23064461119899626}