{"w": 0.9622344898395958, "b": -0.004482501322741383}