{"w1": -0.522074806439436, "w2": 0.37936894518177683, "b": -6.562497608266257e-17}