{"w": 0.004022906163803038, "b": -0.10549118266918431}