{"w": 0.5920763795658065, "b": -0.020220094645503135}