{"w": 0.8579785751274698, "b": 0.024740819389242538}