{"w1": -0.1596198989368179, "w2": 0.8954504620659932, "b": -1.0656826923758069e-16}