{"w1": -0.128938380953794, "w2": 0.8154298175047932, "b": -9.59513360392796e-17}