{"w": 0.9656756764863665, "b": -0.0029339960644593236}