{"w": 0.002863463233591727, "b": 0.025930601210091667}