{"cc": -0.3393745414285608, "alpha": -4.3379183020267585e-17, "beta": -0.33937454142856077, "mx": -1.3322676295501878e-17, "my": -3.8857805861880476e-17, "sx": 1.0, "sy": 0.9999999999999998}