{"w": 0.400776729025343, "b": 0.003260130025611651}