{"w": 0.7026599945642543, "b": -3.090905345686762e-18}