{"w": 0.8008223249339788, "b": -0.03128425458840298}