{"w": -0.11279627059543153, "b": -0.05124328732438491}