{"w1": -0.7182653596570171, "w2": 0.23474063433636586, "b": 2.288058437423529e-17}