{"w": -0.010331267094398326, "b": -6.5007579993263935e-18}