{"w": -0.34804515922732526, "b": -5.310589236554481e-17}