{"w": -0.3489750844711463, "b": 0.0006589462832678715}