{"w": -0.8657032595404033, "b": -5.97595056883891e-17}