{"w": -0.30981525369145524, "b": 0.09542777809131531}