{"w": -0.366960920823971, "b": -1.8054984315346632e-16}