{"w1": -0.049284041850839594, "w2": 0.7038274452923444, "b": 1.584697381457084e-17}