{"w": 0.1900372932462213, "b": 0.16870301758562428}