{"w": 0.26039095541057783, "b": -1.0441764562008306e-16}