{"w": 0.19474006523566645, "b": 0.1260227651763588}