{"w": 0.1891519978876525, "b": 0.08620964241945943}