{"cc": 0.5686767012027724, "alpha": 8.531608227375116e-17, "beta": 0.5686767012027725, "mx": -6.217248937900877e-17, "my": 4.9960036108132046e-17, "sx": 0.9999999999999999, "sy": 1.0}