{"w": 0.5686767012027725, "b": 8.531608227375116e-17}