{"w": -0.06967307582191405, "b": 0.007243797356390554}