{"w1": 0.8258200841027317, "w2": 0.5687967271132887, "b": 0.010355414747013077}