{"w1": 1.0709573547504079, "w2": 0.642848463365544, "b": 0.044728172460787086}