{"w": 0.0944387985101465, "b": 0.136464961677105}