{"w": 0.9664597609013124, "b": 0.011933329987866665}