{"w": 0.1816583208526844, "b": 0.21890900980169134}