{"w1": 0.34018876447412805, "w2": -0.19929731165767248, "b": -1.67853165561338e-07}