{"w": -0.4594167504731942, "b": 0.024158355983046526}