{"w": -0.9787463075448262, "b": 0.009884226449795017}