{"w": -0.987724215240614, "b": 0.009239338868200789}