{"cc": -0.20869990307107616, "alpha": -2.623219335524051e-16, "beta": -0.20869990307107616, "mx": -8.659739592076221e-17, "my": -2.4424906541753446e-16, "sx": 1.0, "sy": 1.0}