{"w": -0.21974247681693695, "b": 0.01571663745845966}