{"cc": 0.9813499825854209, "alpha": -1.7276984943534342e-17, "beta": 0.9813499825854208, "mx": 2.6090241078691177e-17, "my": 8.326672684688674e-18, "sx": 1.0, "sy": 0.9999999999999999}