{"w": 0.9803312879929167, "b": -0.007680164180600316}