{"w": 0.18114439601672422, "b": -2.7904106744492384e-18}