{"w": -0.6934257508217078, "b": -0.005532575431301258}