{"w": 0.19457806545846656, "b": 0.12364326508558043}