{"w1": 2.013840537912369, "w2": -0.3932279721095437, "b": -0.05276093869936976}