{"w1": 0.4167175997262624, "w2": 0.04125309580275095, "b": 0.016943768127104047}