{"w": -0.4668084903181862, "b": 0.18729225871564506}