{"w1": 0.7080193319833925, "w2": 0.2892295899350399, "b": 0.042962926112827766}