{"w1": -0.7517585965254376, "w2": -0.9002278985950934, "b": 0.010913943328517056}