{"w": -0.9723105383422642, "b": 0.001519238204371921}