{"w": 0.6820785082339843, "b": 3.1859458094522187e-17}