{"w": 0.48831237466534405, "b": -0.08448137210383974}