{"w": 0.8340425802596266, "b": 0.11269663546682866}