{"w": 0.9081441915506886, "b": -0.013518755901351034}