{"w1": -0.35073731460661156, "w2": -0.7829746474350382, "b": 0.007782342783964209}