{"w": -0.4151825265083281, "b": -0.03763560929851634}