{"w": -0.33131539752062067, "b": -0.000734304714641738}