{"w": 0.1268757480764362, "b": -0.12085669987265846}