{"w": 0.11028400554877961, "b": -0.16152317701961116}