{"w": 0.44772786269422465, "b": 0.038936184017625414}