{"w": 0.5090785136687666, "b": -0.017775116827502803}