{"w": 0.5807350756787589, "b": -1.4349202615382363e-16}