{"w": 0.9496922111226228, "b": -3.4235686594855404e-17}