{"w": -0.3361698969473697, "b": -0.0018772924667490448}