{"w": -0.31810616922782275, "b": -0.001240823756520763}