{"cc": -0.07068958876679624, "alpha": 3.355169898741968e-17, "beta": -0.07068958876679624, "mx": 9.769962616701378e-17, "my": 2.6645352591003756e-17, "sx": 1.0, "sy": 1.0}