{"w": 0.1346065383388939, "b": 0.2237087180523215}