{"w": -0.08620345040765247, "b": -0.012847430450736564}