{"w": -0.1102852737076924, "b": 0.005772463063233134}