{"w": -0.26844546924778057, "b": 0.011340395750177534}