{"w1": 0.526389538653612, "w2": 0.31126143197801237, "b": 2.427090093701745e-17}