{"w1": 0.5998659023892574, "w2": 1.372820510357815, "b": 0.029003762174377078}