{"w": 0.3281315531780775, "b": 3.158949638476731e-17}