{"w1": 4.772238559128571, "w2": 1.4004012360179052, "b": -0.3218650480374295}