{"w": -0.031182722173108978, "b": 0.007355254966372418}