{"w1": 0.16013941935330323, "w2": -0.49043776064498407, "b": -1.0289743261701461e-17}