{"w1": 0.1886657635790375, "w2": -0.5519455425711361, "b": 0.02387590635754243}