{"w1": -0.7514117813891362, "w2": 0.2283231443381308, "b": -0.018740829767625478}