{"w": -0.013661657436318603, "b": -5.088824929307309e-17}