{"w": 0.1009258840550503, "b": 7.966711192233783e-17}