{"w": 0.09616872213080654, "b": -3.1840198178874346e-05}