{"w1": -1.0727639434285132, "w2": 0.6689160027149648, "b": -0.08119122819059962}