{"w1": -1.312024095825248, "w2": 0.6107979213492831, "b": -0.381428444381421}