{"w": 0.10604546025225786, "b": -4.0876897636135405e-17}