{"w": 0.05164320434328164, "b": -9.111126095110585e-18}