{"w": 0.056384386028280914, "b": 0.04873564283010959}