{"w": 0.6203970917745933, "b": -1.325978973815519e-16}