{"cc": -0.2219215959488434, "alpha": -4.662108993101494e-18, "beta": -0.22192159594884342, "mx": 1.7763568394002505e-17, "my": -8.604228440844963e-18, "sx": 0.9999999999999999, "sy": 1.0}