{"w": -0.025139988314123677, "b": 0.014916921178045422}