{"w": -0.4796541451385726, "b": 0.0218481907696884}