{"w": -0.21123300871378192, "b": -2.5958563051954724e-16}