{"w": -0.1669476329250535, "b": 0.10845861797618275}