{"w": -0.37314619451115044, "b": -0.014605619914478604}