{"w": -0.34072211636561905, "b": -0.015280597594117606}