{"w": -0.31803120298099974, "b": -0.14611203642416815}