{"w": -0.13712196372991875, "b": 0.0365917792950977}