{"w": -0.17844482206344559, "b": 0.02360982951523988}