{"w1": 1.134906344818879, "w2": -0.22433008035642407, "b": -0.05442353829315566}