{"w1": 0.8522362212839426, "w2": -0.08767483272037993, "b": 0.11596259716544433}