{"w": -0.4270366058433471, "b": 0.0064974241930278}