{"w": -0.17683975684637507, "b": -0.18085040757404047}