{"w": -0.1848124664472239, "b": -0.18167436756422167}