{"w": 0.3128799369038221, "b": 1.4668231172281941e-16}