{"w": 0.3283062502069183, "b": 0.005966913672495439}