{"w": 0.3451913670289289, "b": 0.006497363057423499}