{"w": 0.11402952593564288, "b": 0.014446177429971535}