{"w1": -1.6152375197401436, "w2": -2.3137871295594628, "b": -0.21519200866131138}