{"w": 0.2875332111334682, "b": -0.09092920141070547}