{"w": 0.44108463705223155, "b": 0.014660300303561037}