{"w1": 0.4010648046620101, "w2": -0.4753048344867199, "b": -7.220505500454428e-17}