{"w": 0.5335419586977946, "b": 0.013652010568175652}