{"w1": 0.5104491390116297, "w2": 0.30819937008019893, "b": -2.7140998043313075e-05}