{"w": -0.6765685699910629, "b": -0.01826744670531776}