{"w": -0.6787382423799421, "b": 1.0901198126745804e-17}