{"w": 0.6816577106415702, "b": 0.018025630423779568}