{"w": 0.45246584959326014, "b": 0.0003640778096536488}