{"w": 0.45469458348603187, "b": 0.00033522340946114115}