{"w": -0.36786352091267305, "b": 0.17985320289281925}