{"w": -0.3734670451522874, "b": 0.13877028254435025}