{"w": -0.306994946959232, "b": 0.006945455967962447}