{"w": 0.7987987687617484, "b": -5.94244366425264e-17}