{"w": -0.6394949684065854, "b": -1.6896810289457332e-17}