{"w": -0.8830452910614266, "b": -0.06390486704154279}