{"w": 0.9779960238473572, "b": -4.5435004333968113e-17}