{"w": 0.017622571451481005, "b": 0.00626761246785383}