{"w": -0.19849832636062623, "b": 4.463176736620328e-17}