{"w": 0.9771119383145188, "b": 0.002250497924626186}