{"w": 0.8202735560550457, "b": -0.02459315980375395}