{"w": 0.7975859315740624, "b": 0.0002601930911284231}