{"w": 0.8924395640443871, "b": 0.003688188997780237}