{"w1": -2.533533080214991, "w2": -4.175942354829922, "b": -1.0916115967355375}