{"w1": -2.016203314637348, "w2": -3.3583139845561756, "b": -0.922474760252788}