{"w1": -1.7915593784255497, "w2": 0.8494727661892983, "b": -0.1125510612775755}