{"w": -0.13997804160799018, "b": 0.15945988130366132}