{"w": -0.5711814952829227, "b": -1.59129216995078e-17}