{"w": -0.9999999999999999, "b": -2.7859659024187514e-17}