{"w1": -1.3443361718512903, "w2": -0.9889171021458849, "b": 0.05337378725435509}