{"w": -0.7717976614799769, "b": -0.008412185692782162}