{"w": -0.2765783514605642, "b": 0.09253454875073315}