{"w": 0.8716435748966704, "b": 0.07330325580126702}