{"w": 0.3103715311440318, "b": 1.0207177794321832e-16}