{"w": -0.1747872204984917, "b": 0.042111045980670385}