{"w1": -1.7542557710909945, "w2": -2.2418402356710994, "b": -0.04020624019545044}