{"w1": -0.16554647769042383, "w2": -1.4495835497175311, "b": -0.02945383525961054}