{"w1": -0.5578098167193852, "w2": -1.4644783071489582, "b": -0.019858579093484298}