{"w": -0.299800087944511, "b": -0.15228485869130873}