{"w": 0.6560951594390964, "b": -0.045640201879153734}