{"w": 0.12324411130660971, "b": 0.016315474532838322}