{"w": 0.432298549941432, "b": -0.15312191835507852}