{"w1": -0.8873010737315246, "w2": 0.1612278641173954, "b": -6.188729789708462e-17}