{"w": 0.6474063251171308, "b": -3.0772054242232046e-17}