{"w": 0.29858653788227013, "b": -4.551056111105361e-17}