{"w": 0.295630235527, "b": -4.540553215289123e-17}