{"w1": -0.5253646285602849, "w2": -0.3290527415229865, "b": -8.33923429318257e-17}