{"w": -0.30742913111330306, "b": 0.1635546837588796}