{"w": 0.4755066863526569, "b": 0.0694059365747675}