{"w": -0.3487003543692495, "b": 0.03524295507570695}