{"w1": 0.13306899823607599, "w2": -0.9012746751864984, "b": -5.996297695055642e-17}