{"w1": 0.13202184182271542, "w2": -0.8276740233326233, "b": -5.365782946054631e-17}