{"w": 0.3349525532386223, "b": -0.029845363078971093}