{"w": -0.3148987462426155, "b": 0.05927301619925584}