{"w": -0.18991688075785332, "b": -3.633061477052918e-17}