{"w": 0.003905995131251113, "b": -0.03918181350160717}