{"w": 0.004733373952081663, "b": 2.573023348077331e-16}