{"w": -0.6594923172283623, "b": 0.027590851880324063}