{"w": 0.8736652544286277, "b": -1.6688910135745843e-17}