{"cc": 0.14306831627457986, "alpha": -6.273088318558453e-17, "beta": 0.14306831627457986, "mx": 1.5543122344752193e-17, "my": -6.050715484207104e-17, "sx": 1.0, "sy": 1.0}