{"w": -0.9443832247247812, "b": -0.0017390406100238778}