{"w": 0.3162115109688937, "b": 0.024959508762063865}