{"w": -0.3164181243438129, "b": 0.052595084873121006}