{"w": 0.7827303477623108, "b": -0.0023079747776433793}