{"w": -0.06459349522568203, "b": 0.057875221532525105}