{"w": 0.5832051220278524, "b": 0.04464936840712249}