{"w1": 1.5078331695391385, "w2": 0.09422946262863144, "b": -0.07010697822051665}