{"w": 0.8497263896160057, "b": 0.00030029704129292355}