{"w1": 0.3111859908467594, "w2": 0.5495364906360233, "b": -5.390668522143748e-17}