{"w1": -0.41043938270710106, "w2": -0.6508488672564057, "b": 1.278786364798066e-16}