{"w": -0.2529194175361289, "b": -0.010146892966663205}