{"w": -0.15572357195038247, "b": -0.043821544673492}