{"w": -0.8061908880692024, "b": 0.005355930188055305}