{"w": -0.9999999999999991, "b": 2.109423746787798e-17}