{"w": 0.15748502916949922, "b": 0.008158740394074753}