{"w": 0.972300463800125, "b": 3.151678196955193e-17}