{"w": -0.11892468929273838, "b": -9.186724877741033e-17}