{"w": -0.10919448744151432, "b": -9.05277147053549e-17}