{"w1": -0.4752123258989763, "w2": -0.5036150326459591, "b": -3.3765866611117895e-17}