{"w": -0.3369202028028641, "b": -4.6653260384684966e-17}