{"w": 0.32528098906035313, "b": 0.015109531925718355}