{"w1": -0.07971070177968782, "w2": 0.4900852345115651, "b": -0.001394856837864061}