{"w": 0.9900990099009902, "b": 2.955693995385117e-17}