{"w": 0.9257089816403031, "b": -3.6757827647985895e-17}