{"w1": -1.337375255079873, "w2": -0.9342863644094238, "b": 0.09663034553429661}