{"w": -0.5812378269457329, "b": 0.016018753018890993}