{"w": 1.000000000000001, "b": -7.716050021144844e-17}