{"w": 0.07282719190132943, "b": 3.532904344609927e-16}