{"w1": 0.5886844394082673, "w2": 0.1523202661609114, "b": -6.2101957579130996e-18}