{"w1": 0.6461831962484906, "w2": 0.16374833359249422, "b": -6.794535462193558e-18}