{"w": 0.5068602037681894, "b": -2.413279145999942e-16}