{"w1": -0.15940456072332249, "w2": -0.6492076493022922, "b": 6.434111230917312e-17}