{"w": -0.09442875606996769, "b": -2.2770545089390427e-18}