{"w1": 0.14065045799916964, "w2": -0.6691128207437876, "b": 0.013919281211675096}