{"w": -0.3720146107117519, "b": -0.0732670083924061}