{"w1": 2.1722723265040935, "w2": 0.6982239912414338, "b": -0.20330064688464672}