{"w": -0.41275495956398406, "b": -0.0035794462922186638}