{"w1": -0.593842969296185, "w2": -1.958714530389019, "b": -0.10034471209367891}