{"w": -0.4551931177370968, "b": 4.9784782248121866e-17}