{"w": -0.4179500444676979, "b": 4.82549019024168e-17}