{"w": 0.5553971915746333, "b": -0.005211073062783876}