{"w": -0.4369048981586396, "b": 0.004063593688686492}