{"w1": -0.42082409367819545, "w2": -0.5359660821343462, "b": -1.3406188521971646e-18}