{"w": -0.294661118292215, "b": 1.5062670370468524e-17}