{"w1": -2.3087046413745163, "w2": 1.0161335543412113, "b": -0.1753626827557744}