{"w1": -0.7876164624512423, "w2": 0.31970986404526563, "b": -0.04017921548937266}