{"w1": 0.027613395854186446, "w2": 0.45754109983846414, "b": -0.0015599125072362496}