{"w": 0.37288548953003436, "b": 0.04458500626323283}