{"w1": 0.994642451007309, "w2": -0.7524401924234321, "b": -0.013620815456111891}