{"w": 0.00910329411595267, "b": -0.005166126173495588}