{"w": -0.2415731049960418, "b": 1.4091101334600493e-16}