{"w": -0.23888612625242986, "b": -0.005586293760853224}