{"w": 0.4161219790762225, "b": -3.3802541377235573e-17}