{"w": -0.07618685687125282, "b": -0.07903212979247383}