{"w": -0.5255396460402747, "b": -1.0242545926367827e-16}