{"w": 0.4923970032287607, "b": 3.534143430243023e-17}