{"w1": 0.3211814497751295, "w2": -0.5480982269129361, "b": 1.0534583643066539e-17}