{"w1": -2.4626240754970112, "w2": 0.854728484282116, "b": -0.054839804659683966}