{"w": -1.0000000000000009, "b": -4.4131365228850104e-17}