{"w": -0.5448900616729807, "b": 0.16831900437424507}