{"w": 0.7702337065170273, "b": 3.357325391080618e-17}