{"cc": -0.03893470539505066, "alpha": -2.370859684443918e-17, "beta": -0.03893470539505066, "mx": 2.1800269922600535e-16, "my": -3.219646771412954e-17, "sx": 1.0, "sy": 1.0}