{"w": -0.023409398162136812, "b": -0.015818627232881}