{"cc": 0.6222671316759515, "alpha": -3.202872062310111e-16, "beta": 0.6222671316759516, "mx": 4.440892098500626e-18, "my": -3.1752378504279476e-16, "sx": 1.0, "sy": 1.0000000000000002}