{"w": 0.8073026015857967, "b": -0.008578914820294397}