{"w": 0.9999999999999991, "b": 2.6367796834847445e-17}