{"w": 0.15306628129504196, "b": 0.17112567488406114}