{"w": -0.3125757162626577, "b": 0.005808439409049671}