{"w1": -0.7221902961904201, "w2": -0.07433434402047491, "b": -0.0004750210102533385}