{"w": -0.837615982495107, "b": 0.06577293970721468}