{"w": -0.5991228092729852, "b": 2.835129792729223e-16}