{"w": -0.6012419859969925, "b": -0.018021466560833102}