{"w": -0.5337050499326186, "b": -0.01985311923891024}