{"w": 0.2620473206425631, "b": 0.09751199692311809}