{"w": -0.514778349905043, "b": 2.67097796032216e-15}