{"w": -0.44972293352781423, "b": -0.0006986394747472061}