{"w1": -0.5455758445227181, "w2": 1.292482260792525, "b": 0.0028130011175096226}