{"w": 0.4665065782376355, "b": 0.033827375636327026}