{"cc": 0.665563691874896, "alpha": 1.5219319984866421e-18, "beta": 0.665563691874896, "mx": 3.7747582837255325e-17, "my": 2.6645352591003756e-17, "sx": 1.0, "sy": 1.0}