{"w": 0.5333969142713175, "b": -0.018155210780291357}