{"w": -0.4243381637287365, "b": -0.0008781092262480934}