{"cc": 0.16065802454414602, "alpha": 2.1030896092099479e-16, "beta": 0.160658024544146, "mx": 1.7763568394002505e-17, "my": 2.1316282072803005e-16, "sx": 1.0, "sy": 0.9999999999999998}