{"w1": 2.3511475106259705, "w2": -0.6475411942446584, "b": -0.20269454735864914}