{"w": 0.06037729731062602, "b": -0.02090762964749701}