{"w1": -0.469527825149043, "w2": -0.6566381242768855, "b": 1.936596180617904e-17}