{"w": -0.5010868893468926, "b": 1.6783916043005732e-16}