{"w": -0.49358658326032345, "b": 6.5446195869437e-17}