{"w1": 0.5733819481455646, "w2": 3.4697025648068704, "b": 0.0846745398532837}