{"w": 0.529805997575997, "b": 6.635609170822395e-17}