{"w": 0.6084601815889831, "b": 0.03323843151762725}