{"w": 0.09877561809697315, "b": 0.06129358624379053}