{"w": 0.004920721565543618, "b": -0.006335993823761432}