{"w": 0.9559220989906848, "b": 1.3336726187186776e-16}