{"w": 0.9670366366693534, "b": -0.004934929272362928}