{"w1": -0.17568686697685912, "w2": -0.659220006410218, "b": -1.0636440421426276e-17}