{"w1": 0.02764688394812076, "w2": 0.8108809391239782, "b": -1.6266044813448676e-17}