{"w": 0.4836248256357965, "b": -0.016243535431308742}