{"w": 0.08494264250032349, "b": 0.040543404394754116}