{"w": 0.09747587229488708, "b": -3.335963856862473e-16}