{"w": 0.0727670136745406, "b": 0.016721139285863055}