{"w1": 0.8750270953044416, "w2": 2.3165624103662767, "b": -0.04151064538805282}