{"w": -0.3940833342083712, "b": -1.4955166739485223e-17}