{"w": -0.3746887941757746, "b": -0.00791877176244146}