{"w1": -1.400020062826125, "w2": -0.1549410740671607, "b": 0.040643802939059906}