{"w": -0.6822523581030203, "b": -0.0036842940202469303}