{"w": -0.463823332246032, "b": 0.05180109319407118}