{"w": -0.5722532280355624, "b": -0.009996344878196681}