{"w1": 1.366892291825835, "w2": 0.7667340781189563, "b": 0.05103512257538994}