{"w": 0.9999999999999999, "b": 7.441963711940501e-17}