{"w": 0.302063615311409, "b": -0.020198786449606005}