{"w": 0.601777183957954, "b": -0.004784627073247664}