{"w1": 0.3579273589561011, "w2": 0.44600551642370256, "b": 1.2349923054286297e-17}