{"w": -0.9999999999999992, "b": -6.217248937900875e-17}