{"w": 0.09763640462983103, "b": 1.4873358986828254e-17}