{"w": 0.3793878743684232, "b": 3.840012473262762e-17}