{"w": -0.782151373135028, "b": -0.0018535756991040243}