{"cc": 0.6073624204486128, "alpha": -5.259096769038555e-18, "beta": 0.6073624204486129, "mx": 2.4424906541753444e-17, "my": 9.575673587391974e-18, "sx": 1.0, "sy": 1.0000000000000002}