{"w": -0.11453603100860672, "b": -4.51773365489639e-18}