{"w": 0.4151783593962403, "b": -0.012395997892994254}