{"w": 0.023575146353874026, "b": 1.629345740287639e-17}