{"w1": -0.309568388285642, "w2": 0.35085199699721475, "b": -1.0792281429968289e-17}