{"w": -0.1745134808198446, "b": -0.1957901132121829}