{"w": -0.09448502425259456, "b": 0.014108264985555279}