{"w": 0.022053929437357962, "b": -0.06789698976784056}