{"w": -0.7106620646622843, "b": 0.006872351197929838}