{"w": 0.490192343356573, "b": -3.1084109249273374e-16}