{"w": 0.4531993369997667, "b": -0.049613718133371856}