{"w": -0.0675854799314038, "b": 0.11839553912865408}