{"w": -0.08444213690074132, "b": 0.14135507583787266}