{"w": 0.890145476766373, "b": 1.4517194835740935e-17}