{"w": 0.8100323838573995, "b": 1.7007610044742286e-17}