{"w1": 0.6220580593231855, "w2": -0.2916613174970297, "b": -4.310671278974533e-18}