{"w1": -6.429360230343456, "w2": 0.3886916320556762, "b": 2.2734755069914936}