{"w": -0.12091288711347167, "b": -3.0621885313809125e-17}