{"w1": 0.5719321102382664, "w2": 0.4031237790806749, "b": 0.004078083247489849}