{"w": 0.518442561108826, "b": 0.03596823499994206}