{"w": 0.4691474584010288, "b": 0.035049634918545056}