{"w": 0.6739798975080952, "b": 7.700194443308975e-18}