{"cc": -0.6165920412659107, "alpha": -3.940546079876034e-17, "beta": -0.6165920412659105, "mx": -9.992007221626409e-17, "my": 2.2204460492503132e-17, "sx": 1.0000000000000002, "sy": 0.9999999999999998}