{"w": -0.6165920412659108, "b": -3.9405460798760364e-17}