{"cc": -0.32153087861949287, "alpha": -2.6332144162262313e-16, "beta": -0.32153087861949287, "mx": -3.907985046680551e-16, "my": -1.376676550535194e-16, "sx": 1.0, "sy": 1.0}