{"w": 0.6808945982985989, "b": 2.335079282842532e-17}