{"w": 0.5465817305613692, "b": 0.027857159752946545}