{"w": 0.6655979523021268, "b": -0.014497649711951787}