{"w": 0.17242285249644007, "b": -0.15249910376218473}