{"w1": 1.1222045557343185, "w2": -0.7490233644818454, "b": -0.07559625531790157}