{"cc": -0.3111563364026468, "alpha": 3.14805638674559e-17, "beta": -0.3111563364026467, "mx": -9.436895709313831e-18, "my": 3.441691376337985e-17, "sx": 1.0, "sy": 0.9999999999999999}