{"w": -0.2591447626370161, "b": 0.06294173063255848}