{"w1": -0.4427967309813285, "w2": -0.4798832564092426, "b": 1.2250894752461563e-16}