{"w1": 17.25080024935448, "w2": 26.524868261151894, "b": -1.5330096213511495}