{"w": 0.24733408548152558, "b": 3.3891399847868207e-17}