{"w": -0.4786093664408918, "b": 0.0028007118265368502}