{"w": 0.5362174512573248, "b": 0.01193653230033758}