{"w1": 0.8947905996115738, "w2": 0.8026969898436541, "b": -0.13999602386254123}