{"w1": 0.3853396542690128, "w2": 0.36047241527488455, "b": -0.00015825926966453983}