{"w": 0.41457346057713995, "b": -0.053271249682093624}