{"w": 0.05180806179203025, "b": -0.14198149383679992}