{"w": 0.5129975381498877, "b": 1.4726598188938047e-16}