{"w1": 3.0406065261554653, "w2": 0.2527749773251972, "b": -0.17337316781752424}