{"w": 0.40301033015554566, "b": -0.009700589603409535}