{"w1": 1.0482102678641152, "w2": -0.8272661942376206, "b": -0.003950449552501192}