{"w": 0.6180593256311169, "b": -0.0006232709373231726}