{"w": 1.0000000000000004, "b": -7.042977312465835e-18}