{"w": 0.41891058308367596, "b": 0.2185563120561753}