{"w": 0.34776488226843255, "b": 0.005587732297899627}