{"w": -0.9999999999999996, "b": -5.517808432387026e-16}